-- --------------------------------------------------------
-- Host:                         127.0.0.1
-- Server version:               8.0.30 - MySQL Community Server - GPL
-- Server OS:                    Win64
-- HeidiSQL Version:             12.1.0.6537
-- --------------------------------------------------------

/*!40101 SET @OLD_CHARACTER_SET_CLIENT=@@CHARACTER_SET_CLIENT */;
/*!40101 SET NAMES utf8 */;
/*!50503 SET NAMES utf8mb4 */;
/*!40103 SET @OLD_TIME_ZONE=@@TIME_ZONE */;
/*!40103 SET TIME_ZONE='+00:00' */;
/*!40014 SET @OLD_FOREIGN_KEY_CHECKS=@@FOREIGN_KEY_CHECKS, FOREIGN_KEY_CHECKS=0 */;
/*!40101 SET @OLD_SQL_MODE=@@SQL_MODE, SQL_MODE='NO_AUTO_VALUE_ON_ZERO' */;
/*!40111 SET @OLD_SQL_NOTES=@@SQL_NOTES, SQL_NOTES=0 */;

-- Dumping structure for table wowy.activations
CREATE TABLE IF NOT EXISTS `activations` (
  `id` bigint unsigned NOT NULL AUTO_INCREMENT,
  `user_id` int unsigned NOT NULL,
  `code` varchar(120) CHARACTER SET utf8mb4 COLLATE utf8mb4_unicode_ci NOT NULL,
  `completed` tinyint(1) NOT NULL DEFAULT '0',
  `completed_at` timestamp NULL DEFAULT NULL,
  `created_at` timestamp NULL DEFAULT NULL,
  `updated_at` timestamp NULL DEFAULT NULL,
  PRIMARY KEY (`id`),
  KEY `activations_user_id_index` (`user_id`)
) ENGINE=InnoDB AUTO_INCREMENT=4 DEFAULT CHARSET=utf8mb4 COLLATE=utf8mb4_unicode_ci;

-- Dumping data for table wowy.activations: ~3 rows (approximately)
INSERT INTO `activations` (`id`, `user_id`, `code`, `completed`, `completed_at`, `created_at`, `updated_at`) VALUES
	(1, 1, 'MZNLX1nLuKy2LcfxgIApyO2thil1l2Ck', 1, '2023-02-20 00:12:19', '2023-02-20 00:12:19', '2023-02-20 00:12:19'),
	(2, 2, 'Q6ZjuBwwpHrVVgCoXFInQRycONGrePcL', 1, '2023-02-20 08:01:24', '2023-02-20 08:01:24', '2023-02-20 08:01:24'),
	(3, 3, 'BewWBT1KZSzyywUkO6pbJvKzJZjLbHTy', 1, '2023-02-20 08:12:37', '2023-02-20 08:12:37', '2023-02-20 08:12:37');

-- Dumping structure for table wowy.admin_notifications
CREATE TABLE IF NOT EXISTS `admin_notifications` (
  `id` bigint unsigned NOT NULL AUTO_INCREMENT,
  `title` varchar(191) CHARACTER SET utf8mb4 COLLATE utf8mb4_unicode_ci NOT NULL,
  `action_label` varchar(191) CHARACTER SET utf8mb4 COLLATE utf8mb4_unicode_ci DEFAULT NULL,
  `action_url` varchar(191) CHARACTER SET utf8mb4 COLLATE utf8mb4_unicode_ci DEFAULT NULL,
  `description` varchar(400) CHARACTER SET utf8mb4 COLLATE utf8mb4_unicode_ci NOT NULL,
  `read_at` timestamp NULL DEFAULT NULL,
  `created_at` timestamp NULL DEFAULT NULL,
  `updated_at` timestamp NULL DEFAULT NULL,
  PRIMARY KEY (`id`)
) ENGINE=InnoDB DEFAULT CHARSET=utf8mb4 COLLATE=utf8mb4_unicode_ci;

-- Dumping data for table wowy.admin_notifications: ~0 rows (approximately)

-- Dumping structure for table wowy.ads
CREATE TABLE IF NOT EXISTS `ads` (
  `id` bigint unsigned NOT NULL AUTO_INCREMENT,
  `name` varchar(255) CHARACTER SET utf8mb4 COLLATE utf8mb4_unicode_ci NOT NULL,
  `expired_at` datetime DEFAULT NULL,
  `location` varchar(120) CHARACTER SET utf8mb4 COLLATE utf8mb4_unicode_ci DEFAULT NULL,
  `key` varchar(120) CHARACTER SET utf8mb4 COLLATE utf8mb4_unicode_ci NOT NULL,
  `image` varchar(255) CHARACTER SET utf8mb4 COLLATE utf8mb4_unicode_ci DEFAULT NULL,
  `url` varchar(255) CHARACTER SET utf8mb4 COLLATE utf8mb4_unicode_ci DEFAULT NULL,
  `clicked` bigint NOT NULL DEFAULT '0',
  `order` int DEFAULT '0',
  `status` varchar(60) CHARACTER SET utf8mb4 COLLATE utf8mb4_unicode_ci NOT NULL DEFAULT 'published',
  `created_at` timestamp NULL DEFAULT NULL,
  `updated_at` timestamp NULL DEFAULT NULL,
  PRIMARY KEY (`id`),
  UNIQUE KEY `ads_key_unique` (`key`)
) ENGINE=InnoDB AUTO_INCREMENT=7 DEFAULT CHARSET=utf8mb4 COLLATE=utf8mb4_unicode_ci;

-- Dumping data for table wowy.ads: ~6 rows (approximately)
INSERT INTO `ads` (`id`, `name`, `expired_at`, `location`, `key`, `image`, `url`, `clicked`, `order`, `status`, `created_at`, `updated_at`) VALUES
	(1, 'Smart Offer', '2028-02-20 00:00:00', 'not_set', 'IZ6WU8KUALYD', 'promotion/1.png', '/products', 0, 1, 'published', '2023-02-20 00:12:20', '2023-02-20 00:12:20'),
	(2, 'Sale off', '2028-02-20 00:00:00', 'not_set', 'ILSFJVYFGCPZ', 'promotion/2.png', '/products', 0, 2, 'published', '2023-02-20 00:12:20', '2023-02-20 00:12:20'),
	(3, 'New Arrivals', '2028-02-20 00:00:00', 'not_set', 'ILSDKVYFGXPH', 'promotion/3.png', '/products', 0, 3, 'published', '2023-02-20 00:12:20', '2023-02-20 00:12:20'),
	(4, 'Gaming Area', '2028-02-20 00:00:00', 'not_set', 'ILSDKVYFGXPJ', 'promotion/4.png', '/products', 0, 4, 'published', '2023-02-20 00:12:20', '2023-02-20 00:12:20'),
	(5, 'Smart Offer', '2028-02-20 00:00:00', 'not_set', 'IZ6WU8KUALYE', 'promotion/5.png', '/products', 0, 5, 'published', '2023-02-20 00:12:20', '2023-02-20 00:12:20'),
	(6, 'Repair Services', '2028-02-20 00:00:00', 'banner-big', 'IZ6WU8KUALYF', 'promotion/6.png', '/products', 0, 6, 'published', '2023-02-20 00:12:20', '2023-02-20 00:12:20');

-- Dumping structure for table wowy.ads_translations
CREATE TABLE IF NOT EXISTS `ads_translations` (
  `lang_code` varchar(191) CHARACTER SET utf8mb4 COLLATE utf8mb4_unicode_ci NOT NULL,
  `ads_id` int NOT NULL,
  `name` varchar(255) CHARACTER SET utf8mb4 COLLATE utf8mb4_unicode_ci DEFAULT NULL,
  `image` varchar(255) CHARACTER SET utf8mb4 COLLATE utf8mb4_unicode_ci DEFAULT NULL,
  `url` varchar(255) CHARACTER SET utf8mb4 COLLATE utf8mb4_unicode_ci DEFAULT NULL,
  PRIMARY KEY (`lang_code`,`ads_id`)
) ENGINE=InnoDB DEFAULT CHARSET=utf8mb4 COLLATE=utf8mb4_unicode_ci;

-- Dumping data for table wowy.ads_translations: ~6 rows (approximately)
INSERT INTO `ads_translations` (`lang_code`, `ads_id`, `name`, `image`, `url`) VALUES
	('vi', 1, 'Smart Offer', 'promotion/1.png', '/vi/products'),
	('vi', 2, 'Sale off', 'promotion/2.png', '/vi/products'),
	('vi', 3, 'New Arrivals', 'promotion/3.png', '/vi/products'),
	('vi', 4, 'Gaming Area', 'promotion/4.png', '/vi/products'),
	('vi', 5, 'Smart Offer', 'promotion/5.png', '/vi/products'),
	('vi', 6, 'Repair Services', 'promotion/6.png', '/vi/products');

-- Dumping structure for table wowy.audit_histories
CREATE TABLE IF NOT EXISTS `audit_histories` (
  `id` bigint unsigned NOT NULL AUTO_INCREMENT,
  `user_id` int unsigned NOT NULL,
  `module` varchar(60) CHARACTER SET utf8mb4 COLLATE utf8mb4_unicode_ci NOT NULL,
  `request` text CHARACTER SET utf8mb4 COLLATE utf8mb4_unicode_ci,
  `action` varchar(120) CHARACTER SET utf8mb4 COLLATE utf8mb4_unicode_ci NOT NULL,
  `user_agent` text CHARACTER SET utf8mb4 COLLATE utf8mb4_unicode_ci,
  `ip_address` varchar(39) CHARACTER SET utf8mb4 COLLATE utf8mb4_unicode_ci DEFAULT NULL,
  `reference_user` int unsigned NOT NULL,
  `reference_id` int unsigned NOT NULL,
  `reference_name` varchar(255) CHARACTER SET utf8mb4 COLLATE utf8mb4_unicode_ci NOT NULL,
  `type` varchar(20) CHARACTER SET utf8mb4 COLLATE utf8mb4_unicode_ci NOT NULL,
  `created_at` timestamp NULL DEFAULT NULL,
  `updated_at` timestamp NULL DEFAULT NULL,
  PRIMARY KEY (`id`),
  KEY `audit_histories_user_id_index` (`user_id`),
  KEY `audit_histories_module_index` (`module`)
) ENGINE=InnoDB AUTO_INCREMENT=18 DEFAULT CHARSET=utf8mb4 COLLATE=utf8mb4_unicode_ci;

-- Dumping data for table wowy.audit_histories: ~16 rows (approximately)
INSERT INTO `audit_histories` (`id`, `user_id`, `module`, `request`, `action`, `user_agent`, `ip_address`, `reference_user`, `reference_id`, `reference_name`, `type`, `created_at`, `updated_at`) VALUES
	(1, 3, 'to the system', NULL, 'logged in', 'Mozilla/5.0 (Windows NT 10.0; Win64; x64) AppleWebKit/537.36 (KHTML, like Gecko) Chrome/110.0.0.0 Safari/537.36', '127.0.0.1', 0, 3, 'Le Hao', 'info', '2023-02-20 08:12:47', '2023-02-20 08:12:47'),
	(2, 3, 'page', '{"name":"Homepage","model":"Botble\\\\Page\\\\Models\\\\Page","description":null,"content":"<shortcode class=\\"bb-shortcode\\">[featured-news title=\\"Visit Our Blog\\"][\\/featured-news]<\\/shortcode>","submit":"save","language":null,"header_style":"header-style-1","expanding_product_categories_on_the_homepage":"no","status":"published","template":"homepage","image":null}', 'updated', 'Mozilla/5.0 (Windows NT 10.0; Win64; x64) AppleWebKit/537.36 (KHTML, like Gecko) Chrome/110.0.0.0 Safari/537.36', '127.0.0.1', 3, 1, 'Homepage', 'primary', '2023-02-20 08:30:16', '2023-02-20 08:30:16'),
	(3, 3, 'page', '{"name":"Blog","model":"Botble\\\\Page\\\\Models\\\\Page","description":null,"content":"<p>---<\\/p><shortcode class=\\"bb-shortcode\\">[blog-posts paginate=\\"12\\"][\\/blog-posts]<\\/shortcode>","submit":"save","language":null,"header_style":"header-style-1","status":"published","template":"blog-right-sidebar","image":null}', 'updated', 'Mozilla/5.0 (Windows NT 10.0; Win64; x64) AppleWebKit/537.36 (KHTML, like Gecko) Chrome/110.0.0.0 Safari/537.36', '127.0.0.1', 3, 5, 'Blog', 'primary', '2023-02-21 06:22:21', '2023-02-21 06:22:21'),
	(4, 3, 'page', '{"name":"Blog","model":"Botble\\\\Page\\\\Models\\\\Page","description":null,"content":"<shortcode class=\\"bb-shortcode\\">[blog-posts paginate=\\"12\\"][\\/blog-posts]<\\/shortcode>","submit":"save","language":null,"header_style":"header-style-1","status":"published","template":"blog-left-sidebar","image":null}', 'updated', 'Mozilla/5.0 (Windows NT 10.0; Win64; x64) AppleWebKit/537.36 (KHTML, like Gecko) Chrome/110.0.0.0 Safari/537.36', '127.0.0.1', 3, 5, 'Blog', 'primary', '2023-02-21 07:33:39', '2023-02-21 07:33:39'),
	(5, 3, 'page', '{"name":"Blog","model":"Botble\\\\Page\\\\Models\\\\Page","description":null,"content":"<shortcode class=\\"bb-shortcode\\">[blog-posts paginate=\\"12\\"][\\/blog-posts]<\\/shortcode>","submit":"save","language":null,"header_style":"header-style-1","status":"published","template":"blog-right-sidebar","image":null}', 'updated', 'Mozilla/5.0 (Windows NT 10.0; Win64; x64) AppleWebKit/537.36 (KHTML, like Gecko) Chrome/110.0.0.0 Safari/537.36', '127.0.0.1', 3, 5, 'Blog', 'primary', '2023-02-21 07:34:09', '2023-02-21 07:34:09'),
	(6, 3, 'to the system', NULL, 'logged in', 'Mozilla/5.0 (Windows NT 10.0; Win64; x64) AppleWebKit/537.36 (KHTML, like Gecko) Chrome/110.0.0.0 Safari/537.36', '127.0.0.1', 0, 3, 'Le Hao', 'info', '2023-02-22 07:04:32', '2023-02-22 07:04:32'),
	(7, 3, 'category', '{"name":"Economy","slug":"economy","slug_id":"0","is_slug_editable":"1","model":"Botble\\\\Blog\\\\Models\\\\Category","parent_id":"0","description":"Distinctio rerum mollitia voluptas et. Sunt et soluta dolor. Eius quo explicabo cupiditate et neque explicabo nesciunt in. Voluptas reprehenderit incidunt suscipit.","is_default":"1","icon":null,"order":"0","is_featured":"0","status":"published","language":null,"seo_meta":{"seo_title":null,"seo_description":null},"submit":"save"}', 'updated', 'Mozilla/5.0 (Windows NT 10.0; Win64; x64) AppleWebKit/537.36 (KHTML, like Gecko) Chrome/110.0.0.0 Safari/537.36', '127.0.0.1', 3, 1, 'Economy', 'primary', '2023-02-22 08:36:12', '2023-02-22 08:36:12'),
	(8, 3, 'category', '{"name":"Finance","slug":null,"slug_id":"0","is_slug_editable":"1","model":"Botble\\\\Blog\\\\Models\\\\Category","parent_id":"1","description":"finance","is_default":"0","icon":null,"order":"0","is_featured":"0","status":"published","seo_meta":{"seo_title":null,"seo_description":null},"submit":"save"}', 'created', 'Mozilla/5.0 (Windows NT 10.0; Win64; x64) AppleWebKit/537.36 (KHTML, like Gecko) Chrome/110.0.0.0 Safari/537.36', '127.0.0.1', 3, 5, 'Finance', 'info', '2023-02-22 08:36:55', '2023-02-22 08:36:55'),
	(9, 3, 'category', '{"name":"Securities trading","slug":null,"slug_id":"0","is_slug_editable":"1","model":"Botble\\\\Blog\\\\Models\\\\Category","parent_id":"1","description":null,"is_default":"0","icon":null,"order":"1","is_featured":"0","status":"published","seo_meta":{"seo_title":null,"seo_description":null},"submit":"save"}', 'created', 'Mozilla/5.0 (Windows NT 10.0; Win64; x64) AppleWebKit/537.36 (KHTML, like Gecko) Chrome/110.0.0.0 Safari/537.36', '127.0.0.1', 3, 6, 'Securities trading', 'info', '2023-02-22 08:37:33', '2023-02-22 08:37:33'),
	(10, 3, 'category', '{"name":"Animal","slug":"fashion","slug_id":"0","is_slug_editable":"1","model":"Botble\\\\Blog\\\\Models\\\\Category","parent_id":"0","description":"Temporibus quia amet nobis eaque. Et aut quia voluptatem. Quisquam et fugiat laboriosam ut mollitia ut aut. Cum commodi autem nobis dignissimos ab ea atque minus.","is_default":"0","icon":null,"order":"0","is_featured":"1","status":"published","language":null,"seo_meta":{"seo_title":null,"seo_description":null},"submit":"save"}', 'updated', 'Mozilla/5.0 (Windows NT 10.0; Win64; x64) AppleWebKit/537.36 (KHTML, like Gecko) Chrome/110.0.0.0 Safari/537.36', '127.0.0.1', 3, 2, 'Animal', 'primary', '2023-02-22 08:38:04', '2023-02-22 08:38:04'),
	(11, 3, 'category', '{"name":"Beautify","slug":"electronic","slug_id":"0","is_slug_editable":"1","model":"Botble\\\\Blog\\\\Models\\\\Category","parent_id":"0","description":"Occaecati illum quibusdam sapiente quos. Deleniti odio rerum fugiat dolorum reiciendis cupiditate. Et voluptatem omnis repellat quasi quia maxime. Illo aliquam ut facilis maxime quis sed ab.","is_default":"0","icon":null,"order":"0","is_featured":"1","status":"published","language":null,"seo_meta":{"seo_title":null,"seo_description":null},"submit":"save"}', 'updated', 'Mozilla/5.0 (Windows NT 10.0; Win64; x64) AppleWebKit/537.36 (KHTML, like Gecko) Chrome/110.0.0.0 Safari/537.36', '127.0.0.1', 3, 3, 'Beautify', 'primary', '2023-02-22 08:38:35', '2023-02-22 08:38:35'),
	(12, 3, 'category', '{"name":"Beautify","slug":"beautify","slug_id":"0","is_slug_editable":"1","model":"Botble\\\\Blog\\\\Models\\\\Category","parent_id":"0","description":"Occaecati illum quibusdam sapiente quos. Deleniti odio rerum fugiat dolorum reiciendis cupiditate. Et voluptatem omnis repellat quasi quia maxime. Illo aliquam ut facilis maxime quis sed ab.","is_default":"0","icon":null,"order":"0","is_featured":"1","status":"published","language":null,"seo_meta":{"seo_title":null,"seo_description":null},"submit":"save"}', 'updated', 'Mozilla/5.0 (Windows NT 10.0; Win64; x64) AppleWebKit/537.36 (KHTML, like Gecko) Chrome/110.0.0.0 Safari/537.36', '127.0.0.1', 3, 3, 'Beautify', 'primary', '2023-02-22 08:38:53', '2023-02-22 08:38:53'),
	(13, 3, 'category', '{"name":"Sport","slug":"sport","slug_id":"0","is_slug_editable":"1","model":"Botble\\\\Blog\\\\Models\\\\Category","parent_id":"0","description":"Sport","is_default":"0","icon":null,"order":"0","is_featured":"1","status":"published","language":null,"seo_meta":{"seo_title":null,"seo_description":null},"submit":"save"}', 'updated', 'Mozilla/5.0 (Windows NT 10.0; Win64; x64) AppleWebKit/537.36 (KHTML, like Gecko) Chrome/110.0.0.0 Safari/537.36', '127.0.0.1', 3, 4, 'Sport', 'primary', '2023-02-22 08:39:41', '2023-02-22 08:39:41'),
	(14, 3, 'category', '{"name":"Football","slug":null,"slug_id":"0","is_slug_editable":"1","model":"Botble\\\\Blog\\\\Models\\\\Category","parent_id":"4","description":"Football","is_default":"1","icon":null,"order":"1","is_featured":"1","status":"published","seo_meta":{"seo_title":null,"seo_description":null},"submit":"save"}', 'created', 'Mozilla/5.0 (Windows NT 10.0; Win64; x64) AppleWebKit/537.36 (KHTML, like Gecko) Chrome/110.0.0.0 Safari/537.36', '127.0.0.1', 3, 7, 'Football', 'info', '2023-02-22 08:40:22', '2023-02-22 08:40:22'),
	(15, 3, 'category', '{"name":"Tennis","slug":null,"slug_id":"0","is_slug_editable":"1","model":"Botble\\\\Blog\\\\Models\\\\Category","parent_id":"4","description":"Tennis","is_default":"0","icon":null,"order":"0","is_featured":"0","status":"published","seo_meta":{"seo_title":null,"seo_description":null},"submit":"save"}', 'created', 'Mozilla/5.0 (Windows NT 10.0; Win64; x64) AppleWebKit/537.36 (KHTML, like Gecko) Chrome/110.0.0.0 Safari/537.36', '127.0.0.1', 3, 8, 'Tennis', 'info', '2023-02-22 08:40:55', '2023-02-22 08:40:55'),
	(16, 3, 'category', '{"name":"The world","slug":null,"slug_id":"0","is_slug_editable":"1","model":"Botble\\\\Blog\\\\Models\\\\Category","parent_id":"0","description":"The world","is_default":"0","icon":null,"order":"0","is_featured":"0","status":"published","seo_meta":{"seo_title":null,"seo_description":null},"submit":"save"}', 'created', 'Mozilla/5.0 (Windows NT 10.0; Win64; x64) AppleWebKit/537.36 (KHTML, like Gecko) Chrome/110.0.0.0 Safari/537.36', '127.0.0.1', 3, 9, 'The world', 'info', '2023-02-22 08:41:29', '2023-02-22 08:41:29'),
	(17, 3, 'of the system', '[]', 'logged out', 'Mozilla/5.0 (Windows NT 10.0; Win64; x64) AppleWebKit/537.36 (KHTML, like Gecko) Chrome/110.0.0.0 Safari/537.36', '127.0.0.1', 3, 3, 'Le Hao', 'info', '2023-02-23 09:12:31', '2023-02-23 09:12:31');

-- Dumping structure for table wowy.categories
CREATE TABLE IF NOT EXISTS `categories` (
  `id` bigint unsigned NOT NULL AUTO_INCREMENT,
  `name` varchar(120) CHARACTER SET utf8mb4 COLLATE utf8mb4_unicode_ci NOT NULL,
  `parent_id` int unsigned NOT NULL DEFAULT '0',
  `description` varchar(400) CHARACTER SET utf8mb4 COLLATE utf8mb4_unicode_ci DEFAULT NULL,
  `status` varchar(60) CHARACTER SET utf8mb4 COLLATE utf8mb4_unicode_ci NOT NULL DEFAULT 'published',
  `author_id` int NOT NULL,
  `author_type` varchar(255) CHARACTER SET utf8mb4 COLLATE utf8mb4_unicode_ci NOT NULL DEFAULT 'Botble\\ACL\\Models\\User',
  `icon` varchar(60) CHARACTER SET utf8mb4 COLLATE utf8mb4_unicode_ci DEFAULT NULL,
  `order` tinyint NOT NULL DEFAULT '0',
  `is_featured` tinyint NOT NULL DEFAULT '0',
  `is_default` tinyint unsigned NOT NULL DEFAULT '0',
  `created_at` timestamp NULL DEFAULT NULL,
  `updated_at` timestamp NULL DEFAULT NULL,
  PRIMARY KEY (`id`),
  KEY `parent_id` (`parent_id`),
  KEY `status` (`status`),
  KEY `created_at` (`created_at`)
) ENGINE=InnoDB AUTO_INCREMENT=10 DEFAULT CHARSET=utf8mb4 COLLATE=utf8mb4_unicode_ci;

-- Dumping data for table wowy.categories: ~9 rows (approximately)
INSERT INTO `categories` (`id`, `name`, `parent_id`, `description`, `status`, `author_id`, `author_type`, `icon`, `order`, `is_featured`, `is_default`, `created_at`, `updated_at`) VALUES
	(1, 'Economy', 0, 'Distinctio rerum mollitia voluptas et. Sunt et soluta dolor. Eius quo explicabo cupiditate et neque explicabo nesciunt in. Voluptas reprehenderit incidunt suscipit.', 'published', 1, 'Botble\\ACL\\Models\\User', NULL, 0, 0, 0, '2023-02-20 00:12:19', '2023-02-22 08:40:22'),
	(2, 'Animal', 0, 'Temporibus quia amet nobis eaque. Et aut quia voluptatem. Quisquam et fugiat laboriosam ut mollitia ut aut. Cum commodi autem nobis dignissimos ab ea atque minus.', 'published', 1, 'Botble\\ACL\\Models\\User', NULL, 0, 1, 0, '2023-02-20 00:12:19', '2023-02-22 08:40:22'),
	(3, 'Beautify', 0, 'Occaecati illum quibusdam sapiente quos. Deleniti odio rerum fugiat dolorum reiciendis cupiditate. Et voluptatem omnis repellat quasi quia maxime. Illo aliquam ut facilis maxime quis sed ab.', 'published', 1, 'Botble\\ACL\\Models\\User', NULL, 0, 1, 0, '2023-02-20 00:12:19', '2023-02-22 08:40:22'),
	(4, 'Sport', 0, 'Sport', 'published', 1, 'Botble\\ACL\\Models\\User', NULL, 0, 1, 0, '2023-02-20 00:12:19', '2023-02-22 08:40:22'),
	(5, 'Finance', 1, 'finance', 'published', 3, 'Botble\\ACL\\Models\\User', NULL, 0, 0, 0, '2023-02-22 08:36:54', '2023-02-22 08:40:22'),
	(6, 'Securities trading', 1, '', 'published', 3, 'Botble\\ACL\\Models\\User', NULL, 1, 0, 0, '2023-02-22 08:37:32', '2023-02-22 08:40:22'),
	(7, 'Football', 4, 'Football', 'published', 3, 'Botble\\ACL\\Models\\User', NULL, 1, 1, 1, '2023-02-22 08:40:22', '2023-02-22 08:40:22'),
	(8, 'Tennis', 4, 'Tennis', 'published', 3, 'Botble\\ACL\\Models\\User', NULL, 0, 0, 0, '2023-02-22 08:40:55', '2023-02-22 08:40:55'),
	(9, 'The world', 0, 'The world', 'published', 3, 'Botble\\ACL\\Models\\User', NULL, 0, 0, 0, '2023-02-22 08:41:29', '2023-02-22 08:41:29');

-- Dumping structure for table wowy.categories_translations
CREATE TABLE IF NOT EXISTS `categories_translations` (
  `lang_code` varchar(191) CHARACTER SET utf8mb4 COLLATE utf8mb4_unicode_ci NOT NULL,
  `categories_id` int NOT NULL,
  `name` varchar(255) CHARACTER SET utf8mb4 COLLATE utf8mb4_unicode_ci DEFAULT NULL,
  `description` varchar(400) CHARACTER SET utf8mb4 COLLATE utf8mb4_unicode_ci DEFAULT NULL,
  PRIMARY KEY (`lang_code`,`categories_id`)
) ENGINE=InnoDB DEFAULT CHARSET=utf8mb4 COLLATE=utf8mb4_unicode_ci;

-- Dumping data for table wowy.categories_translations: ~9 rows (approximately)
INSERT INTO `categories_translations` (`lang_code`, `categories_id`, `name`, `description`) VALUES
	('vi', 1, 'Thương mại điện tử', NULL),
	('vi', 2, 'Thời trang', NULL),
	('vi', 3, 'Điện tử', NULL),
	('vi', 4, 'Thương mại', NULL),
	('vi', 5, 'Finance', 'finance'),
	('vi', 6, 'Securities trading', ''),
	('vi', 7, 'Football', 'Football'),
	('vi', 8, 'Tennis', 'Tennis'),
	('vi', 9, 'The world', 'The world');

-- Dumping structure for table wowy.cities
CREATE TABLE IF NOT EXISTS `cities` (
  `id` bigint unsigned NOT NULL AUTO_INCREMENT,
  `name` varchar(120) CHARACTER SET utf8mb4 COLLATE utf8mb4_unicode_ci NOT NULL,
  `state_id` int unsigned NOT NULL,
  `country_id` int unsigned DEFAULT NULL,
  `record_id` varchar(40) CHARACTER SET utf8mb4 COLLATE utf8mb4_unicode_ci DEFAULT NULL,
  `order` tinyint NOT NULL DEFAULT '0',
  `is_default` tinyint unsigned NOT NULL DEFAULT '0',
  `status` varchar(60) CHARACTER SET utf8mb4 COLLATE utf8mb4_unicode_ci NOT NULL DEFAULT 'published',
  `created_at` timestamp NULL DEFAULT NULL,
  `updated_at` timestamp NULL DEFAULT NULL,
  PRIMARY KEY (`id`)
) ENGINE=InnoDB DEFAULT CHARSET=utf8mb4 COLLATE=utf8mb4_unicode_ci;

-- Dumping data for table wowy.cities: ~0 rows (approximately)

-- Dumping structure for table wowy.cities_translations
CREATE TABLE IF NOT EXISTS `cities_translations` (
  `lang_code` varchar(191) CHARACTER SET utf8mb4 COLLATE utf8mb4_unicode_ci NOT NULL,
  `cities_id` int NOT NULL,
  `name` varchar(120) CHARACTER SET utf8mb4 COLLATE utf8mb4_unicode_ci DEFAULT NULL,
  PRIMARY KEY (`lang_code`,`cities_id`)
) ENGINE=InnoDB DEFAULT CHARSET=utf8mb4 COLLATE=utf8mb4_unicode_ci;

-- Dumping data for table wowy.cities_translations: ~0 rows (approximately)

-- Dumping structure for table wowy.contacts
CREATE TABLE IF NOT EXISTS `contacts` (
  `id` bigint unsigned NOT NULL AUTO_INCREMENT,
  `name` varchar(60) CHARACTER SET utf8mb4 COLLATE utf8mb4_unicode_ci NOT NULL,
  `email` varchar(60) CHARACTER SET utf8mb4 COLLATE utf8mb4_unicode_ci NOT NULL,
  `phone` varchar(60) CHARACTER SET utf8mb4 COLLATE utf8mb4_unicode_ci DEFAULT NULL,
  `address` varchar(120) CHARACTER SET utf8mb4 COLLATE utf8mb4_unicode_ci DEFAULT NULL,
  `subject` varchar(120) CHARACTER SET utf8mb4 COLLATE utf8mb4_unicode_ci DEFAULT NULL,
  `content` longtext CHARACTER SET utf8mb4 COLLATE utf8mb4_unicode_ci NOT NULL,
  `status` varchar(60) CHARACTER SET utf8mb4 COLLATE utf8mb4_unicode_ci NOT NULL DEFAULT 'unread',
  `created_at` timestamp NULL DEFAULT NULL,
  `updated_at` timestamp NULL DEFAULT NULL,
  PRIMARY KEY (`id`)
) ENGINE=InnoDB DEFAULT CHARSET=utf8mb4 COLLATE=utf8mb4_unicode_ci;

-- Dumping data for table wowy.contacts: ~0 rows (approximately)

-- Dumping structure for table wowy.contact_replies
CREATE TABLE IF NOT EXISTS `contact_replies` (
  `id` bigint unsigned NOT NULL AUTO_INCREMENT,
  `message` longtext CHARACTER SET utf8mb4 COLLATE utf8mb4_unicode_ci NOT NULL,
  `contact_id` int NOT NULL,
  `created_at` timestamp NULL DEFAULT NULL,
  `updated_at` timestamp NULL DEFAULT NULL,
  PRIMARY KEY (`id`)
) ENGINE=InnoDB DEFAULT CHARSET=utf8mb4 COLLATE=utf8mb4_unicode_ci;

-- Dumping data for table wowy.contact_replies: ~0 rows (approximately)

-- Dumping structure for table wowy.countries
CREATE TABLE IF NOT EXISTS `countries` (
  `id` bigint unsigned NOT NULL AUTO_INCREMENT,
  `name` varchar(120) CHARACTER SET utf8mb4 COLLATE utf8mb4_unicode_ci NOT NULL,
  `nationality` varchar(120) CHARACTER SET utf8mb4 COLLATE utf8mb4_unicode_ci DEFAULT NULL,
  `order` tinyint NOT NULL DEFAULT '0',
  `is_default` tinyint unsigned NOT NULL DEFAULT '0',
  `status` varchar(60) CHARACTER SET utf8mb4 COLLATE utf8mb4_unicode_ci NOT NULL DEFAULT 'published',
  `created_at` timestamp NULL DEFAULT NULL,
  `updated_at` timestamp NULL DEFAULT NULL,
  `code` varchar(10) CHARACTER SET utf8mb4 COLLATE utf8mb4_unicode_ci DEFAULT NULL,
  PRIMARY KEY (`id`)
) ENGINE=InnoDB DEFAULT CHARSET=utf8mb4 COLLATE=utf8mb4_unicode_ci;

-- Dumping data for table wowy.countries: ~0 rows (approximately)

-- Dumping structure for table wowy.countries_translations
CREATE TABLE IF NOT EXISTS `countries_translations` (
  `lang_code` varchar(191) CHARACTER SET utf8mb4 COLLATE utf8mb4_unicode_ci NOT NULL,
  `countries_id` int NOT NULL,
  `name` varchar(120) CHARACTER SET utf8mb4 COLLATE utf8mb4_unicode_ci DEFAULT NULL,
  `nationality` varchar(120) CHARACTER SET utf8mb4 COLLATE utf8mb4_unicode_ci DEFAULT NULL,
  PRIMARY KEY (`lang_code`,`countries_id`)
) ENGINE=InnoDB DEFAULT CHARSET=utf8mb4 COLLATE=utf8mb4_unicode_ci;

-- Dumping data for table wowy.countries_translations: ~0 rows (approximately)

-- Dumping structure for table wowy.dashboard_widgets
CREATE TABLE IF NOT EXISTS `dashboard_widgets` (
  `id` bigint unsigned NOT NULL AUTO_INCREMENT,
  `name` varchar(120) CHARACTER SET utf8mb4 COLLATE utf8mb4_unicode_ci NOT NULL,
  `created_at` timestamp NULL DEFAULT NULL,
  `updated_at` timestamp NULL DEFAULT NULL,
  PRIMARY KEY (`id`)
) ENGINE=InnoDB AUTO_INCREMENT=16 DEFAULT CHARSET=utf8mb4 COLLATE=utf8mb4_unicode_ci;

-- Dumping data for table wowy.dashboard_widgets: ~15 rows (approximately)
INSERT INTO `dashboard_widgets` (`id`, `name`, `created_at`, `updated_at`) VALUES
	(1, 'widget_total_1', '2023-02-20 08:12:47', '2023-02-20 08:12:47'),
	(2, 'widget_total_2', '2023-02-20 08:12:47', '2023-02-20 08:12:47'),
	(3, 'widget_total_themes', '2023-02-20 08:12:47', '2023-02-20 08:12:47'),
	(4, 'widget_total_3', '2023-02-20 08:12:47', '2023-02-20 08:12:47'),
	(5, 'widget_total_4', '2023-02-20 08:12:47', '2023-02-20 08:12:47'),
	(6, 'widget_total_users', '2023-02-20 08:12:47', '2023-02-20 08:12:47'),
	(7, 'widget_total_pages', '2023-02-20 08:12:47', '2023-02-20 08:12:47'),
	(8, 'widget_total_plugins', '2023-02-20 08:12:48', '2023-02-20 08:12:48'),
	(9, 'widget_analytics_general', '2023-02-20 08:12:48', '2023-02-20 08:12:48'),
	(10, 'widget_analytics_page', '2023-02-20 08:12:48', '2023-02-20 08:12:48'),
	(11, 'widget_analytics_browser', '2023-02-20 08:12:48', '2023-02-20 08:12:48'),
	(12, 'widget_analytics_referrer', '2023-02-20 08:12:48', '2023-02-20 08:12:48'),
	(13, 'widget_posts_recent', '2023-02-20 08:12:48', '2023-02-20 08:12:48'),
	(14, 'widget_audit_logs', '2023-02-20 08:12:48', '2023-02-20 08:12:48'),
	(15, 'widget_ecommerce_report_general', '2023-02-20 08:12:48', '2023-02-20 08:12:48');

-- Dumping structure for table wowy.dashboard_widget_settings
CREATE TABLE IF NOT EXISTS `dashboard_widget_settings` (
  `id` bigint unsigned NOT NULL AUTO_INCREMENT,
  `settings` text CHARACTER SET utf8mb4 COLLATE utf8mb4_unicode_ci,
  `user_id` int unsigned NOT NULL,
  `widget_id` int unsigned NOT NULL,
  `order` tinyint unsigned NOT NULL DEFAULT '0',
  `status` tinyint unsigned NOT NULL DEFAULT '1',
  `created_at` timestamp NULL DEFAULT NULL,
  `updated_at` timestamp NULL DEFAULT NULL,
  PRIMARY KEY (`id`),
  KEY `dashboard_widget_settings_user_id_index` (`user_id`),
  KEY `dashboard_widget_settings_widget_id_index` (`widget_id`)
) ENGINE=InnoDB DEFAULT CHARSET=utf8mb4 COLLATE=utf8mb4_unicode_ci;

-- Dumping data for table wowy.dashboard_widget_settings: ~0 rows (approximately)

-- Dumping structure for table wowy.ec_brands
CREATE TABLE IF NOT EXISTS `ec_brands` (
  `id` bigint unsigned NOT NULL AUTO_INCREMENT,
  `name` varchar(191) CHARACTER SET utf8mb4 COLLATE utf8mb4_unicode_ci NOT NULL,
  `description` mediumtext CHARACTER SET utf8mb4 COLLATE utf8mb4_unicode_ci,
  `website` varchar(255) CHARACTER SET utf8mb4 COLLATE utf8mb4_unicode_ci DEFAULT NULL,
  `logo` varchar(255) CHARACTER SET utf8mb4 COLLATE utf8mb4_unicode_ci DEFAULT NULL,
  `status` varchar(60) CHARACTER SET utf8mb4 COLLATE utf8mb4_unicode_ci NOT NULL DEFAULT 'published',
  `order` tinyint unsigned NOT NULL DEFAULT '0',
  `is_featured` tinyint unsigned NOT NULL DEFAULT '0',
  `created_at` timestamp NULL DEFAULT NULL,
  `updated_at` timestamp NULL DEFAULT NULL,
  PRIMARY KEY (`id`)
) ENGINE=InnoDB AUTO_INCREMENT=8 DEFAULT CHARSET=utf8mb4 COLLATE=utf8mb4_unicode_ci;

-- Dumping data for table wowy.ec_brands: ~7 rows (approximately)
INSERT INTO `ec_brands` (`id`, `name`, `description`, `website`, `logo`, `status`, `order`, `is_featured`, `created_at`, `updated_at`) VALUES
	(1, 'Perxsion', NULL, NULL, 'brands/1.png', 'published', 0, 1, '2023-02-20 00:12:08', '2023-02-20 00:12:08'),
	(2, 'Hiching', NULL, NULL, 'brands/2.png', 'published', 1, 1, '2023-02-20 00:12:08', '2023-02-20 00:12:08'),
	(3, 'Kepslo', NULL, NULL, 'brands/3.png', 'published', 2, 1, '2023-02-20 00:12:08', '2023-02-20 00:12:08'),
	(4, 'Groneba', NULL, NULL, 'brands/4.png', 'published', 3, 1, '2023-02-20 00:12:08', '2023-02-20 00:12:08'),
	(5, 'Babian', NULL, NULL, 'brands/5.png', 'published', 4, 1, '2023-02-20 00:12:08', '2023-02-20 00:12:08'),
	(6, 'Valorant', NULL, NULL, 'brands/6.png', 'published', 5, 1, '2023-02-20 00:12:08', '2023-02-20 00:12:08'),
	(7, 'Pure', NULL, NULL, 'brands/7.png', 'published', 6, 1, '2023-02-20 00:12:08', '2023-02-20 00:12:08');

-- Dumping structure for table wowy.ec_brands_translations
CREATE TABLE IF NOT EXISTS `ec_brands_translations` (
  `lang_code` varchar(191) CHARACTER SET utf8mb4 COLLATE utf8mb4_unicode_ci NOT NULL,
  `ec_brands_id` int NOT NULL,
  `name` varchar(191) CHARACTER SET utf8mb4 COLLATE utf8mb4_unicode_ci DEFAULT NULL,
  `description` varchar(191) CHARACTER SET utf8mb4 COLLATE utf8mb4_unicode_ci DEFAULT NULL,
  PRIMARY KEY (`lang_code`,`ec_brands_id`)
) ENGINE=InnoDB DEFAULT CHARSET=utf8mb4 COLLATE=utf8mb4_unicode_ci;

-- Dumping data for table wowy.ec_brands_translations: ~7 rows (approximately)
INSERT INTO `ec_brands_translations` (`lang_code`, `ec_brands_id`, `name`, `description`) VALUES
	('vi', 1, 'Perxsion', NULL),
	('vi', 2, 'Hiching', NULL),
	('vi', 3, 'Kepslo', NULL),
	('vi', 4, 'Groneba', NULL),
	('vi', 5, 'Babian', NULL),
	('vi', 6, 'Valorant', NULL),
	('vi', 7, 'Pure', NULL);

-- Dumping structure for table wowy.ec_cart
CREATE TABLE IF NOT EXISTS `ec_cart` (
  `identifier` varchar(191) CHARACTER SET utf8mb4 COLLATE utf8mb4_unicode_ci NOT NULL,
  `instance` varchar(191) CHARACTER SET utf8mb4 COLLATE utf8mb4_unicode_ci NOT NULL,
  `content` longtext CHARACTER SET utf8mb4 COLLATE utf8mb4_unicode_ci NOT NULL,
  `created_at` timestamp NULL DEFAULT NULL,
  `updated_at` timestamp NULL DEFAULT NULL,
  PRIMARY KEY (`identifier`,`instance`)
) ENGINE=InnoDB DEFAULT CHARSET=utf8mb4 COLLATE=utf8mb4_unicode_ci;

-- Dumping data for table wowy.ec_cart: ~0 rows (approximately)

-- Dumping structure for table wowy.ec_currencies
CREATE TABLE IF NOT EXISTS `ec_currencies` (
  `id` bigint unsigned NOT NULL AUTO_INCREMENT,
  `title` varchar(191) CHARACTER SET utf8mb4 COLLATE utf8mb4_unicode_ci NOT NULL,
  `symbol` varchar(10) CHARACTER SET utf8mb4 COLLATE utf8mb4_unicode_ci NOT NULL,
  `is_prefix_symbol` tinyint unsigned NOT NULL DEFAULT '0',
  `decimals` tinyint unsigned DEFAULT '0',
  `order` int unsigned DEFAULT '0',
  `is_default` tinyint NOT NULL DEFAULT '0',
  `exchange_rate` double NOT NULL DEFAULT '1',
  `created_at` timestamp NULL DEFAULT NULL,
  `updated_at` timestamp NULL DEFAULT NULL,
  PRIMARY KEY (`id`)
) ENGINE=InnoDB AUTO_INCREMENT=4 DEFAULT CHARSET=utf8mb4 COLLATE=utf8mb4_unicode_ci;

-- Dumping data for table wowy.ec_currencies: ~3 rows (approximately)
INSERT INTO `ec_currencies` (`id`, `title`, `symbol`, `is_prefix_symbol`, `decimals`, `order`, `is_default`, `exchange_rate`, `created_at`, `updated_at`) VALUES
	(1, 'USD', '$', 1, 2, 0, 1, 1, '2023-02-20 00:12:08', '2023-02-20 00:12:08'),
	(2, 'EUR', '€', 0, 2, 1, 0, 0.84, '2023-02-20 00:12:08', '2023-02-20 00:12:08'),
	(3, 'VND', '₫', 0, 0, 2, 0, 23203, '2023-02-20 00:12:08', '2023-02-20 00:12:08');

-- Dumping structure for table wowy.ec_customers
CREATE TABLE IF NOT EXISTS `ec_customers` (
  `id` bigint unsigned NOT NULL AUTO_INCREMENT,
  `name` varchar(191) CHARACTER SET utf8mb4 COLLATE utf8mb4_unicode_ci NOT NULL,
  `email` varchar(191) CHARACTER SET utf8mb4 COLLATE utf8mb4_unicode_ci NOT NULL,
  `password` varchar(191) CHARACTER SET utf8mb4 COLLATE utf8mb4_unicode_ci NOT NULL,
  `avatar` varchar(255) CHARACTER SET utf8mb4 COLLATE utf8mb4_unicode_ci DEFAULT NULL,
  `dob` date DEFAULT NULL,
  `phone` varchar(25) CHARACTER SET utf8mb4 COLLATE utf8mb4_unicode_ci DEFAULT NULL,
  `remember_token` varchar(100) CHARACTER SET utf8mb4 COLLATE utf8mb4_unicode_ci DEFAULT NULL,
  `created_at` timestamp NULL DEFAULT NULL,
  `updated_at` timestamp NULL DEFAULT NULL,
  `confirmed_at` datetime DEFAULT NULL,
  `email_verify_token` varchar(120) CHARACTER SET utf8mb4 COLLATE utf8mb4_unicode_ci DEFAULT NULL,
  `status` varchar(60) CHARACTER SET utf8mb4 COLLATE utf8mb4_unicode_ci NOT NULL DEFAULT 'activated',
  PRIMARY KEY (`id`),
  UNIQUE KEY `ec_customers_email_unique` (`email`)
) ENGINE=InnoDB AUTO_INCREMENT=11 DEFAULT CHARSET=utf8mb4 COLLATE=utf8mb4_unicode_ci;

-- Dumping data for table wowy.ec_customers: ~10 rows (approximately)
INSERT INTO `ec_customers` (`id`, `name`, `email`, `password`, `avatar`, `dob`, `phone`, `remember_token`, `created_at`, `updated_at`, `confirmed_at`, `email_verify_token`, `status`) VALUES
	(1, 'Gerardo Spinka', 'john.smith@botble.com', '$2y$10$rf1yadRxTogWwm8y82s2I.1BeJ//FRlh/B9X5bkrzSwzWfUgNMnyK', 'customers/2.jpg', '1980-02-15', '+19514794552', NULL, '2023-02-20 00:12:15', '2023-02-20 00:12:15', '2023-02-20 07:12:15', NULL, 'activated'),
	(2, 'Jeremy Bauch', 'customer@botble.com', '$2y$10$7sHmKv0FsBBq/rVjdSqKdOzftpVoSOOhDvRJ9MZGCC/giwACCYeG2', 'customers/8.jpg', '1980-02-10', '+19866018904', NULL, '2023-02-20 00:12:15', '2023-02-20 00:12:15', '2023-02-20 07:12:15', NULL, 'activated'),
	(3, 'Dr. Erick Powlowski', 'robel.jamar@example.net', '$2y$10$BYOO6v6E1De0mn.u7Rc7ze30YQU55hjX2Ta8v2aFi9lLJ37BPX00W', 'customers/1.jpg', '1989-02-15', '+18304089709', NULL, '2023-02-20 00:12:15', '2023-02-20 00:12:15', '2023-02-20 07:12:15', NULL, 'activated'),
	(4, 'Miles Greenfelder Jr.', 'ocie.walker@example.org', '$2y$10$MKC.nk2UumUuqCePnodEJuJhMVUXuKLMPGZZxh4eBSZsKi29H8BMO', 'customers/2.jpg', '1990-02-13', '+14057591303', NULL, '2023-02-20 00:12:15', '2023-02-20 00:12:15', '2023-02-20 07:12:15', NULL, 'activated'),
	(5, 'Mina Hamill DVM', 'camille.will@example.org', '$2y$10$iSEQ7w6rB4VOyhAqAWQJaOqbfuzQrXUANOINK9XHXb2tSByW571wq', 'customers/3.jpg', '1983-02-02', '+15042026509', NULL, '2023-02-20 00:12:15', '2023-02-20 00:12:15', '2023-02-20 07:12:15', NULL, 'activated'),
	(6, 'Daniela Barrows', 'veda.jaskolski@example.com', '$2y$10$tcxSd5dJGuUTcwAiS/j.yuzmu6zxcoHnbYye5QmsI4.10WOtC1CC6', 'customers/4.jpg', '2003-01-25', '+16897842157', NULL, '2023-02-20 00:12:15', '2023-02-20 00:12:15', '2023-02-20 07:12:15', NULL, 'activated'),
	(7, 'Ms. Felicia Stamm Jr.', 'bashirian.eleazar@example.com', '$2y$10$TNoc0LoF3WzwkZORPXaJXOmZul2jgpLdLgVNZDAZjXS515M/4kDji', 'customers/5.jpg', '1998-01-22', '+12019822158', NULL, '2023-02-20 00:12:15', '2023-02-20 00:12:15', '2023-02-20 07:12:15', NULL, 'activated'),
	(8, 'Osbaldo Schamberger DVM', 'rolando.kshlerin@example.org', '$2y$10$anEfV9vpwsKj3rFH4cqxX.rAM9JehCze2wKvZGyUcFyVwFzKXUQr2', 'customers/6.jpg', '1977-01-31', '+14425172434', NULL, '2023-02-20 00:12:15', '2023-02-20 00:12:15', '2023-02-20 07:12:15', NULL, 'activated'),
	(9, 'Dr. Eliza Okuneva II', 'kiera.monahan@example.com', '$2y$10$G21rvIvVA4mqu5dOU0wPfODxZjR8DVNWvzmL/eMIVIDPciWrg5.V6', 'customers/7.jpg', '1984-02-08', '+16782948144', NULL, '2023-02-20 00:12:15', '2023-02-20 00:12:15', '2023-02-20 07:12:15', NULL, 'activated'),
	(10, 'Christ Blanda MD', 'hollie45@example.net', '$2y$10$P57otkPCEIsBSn6WhV1LFOxrRcc0GxRf59bdT6M89IuK4cWgsccd.', 'customers/8.jpg', '1986-01-31', '+14086719233', NULL, '2023-02-20 00:12:16', '2023-02-20 00:12:16', '2023-02-20 07:12:16', NULL, 'activated');

-- Dumping structure for table wowy.ec_customer_addresses
CREATE TABLE IF NOT EXISTS `ec_customer_addresses` (
  `id` bigint unsigned NOT NULL AUTO_INCREMENT,
  `name` varchar(191) CHARACTER SET utf8mb4 COLLATE utf8mb4_unicode_ci NOT NULL,
  `email` varchar(60) CHARACTER SET utf8mb4 COLLATE utf8mb4_unicode_ci DEFAULT NULL,
  `phone` varchar(20) CHARACTER SET utf8mb4 COLLATE utf8mb4_unicode_ci DEFAULT NULL,
  `country` varchar(120) CHARACTER SET utf8mb4 COLLATE utf8mb4_unicode_ci DEFAULT NULL,
  `state` varchar(120) CHARACTER SET utf8mb4 COLLATE utf8mb4_unicode_ci DEFAULT NULL,
  `city` varchar(120) CHARACTER SET utf8mb4 COLLATE utf8mb4_unicode_ci DEFAULT NULL,
  `address` varchar(191) CHARACTER SET utf8mb4 COLLATE utf8mb4_unicode_ci NOT NULL,
  `customer_id` int unsigned NOT NULL,
  `is_default` tinyint unsigned NOT NULL DEFAULT '0',
  `created_at` timestamp NULL DEFAULT NULL,
  `updated_at` timestamp NULL DEFAULT NULL,
  `zip_code` varchar(20) CHARACTER SET utf8mb4 COLLATE utf8mb4_unicode_ci DEFAULT NULL,
  PRIMARY KEY (`id`)
) ENGINE=InnoDB AUTO_INCREMENT=13 DEFAULT CHARSET=utf8mb4 COLLATE=utf8mb4_unicode_ci;

-- Dumping data for table wowy.ec_customer_addresses: ~12 rows (approximately)
INSERT INTO `ec_customer_addresses` (`id`, `name`, `email`, `phone`, `country`, `state`, `city`, `address`, `customer_id`, `is_default`, `created_at`, `updated_at`, `zip_code`) VALUES
	(1, 'Gerardo Spinka', 'john.smith@botble.com', '+12017584181', 'BR', 'Minnesota', 'Port Kaia', '8734 Elfrieda Greens', 1, 1, '2023-02-20 00:12:15', '2023-02-20 00:12:15', '49240'),
	(2, 'Gerardo Spinka', 'john.smith@botble.com', '+17274100693', 'TL', 'Georgia', 'Elliothaven', '2085 Lueilwitz Court', 1, 0, '2023-02-20 00:12:15', '2023-02-20 00:12:15', '53947'),
	(3, 'Jeremy Bauch', 'customer@botble.com', '+12484547650', 'IN', 'Kansas', 'West Milfordview', '983 Ondricka Junctions', 2, 1, '2023-02-20 00:12:15', '2023-02-20 00:12:15', '82794-0155'),
	(4, 'Jeremy Bauch', 'customer@botble.com', '+15754455458', 'AF', 'Montana', 'Halvorsonberg', '516 Keeling Track Apt. 452', 2, 0, '2023-02-20 00:12:15', '2023-02-20 00:12:15', '47755'),
	(5, 'Dr. Erick Powlowski', 'robel.jamar@example.net', '+19076553001', 'CU', 'Montana', 'Johnsonmouth', '2164 Jayson Gardens', 3, 1, '2023-02-20 00:12:15', '2023-02-20 00:12:15', '37913-5337'),
	(6, 'Miles Greenfelder Jr.', 'ocie.walker@example.org', '+14846488457', 'CL', 'Mississippi', 'Brownland', '549 Gerhold Points Suite 734', 4, 1, '2023-02-20 00:12:15', '2023-02-20 00:12:15', '87128'),
	(7, 'Mina Hamill DVM', 'camille.will@example.org', '+16823192881', 'RU', 'Arizona', 'East Ruthe', '1103 Dach Glen Suite 670', 5, 1, '2023-02-20 00:12:15', '2023-02-20 00:12:15', '18811'),
	(8, 'Daniela Barrows', 'veda.jaskolski@example.com', '+18707712903', 'LB', 'Mississippi', 'Runolfssonburgh', '1035 Clemmie Grove', 6, 1, '2023-02-20 00:12:15', '2023-02-20 00:12:15', '27934-4647'),
	(9, 'Ms. Felicia Stamm Jr.', 'bashirian.eleazar@example.com', '+13362690849', 'AM', 'New Mexico', 'North Leebury', '298 Fritsch Ports Apt. 830', 7, 1, '2023-02-20 00:12:15', '2023-02-20 00:12:15', '17755-5110'),
	(10, 'Osbaldo Schamberger DVM', 'rolando.kshlerin@example.org', '+15318606516', 'LI', 'Wisconsin', 'Rohanport', '7670 Grant Courts Apt. 754', 8, 1, '2023-02-20 00:12:15', '2023-02-20 00:12:15', '04720'),
	(11, 'Dr. Eliza Okuneva II', 'kiera.monahan@example.com', '+16573634782', 'AF', 'Washington', 'North Christyfurt', '3520 Hermann Union', 9, 1, '2023-02-20 00:12:15', '2023-02-20 00:12:15', '66600-9335'),
	(12, 'Christ Blanda MD', 'hollie45@example.net', '+19172150223', 'BD', 'North Dakota', 'Considineshire', '3956 Fisher Viaduct Apt. 593', 10, 1, '2023-02-20 00:12:16', '2023-02-20 00:12:16', '26426');

-- Dumping structure for table wowy.ec_customer_password_resets
CREATE TABLE IF NOT EXISTS `ec_customer_password_resets` (
  `email` varchar(191) CHARACTER SET utf8mb4 COLLATE utf8mb4_unicode_ci NOT NULL,
  `token` varchar(191) CHARACTER SET utf8mb4 COLLATE utf8mb4_unicode_ci NOT NULL,
  `created_at` timestamp NULL DEFAULT NULL,
  KEY `ec_customer_password_resets_email_index` (`email`),
  KEY `ec_customer_password_resets_token_index` (`token`)
) ENGINE=InnoDB DEFAULT CHARSET=utf8mb4 COLLATE=utf8mb4_unicode_ci;

-- Dumping data for table wowy.ec_customer_password_resets: ~0 rows (approximately)

-- Dumping structure for table wowy.ec_customer_recently_viewed_products
CREATE TABLE IF NOT EXISTS `ec_customer_recently_viewed_products` (
  `id` bigint unsigned NOT NULL AUTO_INCREMENT,
  `customer_id` int unsigned NOT NULL,
  `product_id` int unsigned NOT NULL,
  PRIMARY KEY (`id`)
) ENGINE=InnoDB DEFAULT CHARSET=utf8mb4 COLLATE=utf8mb4_unicode_ci;

-- Dumping data for table wowy.ec_customer_recently_viewed_products: ~0 rows (approximately)

-- Dumping structure for table wowy.ec_customer_used_coupons
CREATE TABLE IF NOT EXISTS `ec_customer_used_coupons` (
  `discount_id` int unsigned NOT NULL,
  `customer_id` int unsigned NOT NULL,
  PRIMARY KEY (`discount_id`,`customer_id`)
) ENGINE=InnoDB DEFAULT CHARSET=utf8mb4 COLLATE=utf8mb4_unicode_ci;

-- Dumping data for table wowy.ec_customer_used_coupons: ~0 rows (approximately)

-- Dumping structure for table wowy.ec_discounts
CREATE TABLE IF NOT EXISTS `ec_discounts` (
  `id` bigint unsigned NOT NULL AUTO_INCREMENT,
  `title` varchar(120) CHARACTER SET utf8mb4 COLLATE utf8mb4_unicode_ci DEFAULT NULL,
  `code` varchar(20) CHARACTER SET utf8mb4 COLLATE utf8mb4_unicode_ci DEFAULT NULL,
  `start_date` datetime DEFAULT NULL,
  `end_date` datetime DEFAULT NULL,
  `quantity` int DEFAULT NULL,
  `total_used` int unsigned NOT NULL DEFAULT '0',
  `value` double DEFAULT NULL,
  `type` varchar(60) CHARACTER SET utf8mb4 COLLATE utf8mb4_unicode_ci DEFAULT 'coupon',
  `can_use_with_promotion` tinyint(1) NOT NULL DEFAULT '0',
  `discount_on` varchar(20) CHARACTER SET utf8mb4 COLLATE utf8mb4_unicode_ci DEFAULT NULL,
  `product_quantity` int unsigned DEFAULT NULL,
  `type_option` varchar(100) CHARACTER SET utf8mb4 COLLATE utf8mb4_unicode_ci NOT NULL DEFAULT 'amount',
  `target` varchar(100) CHARACTER SET utf8mb4 COLLATE utf8mb4_unicode_ci NOT NULL DEFAULT 'all-orders',
  `min_order_price` decimal(15,2) DEFAULT NULL,
  `created_at` timestamp NULL DEFAULT NULL,
  `updated_at` timestamp NULL DEFAULT NULL,
  PRIMARY KEY (`id`),
  UNIQUE KEY `ec_discounts_code_unique` (`code`)
) ENGINE=InnoDB DEFAULT CHARSET=utf8mb4 COLLATE=utf8mb4_unicode_ci;

-- Dumping data for table wowy.ec_discounts: ~0 rows (approximately)

-- Dumping structure for table wowy.ec_discount_customers
CREATE TABLE IF NOT EXISTS `ec_discount_customers` (
  `discount_id` int unsigned NOT NULL,
  `customer_id` int unsigned NOT NULL,
  PRIMARY KEY (`discount_id`,`customer_id`)
) ENGINE=InnoDB DEFAULT CHARSET=utf8mb4 COLLATE=utf8mb4_unicode_ci;

-- Dumping data for table wowy.ec_discount_customers: ~0 rows (approximately)

-- Dumping structure for table wowy.ec_discount_products
CREATE TABLE IF NOT EXISTS `ec_discount_products` (
  `discount_id` int unsigned NOT NULL,
  `product_id` int unsigned NOT NULL,
  PRIMARY KEY (`discount_id`,`product_id`)
) ENGINE=InnoDB DEFAULT CHARSET=utf8mb4 COLLATE=utf8mb4_unicode_ci;

-- Dumping data for table wowy.ec_discount_products: ~0 rows (approximately)

-- Dumping structure for table wowy.ec_discount_product_collections
CREATE TABLE IF NOT EXISTS `ec_discount_product_collections` (
  `discount_id` int unsigned NOT NULL,
  `product_collection_id` int unsigned NOT NULL,
  PRIMARY KEY (`discount_id`,`product_collection_id`)
) ENGINE=InnoDB DEFAULT CHARSET=utf8mb4 COLLATE=utf8mb4_unicode_ci;

-- Dumping data for table wowy.ec_discount_product_collections: ~0 rows (approximately)

-- Dumping structure for table wowy.ec_flash_sales
CREATE TABLE IF NOT EXISTS `ec_flash_sales` (
  `id` bigint unsigned NOT NULL AUTO_INCREMENT,
  `name` varchar(255) CHARACTER SET utf8mb4 COLLATE utf8mb4_unicode_ci NOT NULL,
  `end_date` datetime NOT NULL,
  `status` varchar(60) CHARACTER SET utf8mb4 COLLATE utf8mb4_unicode_ci NOT NULL DEFAULT 'published',
  `created_at` timestamp NULL DEFAULT NULL,
  `updated_at` timestamp NULL DEFAULT NULL,
  PRIMARY KEY (`id`)
) ENGINE=InnoDB AUTO_INCREMENT=3 DEFAULT CHARSET=utf8mb4 COLLATE=utf8mb4_unicode_ci;

-- Dumping data for table wowy.ec_flash_sales: ~2 rows (approximately)
INSERT INTO `ec_flash_sales` (`id`, `name`, `end_date`, `status`, `created_at`, `updated_at`) VALUES
	(1, 'Deal of the Day.', '2023-04-01 00:00:00', 'published', '2023-02-20 00:12:16', '2023-02-20 00:12:16'),
	(2, 'Gadgets &amp; Accessories', '2023-03-16 00:00:00', 'published', '2023-02-20 00:12:16', '2023-02-20 00:12:16');

-- Dumping structure for table wowy.ec_flash_sales_translations
CREATE TABLE IF NOT EXISTS `ec_flash_sales_translations` (
  `lang_code` varchar(191) CHARACTER SET utf8mb4 COLLATE utf8mb4_unicode_ci NOT NULL,
  `ec_flash_sales_id` int NOT NULL,
  `name` varchar(191) CHARACTER SET utf8mb4 COLLATE utf8mb4_unicode_ci DEFAULT NULL,
  PRIMARY KEY (`lang_code`,`ec_flash_sales_id`)
) ENGINE=InnoDB DEFAULT CHARSET=utf8mb4 COLLATE=utf8mb4_unicode_ci;

-- Dumping data for table wowy.ec_flash_sales_translations: ~2 rows (approximately)
INSERT INTO `ec_flash_sales_translations` (`lang_code`, `ec_flash_sales_id`, `name`) VALUES
	('vi', 1, 'Khuyến mãi trong ngày.'),
	('vi', 2, 'Tiện ích & Phụ kiện');

-- Dumping structure for table wowy.ec_flash_sale_products
CREATE TABLE IF NOT EXISTS `ec_flash_sale_products` (
  `flash_sale_id` int unsigned NOT NULL,
  `product_id` int unsigned NOT NULL,
  `price` double unsigned DEFAULT NULL,
  `quantity` int unsigned DEFAULT NULL,
  `sold` int unsigned NOT NULL DEFAULT '0'
) ENGINE=InnoDB DEFAULT CHARSET=utf8mb4 COLLATE=utf8mb4_unicode_ci;

-- Dumping data for table wowy.ec_flash_sale_products: ~2 rows (approximately)
INSERT INTO `ec_flash_sale_products` (`flash_sale_id`, `product_id`, `price`, `quantity`, `sold`) VALUES
	(1, 2, 254.32, 18, 1),
	(2, 24, 62.7456, 15, 4);

-- Dumping structure for table wowy.ec_global_options
CREATE TABLE IF NOT EXISTS `ec_global_options` (
  `id` bigint unsigned NOT NULL AUTO_INCREMENT,
  `name` varchar(191) CHARACTER SET utf8mb4 COLLATE utf8mb4_unicode_ci NOT NULL COMMENT 'Name of options',
  `option_type` varchar(191) CHARACTER SET utf8mb4 COLLATE utf8mb4_unicode_ci NOT NULL COMMENT 'option type',
  `required` tinyint(1) NOT NULL DEFAULT '0' COMMENT 'Checked if this option is required',
  `created_at` timestamp NULL DEFAULT NULL,
  `updated_at` timestamp NULL DEFAULT NULL,
  PRIMARY KEY (`id`)
) ENGINE=InnoDB AUTO_INCREMENT=5 DEFAULT CHARSET=utf8mb4 COLLATE=utf8mb4_unicode_ci;

-- Dumping data for table wowy.ec_global_options: ~4 rows (approximately)
INSERT INTO `ec_global_options` (`id`, `name`, `option_type`, `required`, `created_at`, `updated_at`) VALUES
	(1, 'Warranty', 'Botble\\Ecommerce\\Option\\OptionType\\RadioButton', 1, '2023-02-20 00:12:16', '2023-02-20 00:12:16'),
	(2, 'RAM', 'Botble\\Ecommerce\\Option\\OptionType\\RadioButton', 1, '2023-02-20 00:12:16', '2023-02-20 00:12:16'),
	(3, 'CPU', 'Botble\\Ecommerce\\Option\\OptionType\\RadioButton', 1, '2023-02-20 00:12:16', '2023-02-20 00:12:16'),
	(4, 'HDD', 'Botble\\Ecommerce\\Option\\OptionType\\Dropdown', 0, '2023-02-20 00:12:16', '2023-02-20 00:12:16');

-- Dumping structure for table wowy.ec_global_options_translations
CREATE TABLE IF NOT EXISTS `ec_global_options_translations` (
  `lang_code` varchar(191) CHARACTER SET utf8mb4 COLLATE utf8mb4_unicode_ci NOT NULL,
  `ec_global_options_id` int NOT NULL,
  `name` varchar(255) CHARACTER SET utf8mb4 COLLATE utf8mb4_unicode_ci DEFAULT NULL,
  PRIMARY KEY (`lang_code`,`ec_global_options_id`)
) ENGINE=InnoDB DEFAULT CHARSET=utf8mb4 COLLATE=utf8mb4_unicode_ci;

-- Dumping data for table wowy.ec_global_options_translations: ~0 rows (approximately)

-- Dumping structure for table wowy.ec_global_option_value
CREATE TABLE IF NOT EXISTS `ec_global_option_value` (
  `option_id` bigint NOT NULL COMMENT 'option id',
  `id` bigint unsigned NOT NULL AUTO_INCREMENT,
  `option_value` tinytext CHARACTER SET utf8mb4 COLLATE utf8mb4_unicode_ci COMMENT 'option value',
  `affect_price` double DEFAULT NULL COMMENT 'value of price of this option affect',
  `order` int NOT NULL DEFAULT '9999',
  `affect_type` tinyint NOT NULL DEFAULT '0' COMMENT '0. fixed 1. percent',
  `created_at` timestamp NULL DEFAULT NULL,
  `updated_at` timestamp NULL DEFAULT NULL,
  PRIMARY KEY (`id`)
) ENGINE=InnoDB AUTO_INCREMENT=13 DEFAULT CHARSET=utf8mb4 COLLATE=utf8mb4_unicode_ci;

-- Dumping data for table wowy.ec_global_option_value: ~12 rows (approximately)
INSERT INTO `ec_global_option_value` (`option_id`, `id`, `option_value`, `affect_price`, `order`, `affect_type`, `created_at`, `updated_at`) VALUES
	(1, 1, '1 Year', 0, 9999, 0, '2023-02-20 00:12:16', '2023-02-20 00:12:16'),
	(1, 2, '2 Year', 10, 9999, 0, '2023-02-20 00:12:16', '2023-02-20 00:12:16'),
	(1, 3, '3 Year', 20, 9999, 0, '2023-02-20 00:12:16', '2023-02-20 00:12:16'),
	(2, 4, '4GB', 0, 9999, 0, '2023-02-20 00:12:16', '2023-02-20 00:12:16'),
	(2, 5, '8GB', 10, 9999, 0, '2023-02-20 00:12:16', '2023-02-20 00:12:16'),
	(2, 6, '16GB', 20, 9999, 0, '2023-02-20 00:12:16', '2023-02-20 00:12:16'),
	(3, 7, 'Core i5', 0, 9999, 0, '2023-02-20 00:12:16', '2023-02-20 00:12:16'),
	(3, 8, 'Core i7', 10, 9999, 0, '2023-02-20 00:12:16', '2023-02-20 00:12:16'),
	(3, 9, 'Core i9', 20, 9999, 0, '2023-02-20 00:12:16', '2023-02-20 00:12:16'),
	(4, 10, '128GB', 0, 9999, 0, '2023-02-20 00:12:16', '2023-02-20 00:12:16'),
	(4, 11, '256GB', 10, 9999, 0, '2023-02-20 00:12:16', '2023-02-20 00:12:16'),
	(4, 12, '512GB', 20, 9999, 0, '2023-02-20 00:12:16', '2023-02-20 00:12:16');

-- Dumping structure for table wowy.ec_global_option_value_translations
CREATE TABLE IF NOT EXISTS `ec_global_option_value_translations` (
  `lang_code` varchar(191) CHARACTER SET utf8mb4 COLLATE utf8mb4_unicode_ci NOT NULL,
  `ec_global_option_value_id` int NOT NULL,
  `option_value` varchar(255) CHARACTER SET utf8mb4 COLLATE utf8mb4_unicode_ci DEFAULT NULL,
  PRIMARY KEY (`lang_code`,`ec_global_option_value_id`)
) ENGINE=InnoDB DEFAULT CHARSET=utf8mb4 COLLATE=utf8mb4_unicode_ci;

-- Dumping data for table wowy.ec_global_option_value_translations: ~0 rows (approximately)

-- Dumping structure for table wowy.ec_grouped_products
CREATE TABLE IF NOT EXISTS `ec_grouped_products` (
  `id` bigint unsigned NOT NULL AUTO_INCREMENT,
  `parent_product_id` int unsigned NOT NULL,
  `product_id` int unsigned NOT NULL,
  `fixed_qty` int NOT NULL DEFAULT '1',
  PRIMARY KEY (`id`)
) ENGINE=InnoDB DEFAULT CHARSET=utf8mb4 COLLATE=utf8mb4_unicode_ci;

-- Dumping data for table wowy.ec_grouped_products: ~0 rows (approximately)

-- Dumping structure for table wowy.ec_invoices
CREATE TABLE IF NOT EXISTS `ec_invoices` (
  `id` bigint unsigned NOT NULL AUTO_INCREMENT,
  `reference_type` varchar(191) CHARACTER SET utf8mb4 COLLATE utf8mb4_unicode_ci NOT NULL,
  `reference_id` bigint unsigned NOT NULL,
  `code` varchar(191) CHARACTER SET utf8mb4 COLLATE utf8mb4_unicode_ci NOT NULL,
  `customer_name` varchar(191) CHARACTER SET utf8mb4 COLLATE utf8mb4_unicode_ci DEFAULT NULL,
  `company_name` varchar(191) CHARACTER SET utf8mb4 COLLATE utf8mb4_unicode_ci DEFAULT NULL,
  `company_logo` varchar(191) CHARACTER SET utf8mb4 COLLATE utf8mb4_unicode_ci DEFAULT NULL,
  `customer_email` varchar(191) CHARACTER SET utf8mb4 COLLATE utf8mb4_unicode_ci DEFAULT NULL,
  `customer_phone` varchar(191) CHARACTER SET utf8mb4 COLLATE utf8mb4_unicode_ci DEFAULT NULL,
  `customer_address` varchar(191) CHARACTER SET utf8mb4 COLLATE utf8mb4_unicode_ci DEFAULT NULL,
  `customer_tax_id` varchar(191) CHARACTER SET utf8mb4 COLLATE utf8mb4_unicode_ci DEFAULT NULL,
  `sub_total` decimal(15,2) unsigned NOT NULL,
  `tax_amount` decimal(15,2) unsigned NOT NULL DEFAULT '0.00',
  `shipping_amount` decimal(15,2) unsigned NOT NULL DEFAULT '0.00',
  `discount_amount` decimal(15,2) unsigned NOT NULL DEFAULT '0.00',
  `shipping_option` varchar(60) CHARACTER SET utf8mb4 COLLATE utf8mb4_unicode_ci DEFAULT NULL,
  `shipping_method` varchar(60) CHARACTER SET utf8mb4 COLLATE utf8mb4_unicode_ci NOT NULL DEFAULT 'default',
  `coupon_code` varchar(120) CHARACTER SET utf8mb4 COLLATE utf8mb4_unicode_ci DEFAULT NULL,
  `discount_description` varchar(255) CHARACTER SET utf8mb4 COLLATE utf8mb4_unicode_ci DEFAULT NULL,
  `amount` decimal(15,2) unsigned NOT NULL,
  `description` text CHARACTER SET utf8mb4 COLLATE utf8mb4_unicode_ci,
  `payment_id` int unsigned DEFAULT NULL,
  `status` varchar(191) CHARACTER SET utf8mb4 COLLATE utf8mb4_unicode_ci NOT NULL DEFAULT 'pending',
  `paid_at` timestamp NULL DEFAULT NULL,
  `created_at` timestamp NULL DEFAULT NULL,
  `updated_at` timestamp NULL DEFAULT NULL,
  PRIMARY KEY (`id`),
  UNIQUE KEY `ec_invoices_code_unique` (`code`),
  KEY `ec_invoices_reference_type_reference_id_index` (`reference_type`,`reference_id`),
  KEY `ec_invoices_payment_id_index` (`payment_id`),
  KEY `ec_invoices_status_index` (`status`)
) ENGINE=InnoDB DEFAULT CHARSET=utf8mb4 COLLATE=utf8mb4_unicode_ci;

-- Dumping data for table wowy.ec_invoices: ~0 rows (approximately)

-- Dumping structure for table wowy.ec_invoice_items
CREATE TABLE IF NOT EXISTS `ec_invoice_items` (
  `id` bigint unsigned NOT NULL AUTO_INCREMENT,
  `invoice_id` bigint unsigned NOT NULL,
  `reference_type` varchar(191) CHARACTER SET utf8mb4 COLLATE utf8mb4_unicode_ci NOT NULL,
  `reference_id` bigint unsigned NOT NULL,
  `name` varchar(191) CHARACTER SET utf8mb4 COLLATE utf8mb4_unicode_ci NOT NULL,
  `description` varchar(191) CHARACTER SET utf8mb4 COLLATE utf8mb4_unicode_ci DEFAULT NULL,
  `image` varchar(191) CHARACTER SET utf8mb4 COLLATE utf8mb4_unicode_ci DEFAULT NULL,
  `qty` int unsigned NOT NULL,
  `sub_total` decimal(15,2) unsigned NOT NULL,
  `tax_amount` decimal(15,2) unsigned NOT NULL DEFAULT '0.00',
  `discount_amount` decimal(15,2) unsigned NOT NULL DEFAULT '0.00',
  `amount` decimal(15,2) unsigned NOT NULL,
  `options` text CHARACTER SET utf8mb4 COLLATE utf8mb4_unicode_ci,
  `created_at` timestamp NULL DEFAULT NULL,
  `updated_at` timestamp NULL DEFAULT NULL,
  PRIMARY KEY (`id`),
  KEY `ec_invoice_items_reference_type_reference_id_index` (`reference_type`,`reference_id`)
) ENGINE=InnoDB DEFAULT CHARSET=utf8mb4 COLLATE=utf8mb4_unicode_ci;

-- Dumping data for table wowy.ec_invoice_items: ~0 rows (approximately)

-- Dumping structure for table wowy.ec_options
CREATE TABLE IF NOT EXISTS `ec_options` (
  `id` bigint unsigned NOT NULL AUTO_INCREMENT,
  `name` varchar(191) CHARACTER SET utf8mb4 COLLATE utf8mb4_unicode_ci NOT NULL COMMENT 'Name of options',
  `option_type` varchar(191) CHARACTER SET utf8mb4 COLLATE utf8mb4_unicode_ci DEFAULT NULL COMMENT 'option type',
  `product_id` bigint NOT NULL DEFAULT '0',
  `order` int NOT NULL DEFAULT '9999',
  `required` tinyint(1) NOT NULL DEFAULT '0' COMMENT 'Checked if this option is required',
  `created_at` timestamp NULL DEFAULT NULL,
  `updated_at` timestamp NULL DEFAULT NULL,
  PRIMARY KEY (`id`)
) ENGINE=InnoDB DEFAULT CHARSET=utf8mb4 COLLATE=utf8mb4_unicode_ci;

-- Dumping data for table wowy.ec_options: ~0 rows (approximately)

-- Dumping structure for table wowy.ec_options_translations
CREATE TABLE IF NOT EXISTS `ec_options_translations` (
  `lang_code` varchar(191) CHARACTER SET utf8mb4 COLLATE utf8mb4_unicode_ci NOT NULL,
  `ec_options_id` int NOT NULL,
  `name` varchar(255) CHARACTER SET utf8mb4 COLLATE utf8mb4_unicode_ci DEFAULT NULL,
  PRIMARY KEY (`lang_code`,`ec_options_id`)
) ENGINE=InnoDB DEFAULT CHARSET=utf8mb4 COLLATE=utf8mb4_unicode_ci;

-- Dumping data for table wowy.ec_options_translations: ~0 rows (approximately)

-- Dumping structure for table wowy.ec_option_value
CREATE TABLE IF NOT EXISTS `ec_option_value` (
  `option_id` bigint NOT NULL COMMENT 'option id',
  `id` bigint unsigned NOT NULL AUTO_INCREMENT,
  `option_value` tinytext CHARACTER SET utf8mb4 COLLATE utf8mb4_unicode_ci COMMENT 'option value',
  `affect_price` double DEFAULT NULL COMMENT 'value of price of this option affect',
  `order` int NOT NULL DEFAULT '9999',
  `affect_type` tinyint NOT NULL DEFAULT '0' COMMENT '0. fixed 1. percent',
  `created_at` timestamp NULL DEFAULT NULL,
  `updated_at` timestamp NULL DEFAULT NULL,
  PRIMARY KEY (`id`)
) ENGINE=InnoDB DEFAULT CHARSET=utf8mb4 COLLATE=utf8mb4_unicode_ci;

-- Dumping data for table wowy.ec_option_value: ~0 rows (approximately)

-- Dumping structure for table wowy.ec_option_value_translations
CREATE TABLE IF NOT EXISTS `ec_option_value_translations` (
  `lang_code` varchar(191) CHARACTER SET utf8mb4 COLLATE utf8mb4_unicode_ci NOT NULL,
  `ec_option_value_id` int NOT NULL,
  `option_value` varchar(255) CHARACTER SET utf8mb4 COLLATE utf8mb4_unicode_ci DEFAULT NULL,
  PRIMARY KEY (`lang_code`,`ec_option_value_id`)
) ENGINE=InnoDB DEFAULT CHARSET=utf8mb4 COLLATE=utf8mb4_unicode_ci;

-- Dumping data for table wowy.ec_option_value_translations: ~0 rows (approximately)

-- Dumping structure for table wowy.ec_orders
CREATE TABLE IF NOT EXISTS `ec_orders` (
  `id` bigint unsigned NOT NULL AUTO_INCREMENT,
  `code` varchar(191) CHARACTER SET utf8mb4 COLLATE utf8mb4_unicode_ci DEFAULT NULL,
  `user_id` int unsigned NOT NULL,
  `shipping_option` varchar(60) CHARACTER SET utf8mb4 COLLATE utf8mb4_unicode_ci DEFAULT NULL,
  `shipping_method` varchar(60) CHARACTER SET utf8mb4 COLLATE utf8mb4_unicode_ci NOT NULL DEFAULT 'default',
  `status` varchar(120) CHARACTER SET utf8mb4 COLLATE utf8mb4_unicode_ci NOT NULL DEFAULT 'pending',
  `amount` decimal(15,2) NOT NULL,
  `tax_amount` decimal(15,2) DEFAULT NULL,
  `shipping_amount` decimal(15,2) DEFAULT NULL,
  `description` text CHARACTER SET utf8mb4 COLLATE utf8mb4_unicode_ci,
  `coupon_code` varchar(120) CHARACTER SET utf8mb4 COLLATE utf8mb4_unicode_ci DEFAULT NULL,
  `discount_amount` decimal(15,2) DEFAULT NULL,
  `sub_total` decimal(15,2) NOT NULL,
  `is_confirmed` tinyint(1) NOT NULL DEFAULT '0',
  `discount_description` varchar(255) CHARACTER SET utf8mb4 COLLATE utf8mb4_unicode_ci DEFAULT NULL,
  `is_finished` tinyint(1) DEFAULT '0',
  `completed_at` timestamp NULL DEFAULT NULL,
  `token` varchar(120) CHARACTER SET utf8mb4 COLLATE utf8mb4_unicode_ci DEFAULT NULL,
  `payment_id` int unsigned DEFAULT NULL,
  `created_at` timestamp NULL DEFAULT NULL,
  `updated_at` timestamp NULL DEFAULT NULL,
  PRIMARY KEY (`id`),
  UNIQUE KEY `ec_orders_code_unique` (`code`),
  KEY `ec_orders_user_id_status_created_at_index` (`user_id`,`status`,`created_at`)
) ENGINE=InnoDB AUTO_INCREMENT=21 DEFAULT CHARSET=utf8mb4 COLLATE=utf8mb4_unicode_ci;

-- Dumping data for table wowy.ec_orders: ~20 rows (approximately)
INSERT INTO `ec_orders` (`id`, `code`, `user_id`, `shipping_option`, `shipping_method`, `status`, `amount`, `tax_amount`, `shipping_amount`, `description`, `coupon_code`, `discount_amount`, `sub_total`, `is_confirmed`, `discount_description`, `is_finished`, `completed_at`, `token`, `payment_id`, `created_at`, `updated_at`) VALUES
	(1, '#10000001', 5, '1', 'default', 'completed', 1503.00, 0.00, 0.00, NULL, NULL, 0.00, 1503.00, 1, NULL, 1, '2023-02-20 00:12:16', '09WkrIXL3hOY1SYF4SRi47H8Bm8Ve', 1, '2023-02-18 08:12:16', '2023-02-20 00:12:16'),
	(2, '#10000002', 10, '1', 'default', 'completed', 1221.00, 0.00, 0.00, NULL, NULL, 0.00, 1221.00, 1, NULL, 1, '2023-02-20 00:12:16', 'nsHvr8xHfLVdTavkRZhX3E0ujFDLn', 2, '2023-02-07 08:12:16', '2023-02-20 00:12:16'),
	(3, '#10000003', 8, '1', 'default', 'pending', 820.00, 0.00, 0.00, NULL, NULL, 0.00, 820.00, 1, NULL, 1, NULL, 'UAlgACxPIQ459bAuBF1NBfv4i90Uz', 3, '2023-02-18 12:12:16', '2023-02-20 00:12:16'),
	(4, '#10000004', 10, '1', 'default', 'pending', 1178.00, 0.00, 0.00, NULL, NULL, 0.00, 1178.00, 1, NULL, 1, NULL, 'kI5lsxwcsQuDccxED6wabj7BwsKQx', 4, '2023-02-07 06:12:16', '2023-02-20 00:12:16'),
	(5, '#10000005', 9, '1', 'default', 'pending', 1740.00, 0.00, 0.00, NULL, NULL, 0.00, 1740.00, 1, NULL, 1, NULL, '4Zvxepu8tXjyicruxHhnSs1C2aAWP', 5, '2023-02-14 16:12:16', '2023-02-20 00:12:16'),
	(6, '#10000006', 1, '1', 'default', 'pending', 603.00, 0.00, 0.00, NULL, NULL, 0.00, 603.00, 1, NULL, 1, NULL, '9R5xQKkorpP17C6xxQjRybO8Hs1Gk', 6, '2023-02-18 18:12:16', '2023-02-20 00:12:16'),
	(7, '#10000007', 2, '1', 'default', 'pending', 1930.00, 0.00, 0.00, NULL, NULL, 0.00, 1930.00, 1, NULL, 1, NULL, 'lRLwIt3dV98GEjkNBv7ytCsvhwvNS', 7, '2023-02-09 12:12:16', '2023-02-20 00:12:16'),
	(8, '#10000008', 5, '1', 'default', 'pending', 575.00, 0.00, 0.00, NULL, NULL, 0.00, 575.00, 1, NULL, 1, NULL, '9PFAdPLxRM3b0v0zLipdk6hiQAbZS', 8, '2023-02-15 16:12:16', '2023-02-20 00:12:16'),
	(9, '#10000009', 10, '1', 'default', 'completed', 357.00, 0.00, 0.00, NULL, NULL, 0.00, 357.00, 1, NULL, 1, '2023-02-20 00:12:16', 'JAs0Tnr0TZ0bJmySdohgYtK08NrzU', 9, '2023-02-19 00:12:16', '2023-02-20 00:12:16'),
	(10, '#10000010', 10, '1', 'default', 'pending', 1197.00, 0.00, 0.00, NULL, NULL, 0.00, 1197.00, 1, NULL, 1, NULL, 'wYSWfWL9EzedF3PUTZL11nTK6k7V8', 10, '2023-02-16 08:12:16', '2023-02-20 00:12:16'),
	(11, '#10000011', 1, '1', 'default', 'pending', 1622.00, 0.00, 0.00, NULL, NULL, 0.00, 1622.00, 1, NULL, 1, NULL, 'bE5re04B423yAo0R7LgkmULmPGfvh', 11, '2023-02-14 04:12:16', '2023-02-20 00:12:16'),
	(12, '#10000012', 4, '1', 'default', 'completed', 947.00, 0.00, 0.00, NULL, NULL, 0.00, 947.00, 1, NULL, 1, '2023-02-20 00:12:16', 'JQi82KApNrxIuzbeyKAfoXR67TpnC', 12, '2023-02-16 06:12:16', '2023-02-20 00:12:16'),
	(13, '#10000013', 3, '1', 'default', 'completed', 162.00, 0.00, 0.00, NULL, NULL, 0.00, 162.00, 1, NULL, 1, '2023-02-20 00:12:16', 'wfssfXJVWx0LC2Svoap1mzEuimuv1', 13, '2023-02-16 00:12:16', '2023-02-20 00:12:16'),
	(14, '#10000014', 10, '1', 'default', 'completed', 623.00, 0.00, 0.00, NULL, NULL, 0.00, 623.00, 1, NULL, 1, '2023-02-20 00:12:16', 'CzfHM29pSXqMPcsoMIq2qehUAh5Vp', 14, '2023-02-18 20:12:16', '2023-02-20 00:12:16'),
	(15, '#10000015', 6, '1', 'default', 'completed', 681.00, 0.00, 0.00, NULL, NULL, 0.00, 681.00, 1, NULL, 1, '2023-02-20 00:12:16', 'MA3FqeJKaj72oEdivCM7B8pTzNOKh', 15, '2023-02-18 00:12:16', '2023-02-20 00:12:16'),
	(16, '#10000016', 4, '1', 'default', 'pending', 650.00, 0.00, 0.00, NULL, NULL, 0.00, 650.00, 1, NULL, 1, NULL, 'BcC93C4BEka4AB7jU5v2ujTVXCwsh', 16, '2023-02-16 16:12:16', '2023-02-20 00:12:16'),
	(17, '#10000017', 8, '1', 'default', 'completed', 500.00, 0.00, 0.00, NULL, NULL, 0.00, 500.00, 1, NULL, 1, '2023-02-20 00:12:16', '1dO0QvYElLIwWxikRnSKStY2kyrB3', 17, '2023-02-17 00:12:16', '2023-02-20 00:12:16'),
	(18, '#10000018', 7, '1', 'default', 'completed', 633.00, 0.00, 0.00, NULL, NULL, 0.00, 633.00, 1, NULL, 1, '2023-02-20 00:12:16', 'RrTYsveOpdLZ6dPUBPdbd88XfynaM', 18, '2023-02-18 18:12:16', '2023-02-20 00:12:16'),
	(19, '#10000019', 6, '1', 'default', 'pending', 483.00, 0.00, 0.00, NULL, NULL, 0.00, 483.00, 1, NULL, 1, NULL, '2mPdoThwCiv8zSgouyTaaE0vwDyZI', 19, '2023-02-19 16:12:16', '2023-02-20 00:12:16'),
	(20, '#10000020', 1, '1', 'default', 'completed', 637.00, 0.00, 0.00, NULL, NULL, 0.00, 637.00, 1, NULL, 1, '2023-02-20 00:12:16', 'UQGwRqcCrPDKPE64mCm403WcT5VQA', 20, '2023-02-19 18:12:16', '2023-02-20 00:12:16');

-- Dumping structure for table wowy.ec_order_addresses
CREATE TABLE IF NOT EXISTS `ec_order_addresses` (
  `id` bigint unsigned NOT NULL AUTO_INCREMENT,
  `name` varchar(191) CHARACTER SET utf8mb4 COLLATE utf8mb4_unicode_ci NOT NULL,
  `phone` varchar(20) CHARACTER SET utf8mb4 COLLATE utf8mb4_unicode_ci DEFAULT NULL,
  `email` varchar(191) CHARACTER SET utf8mb4 COLLATE utf8mb4_unicode_ci DEFAULT NULL,
  `country` varchar(120) CHARACTER SET utf8mb4 COLLATE utf8mb4_unicode_ci DEFAULT NULL,
  `state` varchar(120) CHARACTER SET utf8mb4 COLLATE utf8mb4_unicode_ci DEFAULT NULL,
  `city` varchar(120) CHARACTER SET utf8mb4 COLLATE utf8mb4_unicode_ci DEFAULT NULL,
  `address` varchar(255) CHARACTER SET utf8mb4 COLLATE utf8mb4_unicode_ci DEFAULT NULL,
  `order_id` int unsigned NOT NULL,
  `zip_code` varchar(20) CHARACTER SET utf8mb4 COLLATE utf8mb4_unicode_ci DEFAULT NULL,
  `type` varchar(60) CHARACTER SET utf8mb4 COLLATE utf8mb4_unicode_ci NOT NULL DEFAULT 'shipping_address',
  PRIMARY KEY (`id`)
) ENGINE=InnoDB AUTO_INCREMENT=21 DEFAULT CHARSET=utf8mb4 COLLATE=utf8mb4_unicode_ci;

-- Dumping data for table wowy.ec_order_addresses: ~20 rows (approximately)
INSERT INTO `ec_order_addresses` (`id`, `name`, `phone`, `email`, `country`, `state`, `city`, `address`, `order_id`, `zip_code`, `type`) VALUES
	(1, 'Mina Hamill DVM', '+16823192881', 'camille.will@example.org', 'RU', 'Arizona', 'East Ruthe', '1103 Dach Glen Suite 670', 1, '18811', 'shipping_address'),
	(2, 'Christ Blanda MD', '+19172150223', 'hollie45@example.net', 'BD', 'North Dakota', 'Considineshire', '3956 Fisher Viaduct Apt. 593', 2, '26426', 'shipping_address'),
	(3, 'Osbaldo Schamberger DVM', '+15318606516', 'rolando.kshlerin@example.org', 'LI', 'Wisconsin', 'Rohanport', '7670 Grant Courts Apt. 754', 3, '04720', 'shipping_address'),
	(4, 'Christ Blanda MD', '+19172150223', 'hollie45@example.net', 'BD', 'North Dakota', 'Considineshire', '3956 Fisher Viaduct Apt. 593', 4, '26426', 'shipping_address'),
	(5, 'Dr. Eliza Okuneva II', '+16573634782', 'kiera.monahan@example.com', 'AF', 'Washington', 'North Christyfurt', '3520 Hermann Union', 5, '66600-9335', 'shipping_address'),
	(6, 'Gerardo Spinka', '+12017584181', 'john.smith@botble.com', 'BR', 'Minnesota', 'Port Kaia', '8734 Elfrieda Greens', 6, '49240', 'shipping_address'),
	(7, 'Jeremy Bauch', '+12484547650', 'customer@botble.com', 'IN', 'Kansas', 'West Milfordview', '983 Ondricka Junctions', 7, '82794-0155', 'shipping_address'),
	(8, 'Mina Hamill DVM', '+16823192881', 'camille.will@example.org', 'RU', 'Arizona', 'East Ruthe', '1103 Dach Glen Suite 670', 8, '18811', 'shipping_address'),
	(9, 'Christ Blanda MD', '+19172150223', 'hollie45@example.net', 'BD', 'North Dakota', 'Considineshire', '3956 Fisher Viaduct Apt. 593', 9, '26426', 'shipping_address'),
	(10, 'Christ Blanda MD', '+19172150223', 'hollie45@example.net', 'BD', 'North Dakota', 'Considineshire', '3956 Fisher Viaduct Apt. 593', 10, '26426', 'shipping_address'),
	(11, 'Gerardo Spinka', '+12017584181', 'john.smith@botble.com', 'BR', 'Minnesota', 'Port Kaia', '8734 Elfrieda Greens', 11, '49240', 'shipping_address'),
	(12, 'Miles Greenfelder Jr.', '+14846488457', 'ocie.walker@example.org', 'CL', 'Mississippi', 'Brownland', '549 Gerhold Points Suite 734', 12, '87128', 'shipping_address'),
	(13, 'Dr. Erick Powlowski', '+19076553001', 'robel.jamar@example.net', 'CU', 'Montana', 'Johnsonmouth', '2164 Jayson Gardens', 13, '37913-5337', 'shipping_address'),
	(14, 'Christ Blanda MD', '+19172150223', 'hollie45@example.net', 'BD', 'North Dakota', 'Considineshire', '3956 Fisher Viaduct Apt. 593', 14, '26426', 'shipping_address'),
	(15, 'Daniela Barrows', '+18707712903', 'veda.jaskolski@example.com', 'LB', 'Mississippi', 'Runolfssonburgh', '1035 Clemmie Grove', 15, '27934-4647', 'shipping_address'),
	(16, 'Miles Greenfelder Jr.', '+14846488457', 'ocie.walker@example.org', 'CL', 'Mississippi', 'Brownland', '549 Gerhold Points Suite 734', 16, '87128', 'shipping_address'),
	(17, 'Osbaldo Schamberger DVM', '+15318606516', 'rolando.kshlerin@example.org', 'LI', 'Wisconsin', 'Rohanport', '7670 Grant Courts Apt. 754', 17, '04720', 'shipping_address'),
	(18, 'Ms. Felicia Stamm Jr.', '+13362690849', 'bashirian.eleazar@example.com', 'AM', 'New Mexico', 'North Leebury', '298 Fritsch Ports Apt. 830', 18, '17755-5110', 'shipping_address'),
	(19, 'Daniela Barrows', '+18707712903', 'veda.jaskolski@example.com', 'LB', 'Mississippi', 'Runolfssonburgh', '1035 Clemmie Grove', 19, '27934-4647', 'shipping_address'),
	(20, 'Gerardo Spinka', '+12017584181', 'john.smith@botble.com', 'BR', 'Minnesota', 'Port Kaia', '8734 Elfrieda Greens', 20, '49240', 'shipping_address');

-- Dumping structure for table wowy.ec_order_histories
CREATE TABLE IF NOT EXISTS `ec_order_histories` (
  `id` bigint unsigned NOT NULL AUTO_INCREMENT,
  `action` varchar(120) CHARACTER SET utf8mb4 COLLATE utf8mb4_unicode_ci NOT NULL,
  `description` varchar(255) CHARACTER SET utf8mb4 COLLATE utf8mb4_unicode_ci NOT NULL,
  `user_id` int unsigned DEFAULT NULL,
  `order_id` int unsigned NOT NULL,
  `extras` text CHARACTER SET utf8mb4 COLLATE utf8mb4_unicode_ci,
  `created_at` timestamp NULL DEFAULT NULL,
  `updated_at` timestamp NULL DEFAULT NULL,
  PRIMARY KEY (`id`)
) ENGINE=InnoDB AUTO_INCREMENT=92 DEFAULT CHARSET=utf8mb4 COLLATE=utf8mb4_unicode_ci;

-- Dumping data for table wowy.ec_order_histories: ~91 rows (approximately)
INSERT INTO `ec_order_histories` (`id`, `action`, `description`, `user_id`, `order_id`, `extras`, `created_at`, `updated_at`) VALUES
	(1, 'create_order_from_seeder', 'Order is created from the checkout page', NULL, 1, NULL, '2023-02-18 08:12:16', '2023-02-18 08:12:16'),
	(2, 'confirm_order', 'Order was verified by %user_name%', 0, 1, NULL, '2023-02-18 08:12:16', '2023-02-18 08:12:16'),
	(3, 'create_shipment', 'Created shipment for order', 0, 1, NULL, '2023-02-20 00:12:16', '2023-02-20 00:12:16'),
	(4, 'update_status', 'Changed status of shipping to: Delivered. Updated by: %user_name%', 0, 1, NULL, '2023-02-20 00:12:16', '2023-02-20 00:12:16'),
	(5, 'create_order_from_seeder', 'Order is created from the checkout page', NULL, 2, NULL, '2023-02-07 08:12:16', '2023-02-07 08:12:16'),
	(6, 'confirm_order', 'Order was verified by %user_name%', 0, 2, NULL, '2023-02-07 08:12:16', '2023-02-07 08:12:16'),
	(7, 'confirm_payment', 'Payment was confirmed (amount $1,221.00) by %user_name%', 0, 2, NULL, '2023-02-20 00:12:16', '2023-02-20 00:12:16'),
	(8, 'create_shipment', 'Created shipment for order', 0, 2, NULL, '2023-02-20 00:12:16', '2023-02-20 00:12:16'),
	(9, 'update_status', 'Changed status of shipping to: Delivered. Updated by: %user_name%', 0, 2, NULL, '2023-02-20 00:12:16', '2023-02-20 00:12:16'),
	(10, 'create_order_from_seeder', 'Order is created from the checkout page', NULL, 3, NULL, '2023-02-18 12:12:16', '2023-02-18 12:12:16'),
	(11, 'confirm_order', 'Order was verified by %user_name%', 0, 3, NULL, '2023-02-18 12:12:16', '2023-02-18 12:12:16'),
	(12, 'confirm_payment', 'Payment was confirmed (amount $820.00) by %user_name%', 0, 3, NULL, '2023-02-20 00:12:16', '2023-02-20 00:12:16'),
	(13, 'create_shipment', 'Created shipment for order', 0, 3, NULL, '2023-02-20 00:12:16', '2023-02-20 00:12:16'),
	(14, 'create_order_from_seeder', 'Order is created from the checkout page', NULL, 4, NULL, '2023-02-07 06:12:16', '2023-02-07 06:12:16'),
	(15, 'confirm_order', 'Order was verified by %user_name%', 0, 4, NULL, '2023-02-07 06:12:16', '2023-02-07 06:12:16'),
	(16, 'confirm_payment', 'Payment was confirmed (amount $1,178.00) by %user_name%', 0, 4, NULL, '2023-02-20 00:12:16', '2023-02-20 00:12:16'),
	(17, 'create_shipment', 'Created shipment for order', 0, 4, NULL, '2023-02-20 00:12:16', '2023-02-20 00:12:16'),
	(18, 'create_order_from_seeder', 'Order is created from the checkout page', NULL, 5, NULL, '2023-02-14 16:12:16', '2023-02-14 16:12:16'),
	(19, 'confirm_order', 'Order was verified by %user_name%', 0, 5, NULL, '2023-02-14 16:12:16', '2023-02-14 16:12:16'),
	(20, 'confirm_payment', 'Payment was confirmed (amount $1,740.00) by %user_name%', 0, 5, NULL, '2023-02-20 00:12:16', '2023-02-20 00:12:16'),
	(21, 'create_shipment', 'Created shipment for order', 0, 5, NULL, '2023-02-20 00:12:16', '2023-02-20 00:12:16'),
	(22, 'create_order_from_seeder', 'Order is created from the checkout page', NULL, 6, NULL, '2023-02-18 18:12:16', '2023-02-18 18:12:16'),
	(23, 'confirm_order', 'Order was verified by %user_name%', 0, 6, NULL, '2023-02-18 18:12:16', '2023-02-18 18:12:16'),
	(24, 'confirm_payment', 'Payment was confirmed (amount $603.00) by %user_name%', 0, 6, NULL, '2023-02-20 00:12:16', '2023-02-20 00:12:16'),
	(25, 'create_shipment', 'Created shipment for order', 0, 6, NULL, '2023-02-20 00:12:16', '2023-02-20 00:12:16'),
	(26, 'create_order_from_seeder', 'Order is created from the checkout page', NULL, 7, NULL, '2023-02-09 12:12:16', '2023-02-09 12:12:16'),
	(27, 'confirm_order', 'Order was verified by %user_name%', 0, 7, NULL, '2023-02-09 12:12:16', '2023-02-09 12:12:16'),
	(28, 'confirm_payment', 'Payment was confirmed (amount $1,930.00) by %user_name%', 0, 7, NULL, '2023-02-20 00:12:16', '2023-02-20 00:12:16'),
	(29, 'create_shipment', 'Created shipment for order', 0, 7, NULL, '2023-02-20 00:12:16', '2023-02-20 00:12:16'),
	(30, 'create_order_from_seeder', 'Order is created from the checkout page', NULL, 8, NULL, '2023-02-15 16:12:16', '2023-02-15 16:12:16'),
	(31, 'confirm_order', 'Order was verified by %user_name%', 0, 8, NULL, '2023-02-15 16:12:16', '2023-02-15 16:12:16'),
	(32, 'create_shipment', 'Created shipment for order', 0, 8, NULL, '2023-02-20 00:12:16', '2023-02-20 00:12:16'),
	(33, 'create_order_from_seeder', 'Order is created from the checkout page', NULL, 9, NULL, '2023-02-19 00:12:16', '2023-02-19 00:12:16'),
	(34, 'confirm_order', 'Order was verified by %user_name%', 0, 9, NULL, '2023-02-19 00:12:16', '2023-02-19 00:12:16'),
	(35, 'confirm_payment', 'Payment was confirmed (amount $357.00) by %user_name%', 0, 9, NULL, '2023-02-20 00:12:16', '2023-02-20 00:12:16'),
	(36, 'create_shipment', 'Created shipment for order', 0, 9, NULL, '2023-02-20 00:12:16', '2023-02-20 00:12:16'),
	(37, 'update_status', 'Changed status of shipping to: Delivered. Updated by: %user_name%', 0, 9, NULL, '2023-02-20 00:12:16', '2023-02-20 00:12:16'),
	(38, 'create_order_from_seeder', 'Order is created from the checkout page', NULL, 10, NULL, '2023-02-16 08:12:16', '2023-02-16 08:12:16'),
	(39, 'confirm_order', 'Order was verified by %user_name%', 0, 10, NULL, '2023-02-16 08:12:16', '2023-02-16 08:12:16'),
	(40, 'confirm_payment', 'Payment was confirmed (amount $1,197.00) by %user_name%', 0, 10, NULL, '2023-02-20 00:12:16', '2023-02-20 00:12:16'),
	(41, 'create_shipment', 'Created shipment for order', 0, 10, NULL, '2023-02-20 00:12:16', '2023-02-20 00:12:16'),
	(42, 'create_order_from_seeder', 'Order is created from the checkout page', NULL, 11, NULL, '2023-02-14 04:12:16', '2023-02-14 04:12:16'),
	(43, 'confirm_order', 'Order was verified by %user_name%', 0, 11, NULL, '2023-02-14 04:12:16', '2023-02-14 04:12:16'),
	(44, 'create_shipment', 'Created shipment for order', 0, 11, NULL, '2023-02-20 00:12:16', '2023-02-20 00:12:16'),
	(45, 'create_order_from_seeder', 'Order is created from the checkout page', NULL, 12, NULL, '2023-02-16 06:12:16', '2023-02-16 06:12:16'),
	(46, 'confirm_order', 'Order was verified by %user_name%', 0, 12, NULL, '2023-02-16 06:12:16', '2023-02-16 06:12:16'),
	(47, 'confirm_payment', 'Payment was confirmed (amount $947.00) by %user_name%', 0, 12, NULL, '2023-02-20 00:12:16', '2023-02-20 00:12:16'),
	(48, 'create_shipment', 'Created shipment for order', 0, 12, NULL, '2023-02-20 00:12:16', '2023-02-20 00:12:16'),
	(49, 'update_status', 'Changed status of shipping to: Delivered. Updated by: %user_name%', 0, 12, NULL, '2023-02-20 00:12:16', '2023-02-20 00:12:16'),
	(50, 'create_order_from_seeder', 'Order is created from the checkout page', NULL, 13, NULL, '2023-02-16 00:12:16', '2023-02-16 00:12:16'),
	(51, 'confirm_order', 'Order was verified by %user_name%', 0, 13, NULL, '2023-02-16 00:12:16', '2023-02-16 00:12:16'),
	(52, 'create_shipment', 'Created shipment for order', 0, 13, NULL, '2023-02-20 00:12:16', '2023-02-20 00:12:16'),
	(53, 'update_status', 'Changed status of shipping to: Delivered. Updated by: %user_name%', 0, 13, NULL, '2023-02-20 00:12:16', '2023-02-20 00:12:16'),
	(54, 'create_order_from_seeder', 'Order is created from the checkout page', NULL, 14, NULL, '2023-02-18 20:12:16', '2023-02-18 20:12:16'),
	(55, 'confirm_order', 'Order was verified by %user_name%', 0, 14, NULL, '2023-02-18 20:12:16', '2023-02-18 20:12:16'),
	(56, 'create_shipment', 'Created shipment for order', 0, 14, NULL, '2023-02-20 00:12:16', '2023-02-20 00:12:16'),
	(57, 'update_status', 'Changed status of shipping to: Delivered. Updated by: %user_name%', 0, 14, NULL, '2023-02-20 00:12:16', '2023-02-20 00:12:16'),
	(58, 'create_order_from_seeder', 'Order is created from the checkout page', NULL, 15, NULL, '2023-02-18 00:12:16', '2023-02-18 00:12:16'),
	(59, 'confirm_order', 'Order was verified by %user_name%', 0, 15, NULL, '2023-02-18 00:12:16', '2023-02-18 00:12:16'),
	(60, 'confirm_payment', 'Payment was confirmed (amount $681.00) by %user_name%', 0, 15, NULL, '2023-02-20 00:12:16', '2023-02-20 00:12:16'),
	(61, 'create_shipment', 'Created shipment for order', 0, 15, NULL, '2023-02-20 00:12:16', '2023-02-20 00:12:16'),
	(62, 'update_status', 'Changed status of shipping to: Delivered. Updated by: %user_name%', 0, 15, NULL, '2023-02-20 00:12:16', '2023-02-20 00:12:16'),
	(63, 'create_order_from_seeder', 'Order is created from the checkout page', NULL, 16, NULL, '2023-02-16 16:12:16', '2023-02-16 16:12:16'),
	(64, 'confirm_order', 'Order was verified by %user_name%', 0, 16, NULL, '2023-02-16 16:12:16', '2023-02-16 16:12:16'),
	(65, 'create_shipment', 'Created shipment for order', 0, 16, NULL, '2023-02-20 00:12:16', '2023-02-20 00:12:16'),
	(66, 'create_order_from_seeder', 'Order is created from the checkout page', NULL, 17, NULL, '2023-02-17 00:12:16', '2023-02-17 00:12:16'),
	(67, 'confirm_order', 'Order was verified by %user_name%', 0, 17, NULL, '2023-02-17 00:12:16', '2023-02-17 00:12:16'),
	(68, 'confirm_payment', 'Payment was confirmed (amount $500.00) by %user_name%', 0, 17, NULL, '2023-02-20 00:12:16', '2023-02-20 00:12:16'),
	(69, 'create_shipment', 'Created shipment for order', 0, 17, NULL, '2023-02-20 00:12:16', '2023-02-20 00:12:16'),
	(70, 'update_status', 'Changed status of shipping to: Delivered. Updated by: %user_name%', 0, 17, NULL, '2023-02-20 00:12:16', '2023-02-20 00:12:16'),
	(71, 'create_order_from_seeder', 'Order is created from the checkout page', NULL, 18, NULL, '2023-02-18 18:12:16', '2023-02-18 18:12:16'),
	(72, 'confirm_order', 'Order was verified by %user_name%', 0, 18, NULL, '2023-02-18 18:12:16', '2023-02-18 18:12:16'),
	(73, 'confirm_payment', 'Payment was confirmed (amount $633.00) by %user_name%', 0, 18, NULL, '2023-02-20 00:12:16', '2023-02-20 00:12:16'),
	(74, 'create_shipment', 'Created shipment for order', 0, 18, NULL, '2023-02-20 00:12:16', '2023-02-20 00:12:16'),
	(75, 'update_status', 'Changed status of shipping to: Delivered. Updated by: %user_name%', 0, 18, NULL, '2023-02-20 00:12:16', '2023-02-20 00:12:16'),
	(76, 'create_order_from_seeder', 'Order is created from the checkout page', NULL, 19, NULL, '2023-02-19 16:12:16', '2023-02-19 16:12:16'),
	(77, 'confirm_order', 'Order was verified by %user_name%', 0, 19, NULL, '2023-02-19 16:12:16', '2023-02-19 16:12:16'),
	(78, 'confirm_payment', 'Payment was confirmed (amount $483.00) by %user_name%', 0, 19, NULL, '2023-02-20 00:12:16', '2023-02-20 00:12:16'),
	(79, 'create_shipment', 'Created shipment for order', 0, 19, NULL, '2023-02-20 00:12:16', '2023-02-20 00:12:16'),
	(80, 'create_order_from_seeder', 'Order is created from the checkout page', NULL, 20, NULL, '2023-02-19 18:12:16', '2023-02-19 18:12:16'),
	(81, 'confirm_order', 'Order was verified by %user_name%', 0, 20, NULL, '2023-02-19 18:12:16', '2023-02-19 18:12:16'),
	(82, 'confirm_payment', 'Payment was confirmed (amount $637.00) by %user_name%', 0, 20, NULL, '2023-02-20 00:12:16', '2023-02-20 00:12:16'),
	(83, 'create_shipment', 'Created shipment for order', 0, 20, NULL, '2023-02-20 00:12:16', '2023-02-20 00:12:16'),
	(84, 'update_status', 'Changed status of shipping to: Delivered. Updated by: %user_name%', 0, 20, NULL, '2023-02-20 00:12:16', '2023-02-20 00:12:16'),
	(85, 'update_status', 'Order confirmed by %user_name%', 0, 2, NULL, '2023-02-20 00:12:16', '2023-02-20 00:12:16'),
	(86, 'update_status', 'Order confirmed by %user_name%', 0, 9, NULL, '2023-02-20 00:12:16', '2023-02-20 00:12:16'),
	(87, 'update_status', 'Order confirmed by %user_name%', 0, 12, NULL, '2023-02-20 00:12:16', '2023-02-20 00:12:16'),
	(88, 'update_status', 'Order confirmed by %user_name%', 0, 15, NULL, '2023-02-20 00:12:16', '2023-02-20 00:12:16'),
	(89, 'update_status', 'Order confirmed by %user_name%', 0, 17, NULL, '2023-02-20 00:12:16', '2023-02-20 00:12:16'),
	(90, 'update_status', 'Order confirmed by %user_name%', 0, 18, NULL, '2023-02-20 00:12:16', '2023-02-20 00:12:16'),
	(91, 'update_status', 'Order confirmed by %user_name%', 0, 20, NULL, '2023-02-20 00:12:16', '2023-02-20 00:12:16');

-- Dumping structure for table wowy.ec_order_product
CREATE TABLE IF NOT EXISTS `ec_order_product` (
  `id` bigint unsigned NOT NULL AUTO_INCREMENT,
  `order_id` int unsigned NOT NULL,
  `qty` int NOT NULL,
  `price` decimal(15,2) NOT NULL,
  `tax_amount` decimal(15,2) NOT NULL,
  `options` text CHARACTER SET utf8mb4 COLLATE utf8mb4_unicode_ci,
  `product_options` text CHARACTER SET utf8mb4 COLLATE utf8mb4_unicode_ci COMMENT 'product option data',
  `product_id` int unsigned DEFAULT NULL,
  `product_name` varchar(191) CHARACTER SET utf8mb4 COLLATE utf8mb4_unicode_ci NOT NULL,
  `product_image` varchar(191) CHARACTER SET utf8mb4 COLLATE utf8mb4_unicode_ci DEFAULT NULL,
  `weight` double(8,2) DEFAULT '0.00',
  `restock_quantity` int unsigned DEFAULT '0',
  `created_at` timestamp NULL DEFAULT NULL,
  `updated_at` timestamp NULL DEFAULT NULL,
  `product_type` varchar(60) CHARACTER SET utf8mb4 COLLATE utf8mb4_unicode_ci NOT NULL DEFAULT 'physical',
  `times_downloaded` int NOT NULL DEFAULT '0',
  PRIMARY KEY (`id`)
) ENGINE=InnoDB AUTO_INCREMENT=54 DEFAULT CHARSET=utf8mb4 COLLATE=utf8mb4_unicode_ci;

-- Dumping data for table wowy.ec_order_product: ~53 rows (approximately)
INSERT INTO `ec_order_product` (`id`, `order_id`, `qty`, `price`, `tax_amount`, `options`, `product_options`, `product_id`, `product_name`, `product_image`, `weight`, `restock_quantity`, `created_at`, `updated_at`, `product_type`, `times_downloaded`) VALUES
	(1, 1, 3, 384.00, 0.00, '[]', NULL, 46, 'Macbook Air 12 inch', 'products/10-1.jpg', 2223.00, 0, '2023-02-20 00:12:16', '2023-02-20 00:12:16', 'physical', 0),
	(2, 1, 3, 117.00, 0.00, '[]', NULL, 55, 'Apple Keyboard (Digital)', 'products/13.jpg', 2199.00, 0, '2023-02-20 00:12:16', '2023-02-20 00:12:16', 'physical', 0),
	(3, 2, 3, 279.00, 0.00, '[]', NULL, 30, 'Boxed - Bluetooth Headphone', 'products/3.jpg', 2367.00, 0, '2023-02-20 00:12:16', '2023-02-20 00:12:16', 'physical', 0),
	(4, 2, 1, 384.00, 0.00, '[]', NULL, 47, 'Macbook Air 12 inch', 'products/10.jpg', 741.00, 0, '2023-02-20 00:12:16', '2023-02-20 00:12:16', 'physical', 0),
	(5, 3, 3, 120.00, 0.00, '[]', NULL, 52, 'Macbook Pro 13 inch', 'products/12.jpg', 2007.00, 0, '2023-02-20 00:12:16', '2023-02-20 00:12:16', 'physical', 0),
	(6, 3, 2, 115.00, 0.00, '[]', NULL, 66, 'Cool Smart Watches (Digital)', 'products/17.jpg', 1682.00, 0, '2023-02-20 00:12:16', '2023-02-20 00:12:16', 'physical', 0),
	(7, 3, 1, 115.00, 0.00, '[]', NULL, 68, 'Cool Smart Watches (Digital)', 'products/17.jpg', 841.00, 0, '2023-02-20 00:12:16', '2023-02-20 00:12:16', 'physical', 0),
	(8, 3, 1, 115.00, 0.00, '[]', NULL, 70, 'Cool Smart Watches (Digital)', 'products/17.jpg', 841.00, 0, '2023-02-20 00:12:16', '2023-02-20 00:12:16', 'physical', 0),
	(9, 4, 3, 354.00, 0.00, '[]', NULL, 26, 'Smart Home Speaker (Digital)', 'products/1-1.jpg', 2475.00, 0, '2023-02-20 00:12:16', '2023-02-20 00:12:16', 'physical', 0),
	(10, 4, 1, 116.00, 0.00, '[]', NULL, 71, 'Black Smart Watches', 'products/18.jpg', 698.00, 0, '2023-02-20 00:12:16', '2023-02-20 00:12:16', 'physical', 0),
	(11, 5, 3, 374.00, 0.00, '[]', NULL, 29, 'Headphone Ultra Bass', 'products/2-2.jpg', 1548.00, 0, '2023-02-20 00:12:16', '2023-02-20 00:12:16', 'physical', 0),
	(12, 5, 3, 50.00, 0.00, '[]', NULL, 38, 'Camera Samsung SS-24', 'products/6-1.jpg', 1749.00, 0, '2023-02-20 00:12:16', '2023-02-20 00:12:16', 'physical', 0),
	(13, 5, 3, 117.00, 0.00, '[]', NULL, 53, 'Apple Keyboard (Digital)', 'products/13.jpg', 2199.00, 0, '2023-02-20 00:12:16', '2023-02-20 00:12:16', 'physical', 0),
	(14, 5, 1, 117.00, 0.00, '[]', NULL, 77, 'Leather Watch Band Serial 3', 'products/19.jpg', 544.00, 0, '2023-02-20 00:12:16', '2023-02-20 00:12:16', 'physical', 0),
	(15, 6, 2, 116.00, 0.00, '[]', NULL, 74, 'Black Smart Watches', 'products/18.jpg', 1396.00, 0, '2023-02-20 00:12:16', '2023-02-20 00:12:16', 'physical', 0),
	(16, 6, 1, 113.00, 0.00, '[]', NULL, 87, 'Phillips Mouse', 'products/23.jpg', 730.00, 0, '2023-02-20 00:12:16', '2023-02-20 00:12:16', 'physical', 0),
	(17, 6, 2, 129.00, 0.00, '[]', NULL, 92, 'Gaming Keyboard', 'products/24.jpg', 1096.00, 0, '2023-02-20 00:12:16', '2023-02-20 00:12:16', 'physical', 0),
	(18, 7, 2, 374.00, 0.00, '[]', NULL, 28, 'Headphone Ultra Bass', 'products/2-1.jpg', 1032.00, 0, '2023-02-20 00:12:16', '2023-02-20 00:12:16', 'physical', 0),
	(19, 7, 3, 279.00, 0.00, '[]', NULL, 31, 'Boxed - Bluetooth Headphone', 'products/3-1.jpg', 2367.00, 0, '2023-02-20 00:12:16', '2023-02-20 00:12:16', 'physical', 0),
	(20, 7, 3, 115.00, 0.00, '[]', NULL, 83, 'Historic Alarm Clock (Digital)', 'products/21.jpg', 2268.00, 0, '2023-02-20 00:12:16', '2023-02-20 00:12:16', 'physical', 0),
	(21, 8, 2, 115.00, 0.00, '[]', NULL, 66, 'Cool Smart Watches (Digital)', 'products/17.jpg', 1682.00, 0, '2023-02-20 00:12:16', '2023-02-20 00:12:16', 'physical', 0),
	(22, 8, 3, 115.00, 0.00, '[]', NULL, 82, 'Historic Alarm Clock (Digital)', 'products/21-1.jpg', 2268.00, 0, '2023-02-20 00:12:16', '2023-02-20 00:12:16', 'physical', 0),
	(23, 9, 1, 127.00, 0.00, '[]', NULL, 41, 'Apple iPhone 13 Plus', 'products/8.jpg', 664.00, 0, '2023-02-20 00:12:16', '2023-02-20 00:12:16', 'physical', 0),
	(24, 9, 2, 115.00, 0.00, '[]', NULL, 70, 'Cool Smart Watches (Digital)', 'products/17.jpg', 1682.00, 0, '2023-02-20 00:12:16', '2023-02-20 00:12:16', 'physical', 0),
	(25, 10, 3, 279.00, 0.00, '[]', NULL, 33, 'Boxed - Bluetooth Headphone', 'products/3-3.jpg', 2367.00, 0, '2023-02-20 00:12:16', '2023-02-20 00:12:16', 'physical', 0),
	(26, 10, 3, 120.00, 0.00, '[]', NULL, 50, 'Macbook Pro 13 inch', 'products/12.jpg', 2007.00, 0, '2023-02-20 00:12:16', '2023-02-20 00:12:16', 'physical', 0),
	(27, 11, 3, 374.00, 0.00, '[]', NULL, 28, 'Headphone Ultra Bass', 'products/2-1.jpg', 1548.00, 0, '2023-02-20 00:12:16', '2023-02-20 00:12:16', 'physical', 0),
	(28, 11, 1, 384.00, 0.00, '[]', NULL, 46, 'Macbook Air 12 inch', 'products/10-1.jpg', 741.00, 0, '2023-02-20 00:12:16', '2023-02-20 00:12:16', 'physical', 0),
	(29, 11, 1, 116.00, 0.00, '[]', NULL, 73, 'Black Smart Watches', 'products/18-2.jpg', 698.00, 0, '2023-02-20 00:12:16', '2023-02-20 00:12:16', 'physical', 0),
	(30, 12, 1, 50.00, 0.00, '[]', NULL, 38, 'Camera Samsung SS-24', 'products/6-1.jpg', 583.00, 0, '2023-02-20 00:12:16', '2023-02-20 00:12:16', 'physical', 0),
	(31, 12, 2, 384.00, 0.00, '[]', NULL, 45, 'Macbook Air 12 inch', 'products/10.jpg', 1482.00, 0, '2023-02-20 00:12:16', '2023-02-20 00:12:16', 'physical', 0),
	(32, 12, 1, 129.00, 0.00, '[]', NULL, 92, 'Gaming Keyboard', 'products/24.jpg', 548.00, 0, '2023-02-20 00:12:16', '2023-02-20 00:12:16', 'physical', 0),
	(33, 13, 1, 49.00, 0.00, '[]', NULL, 36, 'Camera Hikvision HK-35VS8 (Digital)', 'products/5-1.jpg', 647.00, 0, '2023-02-20 00:12:16', '2023-02-20 00:12:16', 'physical', 0),
	(34, 13, 1, 113.00, 0.00, '[]', NULL, 88, 'Phillips Mouse', 'products/23-1.jpg', 730.00, 0, '2023-02-20 00:12:16', '2023-02-20 00:12:16', 'physical', 0),
	(35, 14, 3, 50.00, 0.00, '[]', NULL, 37, 'Camera Samsung SS-24', 'products/6.jpg', 1749.00, 0, '2023-02-20 00:12:16', '2023-02-20 00:12:16', 'physical', 0),
	(36, 14, 1, 127.00, 0.00, '[]', NULL, 42, 'Apple iPhone 13 Plus', 'products/8-1.jpg', 664.00, 0, '2023-02-20 00:12:16', '2023-02-20 00:12:16', 'physical', 0),
	(37, 14, 1, 116.00, 0.00, '[]', NULL, 73, 'Black Smart Watches', 'products/18-2.jpg', 698.00, 0, '2023-02-20 00:12:16', '2023-02-20 00:12:16', 'physical', 0),
	(38, 14, 2, 115.00, 0.00, '[]', NULL, 82, 'Historic Alarm Clock (Digital)', 'products/21-1.jpg', 1512.00, 0, '2023-02-20 00:12:16', '2023-02-20 00:12:16', 'physical', 0),
	(39, 15, 3, 111.00, 0.00, '[]', NULL, 63, 'Hand playstation', 'products/15.jpg', 2094.00, 0, '2023-02-20 00:12:16', '2023-02-20 00:12:16', 'physical', 0),
	(40, 15, 3, 116.00, 0.00, '[]', NULL, 73, 'Black Smart Watches', 'products/18-2.jpg', 2094.00, 0, '2023-02-20 00:12:16', '2023-02-20 00:12:16', 'physical', 0),
	(41, 16, 1, 49.00, 0.00, '[]', NULL, 36, 'Camera Hikvision HK-35VS8 (Digital)', 'products/5-1.jpg', 647.00, 0, '2023-02-20 00:12:16', '2023-02-20 00:12:16', 'physical', 0),
	(42, 16, 2, 127.00, 0.00, '[]', NULL, 41, 'Apple iPhone 13 Plus', 'products/8.jpg', 1328.00, 0, '2023-02-20 00:12:16', '2023-02-20 00:12:16', 'physical', 0),
	(43, 16, 1, 115.00, 0.00, '[]', NULL, 48, 'Apple Watch Serial 7', 'products/11.jpg', 859.00, 0, '2023-02-20 00:12:16', '2023-02-20 00:12:16', 'physical', 0),
	(44, 16, 2, 116.00, 0.00, '[]', NULL, 71, 'Black Smart Watches', 'products/18.jpg', 1396.00, 0, '2023-02-20 00:12:16', '2023-02-20 00:12:16', 'physical', 0),
	(45, 17, 1, 116.00, 0.00, '[]', NULL, 72, 'Black Smart Watches', 'products/18-1.jpg', 698.00, 0, '2023-02-20 00:12:16', '2023-02-20 00:12:16', 'physical', 0),
	(46, 17, 3, 128.00, 0.00, '[]', NULL, 86, 'Black Glasses', 'products/22.jpg', 2535.00, 0, '2023-02-20 00:12:16', '2023-02-20 00:12:16', 'physical', 0),
	(47, 18, 3, 49.00, 0.00, '[]', NULL, 35, 'Camera Hikvision HK-35VS8 (Digital)', 'products/5.jpg', 1941.00, 0, '2023-02-20 00:12:16', '2023-02-20 00:12:16', 'physical', 0),
	(48, 18, 2, 115.00, 0.00, '[]', NULL, 69, 'Cool Smart Watches (Digital)', 'products/17.jpg', 1682.00, 0, '2023-02-20 00:12:16', '2023-02-20 00:12:16', 'physical', 0),
	(49, 18, 2, 128.00, 0.00, '[]', NULL, 86, 'Black Glasses', 'products/22.jpg', 1690.00, 0, '2023-02-20 00:12:16', '2023-02-20 00:12:16', 'physical', 0),
	(50, 19, 1, 117.00, 0.00, '[]', NULL, 55, 'Apple Keyboard (Digital)', 'products/13.jpg', 733.00, 0, '2023-02-20 00:12:16', '2023-02-20 00:12:16', 'physical', 0),
	(51, 19, 3, 122.00, 0.00, '[]', NULL, 65, 'Apple Airpods Serial 3', 'products/16.jpg', 2208.00, 0, '2023-02-20 00:12:16', '2023-02-20 00:12:16', 'physical', 0),
	(52, 20, 3, 127.00, 0.00, '[]', NULL, 41, 'Apple iPhone 13 Plus', 'products/8.jpg', 1992.00, 0, '2023-02-20 00:12:16', '2023-02-20 00:12:16', 'physical', 0),
	(53, 20, 2, 128.00, 0.00, '[]', NULL, 86, 'Black Glasses', 'products/22.jpg', 1690.00, 0, '2023-02-20 00:12:16', '2023-02-20 00:12:16', 'physical', 0);

-- Dumping structure for table wowy.ec_order_referrals
CREATE TABLE IF NOT EXISTS `ec_order_referrals` (
  `id` bigint unsigned NOT NULL AUTO_INCREMENT,
  `ip` varchar(39) CHARACTER SET utf8mb4 COLLATE utf8mb4_unicode_ci DEFAULT NULL,
  `landing_domain` varchar(255) CHARACTER SET utf8mb4 COLLATE utf8mb4_unicode_ci DEFAULT NULL,
  `landing_page` varchar(255) CHARACTER SET utf8mb4 COLLATE utf8mb4_unicode_ci DEFAULT NULL,
  `landing_params` varchar(255) CHARACTER SET utf8mb4 COLLATE utf8mb4_unicode_ci DEFAULT NULL,
  `referral` varchar(255) CHARACTER SET utf8mb4 COLLATE utf8mb4_unicode_ci DEFAULT NULL,
  `gclid` varchar(255) CHARACTER SET utf8mb4 COLLATE utf8mb4_unicode_ci DEFAULT NULL,
  `fclid` varchar(255) CHARACTER SET utf8mb4 COLLATE utf8mb4_unicode_ci DEFAULT NULL,
  `utm_source` varchar(255) CHARACTER SET utf8mb4 COLLATE utf8mb4_unicode_ci DEFAULT NULL,
  `utm_campaign` varchar(255) CHARACTER SET utf8mb4 COLLATE utf8mb4_unicode_ci DEFAULT NULL,
  `utm_medium` varchar(255) CHARACTER SET utf8mb4 COLLATE utf8mb4_unicode_ci DEFAULT NULL,
  `utm_term` varchar(255) CHARACTER SET utf8mb4 COLLATE utf8mb4_unicode_ci DEFAULT NULL,
  `utm_content` varchar(255) CHARACTER SET utf8mb4 COLLATE utf8mb4_unicode_ci DEFAULT NULL,
  `referrer_url` text CHARACTER SET utf8mb4 COLLATE utf8mb4_unicode_ci,
  `referrer_domain` varchar(255) CHARACTER SET utf8mb4 COLLATE utf8mb4_unicode_ci DEFAULT NULL,
  `order_id` int DEFAULT NULL,
  `created_at` timestamp NULL DEFAULT NULL,
  `updated_at` timestamp NULL DEFAULT NULL,
  PRIMARY KEY (`id`),
  KEY `ec_order_referrals_order_id_index` (`order_id`)
) ENGINE=InnoDB DEFAULT CHARSET=utf8mb4 COLLATE=utf8mb4_unicode_ci;

-- Dumping data for table wowy.ec_order_referrals: ~0 rows (approximately)

-- Dumping structure for table wowy.ec_order_returns
CREATE TABLE IF NOT EXISTS `ec_order_returns` (
  `id` bigint unsigned NOT NULL AUTO_INCREMENT,
  `code` varchar(191) CHARACTER SET utf8mb4 COLLATE utf8mb4_unicode_ci DEFAULT NULL,
  `order_id` int unsigned NOT NULL COMMENT 'Order ID',
  `store_id` int unsigned DEFAULT NULL COMMENT 'Store ID',
  `user_id` int unsigned NOT NULL COMMENT 'Customer ID',
  `reason` text CHARACTER SET utf8mb4 COLLATE utf8mb4_unicode_ci COMMENT 'Reason return order',
  `order_status` varchar(191) CHARACTER SET utf8mb4 COLLATE utf8mb4_unicode_ci DEFAULT NULL COMMENT 'Order current status',
  `return_status` varchar(191) CHARACTER SET utf8mb4 COLLATE utf8mb4_unicode_ci NOT NULL COMMENT 'Return status',
  `created_at` timestamp NULL DEFAULT NULL,
  `updated_at` timestamp NULL DEFAULT NULL,
  PRIMARY KEY (`id`),
  UNIQUE KEY `ec_order_returns_code_unique` (`code`)
) ENGINE=InnoDB DEFAULT CHARSET=utf8mb4 COLLATE=utf8mb4_unicode_ci;

-- Dumping data for table wowy.ec_order_returns: ~0 rows (approximately)

-- Dumping structure for table wowy.ec_order_return_items
CREATE TABLE IF NOT EXISTS `ec_order_return_items` (
  `id` bigint unsigned NOT NULL AUTO_INCREMENT,
  `order_return_id` int unsigned NOT NULL COMMENT 'Order return id',
  `order_product_id` int unsigned NOT NULL COMMENT 'Order product id',
  `product_id` int unsigned NOT NULL COMMENT 'Product id',
  `product_name` varchar(191) CHARACTER SET utf8mb4 COLLATE utf8mb4_unicode_ci NOT NULL,
  `product_image` varchar(191) CHARACTER SET utf8mb4 COLLATE utf8mb4_unicode_ci DEFAULT NULL,
  `qty` int NOT NULL COMMENT 'Quantity return',
  `price` decimal(15,2) NOT NULL COMMENT 'Price Product',
  `reason` text CHARACTER SET utf8mb4 COLLATE utf8mb4_unicode_ci,
  `created_at` timestamp NULL DEFAULT NULL,
  `updated_at` timestamp NULL DEFAULT NULL,
  `refund_amount` decimal(12,2) DEFAULT '0.00',
  PRIMARY KEY (`id`)
) ENGINE=InnoDB DEFAULT CHARSET=utf8mb4 COLLATE=utf8mb4_unicode_ci;

-- Dumping data for table wowy.ec_order_return_items: ~0 rows (approximately)

-- Dumping structure for table wowy.ec_products
CREATE TABLE IF NOT EXISTS `ec_products` (
  `id` bigint unsigned NOT NULL AUTO_INCREMENT,
  `name` varchar(191) CHARACTER SET utf8mb4 COLLATE utf8mb4_unicode_ci NOT NULL,
  `description` text CHARACTER SET utf8mb4 COLLATE utf8mb4_unicode_ci,
  `content` longtext CHARACTER SET utf8mb4 COLLATE utf8mb4_unicode_ci,
  `status` varchar(60) CHARACTER SET utf8mb4 COLLATE utf8mb4_unicode_ci NOT NULL DEFAULT 'published',
  `images` text CHARACTER SET utf8mb4 COLLATE utf8mb4_unicode_ci,
  `sku` varchar(191) CHARACTER SET utf8mb4 COLLATE utf8mb4_unicode_ci DEFAULT NULL,
  `order` int unsigned NOT NULL DEFAULT '0',
  `quantity` int unsigned DEFAULT NULL,
  `allow_checkout_when_out_of_stock` tinyint unsigned NOT NULL DEFAULT '0',
  `with_storehouse_management` tinyint unsigned NOT NULL DEFAULT '0',
  `is_featured` tinyint unsigned NOT NULL DEFAULT '0',
  `brand_id` int unsigned DEFAULT NULL,
  `is_variation` tinyint NOT NULL DEFAULT '0',
  `sale_type` tinyint NOT NULL DEFAULT '0',
  `price` double unsigned DEFAULT NULL,
  `sale_price` double unsigned DEFAULT NULL,
  `start_date` timestamp NULL DEFAULT NULL,
  `end_date` timestamp NULL DEFAULT NULL,
  `length` double(8,2) DEFAULT NULL,
  `wide` double(8,2) DEFAULT NULL,
  `height` double(8,2) DEFAULT NULL,
  `weight` double(8,2) DEFAULT NULL,
  `tax_id` int unsigned DEFAULT NULL,
  `views` bigint NOT NULL DEFAULT '0',
  `created_at` timestamp NULL DEFAULT NULL,
  `updated_at` timestamp NULL DEFAULT NULL,
  `stock_status` varchar(191) CHARACTER SET utf8mb4 COLLATE utf8mb4_unicode_ci DEFAULT 'in_stock',
  `created_by_id` int DEFAULT '0',
  `created_by_type` varchar(255) CHARACTER SET utf8mb4 COLLATE utf8mb4_unicode_ci NOT NULL DEFAULT 'Botble\\ACL\\Models\\User',
  `image` varchar(255) CHARACTER SET utf8mb4 COLLATE utf8mb4_unicode_ci DEFAULT NULL,
  `product_type` varchar(60) CHARACTER SET utf8mb4 COLLATE utf8mb4_unicode_ci DEFAULT 'physical',
  `barcode` varchar(50) CHARACTER SET utf8mb4 COLLATE utf8mb4_unicode_ci DEFAULT NULL,
  `cost_per_item` double DEFAULT NULL,
  PRIMARY KEY (`id`),
  UNIQUE KEY `ec_products_barcode_unique` (`barcode`),
  KEY `ec_products_brand_id_status_is_variation_created_at_index` (`brand_id`,`status`,`is_variation`,`created_at`),
  KEY `ec_products_sale_type_index` (`sale_type`),
  KEY `ec_products_start_date_index` (`start_date`),
  KEY `ec_products_end_date_index` (`end_date`),
  KEY `ec_products_sale_price_index` (`sale_price`),
  KEY `ec_products_is_variation_index` (`is_variation`)
) ENGINE=InnoDB AUTO_INCREMENT=93 DEFAULT CHARSET=utf8mb4 COLLATE=utf8mb4_unicode_ci;

-- Dumping data for table wowy.ec_products: ~92 rows (approximately)
INSERT INTO `ec_products` (`id`, `name`, `description`, `content`, `status`, `images`, `sku`, `order`, `quantity`, `allow_checkout_when_out_of_stock`, `with_storehouse_management`, `is_featured`, `brand_id`, `is_variation`, `sale_type`, `price`, `sale_price`, `start_date`, `end_date`, `length`, `wide`, `height`, `weight`, `tax_id`, `views`, `created_at`, `updated_at`, `stock_status`, `created_by_id`, `created_by_type`, `image`, `product_type`, `barcode`, `cost_per_item`) VALUES
	(1, 'Smart Home Speaker (Digital)', '<p>Short Hooded Coat features a straight body, large pockets with button flaps, ventilation air holes, and a string detail along the hemline.</p>\n<p><img src="https://farm66.staticflickr.com/65535/52425495655_3560b8094c_b.jpg" alt="icon" style="height:15px;">    1 Year AL Jazeera Brand Warranty</p>\n<p><img src="https://farm66.staticflickr.com/65535/52425560193_a352c8b12a_b.jpg" alt="icon" style="height:15px;">   30 Day Return Policy</p>\n<p><img src="https://farm66.staticflickr.com/65535/52425327619_16bbe35fbd_b.jpg" alt="icon" style="height:15px;"> Cash on Delivery available</p>\n', '<p>Short Hooded Coat features a straight body, large pockets with button flaps, ventilation air holes, and a string\n    detail along the hemline. The style is completed with a drawstring hood, featuring Rains’ signature built-in\n    cap. Made from waterproof, matte PU, this lightweight unisex rain jacket is an ode to nostalgia through its classic\n    silhouette and utilitarian design details.</p>\n<p>- Casual unisex fit</p>\n\n<p>- 64% polyester, 36% polyurethane</p>\n\n<p>- Water column pressure: 4000 mm</p>\n\n<p>- Model is 187cm tall and wearing a size S / M</p>\n\n<p>- Unisex fit</p>\n\n<p>- Drawstring hood with built-in cap</p>\n\n<p>- Front placket with snap buttons</p>\n\n<p>- Ventilation under armpit</p>\n\n<p>- Adjustable cuffs</p>\n\n<p>- Double welted front pockets</p>\n\n<p>- Adjustable elastic string at hempen</p>\n\n<p>- Ultrasonically welded seams</p>\n\n<p>This is a unisex item, please check our clothing &amp; footwear sizing guide for specific Rains jacket sizing\n    information. RAINS comes from the rainy nation of Denmark at the edge of the European continent, close to the ocean\n    and with prevailing westerly winds; all factors that contribute to an average of 121 rain days each year. Arising\n    from these rainy weather conditions comes the attitude that a quick rain shower may be beautiful, as well as moody-\n    but first and foremost requires the right outfit. Rains focus on the whole experience of going outside on rainy\n    days, issuing an invitation to explore even in the most mercurial weather.</p>\n', 'published', '["products\\/1.jpg","products\\/1-1.jpg","products\\/1-2.jpg","products\\/1-3.jpg"]', 'HS-106-A0', 0, 13, 0, 1, 1, 1, 0, 0, 354, NULL, NULL, NULL, 14.00, 12.00, 20.00, 825.00, NULL, 174648, '2023-02-20 00:12:13', '2023-02-20 00:12:14', 'in_stock', 0, 'Botble\\ACL\\Models\\User', NULL, 'digital', NULL, NULL),
	(2, 'Headphone Ultra Bass', '<p>Short Hooded Coat features a straight body, large pockets with button flaps, ventilation air holes, and a string detail along the hemline.</p>\n<p><img src="https://farm66.staticflickr.com/65535/52425495655_3560b8094c_b.jpg" alt="icon" style="height:15px;">    1 Year AL Jazeera Brand Warranty</p>\n<p><img src="https://farm66.staticflickr.com/65535/52425560193_a352c8b12a_b.jpg" alt="icon" style="height:15px;">   30 Day Return Policy</p>\n<p><img src="https://farm66.staticflickr.com/65535/52425327619_16bbe35fbd_b.jpg" alt="icon" style="height:15px;"> Cash on Delivery available</p>\n', '<p>Short Hooded Coat features a straight body, large pockets with button flaps, ventilation air holes, and a string\n    detail along the hemline. The style is completed with a drawstring hood, featuring Rains’ signature built-in\n    cap. Made from waterproof, matte PU, this lightweight unisex rain jacket is an ode to nostalgia through its classic\n    silhouette and utilitarian design details.</p>\n<p>- Casual unisex fit</p>\n\n<p>- 64% polyester, 36% polyurethane</p>\n\n<p>- Water column pressure: 4000 mm</p>\n\n<p>- Model is 187cm tall and wearing a size S / M</p>\n\n<p>- Unisex fit</p>\n\n<p>- Drawstring hood with built-in cap</p>\n\n<p>- Front placket with snap buttons</p>\n\n<p>- Ventilation under armpit</p>\n\n<p>- Adjustable cuffs</p>\n\n<p>- Double welted front pockets</p>\n\n<p>- Adjustable elastic string at hempen</p>\n\n<p>- Ultrasonically welded seams</p>\n\n<p>This is a unisex item, please check our clothing &amp; footwear sizing guide for specific Rains jacket sizing\n    information. RAINS comes from the rainy nation of Denmark at the edge of the European continent, close to the ocean\n    and with prevailing westerly winds; all factors that contribute to an average of 121 rain days each year. Arising\n    from these rainy weather conditions comes the attitude that a quick rain shower may be beautiful, as well as moody-\n    but first and foremost requires the right outfit. Rains focus on the whole experience of going outside on rainy\n    days, issuing an invitation to explore even in the most mercurial weather.</p>\n', 'published', '["products\\/2.jpg","products\\/2-1.jpg","products\\/2-2.jpg","products\\/2-3.jpg"]', 'HS-195-A0', 0, 18, 0, 1, 1, 7, 0, 0, 374, NULL, NULL, NULL, 16.00, 19.00, 18.00, 516.00, NULL, 130508, '2023-02-20 00:12:13', '2023-02-20 00:12:14', 'in_stock', 0, 'Botble\\ACL\\Models\\User', NULL, 'physical', NULL, NULL),
	(3, 'Boxed - Bluetooth Headphone', '<p>Short Hooded Coat features a straight body, large pockets with button flaps, ventilation air holes, and a string detail along the hemline.</p>\n<p><img src="https://farm66.staticflickr.com/65535/52425495655_3560b8094c_b.jpg" alt="icon" style="height:15px;">    1 Year AL Jazeera Brand Warranty</p>\n<p><img src="https://farm66.staticflickr.com/65535/52425560193_a352c8b12a_b.jpg" alt="icon" style="height:15px;">   30 Day Return Policy</p>\n<p><img src="https://farm66.staticflickr.com/65535/52425327619_16bbe35fbd_b.jpg" alt="icon" style="height:15px;"> Cash on Delivery available</p>\n', '<p>Short Hooded Coat features a straight body, large pockets with button flaps, ventilation air holes, and a string\n    detail along the hemline. The style is completed with a drawstring hood, featuring Rains’ signature built-in\n    cap. Made from waterproof, matte PU, this lightweight unisex rain jacket is an ode to nostalgia through its classic\n    silhouette and utilitarian design details.</p>\n<p>- Casual unisex fit</p>\n\n<p>- 64% polyester, 36% polyurethane</p>\n\n<p>- Water column pressure: 4000 mm</p>\n\n<p>- Model is 187cm tall and wearing a size S / M</p>\n\n<p>- Unisex fit</p>\n\n<p>- Drawstring hood with built-in cap</p>\n\n<p>- Front placket with snap buttons</p>\n\n<p>- Ventilation under armpit</p>\n\n<p>- Adjustable cuffs</p>\n\n<p>- Double welted front pockets</p>\n\n<p>- Adjustable elastic string at hempen</p>\n\n<p>- Ultrasonically welded seams</p>\n\n<p>This is a unisex item, please check our clothing &amp; footwear sizing guide for specific Rains jacket sizing\n    information. RAINS comes from the rainy nation of Denmark at the edge of the European continent, close to the ocean\n    and with prevailing westerly winds; all factors that contribute to an average of 121 rain days each year. Arising\n    from these rainy weather conditions comes the attitude that a quick rain shower may be beautiful, as well as moody-\n    but first and foremost requires the right outfit. Rains focus on the whole experience of going outside on rainy\n    days, issuing an invitation to explore even in the most mercurial weather.</p>\n', 'published', '["products\\/3.jpg","products\\/3-1.jpg","products\\/3-2.jpg","products\\/3-3.jpg"]', 'HS-188-A0', 0, 17, 0, 1, 1, 7, 0, 0, 279, NULL, NULL, NULL, 20.00, 16.00, 18.00, 789.00, NULL, 114536, '2023-02-20 00:12:13', '2023-02-20 00:12:14', 'in_stock', 0, 'Botble\\ACL\\Models\\User', NULL, 'physical', NULL, NULL),
	(4, 'Chikie - Bluetooth Speaker', '<p>Short Hooded Coat features a straight body, large pockets with button flaps, ventilation air holes, and a string detail along the hemline.</p>\n<p><img src="https://farm66.staticflickr.com/65535/52425495655_3560b8094c_b.jpg" alt="icon" style="height:15px;">    1 Year AL Jazeera Brand Warranty</p>\n<p><img src="https://farm66.staticflickr.com/65535/52425560193_a352c8b12a_b.jpg" alt="icon" style="height:15px;">   30 Day Return Policy</p>\n<p><img src="https://farm66.staticflickr.com/65535/52425327619_16bbe35fbd_b.jpg" alt="icon" style="height:15px;"> Cash on Delivery available</p>\n', '<p>Short Hooded Coat features a straight body, large pockets with button flaps, ventilation air holes, and a string\n    detail along the hemline. The style is completed with a drawstring hood, featuring Rains’ signature built-in\n    cap. Made from waterproof, matte PU, this lightweight unisex rain jacket is an ode to nostalgia through its classic\n    silhouette and utilitarian design details.</p>\n<p>- Casual unisex fit</p>\n\n<p>- 64% polyester, 36% polyurethane</p>\n\n<p>- Water column pressure: 4000 mm</p>\n\n<p>- Model is 187cm tall and wearing a size S / M</p>\n\n<p>- Unisex fit</p>\n\n<p>- Drawstring hood with built-in cap</p>\n\n<p>- Front placket with snap buttons</p>\n\n<p>- Ventilation under armpit</p>\n\n<p>- Adjustable cuffs</p>\n\n<p>- Double welted front pockets</p>\n\n<p>- Adjustable elastic string at hempen</p>\n\n<p>- Ultrasonically welded seams</p>\n\n<p>This is a unisex item, please check our clothing &amp; footwear sizing guide for specific Rains jacket sizing\n    information. RAINS comes from the rainy nation of Denmark at the edge of the European continent, close to the ocean\n    and with prevailing westerly winds; all factors that contribute to an average of 121 rain days each year. Arising\n    from these rainy weather conditions comes the attitude that a quick rain shower may be beautiful, as well as moody-\n    but first and foremost requires the right outfit. Rains focus on the whole experience of going outside on rainy\n    days, issuing an invitation to explore even in the most mercurial weather.</p>\n', 'published', '["products\\/4.jpg","products\\/4-1.jpg","products\\/4-2.jpg","products\\/4-3.jpg"]', 'HS-113-A0', 0, 14, 0, 1, 1, 4, 0, 0, 76, 53.2, NULL, NULL, 17.00, 13.00, 20.00, 552.00, NULL, 3013, '2023-02-20 00:12:13', '2023-02-20 00:12:14', 'in_stock', 0, 'Botble\\ACL\\Models\\User', NULL, 'physical', NULL, NULL),
	(5, 'Camera Hikvision HK-35VS8 (Digital)', '<p>Short Hooded Coat features a straight body, large pockets with button flaps, ventilation air holes, and a string detail along the hemline.</p>\n<p><img src="https://farm66.staticflickr.com/65535/52425495655_3560b8094c_b.jpg" alt="icon" style="height:15px;">    1 Year AL Jazeera Brand Warranty</p>\n<p><img src="https://farm66.staticflickr.com/65535/52425560193_a352c8b12a_b.jpg" alt="icon" style="height:15px;">   30 Day Return Policy</p>\n<p><img src="https://farm66.staticflickr.com/65535/52425327619_16bbe35fbd_b.jpg" alt="icon" style="height:15px;"> Cash on Delivery available</p>\n', '<p>Short Hooded Coat features a straight body, large pockets with button flaps, ventilation air holes, and a string\n    detail along the hemline. The style is completed with a drawstring hood, featuring Rains’ signature built-in\n    cap. Made from waterproof, matte PU, this lightweight unisex rain jacket is an ode to nostalgia through its classic\n    silhouette and utilitarian design details.</p>\n<p>- Casual unisex fit</p>\n\n<p>- 64% polyester, 36% polyurethane</p>\n\n<p>- Water column pressure: 4000 mm</p>\n\n<p>- Model is 187cm tall and wearing a size S / M</p>\n\n<p>- Unisex fit</p>\n\n<p>- Drawstring hood with built-in cap</p>\n\n<p>- Front placket with snap buttons</p>\n\n<p>- Ventilation under armpit</p>\n\n<p>- Adjustable cuffs</p>\n\n<p>- Double welted front pockets</p>\n\n<p>- Adjustable elastic string at hempen</p>\n\n<p>- Ultrasonically welded seams</p>\n\n<p>This is a unisex item, please check our clothing &amp; footwear sizing guide for specific Rains jacket sizing\n    information. RAINS comes from the rainy nation of Denmark at the edge of the European continent, close to the ocean\n    and with prevailing westerly winds; all factors that contribute to an average of 121 rain days each year. Arising\n    from these rainy weather conditions comes the attitude that a quick rain shower may be beautiful, as well as moody-\n    but first and foremost requires the right outfit. Rains focus on the whole experience of going outside on rainy\n    days, issuing an invitation to explore even in the most mercurial weather.</p>\n', 'published', '["products\\/5.jpg","products\\/5-1.jpg","products\\/5-2.jpg","products\\/5-3.jpg"]', 'HS-147-A0', 0, 18, 0, 1, 1, 7, 0, 0, 49, NULL, NULL, NULL, 20.00, 11.00, 19.00, 647.00, NULL, 15536, '2023-02-20 00:12:13', '2023-02-20 00:12:14', 'in_stock', 0, 'Botble\\ACL\\Models\\User', NULL, 'digital', NULL, NULL),
	(6, 'Camera Samsung SS-24', '<p>Short Hooded Coat features a straight body, large pockets with button flaps, ventilation air holes, and a string detail along the hemline.</p>\n<p><img src="https://farm66.staticflickr.com/65535/52425495655_3560b8094c_b.jpg" alt="icon" style="height:15px;">    1 Year AL Jazeera Brand Warranty</p>\n<p><img src="https://farm66.staticflickr.com/65535/52425560193_a352c8b12a_b.jpg" alt="icon" style="height:15px;">   30 Day Return Policy</p>\n<p><img src="https://farm66.staticflickr.com/65535/52425327619_16bbe35fbd_b.jpg" alt="icon" style="height:15px;"> Cash on Delivery available</p>\n', '<p>Short Hooded Coat features a straight body, large pockets with button flaps, ventilation air holes, and a string\n    detail along the hemline. The style is completed with a drawstring hood, featuring Rains’ signature built-in\n    cap. Made from waterproof, matte PU, this lightweight unisex rain jacket is an ode to nostalgia through its classic\n    silhouette and utilitarian design details.</p>\n<p>- Casual unisex fit</p>\n\n<p>- 64% polyester, 36% polyurethane</p>\n\n<p>- Water column pressure: 4000 mm</p>\n\n<p>- Model is 187cm tall and wearing a size S / M</p>\n\n<p>- Unisex fit</p>\n\n<p>- Drawstring hood with built-in cap</p>\n\n<p>- Front placket with snap buttons</p>\n\n<p>- Ventilation under armpit</p>\n\n<p>- Adjustable cuffs</p>\n\n<p>- Double welted front pockets</p>\n\n<p>- Adjustable elastic string at hempen</p>\n\n<p>- Ultrasonically welded seams</p>\n\n<p>This is a unisex item, please check our clothing &amp; footwear sizing guide for specific Rains jacket sizing\n    information. RAINS comes from the rainy nation of Denmark at the edge of the European continent, close to the ocean\n    and with prevailing westerly winds; all factors that contribute to an average of 121 rain days each year. Arising\n    from these rainy weather conditions comes the attitude that a quick rain shower may be beautiful, as well as moody-\n    but first and foremost requires the right outfit. Rains focus on the whole experience of going outside on rainy\n    days, issuing an invitation to explore even in the most mercurial weather.</p>\n', 'published', '["products\\/6.jpg","products\\/6-1.jpg"]', 'HS-139-A0', 0, 17, 0, 1, 1, 1, 0, 0, 50, NULL, NULL, NULL, 14.00, 16.00, 15.00, 583.00, NULL, 64552, '2023-02-20 00:12:13', '2023-02-20 00:12:14', 'in_stock', 0, 'Botble\\ACL\\Models\\User', NULL, 'physical', NULL, NULL),
	(7, 'Leather Watch Band', '<p>Short Hooded Coat features a straight body, large pockets with button flaps, ventilation air holes, and a string detail along the hemline.</p>\n<p><img src="https://farm66.staticflickr.com/65535/52425495655_3560b8094c_b.jpg" alt="icon" style="height:15px;">    1 Year AL Jazeera Brand Warranty</p>\n<p><img src="https://farm66.staticflickr.com/65535/52425560193_a352c8b12a_b.jpg" alt="icon" style="height:15px;">   30 Day Return Policy</p>\n<p><img src="https://farm66.staticflickr.com/65535/52425327619_16bbe35fbd_b.jpg" alt="icon" style="height:15px;"> Cash on Delivery available</p>\n', '<p>Short Hooded Coat features a straight body, large pockets with button flaps, ventilation air holes, and a string\n    detail along the hemline. The style is completed with a drawstring hood, featuring Rains’ signature built-in\n    cap. Made from waterproof, matte PU, this lightweight unisex rain jacket is an ode to nostalgia through its classic\n    silhouette and utilitarian design details.</p>\n<p>- Casual unisex fit</p>\n\n<p>- 64% polyester, 36% polyurethane</p>\n\n<p>- Water column pressure: 4000 mm</p>\n\n<p>- Model is 187cm tall and wearing a size S / M</p>\n\n<p>- Unisex fit</p>\n\n<p>- Drawstring hood with built-in cap</p>\n\n<p>- Front placket with snap buttons</p>\n\n<p>- Ventilation under armpit</p>\n\n<p>- Adjustable cuffs</p>\n\n<p>- Double welted front pockets</p>\n\n<p>- Adjustable elastic string at hempen</p>\n\n<p>- Ultrasonically welded seams</p>\n\n<p>This is a unisex item, please check our clothing &amp; footwear sizing guide for specific Rains jacket sizing\n    information. RAINS comes from the rainy nation of Denmark at the edge of the European continent, close to the ocean\n    and with prevailing westerly winds; all factors that contribute to an average of 121 rain days each year. Arising\n    from these rainy weather conditions comes the attitude that a quick rain shower may be beautiful, as well as moody-\n    but first and foremost requires the right outfit. Rains focus on the whole experience of going outside on rainy\n    days, issuing an invitation to explore even in the most mercurial weather.</p>\n', 'published', '["products\\/7.jpg","products\\/7-1.jpg"]', 'HS-178-A0', 0, 18, 0, 1, 1, 6, 0, 0, 126, NULL, NULL, NULL, 20.00, 11.00, 16.00, 729.00, NULL, 66022, '2023-02-20 00:12:13', '2023-02-20 00:12:14', 'in_stock', 0, 'Botble\\ACL\\Models\\User', NULL, 'physical', NULL, NULL),
	(8, 'Apple iPhone 13 Plus', '<p>Short Hooded Coat features a straight body, large pockets with button flaps, ventilation air holes, and a string detail along the hemline.</p>\n<p><img src="https://farm66.staticflickr.com/65535/52425495655_3560b8094c_b.jpg" alt="icon" style="height:15px;">    1 Year AL Jazeera Brand Warranty</p>\n<p><img src="https://farm66.staticflickr.com/65535/52425560193_a352c8b12a_b.jpg" alt="icon" style="height:15px;">   30 Day Return Policy</p>\n<p><img src="https://farm66.staticflickr.com/65535/52425327619_16bbe35fbd_b.jpg" alt="icon" style="height:15px;"> Cash on Delivery available</p>\n', '<p>Short Hooded Coat features a straight body, large pockets with button flaps, ventilation air holes, and a string\n    detail along the hemline. The style is completed with a drawstring hood, featuring Rains’ signature built-in\n    cap. Made from waterproof, matte PU, this lightweight unisex rain jacket is an ode to nostalgia through its classic\n    silhouette and utilitarian design details.</p>\n<p>- Casual unisex fit</p>\n\n<p>- 64% polyester, 36% polyurethane</p>\n\n<p>- Water column pressure: 4000 mm</p>\n\n<p>- Model is 187cm tall and wearing a size S / M</p>\n\n<p>- Unisex fit</p>\n\n<p>- Drawstring hood with built-in cap</p>\n\n<p>- Front placket with snap buttons</p>\n\n<p>- Ventilation under armpit</p>\n\n<p>- Adjustable cuffs</p>\n\n<p>- Double welted front pockets</p>\n\n<p>- Adjustable elastic string at hempen</p>\n\n<p>- Ultrasonically welded seams</p>\n\n<p>This is a unisex item, please check our clothing &amp; footwear sizing guide for specific Rains jacket sizing\n    information. RAINS comes from the rainy nation of Denmark at the edge of the European continent, close to the ocean\n    and with prevailing westerly winds; all factors that contribute to an average of 121 rain days each year. Arising\n    from these rainy weather conditions comes the attitude that a quick rain shower may be beautiful, as well as moody-\n    but first and foremost requires the right outfit. Rains focus on the whole experience of going outside on rainy\n    days, issuing an invitation to explore even in the most mercurial weather.</p>\n', 'published', '["products\\/8.jpg","products\\/8-1.jpg"]', 'HS-198-A0', 0, 19, 0, 1, 1, 3, 0, 0, 127, 88.9, NULL, NULL, 20.00, 15.00, 20.00, 664.00, NULL, 12625, '2023-02-20 00:12:13', '2023-02-20 00:12:14', 'in_stock', 0, 'Botble\\ACL\\Models\\User', NULL, 'physical', NULL, NULL),
	(9, 'Macbook Pro 2015 (Digital)', '<p>Short Hooded Coat features a straight body, large pockets with button flaps, ventilation air holes, and a string detail along the hemline.</p>\n<p><img src="https://farm66.staticflickr.com/65535/52425495655_3560b8094c_b.jpg" alt="icon" style="height:15px;">    1 Year AL Jazeera Brand Warranty</p>\n<p><img src="https://farm66.staticflickr.com/65535/52425560193_a352c8b12a_b.jpg" alt="icon" style="height:15px;">   30 Day Return Policy</p>\n<p><img src="https://farm66.staticflickr.com/65535/52425327619_16bbe35fbd_b.jpg" alt="icon" style="height:15px;"> Cash on Delivery available</p>\n', '<p>Short Hooded Coat features a straight body, large pockets with button flaps, ventilation air holes, and a string\n    detail along the hemline. The style is completed with a drawstring hood, featuring Rains’ signature built-in\n    cap. Made from waterproof, matte PU, this lightweight unisex rain jacket is an ode to nostalgia through its classic\n    silhouette and utilitarian design details.</p>\n<p>- Casual unisex fit</p>\n\n<p>- 64% polyester, 36% polyurethane</p>\n\n<p>- Water column pressure: 4000 mm</p>\n\n<p>- Model is 187cm tall and wearing a size S / M</p>\n\n<p>- Unisex fit</p>\n\n<p>- Drawstring hood with built-in cap</p>\n\n<p>- Front placket with snap buttons</p>\n\n<p>- Ventilation under armpit</p>\n\n<p>- Adjustable cuffs</p>\n\n<p>- Double welted front pockets</p>\n\n<p>- Adjustable elastic string at hempen</p>\n\n<p>- Ultrasonically welded seams</p>\n\n<p>This is a unisex item, please check our clothing &amp; footwear sizing guide for specific Rains jacket sizing\n    information. RAINS comes from the rainy nation of Denmark at the edge of the European continent, close to the ocean\n    and with prevailing westerly winds; all factors that contribute to an average of 121 rain days each year. Arising\n    from these rainy weather conditions comes the attitude that a quick rain shower may be beautiful, as well as moody-\n    but first and foremost requires the right outfit. Rains focus on the whole experience of going outside on rainy\n    days, issuing an invitation to explore even in the most mercurial weather.</p>\n', 'published', '["products\\/9.jpg","products\\/9-1.jpg"]', 'HS-172-A0', 0, 14, 0, 1, 1, 2, 0, 0, 110, NULL, NULL, NULL, 13.00, 17.00, 12.00, 674.00, NULL, 179507, '2023-02-20 00:12:13', '2023-02-20 00:12:14', 'in_stock', 0, 'Botble\\ACL\\Models\\User', NULL, 'digital', NULL, NULL),
	(10, 'Macbook Air 12 inch', '<p>Short Hooded Coat features a straight body, large pockets with button flaps, ventilation air holes, and a string detail along the hemline.</p>\n<p><img src="https://farm66.staticflickr.com/65535/52425495655_3560b8094c_b.jpg" alt="icon" style="height:15px;">    1 Year AL Jazeera Brand Warranty</p>\n<p><img src="https://farm66.staticflickr.com/65535/52425560193_a352c8b12a_b.jpg" alt="icon" style="height:15px;">   30 Day Return Policy</p>\n<p><img src="https://farm66.staticflickr.com/65535/52425327619_16bbe35fbd_b.jpg" alt="icon" style="height:15px;"> Cash on Delivery available</p>\n', '<p>Short Hooded Coat features a straight body, large pockets with button flaps, ventilation air holes, and a string\n    detail along the hemline. The style is completed with a drawstring hood, featuring Rains’ signature built-in\n    cap. Made from waterproof, matte PU, this lightweight unisex rain jacket is an ode to nostalgia through its classic\n    silhouette and utilitarian design details.</p>\n<p>- Casual unisex fit</p>\n\n<p>- 64% polyester, 36% polyurethane</p>\n\n<p>- Water column pressure: 4000 mm</p>\n\n<p>- Model is 187cm tall and wearing a size S / M</p>\n\n<p>- Unisex fit</p>\n\n<p>- Drawstring hood with built-in cap</p>\n\n<p>- Front placket with snap buttons</p>\n\n<p>- Ventilation under armpit</p>\n\n<p>- Adjustable cuffs</p>\n\n<p>- Double welted front pockets</p>\n\n<p>- Adjustable elastic string at hempen</p>\n\n<p>- Ultrasonically welded seams</p>\n\n<p>This is a unisex item, please check our clothing &amp; footwear sizing guide for specific Rains jacket sizing\n    information. RAINS comes from the rainy nation of Denmark at the edge of the European continent, close to the ocean\n    and with prevailing westerly winds; all factors that contribute to an average of 121 rain days each year. Arising\n    from these rainy weather conditions comes the attitude that a quick rain shower may be beautiful, as well as moody-\n    but first and foremost requires the right outfit. Rains focus on the whole experience of going outside on rainy\n    days, issuing an invitation to explore even in the most mercurial weather.</p>\n', 'published', '["products\\/10.jpg","products\\/10-1.jpg"]', 'HS-163-A0', 0, 13, 0, 1, 1, 4, 0, 0, 384, NULL, NULL, NULL, 20.00, 19.00, 10.00, 741.00, NULL, 82355, '2023-02-20 00:12:13', '2023-02-20 00:12:14', 'in_stock', 0, 'Botble\\ACL\\Models\\User', NULL, 'physical', NULL, NULL),
	(11, 'Apple Watch Serial 7', '<p>Short Hooded Coat features a straight body, large pockets with button flaps, ventilation air holes, and a string detail along the hemline.</p>\n<p><img src="https://farm66.staticflickr.com/65535/52425495655_3560b8094c_b.jpg" alt="icon" style="height:15px;">    1 Year AL Jazeera Brand Warranty</p>\n<p><img src="https://farm66.staticflickr.com/65535/52425560193_a352c8b12a_b.jpg" alt="icon" style="height:15px;">   30 Day Return Policy</p>\n<p><img src="https://farm66.staticflickr.com/65535/52425327619_16bbe35fbd_b.jpg" alt="icon" style="height:15px;"> Cash on Delivery available</p>\n', '<p>Short Hooded Coat features a straight body, large pockets with button flaps, ventilation air holes, and a string\n    detail along the hemline. The style is completed with a drawstring hood, featuring Rains’ signature built-in\n    cap. Made from waterproof, matte PU, this lightweight unisex rain jacket is an ode to nostalgia through its classic\n    silhouette and utilitarian design details.</p>\n<p>- Casual unisex fit</p>\n\n<p>- 64% polyester, 36% polyurethane</p>\n\n<p>- Water column pressure: 4000 mm</p>\n\n<p>- Model is 187cm tall and wearing a size S / M</p>\n\n<p>- Unisex fit</p>\n\n<p>- Drawstring hood with built-in cap</p>\n\n<p>- Front placket with snap buttons</p>\n\n<p>- Ventilation under armpit</p>\n\n<p>- Adjustable cuffs</p>\n\n<p>- Double welted front pockets</p>\n\n<p>- Adjustable elastic string at hempen</p>\n\n<p>- Ultrasonically welded seams</p>\n\n<p>This is a unisex item, please check our clothing &amp; footwear sizing guide for specific Rains jacket sizing\n    information. RAINS comes from the rainy nation of Denmark at the edge of the European continent, close to the ocean\n    and with prevailing westerly winds; all factors that contribute to an average of 121 rain days each year. Arising\n    from these rainy weather conditions comes the attitude that a quick rain shower may be beautiful, as well as moody-\n    but first and foremost requires the right outfit. Rains focus on the whole experience of going outside on rainy\n    days, issuing an invitation to explore even in the most mercurial weather.</p>\n', 'published', '["products\\/11.jpg","products\\/11-1.jpg"]', 'HS-161-A0', 0, 14, 0, 1, 1, 4, 0, 0, 115, NULL, NULL, NULL, 16.00, 16.00, 17.00, 859.00, NULL, 172506, '2023-02-20 00:12:13', '2023-02-20 00:12:14', 'in_stock', 0, 'Botble\\ACL\\Models\\User', NULL, 'physical', NULL, NULL),
	(12, 'Macbook Pro 13 inch', '<p>Short Hooded Coat features a straight body, large pockets with button flaps, ventilation air holes, and a string detail along the hemline.</p>\n<p><img src="https://farm66.staticflickr.com/65535/52425495655_3560b8094c_b.jpg" alt="icon" style="height:15px;">    1 Year AL Jazeera Brand Warranty</p>\n<p><img src="https://farm66.staticflickr.com/65535/52425560193_a352c8b12a_b.jpg" alt="icon" style="height:15px;">   30 Day Return Policy</p>\n<p><img src="https://farm66.staticflickr.com/65535/52425327619_16bbe35fbd_b.jpg" alt="icon" style="height:15px;"> Cash on Delivery available</p>\n', '<p>Short Hooded Coat features a straight body, large pockets with button flaps, ventilation air holes, and a string\n    detail along the hemline. The style is completed with a drawstring hood, featuring Rains’ signature built-in\n    cap. Made from waterproof, matte PU, this lightweight unisex rain jacket is an ode to nostalgia through its classic\n    silhouette and utilitarian design details.</p>\n<p>- Casual unisex fit</p>\n\n<p>- 64% polyester, 36% polyurethane</p>\n\n<p>- Water column pressure: 4000 mm</p>\n\n<p>- Model is 187cm tall and wearing a size S / M</p>\n\n<p>- Unisex fit</p>\n\n<p>- Drawstring hood with built-in cap</p>\n\n<p>- Front placket with snap buttons</p>\n\n<p>- Ventilation under armpit</p>\n\n<p>- Adjustable cuffs</p>\n\n<p>- Double welted front pockets</p>\n\n<p>- Adjustable elastic string at hempen</p>\n\n<p>- Ultrasonically welded seams</p>\n\n<p>This is a unisex item, please check our clothing &amp; footwear sizing guide for specific Rains jacket sizing\n    information. RAINS comes from the rainy nation of Denmark at the edge of the European continent, close to the ocean\n    and with prevailing westerly winds; all factors that contribute to an average of 121 rain days each year. Arising\n    from these rainy weather conditions comes the attitude that a quick rain shower may be beautiful, as well as moody-\n    but first and foremost requires the right outfit. Rains focus on the whole experience of going outside on rainy\n    days, issuing an invitation to explore even in the most mercurial weather.</p>\n', 'published', '["products\\/12.jpg","products\\/12-1.jpg"]', 'HS-162-A0', 0, 17, 0, 1, 1, 7, 0, 0, 120, 98.4, NULL, NULL, 16.00, 19.00, 13.00, 669.00, NULL, 176979, '2023-02-20 00:12:13', '2023-02-20 00:12:14', 'in_stock', 0, 'Botble\\ACL\\Models\\User', NULL, 'physical', NULL, NULL),
	(13, 'Apple Keyboard (Digital)', '<p>Short Hooded Coat features a straight body, large pockets with button flaps, ventilation air holes, and a string detail along the hemline.</p>\n<p><img src="https://farm66.staticflickr.com/65535/52425495655_3560b8094c_b.jpg" alt="icon" style="height:15px;">    1 Year AL Jazeera Brand Warranty</p>\n<p><img src="https://farm66.staticflickr.com/65535/52425560193_a352c8b12a_b.jpg" alt="icon" style="height:15px;">   30 Day Return Policy</p>\n<p><img src="https://farm66.staticflickr.com/65535/52425327619_16bbe35fbd_b.jpg" alt="icon" style="height:15px;"> Cash on Delivery available</p>\n', '<p>Short Hooded Coat features a straight body, large pockets with button flaps, ventilation air holes, and a string\n    detail along the hemline. The style is completed with a drawstring hood, featuring Rains’ signature built-in\n    cap. Made from waterproof, matte PU, this lightweight unisex rain jacket is an ode to nostalgia through its classic\n    silhouette and utilitarian design details.</p>\n<p>- Casual unisex fit</p>\n\n<p>- 64% polyester, 36% polyurethane</p>\n\n<p>- Water column pressure: 4000 mm</p>\n\n<p>- Model is 187cm tall and wearing a size S / M</p>\n\n<p>- Unisex fit</p>\n\n<p>- Drawstring hood with built-in cap</p>\n\n<p>- Front placket with snap buttons</p>\n\n<p>- Ventilation under armpit</p>\n\n<p>- Adjustable cuffs</p>\n\n<p>- Double welted front pockets</p>\n\n<p>- Adjustable elastic string at hempen</p>\n\n<p>- Ultrasonically welded seams</p>\n\n<p>This is a unisex item, please check our clothing &amp; footwear sizing guide for specific Rains jacket sizing\n    information. RAINS comes from the rainy nation of Denmark at the edge of the European continent, close to the ocean\n    and with prevailing westerly winds; all factors that contribute to an average of 121 rain days each year. Arising\n    from these rainy weather conditions comes the attitude that a quick rain shower may be beautiful, as well as moody-\n    but first and foremost requires the right outfit. Rains focus on the whole experience of going outside on rainy\n    days, issuing an invitation to explore even in the most mercurial weather.</p>\n', 'published', '["products\\/13.jpg","products\\/13-1.jpg"]', 'HS-130-A0', 0, 11, 0, 1, 1, 2, 0, 0, 117, NULL, NULL, NULL, 15.00, 19.00, 12.00, 733.00, NULL, 36189, '2023-02-20 00:12:13', '2023-02-20 00:12:14', 'in_stock', 0, 'Botble\\ACL\\Models\\User', NULL, 'digital', NULL, NULL),
	(14, 'MacSafe 80W', '<p>Short Hooded Coat features a straight body, large pockets with button flaps, ventilation air holes, and a string detail along the hemline.</p>\n<p><img src="https://farm66.staticflickr.com/65535/52425495655_3560b8094c_b.jpg" alt="icon" style="height:15px;">    1 Year AL Jazeera Brand Warranty</p>\n<p><img src="https://farm66.staticflickr.com/65535/52425560193_a352c8b12a_b.jpg" alt="icon" style="height:15px;">   30 Day Return Policy</p>\n<p><img src="https://farm66.staticflickr.com/65535/52425327619_16bbe35fbd_b.jpg" alt="icon" style="height:15px;"> Cash on Delivery available</p>\n', '<p>Short Hooded Coat features a straight body, large pockets with button flaps, ventilation air holes, and a string\n    detail along the hemline. The style is completed with a drawstring hood, featuring Rains’ signature built-in\n    cap. Made from waterproof, matte PU, this lightweight unisex rain jacket is an ode to nostalgia through its classic\n    silhouette and utilitarian design details.</p>\n<p>- Casual unisex fit</p>\n\n<p>- 64% polyester, 36% polyurethane</p>\n\n<p>- Water column pressure: 4000 mm</p>\n\n<p>- Model is 187cm tall and wearing a size S / M</p>\n\n<p>- Unisex fit</p>\n\n<p>- Drawstring hood with built-in cap</p>\n\n<p>- Front placket with snap buttons</p>\n\n<p>- Ventilation under armpit</p>\n\n<p>- Adjustable cuffs</p>\n\n<p>- Double welted front pockets</p>\n\n<p>- Adjustable elastic string at hempen</p>\n\n<p>- Ultrasonically welded seams</p>\n\n<p>This is a unisex item, please check our clothing &amp; footwear sizing guide for specific Rains jacket sizing\n    information. RAINS comes from the rainy nation of Denmark at the edge of the European continent, close to the ocean\n    and with prevailing westerly winds; all factors that contribute to an average of 121 rain days each year. Arising\n    from these rainy weather conditions comes the attitude that a quick rain shower may be beautiful, as well as moody-\n    but first and foremost requires the right outfit. Rains focus on the whole experience of going outside on rainy\n    days, issuing an invitation to explore even in the most mercurial weather.</p>\n', 'published', '["products\\/14.jpg","products\\/14-1.jpg"]', 'HS-156-A0', 0, 15, 0, 1, 1, 5, 0, 0, 130, NULL, NULL, NULL, 15.00, 14.00, 19.00, 815.00, NULL, 49885, '2023-02-20 00:12:13', '2023-02-20 00:12:14', 'in_stock', 0, 'Botble\\ACL\\Models\\User', NULL, 'physical', NULL, NULL),
	(15, 'Hand playstation', '<p>Short Hooded Coat features a straight body, large pockets with button flaps, ventilation air holes, and a string detail along the hemline.</p>\n<p><img src="https://farm66.staticflickr.com/65535/52425495655_3560b8094c_b.jpg" alt="icon" style="height:15px;">    1 Year AL Jazeera Brand Warranty</p>\n<p><img src="https://farm66.staticflickr.com/65535/52425560193_a352c8b12a_b.jpg" alt="icon" style="height:15px;">   30 Day Return Policy</p>\n<p><img src="https://farm66.staticflickr.com/65535/52425327619_16bbe35fbd_b.jpg" alt="icon" style="height:15px;"> Cash on Delivery available</p>\n', '<p>Short Hooded Coat features a straight body, large pockets with button flaps, ventilation air holes, and a string\n    detail along the hemline. The style is completed with a drawstring hood, featuring Rains’ signature built-in\n    cap. Made from waterproof, matte PU, this lightweight unisex rain jacket is an ode to nostalgia through its classic\n    silhouette and utilitarian design details.</p>\n<p>- Casual unisex fit</p>\n\n<p>- 64% polyester, 36% polyurethane</p>\n\n<p>- Water column pressure: 4000 mm</p>\n\n<p>- Model is 187cm tall and wearing a size S / M</p>\n\n<p>- Unisex fit</p>\n\n<p>- Drawstring hood with built-in cap</p>\n\n<p>- Front placket with snap buttons</p>\n\n<p>- Ventilation under armpit</p>\n\n<p>- Adjustable cuffs</p>\n\n<p>- Double welted front pockets</p>\n\n<p>- Adjustable elastic string at hempen</p>\n\n<p>- Ultrasonically welded seams</p>\n\n<p>This is a unisex item, please check our clothing &amp; footwear sizing guide for specific Rains jacket sizing\n    information. RAINS comes from the rainy nation of Denmark at the edge of the European continent, close to the ocean\n    and with prevailing westerly winds; all factors that contribute to an average of 121 rain days each year. Arising\n    from these rainy weather conditions comes the attitude that a quick rain shower may be beautiful, as well as moody-\n    but first and foremost requires the right outfit. Rains focus on the whole experience of going outside on rainy\n    days, issuing an invitation to explore even in the most mercurial weather.</p>\n', 'published', '["products\\/15.jpg","products\\/15-1.jpg"]', 'HS-168-A0', 0, 13, 0, 1, 1, 2, 0, 0, 111, NULL, NULL, NULL, 19.00, 12.00, 15.00, 698.00, NULL, 85811, '2023-02-20 00:12:14', '2023-02-20 00:12:14', 'in_stock', 0, 'Botble\\ACL\\Models\\User', NULL, 'physical', NULL, NULL),
	(16, 'Apple Airpods Serial 3', '<p>Short Hooded Coat features a straight body, large pockets with button flaps, ventilation air holes, and a string detail along the hemline.</p>\n<p><img src="https://farm66.staticflickr.com/65535/52425495655_3560b8094c_b.jpg" alt="icon" style="height:15px;">    1 Year AL Jazeera Brand Warranty</p>\n<p><img src="https://farm66.staticflickr.com/65535/52425560193_a352c8b12a_b.jpg" alt="icon" style="height:15px;">   30 Day Return Policy</p>\n<p><img src="https://farm66.staticflickr.com/65535/52425327619_16bbe35fbd_b.jpg" alt="icon" style="height:15px;"> Cash on Delivery available</p>\n', '<p>Short Hooded Coat features a straight body, large pockets with button flaps, ventilation air holes, and a string\n    detail along the hemline. The style is completed with a drawstring hood, featuring Rains’ signature built-in\n    cap. Made from waterproof, matte PU, this lightweight unisex rain jacket is an ode to nostalgia through its classic\n    silhouette and utilitarian design details.</p>\n<p>- Casual unisex fit</p>\n\n<p>- 64% polyester, 36% polyurethane</p>\n\n<p>- Water column pressure: 4000 mm</p>\n\n<p>- Model is 187cm tall and wearing a size S / M</p>\n\n<p>- Unisex fit</p>\n\n<p>- Drawstring hood with built-in cap</p>\n\n<p>- Front placket with snap buttons</p>\n\n<p>- Ventilation under armpit</p>\n\n<p>- Adjustable cuffs</p>\n\n<p>- Double welted front pockets</p>\n\n<p>- Adjustable elastic string at hempen</p>\n\n<p>- Ultrasonically welded seams</p>\n\n<p>This is a unisex item, please check our clothing &amp; footwear sizing guide for specific Rains jacket sizing\n    information. RAINS comes from the rainy nation of Denmark at the edge of the European continent, close to the ocean\n    and with prevailing westerly winds; all factors that contribute to an average of 121 rain days each year. Arising\n    from these rainy weather conditions comes the attitude that a quick rain shower may be beautiful, as well as moody-\n    but first and foremost requires the right outfit. Rains focus on the whole experience of going outside on rainy\n    days, issuing an invitation to explore even in the most mercurial weather.</p>\n', 'published', '["products\\/16.jpg"]', 'HS-102-A0', 0, 13, 0, 1, 1, 4, 0, 0, 122, 90.28, NULL, NULL, 20.00, 16.00, 13.00, 736.00, NULL, 84922, '2023-02-20 00:12:14', '2023-02-20 00:12:14', 'in_stock', 0, 'Botble\\ACL\\Models\\User', NULL, 'physical', NULL, NULL),
	(17, 'Cool Smart Watches (Digital)', '<p>Short Hooded Coat features a straight body, large pockets with button flaps, ventilation air holes, and a string detail along the hemline.</p>\n<p><img src="https://farm66.staticflickr.com/65535/52425495655_3560b8094c_b.jpg" alt="icon" style="height:15px;">    1 Year AL Jazeera Brand Warranty</p>\n<p><img src="https://farm66.staticflickr.com/65535/52425560193_a352c8b12a_b.jpg" alt="icon" style="height:15px;">   30 Day Return Policy</p>\n<p><img src="https://farm66.staticflickr.com/65535/52425327619_16bbe35fbd_b.jpg" alt="icon" style="height:15px;"> Cash on Delivery available</p>\n', '<p>Short Hooded Coat features a straight body, large pockets with button flaps, ventilation air holes, and a string\n    detail along the hemline. The style is completed with a drawstring hood, featuring Rains’ signature built-in\n    cap. Made from waterproof, matte PU, this lightweight unisex rain jacket is an ode to nostalgia through its classic\n    silhouette and utilitarian design details.</p>\n<p>- Casual unisex fit</p>\n\n<p>- 64% polyester, 36% polyurethane</p>\n\n<p>- Water column pressure: 4000 mm</p>\n\n<p>- Model is 187cm tall and wearing a size S / M</p>\n\n<p>- Unisex fit</p>\n\n<p>- Drawstring hood with built-in cap</p>\n\n<p>- Front placket with snap buttons</p>\n\n<p>- Ventilation under armpit</p>\n\n<p>- Adjustable cuffs</p>\n\n<p>- Double welted front pockets</p>\n\n<p>- Adjustable elastic string at hempen</p>\n\n<p>- Ultrasonically welded seams</p>\n\n<p>This is a unisex item, please check our clothing &amp; footwear sizing guide for specific Rains jacket sizing\n    information. RAINS comes from the rainy nation of Denmark at the edge of the European continent, close to the ocean\n    and with prevailing westerly winds; all factors that contribute to an average of 121 rain days each year. Arising\n    from these rainy weather conditions comes the attitude that a quick rain shower may be beautiful, as well as moody-\n    but first and foremost requires the right outfit. Rains focus on the whole experience of going outside on rainy\n    days, issuing an invitation to explore even in the most mercurial weather.</p>\n', 'published', '["products\\/17.jpg"]', 'HS-131-A0', 0, 18, 0, 1, 1, 4, 0, 0, 115, NULL, NULL, NULL, 13.00, 18.00, 15.00, 841.00, NULL, 132021, '2023-02-20 00:12:14', '2023-02-20 00:12:14', 'in_stock', 0, 'Botble\\ACL\\Models\\User', NULL, 'digital', NULL, NULL),
	(18, 'Black Smart Watches', '<p>Short Hooded Coat features a straight body, large pockets with button flaps, ventilation air holes, and a string detail along the hemline.</p>\n<p><img src="https://farm66.staticflickr.com/65535/52425495655_3560b8094c_b.jpg" alt="icon" style="height:15px;">    1 Year AL Jazeera Brand Warranty</p>\n<p><img src="https://farm66.staticflickr.com/65535/52425560193_a352c8b12a_b.jpg" alt="icon" style="height:15px;">   30 Day Return Policy</p>\n<p><img src="https://farm66.staticflickr.com/65535/52425327619_16bbe35fbd_b.jpg" alt="icon" style="height:15px;"> Cash on Delivery available</p>\n', '<p>Short Hooded Coat features a straight body, large pockets with button flaps, ventilation air holes, and a string\n    detail along the hemline. The style is completed with a drawstring hood, featuring Rains’ signature built-in\n    cap. Made from waterproof, matte PU, this lightweight unisex rain jacket is an ode to nostalgia through its classic\n    silhouette and utilitarian design details.</p>\n<p>- Casual unisex fit</p>\n\n<p>- 64% polyester, 36% polyurethane</p>\n\n<p>- Water column pressure: 4000 mm</p>\n\n<p>- Model is 187cm tall and wearing a size S / M</p>\n\n<p>- Unisex fit</p>\n\n<p>- Drawstring hood with built-in cap</p>\n\n<p>- Front placket with snap buttons</p>\n\n<p>- Ventilation under armpit</p>\n\n<p>- Adjustable cuffs</p>\n\n<p>- Double welted front pockets</p>\n\n<p>- Adjustable elastic string at hempen</p>\n\n<p>- Ultrasonically welded seams</p>\n\n<p>This is a unisex item, please check our clothing &amp; footwear sizing guide for specific Rains jacket sizing\n    information. RAINS comes from the rainy nation of Denmark at the edge of the European continent, close to the ocean\n    and with prevailing westerly winds; all factors that contribute to an average of 121 rain days each year. Arising\n    from these rainy weather conditions comes the attitude that a quick rain shower may be beautiful, as well as moody-\n    but first and foremost requires the right outfit. Rains focus on the whole experience of going outside on rainy\n    days, issuing an invitation to explore even in the most mercurial weather.</p>\n', 'published', '["products\\/18.jpg","products\\/18-1.jpg","products\\/18-2.jpg"]', 'HS-103-A0', 0, 15, 0, 1, 1, 3, 0, 0, 116, NULL, NULL, NULL, 15.00, 10.00, 11.00, 698.00, NULL, 110879, '2023-02-20 00:12:14', '2023-02-20 00:12:14', 'in_stock', 0, 'Botble\\ACL\\Models\\User', NULL, 'physical', NULL, NULL),
	(19, 'Leather Watch Band Serial 3', '<p>Short Hooded Coat features a straight body, large pockets with button flaps, ventilation air holes, and a string detail along the hemline.</p>\n<p><img src="https://farm66.staticflickr.com/65535/52425495655_3560b8094c_b.jpg" alt="icon" style="height:15px;">    1 Year AL Jazeera Brand Warranty</p>\n<p><img src="https://farm66.staticflickr.com/65535/52425560193_a352c8b12a_b.jpg" alt="icon" style="height:15px;">   30 Day Return Policy</p>\n<p><img src="https://farm66.staticflickr.com/65535/52425327619_16bbe35fbd_b.jpg" alt="icon" style="height:15px;"> Cash on Delivery available</p>\n', '<p>Short Hooded Coat features a straight body, large pockets with button flaps, ventilation air holes, and a string\n    detail along the hemline. The style is completed with a drawstring hood, featuring Rains’ signature built-in\n    cap. Made from waterproof, matte PU, this lightweight unisex rain jacket is an ode to nostalgia through its classic\n    silhouette and utilitarian design details.</p>\n<p>- Casual unisex fit</p>\n\n<p>- 64% polyester, 36% polyurethane</p>\n\n<p>- Water column pressure: 4000 mm</p>\n\n<p>- Model is 187cm tall and wearing a size S / M</p>\n\n<p>- Unisex fit</p>\n\n<p>- Drawstring hood with built-in cap</p>\n\n<p>- Front placket with snap buttons</p>\n\n<p>- Ventilation under armpit</p>\n\n<p>- Adjustable cuffs</p>\n\n<p>- Double welted front pockets</p>\n\n<p>- Adjustable elastic string at hempen</p>\n\n<p>- Ultrasonically welded seams</p>\n\n<p>This is a unisex item, please check our clothing &amp; footwear sizing guide for specific Rains jacket sizing\n    information. RAINS comes from the rainy nation of Denmark at the edge of the European continent, close to the ocean\n    and with prevailing westerly winds; all factors that contribute to an average of 121 rain days each year. Arising\n    from these rainy weather conditions comes the attitude that a quick rain shower may be beautiful, as well as moody-\n    but first and foremost requires the right outfit. Rains focus on the whole experience of going outside on rainy\n    days, issuing an invitation to explore even in the most mercurial weather.</p>\n', 'published', '["products\\/19.jpg","products\\/19-1.jpg"]', 'HS-122-A0', 0, 17, 0, 1, 1, 1, 0, 0, 117, NULL, NULL, NULL, 19.00, 20.00, 12.00, 544.00, NULL, 180516, '2023-02-20 00:12:14', '2023-02-20 00:12:14', 'in_stock', 0, 'Botble\\ACL\\Models\\User', NULL, 'physical', NULL, NULL),
	(20, 'Macbook Pro 2015 13 inch', '<p>Short Hooded Coat features a straight body, large pockets with button flaps, ventilation air holes, and a string detail along the hemline.</p>\n<p><img src="https://farm66.staticflickr.com/65535/52425495655_3560b8094c_b.jpg" alt="icon" style="height:15px;">    1 Year AL Jazeera Brand Warranty</p>\n<p><img src="https://farm66.staticflickr.com/65535/52425560193_a352c8b12a_b.jpg" alt="icon" style="height:15px;">   30 Day Return Policy</p>\n<p><img src="https://farm66.staticflickr.com/65535/52425327619_16bbe35fbd_b.jpg" alt="icon" style="height:15px;"> Cash on Delivery available</p>\n', '<p>Short Hooded Coat features a straight body, large pockets with button flaps, ventilation air holes, and a string\n    detail along the hemline. The style is completed with a drawstring hood, featuring Rains’ signature built-in\n    cap. Made from waterproof, matte PU, this lightweight unisex rain jacket is an ode to nostalgia through its classic\n    silhouette and utilitarian design details.</p>\n<p>- Casual unisex fit</p>\n\n<p>- 64% polyester, 36% polyurethane</p>\n\n<p>- Water column pressure: 4000 mm</p>\n\n<p>- Model is 187cm tall and wearing a size S / M</p>\n\n<p>- Unisex fit</p>\n\n<p>- Drawstring hood with built-in cap</p>\n\n<p>- Front placket with snap buttons</p>\n\n<p>- Ventilation under armpit</p>\n\n<p>- Adjustable cuffs</p>\n\n<p>- Double welted front pockets</p>\n\n<p>- Adjustable elastic string at hempen</p>\n\n<p>- Ultrasonically welded seams</p>\n\n<p>This is a unisex item, please check our clothing &amp; footwear sizing guide for specific Rains jacket sizing\n    information. RAINS comes from the rainy nation of Denmark at the edge of the European continent, close to the ocean\n    and with prevailing westerly winds; all factors that contribute to an average of 121 rain days each year. Arising\n    from these rainy weather conditions comes the attitude that a quick rain shower may be beautiful, as well as moody-\n    but first and foremost requires the right outfit. Rains focus on the whole experience of going outside on rainy\n    days, issuing an invitation to explore even in the most mercurial weather.</p>\n', 'published', '["products\\/20.jpg","products\\/20-1.jpg"]', 'HS-179-A0', 0, 11, 0, 1, 1, 6, 0, 0, 116, 89.32, NULL, NULL, 13.00, 19.00, 10.00, 879.00, NULL, 164077, '2023-02-20 00:12:14', '2023-02-20 00:12:14', 'in_stock', 0, 'Botble\\ACL\\Models\\User', NULL, 'physical', NULL, NULL),
	(21, 'Historic Alarm Clock (Digital)', '<p>Short Hooded Coat features a straight body, large pockets with button flaps, ventilation air holes, and a string detail along the hemline.</p>\n<p><img src="https://farm66.staticflickr.com/65535/52425495655_3560b8094c_b.jpg" alt="icon" style="height:15px;">    1 Year AL Jazeera Brand Warranty</p>\n<p><img src="https://farm66.staticflickr.com/65535/52425560193_a352c8b12a_b.jpg" alt="icon" style="height:15px;">   30 Day Return Policy</p>\n<p><img src="https://farm66.staticflickr.com/65535/52425327619_16bbe35fbd_b.jpg" alt="icon" style="height:15px;"> Cash on Delivery available</p>\n', '<p>Short Hooded Coat features a straight body, large pockets with button flaps, ventilation air holes, and a string\n    detail along the hemline. The style is completed with a drawstring hood, featuring Rains’ signature built-in\n    cap. Made from waterproof, matte PU, this lightweight unisex rain jacket is an ode to nostalgia through its classic\n    silhouette and utilitarian design details.</p>\n<p>- Casual unisex fit</p>\n\n<p>- 64% polyester, 36% polyurethane</p>\n\n<p>- Water column pressure: 4000 mm</p>\n\n<p>- Model is 187cm tall and wearing a size S / M</p>\n\n<p>- Unisex fit</p>\n\n<p>- Drawstring hood with built-in cap</p>\n\n<p>- Front placket with snap buttons</p>\n\n<p>- Ventilation under armpit</p>\n\n<p>- Adjustable cuffs</p>\n\n<p>- Double welted front pockets</p>\n\n<p>- Adjustable elastic string at hempen</p>\n\n<p>- Ultrasonically welded seams</p>\n\n<p>This is a unisex item, please check our clothing &amp; footwear sizing guide for specific Rains jacket sizing\n    information. RAINS comes from the rainy nation of Denmark at the edge of the European continent, close to the ocean\n    and with prevailing westerly winds; all factors that contribute to an average of 121 rain days each year. Arising\n    from these rainy weather conditions comes the attitude that a quick rain shower may be beautiful, as well as moody-\n    but first and foremost requires the right outfit. Rains focus on the whole experience of going outside on rainy\n    days, issuing an invitation to explore even in the most mercurial weather.</p>\n', 'published', '["products\\/21.jpg","products\\/21-1.jpg"]', 'HS-138-A0', 0, 18, 0, 1, 1, 6, 0, 0, 115, NULL, NULL, NULL, 10.00, 20.00, 18.00, 756.00, NULL, 192426, '2023-02-20 00:12:14', '2023-02-20 00:12:14', 'in_stock', 0, 'Botble\\ACL\\Models\\User', NULL, 'digital', NULL, NULL),
	(22, 'Black Glasses', '<p>Short Hooded Coat features a straight body, large pockets with button flaps, ventilation air holes, and a string detail along the hemline.</p>\n<p><img src="https://farm66.staticflickr.com/65535/52425495655_3560b8094c_b.jpg" alt="icon" style="height:15px;">    1 Year AL Jazeera Brand Warranty</p>\n<p><img src="https://farm66.staticflickr.com/65535/52425560193_a352c8b12a_b.jpg" alt="icon" style="height:15px;">   30 Day Return Policy</p>\n<p><img src="https://farm66.staticflickr.com/65535/52425327619_16bbe35fbd_b.jpg" alt="icon" style="height:15px;"> Cash on Delivery available</p>\n', '<p>Short Hooded Coat features a straight body, large pockets with button flaps, ventilation air holes, and a string\n    detail along the hemline. The style is completed with a drawstring hood, featuring Rains’ signature built-in\n    cap. Made from waterproof, matte PU, this lightweight unisex rain jacket is an ode to nostalgia through its classic\n    silhouette and utilitarian design details.</p>\n<p>- Casual unisex fit</p>\n\n<p>- 64% polyester, 36% polyurethane</p>\n\n<p>- Water column pressure: 4000 mm</p>\n\n<p>- Model is 187cm tall and wearing a size S / M</p>\n\n<p>- Unisex fit</p>\n\n<p>- Drawstring hood with built-in cap</p>\n\n<p>- Front placket with snap buttons</p>\n\n<p>- Ventilation under armpit</p>\n\n<p>- Adjustable cuffs</p>\n\n<p>- Double welted front pockets</p>\n\n<p>- Adjustable elastic string at hempen</p>\n\n<p>- Ultrasonically welded seams</p>\n\n<p>This is a unisex item, please check our clothing &amp; footwear sizing guide for specific Rains jacket sizing\n    information. RAINS comes from the rainy nation of Denmark at the edge of the European continent, close to the ocean\n    and with prevailing westerly winds; all factors that contribute to an average of 121 rain days each year. Arising\n    from these rainy weather conditions comes the attitude that a quick rain shower may be beautiful, as well as moody-\n    but first and foremost requires the right outfit. Rains focus on the whole experience of going outside on rainy\n    days, issuing an invitation to explore even in the most mercurial weather.</p>\n', 'published', '["products\\/22.jpg","products\\/22-1.jpg"]', 'HS-140-A0', 0, 11, 0, 1, 1, 3, 0, 0, 128, NULL, NULL, NULL, 14.00, 12.00, 16.00, 845.00, NULL, 109728, '2023-02-20 00:12:14', '2023-02-20 00:12:14', 'in_stock', 0, 'Botble\\ACL\\Models\\User', NULL, 'physical', NULL, NULL),
	(23, 'Phillips Mouse', '<p>Short Hooded Coat features a straight body, large pockets with button flaps, ventilation air holes, and a string detail along the hemline.</p>\n<p><img src="https://farm66.staticflickr.com/65535/52425495655_3560b8094c_b.jpg" alt="icon" style="height:15px;">    1 Year AL Jazeera Brand Warranty</p>\n<p><img src="https://farm66.staticflickr.com/65535/52425560193_a352c8b12a_b.jpg" alt="icon" style="height:15px;">   30 Day Return Policy</p>\n<p><img src="https://farm66.staticflickr.com/65535/52425327619_16bbe35fbd_b.jpg" alt="icon" style="height:15px;"> Cash on Delivery available</p>\n', '<p>Short Hooded Coat features a straight body, large pockets with button flaps, ventilation air holes, and a string\n    detail along the hemline. The style is completed with a drawstring hood, featuring Rains’ signature built-in\n    cap. Made from waterproof, matte PU, this lightweight unisex rain jacket is an ode to nostalgia through its classic\n    silhouette and utilitarian design details.</p>\n<p>- Casual unisex fit</p>\n\n<p>- 64% polyester, 36% polyurethane</p>\n\n<p>- Water column pressure: 4000 mm</p>\n\n<p>- Model is 187cm tall and wearing a size S / M</p>\n\n<p>- Unisex fit</p>\n\n<p>- Drawstring hood with built-in cap</p>\n\n<p>- Front placket with snap buttons</p>\n\n<p>- Ventilation under armpit</p>\n\n<p>- Adjustable cuffs</p>\n\n<p>- Double welted front pockets</p>\n\n<p>- Adjustable elastic string at hempen</p>\n\n<p>- Ultrasonically welded seams</p>\n\n<p>This is a unisex item, please check our clothing &amp; footwear sizing guide for specific Rains jacket sizing\n    information. RAINS comes from the rainy nation of Denmark at the edge of the European continent, close to the ocean\n    and with prevailing westerly winds; all factors that contribute to an average of 121 rain days each year. Arising\n    from these rainy weather conditions comes the attitude that a quick rain shower may be beautiful, as well as moody-\n    but first and foremost requires the right outfit. Rains focus on the whole experience of going outside on rainy\n    days, issuing an invitation to explore even in the most mercurial weather.</p>\n', 'published', '["products\\/23.jpg","products\\/23-1.jpg"]', 'HS-174-A0', 0, 14, 0, 1, 1, 3, 0, 0, 113, NULL, NULL, NULL, 10.00, 17.00, 16.00, 730.00, NULL, 154557, '2023-02-20 00:12:14', '2023-02-20 00:12:14', 'in_stock', 0, 'Botble\\ACL\\Models\\User', NULL, 'physical', NULL, NULL),
	(24, 'Gaming Keyboard', '<p>Short Hooded Coat features a straight body, large pockets with button flaps, ventilation air holes, and a string detail along the hemline.</p>\n<p><img src="https://farm66.staticflickr.com/65535/52425495655_3560b8094c_b.jpg" alt="icon" style="height:15px;">    1 Year AL Jazeera Brand Warranty</p>\n<p><img src="https://farm66.staticflickr.com/65535/52425560193_a352c8b12a_b.jpg" alt="icon" style="height:15px;">   30 Day Return Policy</p>\n<p><img src="https://farm66.staticflickr.com/65535/52425327619_16bbe35fbd_b.jpg" alt="icon" style="height:15px;"> Cash on Delivery available</p>\n', '<p>Short Hooded Coat features a straight body, large pockets with button flaps, ventilation air holes, and a string\n    detail along the hemline. The style is completed with a drawstring hood, featuring Rains’ signature built-in\n    cap. Made from waterproof, matte PU, this lightweight unisex rain jacket is an ode to nostalgia through its classic\n    silhouette and utilitarian design details.</p>\n<p>- Casual unisex fit</p>\n\n<p>- 64% polyester, 36% polyurethane</p>\n\n<p>- Water column pressure: 4000 mm</p>\n\n<p>- Model is 187cm tall and wearing a size S / M</p>\n\n<p>- Unisex fit</p>\n\n<p>- Drawstring hood with built-in cap</p>\n\n<p>- Front placket with snap buttons</p>\n\n<p>- Ventilation under armpit</p>\n\n<p>- Adjustable cuffs</p>\n\n<p>- Double welted front pockets</p>\n\n<p>- Adjustable elastic string at hempen</p>\n\n<p>- Ultrasonically welded seams</p>\n\n<p>This is a unisex item, please check our clothing &amp; footwear sizing guide for specific Rains jacket sizing\n    information. RAINS comes from the rainy nation of Denmark at the edge of the European continent, close to the ocean\n    and with prevailing westerly winds; all factors that contribute to an average of 121 rain days each year. Arising\n    from these rainy weather conditions comes the attitude that a quick rain shower may be beautiful, as well as moody-\n    but first and foremost requires the right outfit. Rains focus on the whole experience of going outside on rainy\n    days, issuing an invitation to explore even in the most mercurial weather.</p>\n', 'published', '["products\\/24.jpg","products\\/24-1.jpg"]', 'HS-106-A0', 0, 13, 0, 1, 1, 5, 0, 0, 129, 98.04, NULL, NULL, 16.00, 13.00, 16.00, 548.00, NULL, 100615, '2023-02-20 00:12:14', '2023-02-20 00:12:14', 'in_stock', 0, 'Botble\\ACL\\Models\\User', NULL, 'physical', NULL, NULL),
	(25, 'Smart Home Speaker (Digital)', NULL, NULL, 'published', '["products\\/1.jpg"]', 'HS-106-A0', 0, 13, 0, 1, 0, 1, 1, 0, 354, NULL, NULL, NULL, 14.00, 12.00, 20.00, 825.00, NULL, 0, '2023-02-20 00:12:14', '2023-02-20 00:12:14', 'in_stock', 0, 'Botble\\ACL\\Models\\User', NULL, 'digital', NULL, NULL),
	(26, 'Smart Home Speaker (Digital)', NULL, NULL, 'published', '["products\\/1-1.jpg"]', 'HS-106-A0-A1', 0, 13, 0, 1, 0, 1, 1, 0, 354, NULL, NULL, NULL, 14.00, 12.00, 20.00, 825.00, NULL, 0, '2023-02-20 00:12:14', '2023-02-20 00:12:14', 'in_stock', 0, 'Botble\\ACL\\Models\\User', NULL, 'digital', NULL, NULL),
	(27, 'Headphone Ultra Bass', NULL, NULL, 'published', '["products\\/2.jpg"]', 'HS-195-A0', 0, 18, 0, 1, 0, 7, 1, 0, 374, NULL, NULL, NULL, 16.00, 19.00, 18.00, 516.00, NULL, 0, '2023-02-20 00:12:14', '2023-02-20 00:12:14', 'in_stock', 0, 'Botble\\ACL\\Models\\User', NULL, 'physical', NULL, NULL),
	(28, 'Headphone Ultra Bass', NULL, NULL, 'published', '["products\\/2-1.jpg"]', 'HS-195-A0-A1', 0, 18, 0, 1, 0, 7, 1, 0, 374, NULL, NULL, NULL, 16.00, 19.00, 18.00, 516.00, NULL, 0, '2023-02-20 00:12:14', '2023-02-20 00:12:14', 'in_stock', 0, 'Botble\\ACL\\Models\\User', NULL, 'physical', NULL, NULL),
	(29, 'Headphone Ultra Bass', NULL, NULL, 'published', '["products\\/2-2.jpg"]', 'HS-195-A0-A2', 0, 18, 0, 1, 0, 7, 1, 0, 374, NULL, NULL, NULL, 16.00, 19.00, 18.00, 516.00, NULL, 0, '2023-02-20 00:12:14', '2023-02-20 00:12:14', 'in_stock', 0, 'Botble\\ACL\\Models\\User', NULL, 'physical', NULL, NULL),
	(30, 'Boxed - Bluetooth Headphone', NULL, NULL, 'published', '["products\\/3.jpg"]', 'HS-188-A0', 0, 17, 0, 1, 0, 7, 1, 0, 279, NULL, NULL, NULL, 20.00, 16.00, 18.00, 789.00, NULL, 0, '2023-02-20 00:12:14', '2023-02-20 00:12:14', 'in_stock', 0, 'Botble\\ACL\\Models\\User', NULL, 'physical', NULL, NULL),
	(31, 'Boxed - Bluetooth Headphone', NULL, NULL, 'published', '["products\\/3-1.jpg"]', 'HS-188-A0-A1', 0, 17, 0, 1, 0, 7, 1, 0, 279, NULL, NULL, NULL, 20.00, 16.00, 18.00, 789.00, NULL, 0, '2023-02-20 00:12:14', '2023-02-20 00:12:14', 'in_stock', 0, 'Botble\\ACL\\Models\\User', NULL, 'physical', NULL, NULL),
	(32, 'Boxed - Bluetooth Headphone', NULL, NULL, 'published', '["products\\/3-2.jpg"]', 'HS-188-A0-A2', 0, 17, 0, 1, 0, 7, 1, 0, 279, NULL, NULL, NULL, 20.00, 16.00, 18.00, 789.00, NULL, 0, '2023-02-20 00:12:14', '2023-02-20 00:12:14', 'in_stock', 0, 'Botble\\ACL\\Models\\User', NULL, 'physical', NULL, NULL),
	(33, 'Boxed - Bluetooth Headphone', NULL, NULL, 'published', '["products\\/3-3.jpg"]', 'HS-188-A0-A3', 0, 17, 0, 1, 0, 7, 1, 0, 279, NULL, NULL, NULL, 20.00, 16.00, 18.00, 789.00, NULL, 0, '2023-02-20 00:12:14', '2023-02-20 00:12:14', 'in_stock', 0, 'Botble\\ACL\\Models\\User', NULL, 'physical', NULL, NULL),
	(34, 'Chikie - Bluetooth Speaker', NULL, NULL, 'published', '["products\\/4.jpg"]', 'HS-113-A0', 0, 14, 0, 1, 0, 4, 1, 0, 76, 53.2, NULL, NULL, 17.00, 13.00, 20.00, 552.00, NULL, 0, '2023-02-20 00:12:14', '2023-02-20 00:12:14', 'in_stock', 0, 'Botble\\ACL\\Models\\User', NULL, 'physical', NULL, NULL),
	(35, 'Camera Hikvision HK-35VS8 (Digital)', NULL, NULL, 'published', '["products\\/5.jpg"]', 'HS-147-A0', 0, 18, 0, 1, 0, 7, 1, 0, 49, NULL, NULL, NULL, 20.00, 11.00, 19.00, 647.00, NULL, 0, '2023-02-20 00:12:14', '2023-02-20 00:12:14', 'in_stock', 0, 'Botble\\ACL\\Models\\User', NULL, 'digital', NULL, NULL),
	(36, 'Camera Hikvision HK-35VS8 (Digital)', NULL, NULL, 'published', '["products\\/5-1.jpg"]', 'HS-147-A0-A1', 0, 18, 0, 1, 0, 7, 1, 0, 49, NULL, NULL, NULL, 20.00, 11.00, 19.00, 647.00, NULL, 0, '2023-02-20 00:12:14', '2023-02-20 00:12:14', 'in_stock', 0, 'Botble\\ACL\\Models\\User', NULL, 'digital', NULL, NULL),
	(37, 'Camera Samsung SS-24', NULL, NULL, 'published', '["products\\/6.jpg"]', 'HS-139-A0', 0, 17, 0, 1, 0, 1, 1, 0, 50, NULL, NULL, NULL, 14.00, 16.00, 15.00, 583.00, NULL, 0, '2023-02-20 00:12:14', '2023-02-20 00:12:14', 'in_stock', 0, 'Botble\\ACL\\Models\\User', NULL, 'physical', NULL, NULL),
	(38, 'Camera Samsung SS-24', NULL, NULL, 'published', '["products\\/6-1.jpg"]', 'HS-139-A0-A1', 0, 17, 0, 1, 0, 1, 1, 0, 50, NULL, NULL, NULL, 14.00, 16.00, 15.00, 583.00, NULL, 0, '2023-02-20 00:12:14', '2023-02-20 00:12:14', 'in_stock', 0, 'Botble\\ACL\\Models\\User', NULL, 'physical', NULL, NULL),
	(39, 'Leather Watch Band', NULL, NULL, 'published', '["products\\/7.jpg"]', 'HS-178-A0', 0, 18, 0, 1, 0, 6, 1, 0, 126, NULL, NULL, NULL, 20.00, 11.00, 16.00, 729.00, NULL, 0, '2023-02-20 00:12:14', '2023-02-20 00:12:14', 'in_stock', 0, 'Botble\\ACL\\Models\\User', NULL, 'physical', NULL, NULL),
	(40, 'Leather Watch Band', NULL, NULL, 'published', '["products\\/7-1.jpg"]', 'HS-178-A0-A1', 0, 18, 0, 1, 0, 6, 1, 0, 126, NULL, NULL, NULL, 20.00, 11.00, 16.00, 729.00, NULL, 0, '2023-02-20 00:12:14', '2023-02-20 00:12:14', 'in_stock', 0, 'Botble\\ACL\\Models\\User', NULL, 'physical', NULL, NULL),
	(41, 'Apple iPhone 13 Plus', NULL, NULL, 'published', '["products\\/8.jpg"]', 'HS-198-A0', 0, 19, 0, 1, 0, 3, 1, 0, 127, 88.9, NULL, NULL, 20.00, 15.00, 20.00, 664.00, NULL, 0, '2023-02-20 00:12:14', '2023-02-20 00:12:14', 'in_stock', 0, 'Botble\\ACL\\Models\\User', NULL, 'physical', NULL, NULL),
	(42, 'Apple iPhone 13 Plus', NULL, NULL, 'published', '["products\\/8-1.jpg"]', 'HS-198-A0-A1', 0, 19, 0, 1, 0, 3, 1, 0, 127, 110.49, NULL, NULL, 20.00, 15.00, 20.00, 664.00, NULL, 0, '2023-02-20 00:12:14', '2023-02-20 00:12:14', 'in_stock', 0, 'Botble\\ACL\\Models\\User', NULL, 'physical', NULL, NULL),
	(43, 'Apple iPhone 13 Plus', NULL, NULL, 'published', '["products\\/8.jpg"]', 'HS-198-A0-A2', 0, 19, 0, 1, 0, 3, 1, 0, 127, 111.76, NULL, NULL, 20.00, 15.00, 20.00, 664.00, NULL, 0, '2023-02-20 00:12:14', '2023-02-20 00:12:14', 'in_stock', 0, 'Botble\\ACL\\Models\\User', NULL, 'physical', NULL, NULL),
	(44, 'Macbook Pro 2015 (Digital)', NULL, NULL, 'published', '["products\\/9.jpg"]', 'HS-172-A0', 0, 14, 0, 1, 0, 2, 1, 0, 110, NULL, NULL, NULL, 13.00, 17.00, 12.00, 674.00, NULL, 0, '2023-02-20 00:12:14', '2023-02-20 00:12:14', 'in_stock', 0, 'Botble\\ACL\\Models\\User', NULL, 'digital', NULL, NULL),
	(45, 'Macbook Air 12 inch', NULL, NULL, 'published', '["products\\/10.jpg"]', 'HS-163-A0', 0, 13, 0, 1, 0, 4, 1, 0, 384, NULL, NULL, NULL, 20.00, 19.00, 10.00, 741.00, NULL, 0, '2023-02-20 00:12:14', '2023-02-20 00:12:14', 'in_stock', 0, 'Botble\\ACL\\Models\\User', NULL, 'physical', NULL, NULL),
	(46, 'Macbook Air 12 inch', NULL, NULL, 'published', '["products\\/10-1.jpg"]', 'HS-163-A0-A1', 0, 13, 0, 1, 0, 4, 1, 0, 384, NULL, NULL, NULL, 20.00, 19.00, 10.00, 741.00, NULL, 0, '2023-02-20 00:12:14', '2023-02-20 00:12:14', 'in_stock', 0, 'Botble\\ACL\\Models\\User', NULL, 'physical', NULL, NULL),
	(47, 'Macbook Air 12 inch', NULL, NULL, 'published', '["products\\/10.jpg"]', 'HS-163-A0-A2', 0, 13, 0, 1, 0, 4, 1, 0, 384, NULL, NULL, NULL, 20.00, 19.00, 10.00, 741.00, NULL, 0, '2023-02-20 00:12:14', '2023-02-20 00:12:14', 'in_stock', 0, 'Botble\\ACL\\Models\\User', NULL, 'physical', NULL, NULL),
	(48, 'Apple Watch Serial 7', NULL, NULL, 'published', '["products\\/11.jpg"]', 'HS-161-A0', 0, 14, 0, 1, 0, 4, 1, 0, 115, NULL, NULL, NULL, 16.00, 16.00, 17.00, 859.00, NULL, 0, '2023-02-20 00:12:14', '2023-02-20 00:12:14', 'in_stock', 0, 'Botble\\ACL\\Models\\User', NULL, 'physical', NULL, NULL),
	(49, 'Apple Watch Serial 7', NULL, NULL, 'published', '["products\\/11-1.jpg"]', 'HS-161-A0-A1', 0, 14, 0, 1, 0, 4, 1, 0, 115, NULL, NULL, NULL, 16.00, 16.00, 17.00, 859.00, NULL, 0, '2023-02-20 00:12:14', '2023-02-20 00:12:14', 'in_stock', 0, 'Botble\\ACL\\Models\\User', NULL, 'physical', NULL, NULL),
	(50, 'Macbook Pro 13 inch', NULL, NULL, 'published', '["products\\/12.jpg"]', 'HS-162-A0', 0, 17, 0, 1, 0, 7, 1, 0, 120, 98.4, NULL, NULL, 16.00, 19.00, 13.00, 669.00, NULL, 0, '2023-02-20 00:12:14', '2023-02-20 00:12:14', 'in_stock', 0, 'Botble\\ACL\\Models\\User', NULL, 'physical', NULL, NULL),
	(51, 'Macbook Pro 13 inch', NULL, NULL, 'published', '["products\\/12-1.jpg"]', 'HS-162-A0-A1', 0, 17, 0, 1, 0, 7, 1, 0, 120, 92.4, NULL, NULL, 16.00, 19.00, 13.00, 669.00, NULL, 0, '2023-02-20 00:12:14', '2023-02-20 00:12:14', 'in_stock', 0, 'Botble\\ACL\\Models\\User', NULL, 'physical', NULL, NULL),
	(52, 'Macbook Pro 13 inch', NULL, NULL, 'published', '["products\\/12.jpg"]', 'HS-162-A0-A2', 0, 17, 0, 1, 0, 7, 1, 0, 120, 94.8, NULL, NULL, 16.00, 19.00, 13.00, 669.00, NULL, 0, '2023-02-20 00:12:14', '2023-02-20 00:12:14', 'in_stock', 0, 'Botble\\ACL\\Models\\User', NULL, 'physical', NULL, NULL),
	(53, 'Apple Keyboard (Digital)', NULL, NULL, 'published', '["products\\/13.jpg"]', 'HS-130-A0', 0, 11, 0, 1, 0, 2, 1, 0, 117, NULL, NULL, NULL, 15.00, 19.00, 12.00, 733.00, NULL, 0, '2023-02-20 00:12:14', '2023-02-20 00:12:14', 'in_stock', 0, 'Botble\\ACL\\Models\\User', NULL, 'digital', NULL, NULL),
	(54, 'Apple Keyboard (Digital)', NULL, NULL, 'published', '["products\\/13-1.jpg"]', 'HS-130-A0-A1', 0, 11, 0, 1, 0, 2, 1, 0, 117, NULL, NULL, NULL, 15.00, 19.00, 12.00, 733.00, NULL, 0, '2023-02-20 00:12:14', '2023-02-20 00:12:14', 'in_stock', 0, 'Botble\\ACL\\Models\\User', NULL, 'digital', NULL, NULL),
	(55, 'Apple Keyboard (Digital)', NULL, NULL, 'published', '["products\\/13.jpg"]', 'HS-130-A0-A2', 0, 11, 0, 1, 0, 2, 1, 0, 117, NULL, NULL, NULL, 15.00, 19.00, 12.00, 733.00, NULL, 0, '2023-02-20 00:12:14', '2023-02-20 00:12:14', 'in_stock', 0, 'Botble\\ACL\\Models\\User', NULL, 'digital', NULL, NULL),
	(56, 'Apple Keyboard (Digital)', NULL, NULL, 'published', '["products\\/13.jpg"]', 'HS-130-A0-A3', 0, 11, 0, 1, 0, 2, 1, 0, 117, NULL, NULL, NULL, 15.00, 19.00, 12.00, 733.00, NULL, 0, '2023-02-20 00:12:14', '2023-02-20 00:12:14', 'in_stock', 0, 'Botble\\ACL\\Models\\User', NULL, 'digital', NULL, NULL),
	(57, 'MacSafe 80W', NULL, NULL, 'published', '["products\\/14.jpg"]', 'HS-156-A0', 0, 15, 0, 1, 0, 5, 1, 0, 130, NULL, NULL, NULL, 15.00, 14.00, 19.00, 815.00, NULL, 0, '2023-02-20 00:12:14', '2023-02-20 00:12:14', 'in_stock', 0, 'Botble\\ACL\\Models\\User', NULL, 'physical', NULL, NULL),
	(58, 'MacSafe 80W', NULL, NULL, 'published', '["products\\/14-1.jpg"]', 'HS-156-A0-A1', 0, 15, 0, 1, 0, 5, 1, 0, 130, NULL, NULL, NULL, 15.00, 14.00, 19.00, 815.00, NULL, 0, '2023-02-20 00:12:14', '2023-02-20 00:12:14', 'in_stock', 0, 'Botble\\ACL\\Models\\User', NULL, 'physical', NULL, NULL),
	(59, 'MacSafe 80W', NULL, NULL, 'published', '["products\\/14.jpg"]', 'HS-156-A0-A2', 0, 15, 0, 1, 0, 5, 1, 0, 130, NULL, NULL, NULL, 15.00, 14.00, 19.00, 815.00, NULL, 0, '2023-02-20 00:12:14', '2023-02-20 00:12:14', 'in_stock', 0, 'Botble\\ACL\\Models\\User', NULL, 'physical', NULL, NULL),
	(60, 'Hand playstation', NULL, NULL, 'published', '["products\\/15.jpg"]', 'HS-168-A0', 0, 13, 0, 1, 0, 2, 1, 0, 111, NULL, NULL, NULL, 19.00, 12.00, 15.00, 698.00, NULL, 0, '2023-02-20 00:12:14', '2023-02-20 00:12:14', 'in_stock', 0, 'Botble\\ACL\\Models\\User', NULL, 'physical', NULL, NULL),
	(61, 'Hand playstation', NULL, NULL, 'published', '["products\\/15-1.jpg"]', 'HS-168-A0-A1', 0, 13, 0, 1, 0, 2, 1, 0, 111, NULL, NULL, NULL, 19.00, 12.00, 15.00, 698.00, NULL, 0, '2023-02-20 00:12:14', '2023-02-20 00:12:14', 'in_stock', 0, 'Botble\\ACL\\Models\\User', NULL, 'physical', NULL, NULL),
	(62, 'Hand playstation', NULL, NULL, 'published', '["products\\/15.jpg"]', 'HS-168-A0-A2', 0, 13, 0, 1, 0, 2, 1, 0, 111, NULL, NULL, NULL, 19.00, 12.00, 15.00, 698.00, NULL, 0, '2023-02-20 00:12:14', '2023-02-20 00:12:14', 'in_stock', 0, 'Botble\\ACL\\Models\\User', NULL, 'physical', NULL, NULL),
	(63, 'Hand playstation', NULL, NULL, 'published', '["products\\/15.jpg"]', 'HS-168-A0-A3', 0, 13, 0, 1, 0, 2, 1, 0, 111, NULL, NULL, NULL, 19.00, 12.00, 15.00, 698.00, NULL, 0, '2023-02-20 00:12:14', '2023-02-20 00:12:14', 'in_stock', 0, 'Botble\\ACL\\Models\\User', NULL, 'physical', NULL, NULL),
	(64, 'Apple Airpods Serial 3', NULL, NULL, 'published', '["products\\/16.jpg"]', 'HS-102-A0', 0, 13, 0, 1, 0, 4, 1, 0, 122, 90.28, NULL, NULL, 20.00, 16.00, 13.00, 736.00, NULL, 0, '2023-02-20 00:12:14', '2023-02-20 00:12:14', 'in_stock', 0, 'Botble\\ACL\\Models\\User', NULL, 'physical', NULL, NULL),
	(65, 'Apple Airpods Serial 3', NULL, NULL, 'published', '["products\\/16.jpg"]', 'HS-102-A0-A1', 0, 13, 0, 1, 0, 4, 1, 0, 122, 91.5, NULL, NULL, 20.00, 16.00, 13.00, 736.00, NULL, 0, '2023-02-20 00:12:14', '2023-02-20 00:12:14', 'in_stock', 0, 'Botble\\ACL\\Models\\User', NULL, 'physical', NULL, NULL),
	(66, 'Cool Smart Watches (Digital)', NULL, NULL, 'published', '["products\\/17.jpg"]', 'HS-131-A0', 0, 18, 0, 1, 0, 4, 1, 0, 115, NULL, NULL, NULL, 13.00, 18.00, 15.00, 841.00, NULL, 0, '2023-02-20 00:12:14', '2023-02-20 00:12:14', 'in_stock', 0, 'Botble\\ACL\\Models\\User', NULL, 'digital', NULL, NULL),
	(67, 'Cool Smart Watches (Digital)', NULL, NULL, 'published', '["products\\/17.jpg"]', 'HS-131-A0-A1', 0, 18, 0, 1, 0, 4, 1, 0, 115, NULL, NULL, NULL, 13.00, 18.00, 15.00, 841.00, NULL, 0, '2023-02-20 00:12:14', '2023-02-20 00:12:14', 'in_stock', 0, 'Botble\\ACL\\Models\\User', NULL, 'digital', NULL, NULL),
	(68, 'Cool Smart Watches (Digital)', NULL, NULL, 'published', '["products\\/17.jpg"]', 'HS-131-A0-A2', 0, 18, 0, 1, 0, 4, 1, 0, 115, NULL, NULL, NULL, 13.00, 18.00, 15.00, 841.00, NULL, 0, '2023-02-20 00:12:14', '2023-02-20 00:12:14', 'in_stock', 0, 'Botble\\ACL\\Models\\User', NULL, 'digital', NULL, NULL),
	(69, 'Cool Smart Watches (Digital)', NULL, NULL, 'published', '["products\\/17.jpg"]', 'HS-131-A0-A3', 0, 18, 0, 1, 0, 4, 1, 0, 115, NULL, NULL, NULL, 13.00, 18.00, 15.00, 841.00, NULL, 0, '2023-02-20 00:12:14', '2023-02-20 00:12:14', 'in_stock', 0, 'Botble\\ACL\\Models\\User', NULL, 'digital', NULL, NULL),
	(70, 'Cool Smart Watches (Digital)', NULL, NULL, 'published', '["products\\/17.jpg"]', 'HS-131-A0-A4', 0, 18, 0, 1, 0, 4, 1, 0, 115, NULL, NULL, NULL, 13.00, 18.00, 15.00, 841.00, NULL, 0, '2023-02-20 00:12:14', '2023-02-20 00:12:14', 'in_stock', 0, 'Botble\\ACL\\Models\\User', NULL, 'digital', NULL, NULL),
	(71, 'Black Smart Watches', NULL, NULL, 'published', '["products\\/18.jpg"]', 'HS-103-A0', 0, 15, 0, 1, 0, 3, 1, 0, 116, NULL, NULL, NULL, 15.00, 10.00, 11.00, 698.00, NULL, 0, '2023-02-20 00:12:14', '2023-02-20 00:12:14', 'in_stock', 0, 'Botble\\ACL\\Models\\User', NULL, 'physical', NULL, NULL),
	(72, 'Black Smart Watches', NULL, NULL, 'published', '["products\\/18-1.jpg"]', 'HS-103-A0-A1', 0, 15, 0, 1, 0, 3, 1, 0, 116, NULL, NULL, NULL, 15.00, 10.00, 11.00, 698.00, NULL, 0, '2023-02-20 00:12:14', '2023-02-20 00:12:14', 'in_stock', 0, 'Botble\\ACL\\Models\\User', NULL, 'physical', NULL, NULL),
	(73, 'Black Smart Watches', NULL, NULL, 'published', '["products\\/18-2.jpg"]', 'HS-103-A0-A2', 0, 15, 0, 1, 0, 3, 1, 0, 116, NULL, NULL, NULL, 15.00, 10.00, 11.00, 698.00, NULL, 0, '2023-02-20 00:12:14', '2023-02-20 00:12:14', 'in_stock', 0, 'Botble\\ACL\\Models\\User', NULL, 'physical', NULL, NULL),
	(74, 'Black Smart Watches', NULL, NULL, 'published', '["products\\/18.jpg"]', 'HS-103-A0-A3', 0, 15, 0, 1, 0, 3, 1, 0, 116, NULL, NULL, NULL, 15.00, 10.00, 11.00, 698.00, NULL, 0, '2023-02-20 00:12:14', '2023-02-20 00:12:14', 'in_stock', 0, 'Botble\\ACL\\Models\\User', NULL, 'physical', NULL, NULL),
	(75, 'Leather Watch Band Serial 3', NULL, NULL, 'published', '["products\\/19.jpg"]', 'HS-122-A0', 0, 17, 0, 1, 0, 1, 1, 0, 117, NULL, NULL, NULL, 19.00, 20.00, 12.00, 544.00, NULL, 0, '2023-02-20 00:12:14', '2023-02-20 00:12:14', 'in_stock', 0, 'Botble\\ACL\\Models\\User', NULL, 'physical', NULL, NULL),
	(76, 'Leather Watch Band Serial 3', NULL, NULL, 'published', '["products\\/19-1.jpg"]', 'HS-122-A0-A1', 0, 17, 0, 1, 0, 1, 1, 0, 117, NULL, NULL, NULL, 19.00, 20.00, 12.00, 544.00, NULL, 0, '2023-02-20 00:12:14', '2023-02-20 00:12:14', 'in_stock', 0, 'Botble\\ACL\\Models\\User', NULL, 'physical', NULL, NULL),
	(77, 'Leather Watch Band Serial 3', NULL, NULL, 'published', '["products\\/19.jpg"]', 'HS-122-A0-A2', 0, 17, 0, 1, 0, 1, 1, 0, 117, NULL, NULL, NULL, 19.00, 20.00, 12.00, 544.00, NULL, 0, '2023-02-20 00:12:14', '2023-02-20 00:12:14', 'in_stock', 0, 'Botble\\ACL\\Models\\User', NULL, 'physical', NULL, NULL),
	(78, 'Macbook Pro 2015 13 inch', NULL, NULL, 'published', '["products\\/20.jpg"]', 'HS-179-A0', 0, 11, 0, 1, 0, 6, 1, 0, 116, 89.32, NULL, NULL, 13.00, 19.00, 10.00, 879.00, NULL, 0, '2023-02-20 00:12:14', '2023-02-20 00:12:14', 'in_stock', 0, 'Botble\\ACL\\Models\\User', NULL, 'physical', NULL, NULL),
	(79, 'Macbook Pro 2015 13 inch', NULL, NULL, 'published', '["products\\/20-1.jpg"]', 'HS-179-A0-A1', 0, 11, 0, 1, 0, 6, 1, 0, 116, 103.24, NULL, NULL, 13.00, 19.00, 10.00, 879.00, NULL, 0, '2023-02-20 00:12:14', '2023-02-20 00:12:14', 'in_stock', 0, 'Botble\\ACL\\Models\\User', NULL, 'physical', NULL, NULL),
	(80, 'Macbook Pro 2015 13 inch', NULL, NULL, 'published', '["products\\/20.jpg"]', 'HS-179-A0-A2', 0, 11, 0, 1, 0, 6, 1, 0, 116, 83.52, NULL, NULL, 13.00, 19.00, 10.00, 879.00, NULL, 0, '2023-02-20 00:12:14', '2023-02-20 00:12:14', 'in_stock', 0, 'Botble\\ACL\\Models\\User', NULL, 'physical', NULL, NULL),
	(81, 'Historic Alarm Clock (Digital)', NULL, NULL, 'published', '["products\\/21.jpg"]', 'HS-138-A0', 0, 18, 0, 1, 0, 6, 1, 0, 115, NULL, NULL, NULL, 10.00, 20.00, 18.00, 756.00, NULL, 0, '2023-02-20 00:12:14', '2023-02-20 00:12:14', 'in_stock', 0, 'Botble\\ACL\\Models\\User', NULL, 'digital', NULL, NULL),
	(82, 'Historic Alarm Clock (Digital)', NULL, NULL, 'published', '["products\\/21-1.jpg"]', 'HS-138-A0-A1', 0, 18, 0, 1, 0, 6, 1, 0, 115, NULL, NULL, NULL, 10.00, 20.00, 18.00, 756.00, NULL, 0, '2023-02-20 00:12:14', '2023-02-20 00:12:14', 'in_stock', 0, 'Botble\\ACL\\Models\\User', NULL, 'digital', NULL, NULL),
	(83, 'Historic Alarm Clock (Digital)', NULL, NULL, 'published', '["products\\/21.jpg"]', 'HS-138-A0-A2', 0, 18, 0, 1, 0, 6, 1, 0, 115, NULL, NULL, NULL, 10.00, 20.00, 18.00, 756.00, NULL, 0, '2023-02-20 00:12:14', '2023-02-20 00:12:14', 'in_stock', 0, 'Botble\\ACL\\Models\\User', NULL, 'digital', NULL, NULL),
	(84, 'Black Glasses', NULL, NULL, 'published', '["products\\/22.jpg"]', 'HS-140-A0', 0, 11, 0, 1, 0, 3, 1, 0, 128, NULL, NULL, NULL, 14.00, 12.00, 16.00, 845.00, NULL, 0, '2023-02-20 00:12:14', '2023-02-20 00:12:14', 'in_stock', 0, 'Botble\\ACL\\Models\\User', NULL, 'physical', NULL, NULL),
	(85, 'Black Glasses', NULL, NULL, 'published', '["products\\/22-1.jpg"]', 'HS-140-A0-A1', 0, 11, 0, 1, 0, 3, 1, 0, 128, NULL, NULL, NULL, 14.00, 12.00, 16.00, 845.00, NULL, 0, '2023-02-20 00:12:14', '2023-02-20 00:12:14', 'in_stock', 0, 'Botble\\ACL\\Models\\User', NULL, 'physical', NULL, NULL),
	(86, 'Black Glasses', NULL, NULL, 'published', '["products\\/22.jpg"]', 'HS-140-A0-A2', 0, 11, 0, 1, 0, 3, 1, 0, 128, NULL, NULL, NULL, 14.00, 12.00, 16.00, 845.00, NULL, 0, '2023-02-20 00:12:14', '2023-02-20 00:12:14', 'in_stock', 0, 'Botble\\ACL\\Models\\User', NULL, 'physical', NULL, NULL),
	(87, 'Phillips Mouse', NULL, NULL, 'published', '["products\\/23.jpg"]', 'HS-174-A0', 0, 14, 0, 1, 0, 3, 1, 0, 113, NULL, NULL, NULL, 10.00, 17.00, 16.00, 730.00, NULL, 0, '2023-02-20 00:12:14', '2023-02-20 00:12:14', 'in_stock', 0, 'Botble\\ACL\\Models\\User', NULL, 'physical', NULL, NULL),
	(88, 'Phillips Mouse', NULL, NULL, 'published', '["products\\/23-1.jpg"]', 'HS-174-A0-A1', 0, 14, 0, 1, 0, 3, 1, 0, 113, NULL, NULL, NULL, 10.00, 17.00, 16.00, 730.00, NULL, 0, '2023-02-20 00:12:14', '2023-02-20 00:12:14', 'in_stock', 0, 'Botble\\ACL\\Models\\User', NULL, 'physical', NULL, NULL),
	(89, 'Phillips Mouse', NULL, NULL, 'published', '["products\\/23.jpg"]', 'HS-174-A0-A2', 0, 14, 0, 1, 0, 3, 1, 0, 113, NULL, NULL, NULL, 10.00, 17.00, 16.00, 730.00, NULL, 0, '2023-02-20 00:12:14', '2023-02-20 00:12:14', 'in_stock', 0, 'Botble\\ACL\\Models\\User', NULL, 'physical', NULL, NULL),
	(90, 'Phillips Mouse', NULL, NULL, 'published', '["products\\/23.jpg"]', 'HS-174-A0-A3', 0, 14, 0, 1, 0, 3, 1, 0, 113, NULL, NULL, NULL, 10.00, 17.00, 16.00, 730.00, NULL, 0, '2023-02-20 00:12:14', '2023-02-20 00:12:14', 'in_stock', 0, 'Botble\\ACL\\Models\\User', NULL, 'physical', NULL, NULL),
	(91, 'Phillips Mouse', NULL, NULL, 'published', '["products\\/23.jpg"]', 'HS-174-A0-A4', 0, 14, 0, 1, 0, 3, 1, 0, 113, NULL, NULL, NULL, 10.00, 17.00, 16.00, 730.00, NULL, 0, '2023-02-20 00:12:14', '2023-02-20 00:12:14', 'in_stock', 0, 'Botble\\ACL\\Models\\User', NULL, 'physical', NULL, NULL),
	(92, 'Gaming Keyboard', NULL, NULL, 'published', '["products\\/24.jpg"]', 'HS-106-A0', 0, 13, 0, 1, 0, 5, 1, 0, 129, 98.04, NULL, NULL, 16.00, 13.00, 16.00, 548.00, NULL, 0, '2023-02-20 00:12:14', '2023-02-20 00:12:14', 'in_stock', 0, 'Botble\\ACL\\Models\\User', NULL, 'physical', NULL, NULL);

-- Dumping structure for table wowy.ec_products_translations
CREATE TABLE IF NOT EXISTS `ec_products_translations` (
  `lang_code` varchar(191) CHARACTER SET utf8mb4 COLLATE utf8mb4_unicode_ci NOT NULL,
  `ec_products_id` int NOT NULL,
  `name` varchar(191) CHARACTER SET utf8mb4 COLLATE utf8mb4_unicode_ci DEFAULT NULL,
  `description` text CHARACTER SET utf8mb4 COLLATE utf8mb4_unicode_ci,
  `content` text CHARACTER SET utf8mb4 COLLATE utf8mb4_unicode_ci,
  PRIMARY KEY (`lang_code`,`ec_products_id`)
) ENGINE=InnoDB DEFAULT CHARSET=utf8mb4 COLLATE=utf8mb4_unicode_ci;

-- Dumping data for table wowy.ec_products_translations: ~92 rows (approximately)
INSERT INTO `ec_products_translations` (`lang_code`, `ec_products_id`, `name`, `description`, `content`) VALUES
	('vi', 1, 'Loa thông minh', NULL, NULL),
	('vi', 2, 'Tai nghe Ultra Bass', NULL, NULL),
	('vi', 3, 'Tai nghe Bluetooth', NULL, NULL),
	('vi', 4, 'Chikie - Loa Bluetooth', NULL, NULL),
	('vi', 5, 'Camera Hikvision HK-35VS8', NULL, NULL),
	('vi', 6, 'Camera Samsung SS-24', NULL, NULL),
	('vi', 7, 'Dây đeo đồng hồ da', NULL, NULL),
	('vi', 8, 'Điện thoại Apple iPhone 13 Plus', NULL, NULL),
	('vi', 9, 'Máy tính Macbook Pro 2015', NULL, NULL),
	('vi', 10, 'Máy tính Macbook Air 12 inch', NULL, NULL),
	('vi', 11, 'Đồng hồ Apple Serial 7', NULL, NULL),
	('vi', 12, 'Máy tính Macbook Pro 13 inch', NULL, NULL),
	('vi', 13, 'Bàn phím Apple', NULL, NULL),
	('vi', 14, 'Cục sạc MacSafe 80W', NULL, NULL),
	('vi', 15, 'Tay cầm chơi game', NULL, NULL),
	('vi', 16, 'Apple Airpods Serial 3', NULL, NULL),
	('vi', 17, 'Cool Smart Watches', NULL, NULL),
	('vi', 18, 'Black Smart Watches', NULL, NULL),
	('vi', 19, 'Leather Watch Band Serial 3', NULL, NULL),
	('vi', 20, 'Macbook Pro 2015 13 inch', NULL, NULL),
	('vi', 21, 'Đồng hồ báo thức cổ điển', NULL, NULL),
	('vi', 22, 'Kính đen cool ngầu', NULL, NULL),
	('vi', 23, 'Chuột máy tính Phillips', NULL, NULL),
	('vi', 24, 'Bàn phím chơi game', NULL, NULL),
	('vi', 25, 'Loa thông minh', NULL, NULL),
	('vi', 26, 'Loa thông minh', NULL, NULL),
	('vi', 27, 'Tai nghe Ultra Bass', NULL, NULL),
	('vi', 28, 'Tai nghe Ultra Bass', NULL, NULL),
	('vi', 29, 'Tai nghe Ultra Bass', NULL, NULL),
	('vi', 30, 'Tai nghe Bluetooth', NULL, NULL),
	('vi', 31, 'Tai nghe Bluetooth', NULL, NULL),
	('vi', 32, 'Tai nghe Bluetooth', NULL, NULL),
	('vi', 33, 'Tai nghe Bluetooth', NULL, NULL),
	('vi', 34, 'Chikie - Loa Bluetooth', NULL, NULL),
	('vi', 35, 'Camera Hikvision HK-35VS8', NULL, NULL),
	('vi', 36, 'Camera Hikvision HK-35VS8', NULL, NULL),
	('vi', 37, 'Camera Samsung SS-24', NULL, NULL),
	('vi', 38, 'Camera Samsung SS-24', NULL, NULL),
	('vi', 39, 'Dây đeo đồng hồ da', NULL, NULL),
	('vi', 40, 'Dây đeo đồng hồ da', NULL, NULL),
	('vi', 41, 'Điện thoại Apple iPhone 13 Plus', NULL, NULL),
	('vi', 42, 'Điện thoại Apple iPhone 13 Plus', NULL, NULL),
	('vi', 43, 'Điện thoại Apple iPhone 13 Plus', NULL, NULL),
	('vi', 44, 'Máy tính Macbook Pro 2015', NULL, NULL),
	('vi', 45, 'Máy tính Macbook Air 12 inch', NULL, NULL),
	('vi', 46, 'Máy tính Macbook Air 12 inch', NULL, NULL),
	('vi', 47, 'Máy tính Macbook Air 12 inch', NULL, NULL),
	('vi', 48, 'Đồng hồ Apple Serial 7', NULL, NULL),
	('vi', 49, 'Đồng hồ Apple Serial 7', NULL, NULL),
	('vi', 50, 'Máy tính Macbook Pro 13 inch', NULL, NULL),
	('vi', 51, 'Máy tính Macbook Pro 13 inch', NULL, NULL),
	('vi', 52, 'Máy tính Macbook Pro 13 inch', NULL, NULL),
	('vi', 53, 'Bàn phím Apple', NULL, NULL),
	('vi', 54, 'Bàn phím Apple', NULL, NULL),
	('vi', 55, 'Bàn phím Apple', NULL, NULL),
	('vi', 56, 'Bàn phím Apple', NULL, NULL),
	('vi', 57, 'Cục sạc MacSafe 80W', NULL, NULL),
	('vi', 58, 'Cục sạc MacSafe 80W', NULL, NULL),
	('vi', 59, 'Cục sạc MacSafe 80W', NULL, NULL),
	('vi', 60, 'Tay cầm chơi game', NULL, NULL),
	('vi', 61, 'Tay cầm chơi game', NULL, NULL),
	('vi', 62, 'Tay cầm chơi game', NULL, NULL),
	('vi', 63, 'Tay cầm chơi game', NULL, NULL),
	('vi', 64, 'Apple Airpods Serial 3', NULL, NULL),
	('vi', 65, 'Apple Airpods Serial 3', NULL, NULL),
	('vi', 66, 'Cool Smart Watches', NULL, NULL),
	('vi', 67, 'Cool Smart Watches', NULL, NULL),
	('vi', 68, 'Cool Smart Watches', NULL, NULL),
	('vi', 69, 'Cool Smart Watches', NULL, NULL),
	('vi', 70, 'Cool Smart Watches', NULL, NULL),
	('vi', 71, 'Black Smart Watches', NULL, NULL),
	('vi', 72, 'Black Smart Watches', NULL, NULL),
	('vi', 73, 'Black Smart Watches', NULL, NULL),
	('vi', 74, 'Black Smart Watches', NULL, NULL),
	('vi', 75, 'Leather Watch Band Serial 3', NULL, NULL),
	('vi', 76, 'Leather Watch Band Serial 3', NULL, NULL),
	('vi', 77, 'Leather Watch Band Serial 3', NULL, NULL),
	('vi', 78, 'Macbook Pro 2015 13 inch', NULL, NULL),
	('vi', 79, 'Macbook Pro 2015 13 inch', NULL, NULL),
	('vi', 80, 'Macbook Pro 2015 13 inch', NULL, NULL),
	('vi', 81, 'Đồng hồ báo thức cổ điển', NULL, NULL),
	('vi', 82, 'Đồng hồ báo thức cổ điển', NULL, NULL),
	('vi', 83, 'Đồng hồ báo thức cổ điển', NULL, NULL),
	('vi', 84, 'Kính đen cool ngầu', NULL, NULL),
	('vi', 85, 'Kính đen cool ngầu', NULL, NULL),
	('vi', 86, 'Kính đen cool ngầu', NULL, NULL),
	('vi', 87, 'Chuột máy tính Phillips', NULL, NULL),
	('vi', 88, 'Chuột máy tính Phillips', NULL, NULL),
	('vi', 89, 'Chuột máy tính Phillips', NULL, NULL),
	('vi', 90, 'Chuột máy tính Phillips', NULL, NULL),
	('vi', 91, 'Chuột máy tính Phillips', NULL, NULL),
	('vi', 92, 'Bàn phím chơi game', NULL, NULL);

-- Dumping structure for table wowy.ec_product_attributes
CREATE TABLE IF NOT EXISTS `ec_product_attributes` (
  `id` bigint unsigned NOT NULL AUTO_INCREMENT,
  `attribute_set_id` int unsigned NOT NULL,
  `title` varchar(120) CHARACTER SET utf8mb4 COLLATE utf8mb4_unicode_ci NOT NULL,
  `slug` varchar(120) CHARACTER SET utf8mb4 COLLATE utf8mb4_unicode_ci DEFAULT NULL,
  `color` varchar(50) CHARACTER SET utf8mb4 COLLATE utf8mb4_unicode_ci DEFAULT NULL,
  `image` varchar(191) CHARACTER SET utf8mb4 COLLATE utf8mb4_unicode_ci DEFAULT NULL,
  `is_default` tinyint unsigned NOT NULL DEFAULT '0',
  `order` tinyint unsigned NOT NULL DEFAULT '0',
  `status` varchar(60) CHARACTER SET utf8mb4 COLLATE utf8mb4_unicode_ci NOT NULL DEFAULT 'published',
  `created_at` timestamp NULL DEFAULT NULL,
  `updated_at` timestamp NULL DEFAULT NULL,
  PRIMARY KEY (`id`),
  KEY `ec_product_attributes_attribute_set_id_status_index` (`attribute_set_id`,`status`)
) ENGINE=InnoDB AUTO_INCREMENT=11 DEFAULT CHARSET=utf8mb4 COLLATE=utf8mb4_unicode_ci;

-- Dumping data for table wowy.ec_product_attributes: ~10 rows (approximately)
INSERT INTO `ec_product_attributes` (`id`, `attribute_set_id`, `title`, `slug`, `color`, `image`, `is_default`, `order`, `status`, `created_at`, `updated_at`) VALUES
	(1, 1, 'Green', 'green', '#5FB7D4', NULL, 1, 1, 'published', '2023-02-20 00:12:09', '2023-02-20 00:12:09'),
	(2, 1, 'Blue', 'blue', '#333333', NULL, 0, 2, 'published', '2023-02-20 00:12:09', '2023-02-20 00:12:09'),
	(3, 1, 'Red', 'red', '#DA323F', NULL, 0, 3, 'published', '2023-02-20 00:12:09', '2023-02-20 00:12:09'),
	(4, 1, 'Black', 'back', '#2F366C', NULL, 0, 4, 'published', '2023-02-20 00:12:09', '2023-02-20 00:12:09'),
	(5, 1, 'Brown', 'brown', '#87554B', NULL, 0, 5, 'published', '2023-02-20 00:12:09', '2023-02-20 00:12:09'),
	(6, 2, 'S', 's', NULL, NULL, 1, 1, 'published', '2023-02-20 00:12:09', '2023-02-20 00:12:09'),
	(7, 2, 'M', 'm', NULL, NULL, 0, 2, 'published', '2023-02-20 00:12:09', '2023-02-20 00:12:09'),
	(8, 2, 'L', 'l', NULL, NULL, 0, 3, 'published', '2023-02-20 00:12:09', '2023-02-20 00:12:09'),
	(9, 2, 'XL', 'xl', NULL, NULL, 0, 4, 'published', '2023-02-20 00:12:09', '2023-02-20 00:12:09'),
	(10, 2, 'XXL', 'xxl', NULL, NULL, 0, 5, 'published', '2023-02-20 00:12:09', '2023-02-20 00:12:09');

-- Dumping structure for table wowy.ec_product_attributes_translations
CREATE TABLE IF NOT EXISTS `ec_product_attributes_translations` (
  `lang_code` varchar(191) CHARACTER SET utf8mb4 COLLATE utf8mb4_unicode_ci NOT NULL,
  `ec_product_attributes_id` int NOT NULL,
  `title` varchar(191) CHARACTER SET utf8mb4 COLLATE utf8mb4_unicode_ci DEFAULT NULL,
  PRIMARY KEY (`lang_code`,`ec_product_attributes_id`)
) ENGINE=InnoDB DEFAULT CHARSET=utf8mb4 COLLATE=utf8mb4_unicode_ci;

-- Dumping data for table wowy.ec_product_attributes_translations: ~10 rows (approximately)
INSERT INTO `ec_product_attributes_translations` (`lang_code`, `ec_product_attributes_id`, `title`) VALUES
	('vi', 1, 'Xanh lá cây'),
	('vi', 2, 'Xanh da trời'),
	('vi', 3, 'Đỏ'),
	('vi', 4, 'Đen'),
	('vi', 5, 'Nâu'),
	('vi', 6, 'S'),
	('vi', 7, 'M'),
	('vi', 8, 'L'),
	('vi', 9, 'XL'),
	('vi', 10, 'XXL');

-- Dumping structure for table wowy.ec_product_attribute_sets
CREATE TABLE IF NOT EXISTS `ec_product_attribute_sets` (
  `id` bigint unsigned NOT NULL AUTO_INCREMENT,
  `title` varchar(120) CHARACTER SET utf8mb4 COLLATE utf8mb4_unicode_ci NOT NULL,
  `slug` varchar(120) CHARACTER SET utf8mb4 COLLATE utf8mb4_unicode_ci DEFAULT NULL,
  `display_layout` varchar(191) CHARACTER SET utf8mb4 COLLATE utf8mb4_unicode_ci NOT NULL DEFAULT 'swatch_dropdown',
  `is_searchable` tinyint unsigned NOT NULL DEFAULT '1',
  `is_comparable` tinyint unsigned NOT NULL DEFAULT '1',
  `is_use_in_product_listing` tinyint unsigned NOT NULL DEFAULT '0',
  `status` varchar(60) CHARACTER SET utf8mb4 COLLATE utf8mb4_unicode_ci NOT NULL DEFAULT 'published',
  `order` tinyint unsigned NOT NULL DEFAULT '0',
  `created_at` timestamp NULL DEFAULT NULL,
  `updated_at` timestamp NULL DEFAULT NULL,
  `use_image_from_product_variation` tinyint unsigned NOT NULL DEFAULT '0',
  PRIMARY KEY (`id`)
) ENGINE=InnoDB AUTO_INCREMENT=3 DEFAULT CHARSET=utf8mb4 COLLATE=utf8mb4_unicode_ci;

-- Dumping data for table wowy.ec_product_attribute_sets: ~2 rows (approximately)
INSERT INTO `ec_product_attribute_sets` (`id`, `title`, `slug`, `display_layout`, `is_searchable`, `is_comparable`, `is_use_in_product_listing`, `status`, `order`, `created_at`, `updated_at`, `use_image_from_product_variation`) VALUES
	(1, 'Color', 'color', 'visual', 1, 1, 1, 'published', 0, '2023-02-20 00:12:09', '2023-02-20 00:12:09', 0),
	(2, 'Size', 'size', 'text', 1, 1, 1, 'published', 1, '2023-02-20 00:12:09', '2023-02-20 00:12:09', 0);

-- Dumping structure for table wowy.ec_product_attribute_sets_translations
CREATE TABLE IF NOT EXISTS `ec_product_attribute_sets_translations` (
  `lang_code` varchar(191) CHARACTER SET utf8mb4 COLLATE utf8mb4_unicode_ci NOT NULL,
  `ec_product_attribute_sets_id` int NOT NULL,
  `title` varchar(191) CHARACTER SET utf8mb4 COLLATE utf8mb4_unicode_ci DEFAULT NULL,
  PRIMARY KEY (`lang_code`,`ec_product_attribute_sets_id`)
) ENGINE=InnoDB DEFAULT CHARSET=utf8mb4 COLLATE=utf8mb4_unicode_ci;

-- Dumping data for table wowy.ec_product_attribute_sets_translations: ~2 rows (approximately)
INSERT INTO `ec_product_attribute_sets_translations` (`lang_code`, `ec_product_attribute_sets_id`, `title`) VALUES
	('vi', 1, 'Màu sắc'),
	('vi', 2, 'Kích thước');

-- Dumping structure for table wowy.ec_product_categories
CREATE TABLE IF NOT EXISTS `ec_product_categories` (
  `id` bigint unsigned NOT NULL AUTO_INCREMENT,
  `name` varchar(191) CHARACTER SET utf8mb4 COLLATE utf8mb4_unicode_ci NOT NULL,
  `parent_id` int unsigned NOT NULL DEFAULT '0',
  `description` mediumtext CHARACTER SET utf8mb4 COLLATE utf8mb4_unicode_ci,
  `status` varchar(60) CHARACTER SET utf8mb4 COLLATE utf8mb4_unicode_ci NOT NULL DEFAULT 'published',
  `order` int unsigned NOT NULL DEFAULT '0',
  `image` varchar(255) CHARACTER SET utf8mb4 COLLATE utf8mb4_unicode_ci DEFAULT NULL,
  `is_featured` tinyint unsigned NOT NULL DEFAULT '0',
  `created_at` timestamp NULL DEFAULT NULL,
  `updated_at` timestamp NULL DEFAULT NULL,
  PRIMARY KEY (`id`),
  KEY `ec_product_categories_parent_id_status_created_at_index` (`parent_id`,`status`,`created_at`),
  KEY `ec_product_categories_parent_id_status_index` (`parent_id`,`status`)
) ENGINE=InnoDB AUTO_INCREMENT=31 DEFAULT CHARSET=utf8mb4 COLLATE=utf8mb4_unicode_ci;

-- Dumping data for table wowy.ec_product_categories: ~30 rows (approximately)
INSERT INTO `ec_product_categories` (`id`, `name`, `parent_id`, `description`, `status`, `order`, `image`, `is_featured`, `created_at`, `updated_at`) VALUES
	(1, 'Hot Promotions', 0, NULL, 'published', 0, NULL, 0, '2023-02-20 00:12:08', '2023-02-20 00:12:08'),
	(2, 'Electronics', 0, NULL, 'published', 1, 'product-categories/1.jpg', 1, '2023-02-20 00:12:08', '2023-02-20 00:12:08'),
	(3, 'Home Audio & Theaters', 2, NULL, 'published', 0, NULL, 0, '2023-02-20 00:12:08', '2023-02-20 00:12:08'),
	(4, 'TV & Videos', 2, NULL, 'published', 1, NULL, 0, '2023-02-20 00:12:08', '2023-02-20 00:12:08'),
	(5, 'Camera, Photos & Videos', 2, NULL, 'published', 2, NULL, 0, '2023-02-20 00:12:08', '2023-02-20 00:12:08'),
	(6, 'Cellphones & Accessories', 2, NULL, 'published', 3, NULL, 0, '2023-02-20 00:12:08', '2023-02-20 00:12:08'),
	(7, 'Headphones', 2, NULL, 'published', 4, NULL, 0, '2023-02-20 00:12:08', '2023-02-20 00:12:08'),
	(8, 'Videos games', 2, NULL, 'published', 5, NULL, 0, '2023-02-20 00:12:08', '2023-02-20 00:12:08'),
	(9, 'Wireless Speakers', 2, NULL, 'published', 6, NULL, 0, '2023-02-20 00:12:08', '2023-02-20 00:12:08'),
	(10, 'Office Electronic', 2, NULL, 'published', 7, NULL, 0, '2023-02-20 00:12:08', '2023-02-20 00:12:08'),
	(11, 'Clothing', 0, NULL, 'published', 2, 'product-categories/2.jpg', 1, '2023-02-20 00:12:08', '2023-02-20 00:12:08'),
	(12, 'Computers', 0, NULL, 'published', 3, 'product-categories/3.jpg', 1, '2023-02-20 00:12:08', '2023-02-20 00:12:08'),
	(13, 'Computer & Tablets', 12, NULL, 'published', 0, NULL, 0, '2023-02-20 00:12:08', '2023-02-20 00:12:08'),
	(14, 'Laptop', 12, NULL, 'published', 1, NULL, 0, '2023-02-20 00:12:08', '2023-02-20 00:12:08'),
	(15, 'Monitors', 12, NULL, 'published', 2, NULL, 0, '2023-02-20 00:12:08', '2023-02-20 00:12:08'),
	(16, 'Computer Components', 12, NULL, 'published', 3, NULL, 0, '2023-02-20 00:12:08', '2023-02-20 00:12:08'),
	(17, 'Home & Kitchen', 0, NULL, 'published', 4, 'product-categories/4.jpg', 1, '2023-02-20 00:12:08', '2023-02-20 00:12:08'),
	(18, 'Health & Beauty', 0, NULL, 'published', 5, 'product-categories/5.jpg', 1, '2023-02-20 00:12:08', '2023-02-20 00:12:08'),
	(19, 'Jewelry & Watch', 0, NULL, 'published', 6, 'product-categories/6.jpg', 1, '2023-02-20 00:12:08', '2023-02-20 00:12:08'),
	(20, 'Technology Toys', 0, NULL, 'published', 7, 'product-categories/7.jpg', 1, '2023-02-20 00:12:08', '2023-02-20 00:12:08'),
	(21, 'Drive & Storages', 20, NULL, 'published', 0, NULL, 0, '2023-02-20 00:12:08', '2023-02-20 00:12:08'),
	(22, 'Gaming Laptop', 20, NULL, 'published', 1, NULL, 0, '2023-02-20 00:12:08', '2023-02-20 00:12:08'),
	(23, 'Security & Protection', 20, NULL, 'published', 2, NULL, 0, '2023-02-20 00:12:08', '2023-02-20 00:12:08'),
	(24, 'Accessories', 20, NULL, 'published', 3, NULL, 0, '2023-02-20 00:12:08', '2023-02-20 00:12:08'),
	(25, 'Phones', 0, NULL, 'published', 8, 'product-categories/8.jpg', 1, '2023-02-20 00:12:08', '2023-02-20 00:12:08'),
	(26, 'Babies & Moms', 0, NULL, 'published', 9, NULL, 0, '2023-02-20 00:12:08', '2023-02-20 00:12:08'),
	(27, 'Sport & Outdoor', 0, NULL, 'published', 10, NULL, 0, '2023-02-20 00:12:08', '2023-02-20 00:12:08'),
	(28, 'Books & Office', 0, NULL, 'published', 11, NULL, 0, '2023-02-20 00:12:08', '2023-02-20 00:12:08'),
	(29, 'Cars & Motorcycles', 0, NULL, 'published', 12, NULL, 0, '2023-02-20 00:12:08', '2023-02-20 00:12:08'),
	(30, 'Home Improvements', 0, NULL, 'published', 13, NULL, 0, '2023-02-20 00:12:08', '2023-02-20 00:12:08');

-- Dumping structure for table wowy.ec_product_categories_translations
CREATE TABLE IF NOT EXISTS `ec_product_categories_translations` (
  `lang_code` varchar(191) CHARACTER SET utf8mb4 COLLATE utf8mb4_unicode_ci NOT NULL,
  `ec_product_categories_id` int NOT NULL,
  `name` varchar(191) CHARACTER SET utf8mb4 COLLATE utf8mb4_unicode_ci DEFAULT NULL,
  `description` text CHARACTER SET utf8mb4 COLLATE utf8mb4_unicode_ci,
  PRIMARY KEY (`lang_code`,`ec_product_categories_id`)
) ENGINE=InnoDB DEFAULT CHARSET=utf8mb4 COLLATE=utf8mb4_unicode_ci;

-- Dumping data for table wowy.ec_product_categories_translations: ~30 rows (approximately)
INSERT INTO `ec_product_categories_translations` (`lang_code`, `ec_product_categories_id`, `name`, `description`) VALUES
	('vi', 1, 'Khuyến mãi nổi bật', NULL),
	('vi', 2, 'Điện tử', NULL),
	('vi', 3, 'Âm thanh và hình ảnh', NULL),
	('vi', 4, 'TV & Videos', NULL),
	('vi', 5, 'Máy ảnh, Ảnh & Videos', NULL),
	('vi', 6, 'Điện thoại & Phụ kiện', NULL),
	('vi', 7, 'Tai nghe', NULL),
	('vi', 8, 'Trò chơi', NULL),
	('vi', 9, 'Tai nghe không dây', NULL),
	('vi', 10, 'Điện tử văn phòng', NULL),
	('vi', 11, 'Quần áo', NULL),
	('vi', 12, 'Máy tính', NULL),
	('vi', 13, 'Máy tính và máy tính bảng', NULL),
	('vi', 14, 'Máy vi tính', NULL),
	('vi', 15, 'Màn hình', NULL),
	('vi', 16, 'Thiết bị máy tính', NULL),
	('vi', 17, 'Đồ dùng nhà bếp', NULL),
	('vi', 18, 'Sức khỏe & làm đẹp', NULL),
	('vi', 19, 'Đồng hồ & trang sức', NULL),
	('vi', 20, 'Đồ chơi công nghệ', NULL),
	('vi', 21, 'Thiết bị lưu trữ', NULL),
	('vi', 22, 'Máy tính chơi game', NULL),
	('vi', 23, 'Bảo mật', NULL),
	('vi', 24, 'Phụ kiện', NULL),
	('vi', 25, 'Điện thoại', NULL),
	('vi', 26, 'Mẹ và bé', NULL),
	('vi', 27, 'Thể thao & ngoài trời', NULL),
	('vi', 28, 'Sách & Văn phòng', NULL),
	('vi', 29, 'Ôto & Xe máy', NULL),
	('vi', 30, 'Thiết bị gia đình', NULL);

-- Dumping structure for table wowy.ec_product_category_product
CREATE TABLE IF NOT EXISTS `ec_product_category_product` (
  `id` bigint unsigned NOT NULL AUTO_INCREMENT,
  `category_id` int unsigned NOT NULL,
  `product_id` int unsigned NOT NULL,
  PRIMARY KEY (`id`),
  KEY `ec_product_category_product_category_id_index` (`category_id`),
  KEY `ec_product_category_product_product_id_index` (`product_id`)
) ENGINE=InnoDB AUTO_INCREMENT=25 DEFAULT CHARSET=utf8mb4 COLLATE=utf8mb4_unicode_ci;

-- Dumping data for table wowy.ec_product_category_product: ~24 rows (approximately)
INSERT INTO `ec_product_category_product` (`id`, `category_id`, `product_id`) VALUES
	(1, 23, 1),
	(2, 22, 2),
	(3, 6, 3),
	(4, 36, 4),
	(5, 13, 5),
	(6, 33, 6),
	(7, 14, 7),
	(8, 19, 8),
	(9, 9, 9),
	(10, 2, 10),
	(11, 26, 11),
	(12, 28, 12),
	(13, 32, 13),
	(14, 12, 14),
	(15, 12, 15),
	(16, 12, 16),
	(17, 9, 17),
	(18, 14, 18),
	(19, 34, 19),
	(20, 33, 20),
	(21, 21, 21),
	(22, 12, 22),
	(23, 2, 23),
	(24, 24, 24);

-- Dumping structure for table wowy.ec_product_collections
CREATE TABLE IF NOT EXISTS `ec_product_collections` (
  `id` bigint unsigned NOT NULL AUTO_INCREMENT,
  `name` varchar(191) CHARACTER SET utf8mb4 COLLATE utf8mb4_unicode_ci NOT NULL,
  `slug` varchar(191) CHARACTER SET utf8mb4 COLLATE utf8mb4_unicode_ci NOT NULL,
  `description` varchar(400) CHARACTER SET utf8mb4 COLLATE utf8mb4_unicode_ci DEFAULT NULL,
  `image` varchar(255) CHARACTER SET utf8mb4 COLLATE utf8mb4_unicode_ci DEFAULT NULL,
  `status` varchar(60) CHARACTER SET utf8mb4 COLLATE utf8mb4_unicode_ci NOT NULL DEFAULT 'published',
  `created_at` timestamp NULL DEFAULT NULL,
  `updated_at` timestamp NULL DEFAULT NULL,
  `is_featured` tinyint unsigned NOT NULL DEFAULT '0',
  PRIMARY KEY (`id`)
) ENGINE=InnoDB AUTO_INCREMENT=4 DEFAULT CHARSET=utf8mb4 COLLATE=utf8mb4_unicode_ci;

-- Dumping data for table wowy.ec_product_collections: ~3 rows (approximately)
INSERT INTO `ec_product_collections` (`id`, `name`, `slug`, `description`, `image`, `status`, `created_at`, `updated_at`, `is_featured`) VALUES
	(1, 'New Arrival', 'new-arrival', NULL, NULL, 'published', '2023-02-20 00:12:08', '2023-02-20 00:12:08', 0),
	(2, 'Best Sellers', 'best-sellers', NULL, NULL, 'published', '2023-02-20 00:12:08', '2023-02-20 00:12:08', 0),
	(3, 'Special Offer', 'special-offer', NULL, NULL, 'published', '2023-02-20 00:12:08', '2023-02-20 00:12:08', 0);

-- Dumping structure for table wowy.ec_product_collections_translations
CREATE TABLE IF NOT EXISTS `ec_product_collections_translations` (
  `lang_code` varchar(191) CHARACTER SET utf8mb4 COLLATE utf8mb4_unicode_ci NOT NULL,
  `ec_product_collections_id` int NOT NULL,
  `name` varchar(191) CHARACTER SET utf8mb4 COLLATE utf8mb4_unicode_ci DEFAULT NULL,
  `description` varchar(191) CHARACTER SET utf8mb4 COLLATE utf8mb4_unicode_ci DEFAULT NULL,
  PRIMARY KEY (`lang_code`,`ec_product_collections_id`)
) ENGINE=InnoDB DEFAULT CHARSET=utf8mb4 COLLATE=utf8mb4_unicode_ci;

-- Dumping data for table wowy.ec_product_collections_translations: ~3 rows (approximately)
INSERT INTO `ec_product_collections_translations` (`lang_code`, `ec_product_collections_id`, `name`, `description`) VALUES
	('vi', 1, 'Hàng mới về', NULL),
	('vi', 2, 'Bán chạy nhất', NULL),
	('vi', 3, 'Khuyến mãi đặc biệt', NULL);

-- Dumping structure for table wowy.ec_product_collection_products
CREATE TABLE IF NOT EXISTS `ec_product_collection_products` (
  `id` bigint unsigned NOT NULL AUTO_INCREMENT,
  `product_collection_id` int unsigned NOT NULL,
  `product_id` int unsigned NOT NULL,
  PRIMARY KEY (`id`),
  KEY `ec_product_collection_products_product_collection_id_index` (`product_collection_id`),
  KEY `ec_product_collection_products_product_id_index` (`product_id`)
) ENGINE=InnoDB AUTO_INCREMENT=25 DEFAULT CHARSET=utf8mb4 COLLATE=utf8mb4_unicode_ci;

-- Dumping data for table wowy.ec_product_collection_products: ~24 rows (approximately)
INSERT INTO `ec_product_collection_products` (`id`, `product_collection_id`, `product_id`) VALUES
	(1, 1, 1),
	(2, 3, 2),
	(3, 2, 3),
	(4, 2, 4),
	(5, 1, 5),
	(6, 3, 6),
	(7, 1, 7),
	(8, 3, 8),
	(9, 3, 9),
	(10, 2, 10),
	(11, 3, 11),
	(12, 1, 12),
	(13, 2, 13),
	(14, 1, 14),
	(15, 2, 15),
	(16, 3, 16),
	(17, 3, 17),
	(18, 1, 18),
	(19, 2, 19),
	(20, 3, 20),
	(21, 2, 21),
	(22, 3, 22),
	(23, 1, 23),
	(24, 3, 24);

-- Dumping structure for table wowy.ec_product_cross_sale_relations
CREATE TABLE IF NOT EXISTS `ec_product_cross_sale_relations` (
  `id` bigint unsigned NOT NULL AUTO_INCREMENT,
  `from_product_id` int unsigned NOT NULL,
  `to_product_id` int unsigned NOT NULL,
  PRIMARY KEY (`id`),
  KEY `ec_product_cross_sale_relations_from_product_id_index` (`from_product_id`),
  KEY `ec_product_cross_sale_relations_to_product_id_index` (`to_product_id`)
) ENGINE=InnoDB AUTO_INCREMENT=93 DEFAULT CHARSET=utf8mb4 COLLATE=utf8mb4_unicode_ci;

-- Dumping data for table wowy.ec_product_cross_sale_relations: ~92 rows (approximately)
INSERT INTO `ec_product_cross_sale_relations` (`id`, `from_product_id`, `to_product_id`) VALUES
	(1, 1, 17),
	(2, 1, 24),
	(3, 1, 10),
	(4, 1, 2),
	(5, 2, 12),
	(6, 2, 14),
	(7, 2, 13),
	(8, 2, 15),
	(9, 3, 5),
	(10, 3, 10),
	(11, 3, 6),
	(12, 3, 8),
	(13, 4, 6),
	(14, 4, 7),
	(15, 4, 9),
	(16, 4, 3),
	(17, 5, 7),
	(18, 5, 11),
	(19, 5, 13),
	(20, 6, 23),
	(21, 6, 3),
	(22, 6, 1),
	(23, 6, 8),
	(24, 7, 16),
	(25, 7, 17),
	(26, 7, 5),
	(27, 8, 2),
	(28, 8, 5),
	(29, 8, 23),
	(30, 8, 4),
	(31, 9, 18),
	(32, 9, 15),
	(33, 9, 2),
	(34, 9, 16),
	(35, 10, 15),
	(36, 10, 6),
	(37, 10, 2),
	(38, 10, 16),
	(39, 11, 17),
	(40, 11, 6),
	(41, 11, 18),
	(42, 11, 23),
	(43, 12, 22),
	(44, 12, 1),
	(45, 12, 4),
	(46, 12, 13),
	(47, 13, 6),
	(48, 13, 2),
	(49, 13, 18),
	(50, 14, 17),
	(51, 14, 8),
	(52, 14, 7),
	(53, 15, 5),
	(54, 15, 13),
	(55, 15, 14),
	(56, 15, 17),
	(57, 16, 18),
	(58, 16, 10),
	(59, 16, 8),
	(60, 16, 22),
	(61, 17, 22),
	(62, 17, 7),
	(63, 17, 10),
	(64, 17, 23),
	(65, 18, 15),
	(66, 18, 21),
	(67, 18, 12),
	(68, 18, 19),
	(69, 19, 16),
	(70, 19, 10),
	(71, 19, 17),
	(72, 19, 20),
	(73, 20, 2),
	(74, 20, 24),
	(75, 20, 8),
	(76, 20, 5),
	(77, 21, 2),
	(78, 21, 16),
	(79, 21, 11),
	(80, 21, 1),
	(81, 22, 23),
	(82, 22, 5),
	(83, 22, 10),
	(84, 22, 8),
	(85, 23, 10),
	(86, 23, 13),
	(87, 23, 15),
	(88, 23, 22),
	(89, 24, 10),
	(90, 24, 15),
	(91, 24, 3),
	(92, 24, 19);

-- Dumping structure for table wowy.ec_product_files
CREATE TABLE IF NOT EXISTS `ec_product_files` (
  `id` bigint unsigned NOT NULL AUTO_INCREMENT,
  `product_id` int DEFAULT NULL,
  `url` varchar(400) CHARACTER SET utf8mb4 COLLATE utf8mb4_unicode_ci DEFAULT NULL,
  `extras` mediumtext CHARACTER SET utf8mb4 COLLATE utf8mb4_unicode_ci,
  `created_at` timestamp NULL DEFAULT NULL,
  `updated_at` timestamp NULL DEFAULT NULL,
  PRIMARY KEY (`id`),
  KEY `ec_product_files_product_id_index` (`product_id`)
) ENGINE=InnoDB AUTO_INCREMENT=38 DEFAULT CHARSET=utf8mb4 COLLATE=utf8mb4_unicode_ci;

-- Dumping data for table wowy.ec_product_files: ~37 rows (approximately)
INSERT INTO `ec_product_files` (`id`, `product_id`, `url`, `extras`, `created_at`, `updated_at`) VALUES
	(1, 25, 'product-files/1.jpg', '{"filename":"1.jpg","url":"product-files\\/1.jpg","mime_type":"image\\/jpeg","size":2165,"modified":"2023-02-20 07:12:14","name":"1","extension":"jpg"}', '2023-02-20 00:12:14', '2023-02-20 00:12:14'),
	(2, 25, 'product-files/1-1.jpg', '{"filename":"1-1.jpg","url":"product-files\\/1-1.jpg","mime_type":"image\\/jpeg","size":2165,"modified":"2023-02-20 07:12:14","name":"1-1","extension":"jpg"}', '2023-02-20 00:12:14', '2023-02-20 00:12:14'),
	(3, 25, 'product-files/1-2.jpg', '{"filename":"1-2.jpg","url":"product-files\\/1-2.jpg","mime_type":"image\\/jpeg","size":2165,"modified":"2023-02-20 07:12:14","name":"1-2","extension":"jpg"}', '2023-02-20 00:12:14', '2023-02-20 00:12:14'),
	(4, 25, 'product-files/1-3.jpg', '{"filename":"1-3.jpg","url":"product-files\\/1-3.jpg","mime_type":"image\\/jpeg","size":2165,"modified":"2023-02-20 07:12:14","name":"1-3","extension":"jpg"}', '2023-02-20 00:12:14', '2023-02-20 00:12:14'),
	(5, 26, 'product-files/1.jpg', '{"filename":"1.jpg","url":"product-files\\/1.jpg","mime_type":"image\\/jpeg","size":2165,"modified":"2023-02-20 07:12:14","name":"1","extension":"jpg"}', '2023-02-20 00:12:14', '2023-02-20 00:12:14'),
	(6, 26, 'product-files/1-1.jpg', '{"filename":"1-1.jpg","url":"product-files\\/1-1.jpg","mime_type":"image\\/jpeg","size":2165,"modified":"2023-02-20 07:12:14","name":"1-1","extension":"jpg"}', '2023-02-20 00:12:14', '2023-02-20 00:12:14'),
	(7, 26, 'product-files/1-2.jpg', '{"filename":"1-2.jpg","url":"product-files\\/1-2.jpg","mime_type":"image\\/jpeg","size":2165,"modified":"2023-02-20 07:12:14","name":"1-2","extension":"jpg"}', '2023-02-20 00:12:14', '2023-02-20 00:12:14'),
	(8, 26, 'product-files/1-3.jpg', '{"filename":"1-3.jpg","url":"product-files\\/1-3.jpg","mime_type":"image\\/jpeg","size":2165,"modified":"2023-02-20 07:12:14","name":"1-3","extension":"jpg"}', '2023-02-20 00:12:14', '2023-02-20 00:12:14'),
	(9, 35, 'product-files/5.jpg', '{"filename":"5.jpg","url":"product-files\\/5.jpg","mime_type":"image\\/jpeg","size":2165,"modified":"2023-02-20 07:12:14","name":"5","extension":"jpg"}', '2023-02-20 00:12:14', '2023-02-20 00:12:14'),
	(10, 35, 'product-files/5-1.jpg', '{"filename":"5-1.jpg","url":"product-files\\/5-1.jpg","mime_type":"image\\/jpeg","size":2165,"modified":"2023-02-20 07:12:14","name":"5-1","extension":"jpg"}', '2023-02-20 00:12:14', '2023-02-20 00:12:14'),
	(11, 35, 'product-files/5-2.jpg', '{"filename":"5-2.jpg","url":"product-files\\/5-2.jpg","mime_type":"image\\/jpeg","size":2165,"modified":"2023-02-20 07:12:14","name":"5-2","extension":"jpg"}', '2023-02-20 00:12:14', '2023-02-20 00:12:14'),
	(12, 35, 'product-files/5-3.jpg', '{"filename":"5-3.jpg","url":"product-files\\/5-3.jpg","mime_type":"image\\/jpeg","size":2165,"modified":"2023-02-20 07:12:14","name":"5-3","extension":"jpg"}', '2023-02-20 00:12:14', '2023-02-20 00:12:14'),
	(13, 36, 'product-files/5.jpg', '{"filename":"5.jpg","url":"product-files\\/5.jpg","mime_type":"image\\/jpeg","size":2165,"modified":"2023-02-20 07:12:14","name":"5","extension":"jpg"}', '2023-02-20 00:12:14', '2023-02-20 00:12:14'),
	(14, 36, 'product-files/5-1.jpg', '{"filename":"5-1.jpg","url":"product-files\\/5-1.jpg","mime_type":"image\\/jpeg","size":2165,"modified":"2023-02-20 07:12:14","name":"5-1","extension":"jpg"}', '2023-02-20 00:12:14', '2023-02-20 00:12:14'),
	(15, 36, 'product-files/5-2.jpg', '{"filename":"5-2.jpg","url":"product-files\\/5-2.jpg","mime_type":"image\\/jpeg","size":2165,"modified":"2023-02-20 07:12:14","name":"5-2","extension":"jpg"}', '2023-02-20 00:12:14', '2023-02-20 00:12:14'),
	(16, 36, 'product-files/5-3.jpg', '{"filename":"5-3.jpg","url":"product-files\\/5-3.jpg","mime_type":"image\\/jpeg","size":2165,"modified":"2023-02-20 07:12:14","name":"5-3","extension":"jpg"}', '2023-02-20 00:12:14', '2023-02-20 00:12:14'),
	(17, 44, 'product-files/9.jpg', '{"filename":"9.jpg","url":"product-files\\/9.jpg","mime_type":"image\\/jpeg","size":2165,"modified":"2023-02-20 07:12:14","name":"9","extension":"jpg"}', '2023-02-20 00:12:14', '2023-02-20 00:12:14'),
	(18, 44, 'product-files/9-1.jpg', '{"filename":"9-1.jpg","url":"product-files\\/9-1.jpg","mime_type":"image\\/jpeg","size":2165,"modified":"2023-02-20 07:12:14","name":"9-1","extension":"jpg"}', '2023-02-20 00:12:14', '2023-02-20 00:12:14'),
	(19, 53, 'product-files/13.jpg', '{"filename":"13.jpg","url":"product-files\\/13.jpg","mime_type":"image\\/jpeg","size":2165,"modified":"2023-02-20 07:12:14","name":"13","extension":"jpg"}', '2023-02-20 00:12:14', '2023-02-20 00:12:14'),
	(20, 53, 'product-files/13-1.jpg', '{"filename":"13-1.jpg","url":"product-files\\/13-1.jpg","mime_type":"image\\/jpeg","size":2165,"modified":"2023-02-20 07:12:14","name":"13-1","extension":"jpg"}', '2023-02-20 00:12:14', '2023-02-20 00:12:14'),
	(21, 54, 'product-files/13.jpg', '{"filename":"13.jpg","url":"product-files\\/13.jpg","mime_type":"image\\/jpeg","size":2165,"modified":"2023-02-20 07:12:14","name":"13","extension":"jpg"}', '2023-02-20 00:12:14', '2023-02-20 00:12:14'),
	(22, 54, 'product-files/13-1.jpg', '{"filename":"13-1.jpg","url":"product-files\\/13-1.jpg","mime_type":"image\\/jpeg","size":2165,"modified":"2023-02-20 07:12:14","name":"13-1","extension":"jpg"}', '2023-02-20 00:12:14', '2023-02-20 00:12:14'),
	(23, 55, 'product-files/13.jpg', '{"filename":"13.jpg","url":"product-files\\/13.jpg","mime_type":"image\\/jpeg","size":2165,"modified":"2023-02-20 07:12:14","name":"13","extension":"jpg"}', '2023-02-20 00:12:14', '2023-02-20 00:12:14'),
	(24, 55, 'product-files/13-1.jpg', '{"filename":"13-1.jpg","url":"product-files\\/13-1.jpg","mime_type":"image\\/jpeg","size":2165,"modified":"2023-02-20 07:12:14","name":"13-1","extension":"jpg"}', '2023-02-20 00:12:14', '2023-02-20 00:12:14'),
	(25, 56, 'product-files/13.jpg', '{"filename":"13.jpg","url":"product-files\\/13.jpg","mime_type":"image\\/jpeg","size":2165,"modified":"2023-02-20 07:12:14","name":"13","extension":"jpg"}', '2023-02-20 00:12:14', '2023-02-20 00:12:14'),
	(26, 56, 'product-files/13-1.jpg', '{"filename":"13-1.jpg","url":"product-files\\/13-1.jpg","mime_type":"image\\/jpeg","size":2165,"modified":"2023-02-20 07:12:14","name":"13-1","extension":"jpg"}', '2023-02-20 00:12:14', '2023-02-20 00:12:14'),
	(27, 66, 'product-files/17.jpg', '{"filename":"17.jpg","url":"product-files\\/17.jpg","mime_type":"image\\/jpeg","size":2165,"modified":"2023-02-20 07:12:14","name":"17","extension":"jpg"}', '2023-02-20 00:12:14', '2023-02-20 00:12:14'),
	(28, 67, 'product-files/17.jpg', '{"filename":"17.jpg","url":"product-files\\/17.jpg","mime_type":"image\\/jpeg","size":2165,"modified":"2023-02-20 07:12:14","name":"17","extension":"jpg"}', '2023-02-20 00:12:14', '2023-02-20 00:12:14'),
	(29, 68, 'product-files/17.jpg', '{"filename":"17.jpg","url":"product-files\\/17.jpg","mime_type":"image\\/jpeg","size":2165,"modified":"2023-02-20 07:12:14","name":"17","extension":"jpg"}', '2023-02-20 00:12:14', '2023-02-20 00:12:14'),
	(30, 69, 'product-files/17.jpg', '{"filename":"17.jpg","url":"product-files\\/17.jpg","mime_type":"image\\/jpeg","size":2165,"modified":"2023-02-20 07:12:14","name":"17","extension":"jpg"}', '2023-02-20 00:12:14', '2023-02-20 00:12:14'),
	(31, 70, 'product-files/17.jpg', '{"filename":"17.jpg","url":"product-files\\/17.jpg","mime_type":"image\\/jpeg","size":2165,"modified":"2023-02-20 07:12:14","name":"17","extension":"jpg"}', '2023-02-20 00:12:14', '2023-02-20 00:12:14'),
	(32, 81, 'product-files/21.jpg', '{"filename":"21.jpg","url":"product-files\\/21.jpg","mime_type":"image\\/jpeg","size":2165,"modified":"2023-02-20 07:12:14","name":"21","extension":"jpg"}', '2023-02-20 00:12:14', '2023-02-20 00:12:14'),
	(33, 81, 'product-files/21-1.jpg', '{"filename":"21-1.jpg","url":"product-files\\/21-1.jpg","mime_type":"image\\/jpeg","size":2165,"modified":"2023-02-20 07:12:14","name":"21-1","extension":"jpg"}', '2023-02-20 00:12:14', '2023-02-20 00:12:14'),
	(34, 82, 'product-files/21.jpg', '{"filename":"21.jpg","url":"product-files\\/21.jpg","mime_type":"image\\/jpeg","size":2165,"modified":"2023-02-20 07:12:14","name":"21","extension":"jpg"}', '2023-02-20 00:12:14', '2023-02-20 00:12:14'),
	(35, 82, 'product-files/21-1.jpg', '{"filename":"21-1.jpg","url":"product-files\\/21-1.jpg","mime_type":"image\\/jpeg","size":2165,"modified":"2023-02-20 07:12:14","name":"21-1","extension":"jpg"}', '2023-02-20 00:12:14', '2023-02-20 00:12:14'),
	(36, 83, 'product-files/21.jpg', '{"filename":"21.jpg","url":"product-files\\/21.jpg","mime_type":"image\\/jpeg","size":2165,"modified":"2023-02-20 07:12:14","name":"21","extension":"jpg"}', '2023-02-20 00:12:14', '2023-02-20 00:12:14'),
	(37, 83, 'product-files/21-1.jpg', '{"filename":"21-1.jpg","url":"product-files\\/21-1.jpg","mime_type":"image\\/jpeg","size":2165,"modified":"2023-02-20 07:12:14","name":"21-1","extension":"jpg"}', '2023-02-20 00:12:14', '2023-02-20 00:12:14');

-- Dumping structure for table wowy.ec_product_labels
CREATE TABLE IF NOT EXISTS `ec_product_labels` (
  `id` bigint unsigned NOT NULL AUTO_INCREMENT,
  `name` varchar(255) CHARACTER SET utf8mb4 COLLATE utf8mb4_unicode_ci NOT NULL,
  `color` varchar(120) CHARACTER SET utf8mb4 COLLATE utf8mb4_unicode_ci DEFAULT NULL,
  `status` varchar(60) CHARACTER SET utf8mb4 COLLATE utf8mb4_unicode_ci NOT NULL DEFAULT 'published',
  `created_at` timestamp NULL DEFAULT NULL,
  `updated_at` timestamp NULL DEFAULT NULL,
  PRIMARY KEY (`id`)
) ENGINE=InnoDB AUTO_INCREMENT=4 DEFAULT CHARSET=utf8mb4 COLLATE=utf8mb4_unicode_ci;

-- Dumping data for table wowy.ec_product_labels: ~3 rows (approximately)
INSERT INTO `ec_product_labels` (`id`, `name`, `color`, `status`, `created_at`, `updated_at`) VALUES
	(1, 'Hot', '#ec2434', 'published', '2023-02-20 00:12:08', '2023-02-20 00:12:08'),
	(2, 'New', '#00c9a7', 'published', '2023-02-20 00:12:08', '2023-02-20 00:12:08'),
	(3, 'Sale', '#fe9931', 'published', '2023-02-20 00:12:08', '2023-02-20 00:12:08');

-- Dumping structure for table wowy.ec_product_labels_translations
CREATE TABLE IF NOT EXISTS `ec_product_labels_translations` (
  `lang_code` varchar(191) CHARACTER SET utf8mb4 COLLATE utf8mb4_unicode_ci NOT NULL,
  `ec_product_labels_id` int NOT NULL,
  `name` varchar(191) CHARACTER SET utf8mb4 COLLATE utf8mb4_unicode_ci DEFAULT NULL,
  `description` varchar(191) CHARACTER SET utf8mb4 COLLATE utf8mb4_unicode_ci DEFAULT NULL,
  PRIMARY KEY (`lang_code`,`ec_product_labels_id`)
) ENGINE=InnoDB DEFAULT CHARSET=utf8mb4 COLLATE=utf8mb4_unicode_ci;

-- Dumping data for table wowy.ec_product_labels_translations: ~3 rows (approximately)
INSERT INTO `ec_product_labels_translations` (`lang_code`, `ec_product_labels_id`, `name`, `description`) VALUES
	('vi', 1, 'Nổi bật', NULL),
	('vi', 2, 'Mới', NULL),
	('vi', 3, 'Giảm giá', NULL);

-- Dumping structure for table wowy.ec_product_label_products
CREATE TABLE IF NOT EXISTS `ec_product_label_products` (
  `product_label_id` int unsigned NOT NULL,
  `product_id` int unsigned NOT NULL,
  PRIMARY KEY (`product_label_id`,`product_id`),
  KEY `ec_product_label_products_product_label_id_index` (`product_label_id`),
  KEY `ec_product_label_products_product_id_index` (`product_id`)
) ENGINE=InnoDB DEFAULT CHARSET=utf8mb4 COLLATE=utf8mb4_unicode_ci;

-- Dumping data for table wowy.ec_product_label_products: ~3 rows (approximately)
INSERT INTO `ec_product_label_products` (`product_label_id`, `product_id`) VALUES
	(1, 14),
	(1, 21),
	(3, 7);

-- Dumping structure for table wowy.ec_product_related_relations
CREATE TABLE IF NOT EXISTS `ec_product_related_relations` (
  `id` bigint unsigned NOT NULL AUTO_INCREMENT,
  `from_product_id` int unsigned NOT NULL,
  `to_product_id` int unsigned NOT NULL,
  PRIMARY KEY (`id`),
  KEY `ec_product_related_relations_from_product_id_index` (`from_product_id`),
  KEY `ec_product_related_relations_to_product_id_index` (`to_product_id`)
) ENGINE=InnoDB DEFAULT CHARSET=utf8mb4 COLLATE=utf8mb4_unicode_ci;

-- Dumping data for table wowy.ec_product_related_relations: ~0 rows (approximately)

-- Dumping structure for table wowy.ec_product_tags
CREATE TABLE IF NOT EXISTS `ec_product_tags` (
  `id` bigint unsigned NOT NULL AUTO_INCREMENT,
  `name` varchar(120) CHARACTER SET utf8mb4 COLLATE utf8mb4_unicode_ci NOT NULL,
  `description` varchar(400) CHARACTER SET utf8mb4 COLLATE utf8mb4_unicode_ci DEFAULT NULL,
  `status` varchar(60) CHARACTER SET utf8mb4 COLLATE utf8mb4_unicode_ci NOT NULL DEFAULT 'published',
  `created_at` timestamp NULL DEFAULT NULL,
  `updated_at` timestamp NULL DEFAULT NULL,
  PRIMARY KEY (`id`)
) ENGINE=InnoDB AUTO_INCREMENT=6 DEFAULT CHARSET=utf8mb4 COLLATE=utf8mb4_unicode_ci;

-- Dumping data for table wowy.ec_product_tags: ~5 rows (approximately)
INSERT INTO `ec_product_tags` (`id`, `name`, `description`, `status`, `created_at`, `updated_at`) VALUES
	(1, 'Wallet', NULL, 'published', '2023-02-20 00:12:08', '2023-02-20 00:12:08'),
	(2, 'Bags', NULL, 'published', '2023-02-20 00:12:08', '2023-02-20 00:12:08'),
	(3, 'Shoes', NULL, 'published', '2023-02-20 00:12:08', '2023-02-20 00:12:08'),
	(4, 'Clothes', NULL, 'published', '2023-02-20 00:12:08', '2023-02-20 00:12:08'),
	(5, 'Hand bag', NULL, 'published', '2023-02-20 00:12:08', '2023-02-20 00:12:08');

-- Dumping structure for table wowy.ec_product_tags_translations
CREATE TABLE IF NOT EXISTS `ec_product_tags_translations` (
  `lang_code` varchar(191) CHARACTER SET utf8mb4 COLLATE utf8mb4_unicode_ci NOT NULL,
  `ec_product_tags_id` int NOT NULL,
  `name` varchar(191) CHARACTER SET utf8mb4 COLLATE utf8mb4_unicode_ci DEFAULT NULL,
  PRIMARY KEY (`lang_code`,`ec_product_tags_id`)
) ENGINE=InnoDB DEFAULT CHARSET=utf8mb4 COLLATE=utf8mb4_unicode_ci;

-- Dumping data for table wowy.ec_product_tags_translations: ~0 rows (approximately)

-- Dumping structure for table wowy.ec_product_tag_product
CREATE TABLE IF NOT EXISTS `ec_product_tag_product` (
  `product_id` int unsigned NOT NULL,
  `tag_id` int unsigned NOT NULL,
  PRIMARY KEY (`product_id`,`tag_id`),
  KEY `ec_product_tag_product_product_id_index` (`product_id`),
  KEY `ec_product_tag_product_tag_id_index` (`tag_id`)
) ENGINE=InnoDB DEFAULT CHARSET=utf8mb4 COLLATE=utf8mb4_unicode_ci;

-- Dumping data for table wowy.ec_product_tag_product: ~59 rows (approximately)
INSERT INTO `ec_product_tag_product` (`product_id`, `tag_id`) VALUES
	(1, 3),
	(1, 5),
	(2, 2),
	(2, 5),
	(2, 6),
	(3, 2),
	(3, 5),
	(3, 6),
	(4, 5),
	(4, 6),
	(5, 2),
	(5, 3),
	(5, 5),
	(6, 4),
	(6, 5),
	(7, 1),
	(7, 4),
	(8, 3),
	(8, 6),
	(9, 2),
	(9, 4),
	(10, 2),
	(10, 3),
	(10, 5),
	(11, 1),
	(11, 4),
	(11, 6),
	(12, 3),
	(12, 5),
	(13, 2),
	(13, 5),
	(14, 3),
	(14, 4),
	(15, 1),
	(15, 2),
	(16, 3),
	(16, 4),
	(17, 2),
	(17, 3),
	(17, 4),
	(18, 2),
	(18, 5),
	(18, 6),
	(19, 3),
	(19, 5),
	(19, 6),
	(20, 1),
	(20, 4),
	(20, 6),
	(21, 3),
	(21, 4),
	(22, 1),
	(22, 2),
	(22, 6),
	(23, 3),
	(23, 6),
	(24, 1),
	(24, 4),
	(24, 6);

-- Dumping structure for table wowy.ec_product_up_sale_relations
CREATE TABLE IF NOT EXISTS `ec_product_up_sale_relations` (
  `id` bigint unsigned NOT NULL AUTO_INCREMENT,
  `from_product_id` int unsigned NOT NULL,
  `to_product_id` int unsigned NOT NULL,
  PRIMARY KEY (`id`),
  KEY `ec_product_up_sale_relations_from_product_id_index` (`from_product_id`),
  KEY `ec_product_up_sale_relations_to_product_id_index` (`to_product_id`)
) ENGINE=InnoDB DEFAULT CHARSET=utf8mb4 COLLATE=utf8mb4_unicode_ci;

-- Dumping data for table wowy.ec_product_up_sale_relations: ~0 rows (approximately)

-- Dumping structure for table wowy.ec_product_variations
CREATE TABLE IF NOT EXISTS `ec_product_variations` (
  `id` bigint unsigned NOT NULL AUTO_INCREMENT,
  `product_id` int unsigned DEFAULT NULL,
  `configurable_product_id` int unsigned NOT NULL,
  `is_default` tinyint NOT NULL DEFAULT '0',
  PRIMARY KEY (`id`),
  KEY `ec_product_variations_product_id_configurable_product_id_index` (`product_id`,`configurable_product_id`)
) ENGINE=InnoDB AUTO_INCREMENT=69 DEFAULT CHARSET=utf8mb4 COLLATE=utf8mb4_unicode_ci;

-- Dumping data for table wowy.ec_product_variations: ~68 rows (approximately)
INSERT INTO `ec_product_variations` (`id`, `product_id`, `configurable_product_id`, `is_default`) VALUES
	(1, 25, 1, 1),
	(2, 26, 1, 0),
	(3, 27, 2, 1),
	(4, 28, 2, 0),
	(5, 29, 2, 0),
	(6, 30, 3, 1),
	(7, 31, 3, 0),
	(8, 32, 3, 0),
	(9, 33, 3, 0),
	(10, 34, 4, 1),
	(11, 35, 5, 1),
	(12, 36, 5, 0),
	(13, 37, 6, 1),
	(14, 38, 6, 0),
	(15, 39, 7, 1),
	(16, 40, 7, 0),
	(17, 41, 8, 1),
	(18, 42, 8, 0),
	(19, 43, 8, 0),
	(20, 44, 9, 1),
	(21, 45, 10, 1),
	(22, 46, 10, 0),
	(23, 47, 10, 0),
	(24, 48, 11, 1),
	(25, 49, 11, 0),
	(26, 50, 12, 1),
	(27, 51, 12, 0),
	(28, 52, 12, 0),
	(29, 53, 13, 1),
	(30, 54, 13, 0),
	(31, 55, 13, 0),
	(32, 56, 13, 0),
	(33, 57, 14, 1),
	(34, 58, 14, 0),
	(35, 59, 14, 0),
	(36, 60, 15, 1),
	(37, 61, 15, 0),
	(38, 62, 15, 0),
	(39, 63, 15, 0),
	(40, 64, 16, 1),
	(41, 65, 16, 0),
	(42, 66, 17, 1),
	(43, 67, 17, 0),
	(44, 68, 17, 0),
	(45, 69, 17, 0),
	(46, 70, 17, 0),
	(47, 71, 18, 1),
	(48, 72, 18, 0),
	(49, 73, 18, 0),
	(50, 74, 18, 0),
	(51, 75, 19, 1),
	(52, 76, 19, 0),
	(53, 77, 19, 0),
	(54, 78, 20, 1),
	(55, 79, 20, 0),
	(56, 80, 20, 0),
	(57, 81, 21, 1),
	(58, 82, 21, 0),
	(59, 83, 21, 0),
	(60, 84, 22, 1),
	(61, 85, 22, 0),
	(62, 86, 22, 0),
	(63, 87, 23, 1),
	(64, 88, 23, 0),
	(65, 89, 23, 0),
	(66, 90, 23, 0),
	(67, 91, 23, 0),
	(68, 92, 24, 1);

-- Dumping structure for table wowy.ec_product_variation_items
CREATE TABLE IF NOT EXISTS `ec_product_variation_items` (
  `id` bigint unsigned NOT NULL AUTO_INCREMENT,
  `attribute_id` int unsigned NOT NULL,
  `variation_id` int unsigned NOT NULL,
  PRIMARY KEY (`id`),
  KEY `ec_product_variation_items_attribute_id_variation_id_index` (`attribute_id`,`variation_id`)
) ENGINE=InnoDB AUTO_INCREMENT=137 DEFAULT CHARSET=utf8mb4 COLLATE=utf8mb4_unicode_ci;

-- Dumping data for table wowy.ec_product_variation_items: ~136 rows (approximately)
INSERT INTO `ec_product_variation_items` (`id`, `attribute_id`, `variation_id`) VALUES
	(9, 1, 5),
	(17, 1, 9),
	(21, 1, 11),
	(25, 1, 13),
	(33, 1, 17),
	(47, 1, 24),
	(67, 1, 34),
	(71, 1, 36),
	(75, 1, 38),
	(89, 1, 45),
	(95, 1, 48),
	(97, 1, 49),
	(103, 1, 52),
	(113, 1, 57),
	(127, 1, 64),
	(129, 1, 65),
	(7, 2, 4),
	(31, 2, 16),
	(63, 2, 32),
	(101, 2, 51),
	(109, 2, 55),
	(117, 2, 59),
	(123, 2, 62),
	(125, 2, 63),
	(131, 2, 66),
	(133, 2, 67),
	(15, 3, 8),
	(27, 3, 14),
	(37, 3, 19),
	(39, 3, 20),
	(45, 3, 23),
	(49, 3, 25),
	(51, 3, 26),
	(53, 3, 27),
	(55, 3, 28),
	(59, 3, 30),
	(73, 3, 37),
	(77, 3, 39),
	(83, 3, 42),
	(93, 3, 47),
	(99, 3, 50),
	(121, 3, 61),
	(1, 4, 1),
	(3, 4, 2),
	(13, 4, 7),
	(35, 4, 18),
	(57, 4, 29),
	(61, 4, 31),
	(65, 4, 33),
	(105, 4, 53),
	(119, 4, 60),
	(135, 4, 68),
	(5, 5, 3),
	(11, 5, 6),
	(19, 5, 10),
	(23, 5, 12),
	(29, 5, 15),
	(41, 5, 21),
	(43, 5, 22),
	(69, 5, 35),
	(79, 5, 40),
	(81, 5, 41),
	(85, 5, 43),
	(87, 5, 44),
	(91, 5, 46),
	(107, 5, 54),
	(111, 5, 56),
	(115, 5, 58),
	(2, 6, 1),
	(4, 6, 2),
	(36, 6, 18),
	(46, 6, 23),
	(64, 6, 32),
	(66, 6, 33),
	(68, 6, 34),
	(98, 6, 49),
	(108, 6, 54),
	(114, 6, 57),
	(122, 6, 61),
	(126, 6, 63),
	(128, 6, 64),
	(136, 6, 68),
	(10, 7, 5),
	(12, 7, 6),
	(56, 7, 28),
	(58, 7, 29),
	(70, 7, 35),
	(80, 7, 40),
	(82, 7, 41),
	(84, 7, 42),
	(86, 7, 43),
	(94, 7, 47),
	(118, 7, 59),
	(124, 7, 62),
	(6, 8, 3),
	(22, 8, 11),
	(48, 8, 24),
	(76, 8, 38),
	(88, 8, 44),
	(106, 8, 53),
	(120, 8, 60),
	(14, 9, 7),
	(16, 9, 8),
	(20, 9, 10),
	(26, 9, 13),
	(34, 9, 17),
	(40, 9, 20),
	(42, 9, 21),
	(44, 9, 22),
	(52, 9, 26),
	(60, 9, 30),
	(62, 9, 31),
	(74, 9, 37),
	(78, 9, 39),
	(90, 9, 45),
	(92, 9, 46),
	(96, 9, 48),
	(102, 9, 51),
	(104, 9, 52),
	(134, 9, 67),
	(8, 10, 4),
	(18, 10, 9),
	(24, 10, 12),
	(28, 10, 14),
	(30, 10, 15),
	(32, 10, 16),
	(38, 10, 19),
	(50, 10, 25),
	(54, 10, 27),
	(72, 10, 36),
	(100, 10, 50),
	(110, 10, 55),
	(112, 10, 56),
	(116, 10, 58),
	(130, 10, 65),
	(132, 10, 66);

-- Dumping structure for table wowy.ec_product_views
CREATE TABLE IF NOT EXISTS `ec_product_views` (
  `id` bigint unsigned NOT NULL AUTO_INCREMENT,
  `product_id` int unsigned NOT NULL,
  `views` int NOT NULL DEFAULT '1',
  `date` date NOT NULL DEFAULT '2023-02-20',
  PRIMARY KEY (`id`),
  UNIQUE KEY `ec_product_views_product_id_date_unique` (`product_id`,`date`),
  KEY `ec_product_views_product_id_index` (`product_id`)
) ENGINE=InnoDB DEFAULT CHARSET=utf8mb4 COLLATE=utf8mb4_unicode_ci;

-- Dumping data for table wowy.ec_product_views: ~0 rows (approximately)

-- Dumping structure for table wowy.ec_product_with_attribute_set
CREATE TABLE IF NOT EXISTS `ec_product_with_attribute_set` (
  `id` bigint unsigned NOT NULL AUTO_INCREMENT,
  `attribute_set_id` int unsigned NOT NULL,
  `product_id` int unsigned NOT NULL,
  `order` tinyint unsigned NOT NULL DEFAULT '0',
  PRIMARY KEY (`id`)
) ENGINE=InnoDB AUTO_INCREMENT=49 DEFAULT CHARSET=utf8mb4 COLLATE=utf8mb4_unicode_ci;

-- Dumping data for table wowy.ec_product_with_attribute_set: ~48 rows (approximately)
INSERT INTO `ec_product_with_attribute_set` (`id`, `attribute_set_id`, `product_id`, `order`) VALUES
	(1, 1, 1, 0),
	(2, 2, 1, 0),
	(3, 1, 2, 0),
	(4, 2, 2, 0),
	(5, 1, 3, 0),
	(6, 2, 3, 0),
	(7, 1, 4, 0),
	(8, 2, 4, 0),
	(9, 1, 5, 0),
	(10, 2, 5, 0),
	(11, 1, 6, 0),
	(12, 2, 6, 0),
	(13, 1, 7, 0),
	(14, 2, 7, 0),
	(15, 1, 8, 0),
	(16, 2, 8, 0),
	(17, 1, 9, 0),
	(18, 2, 9, 0),
	(19, 1, 10, 0),
	(20, 2, 10, 0),
	(21, 1, 11, 0),
	(22, 2, 11, 0),
	(23, 1, 12, 0),
	(24, 2, 12, 0),
	(25, 1, 13, 0),
	(26, 2, 13, 0),
	(27, 1, 14, 0),
	(28, 2, 14, 0),
	(29, 1, 15, 0),
	(30, 2, 15, 0),
	(31, 1, 16, 0),
	(32, 2, 16, 0),
	(33, 1, 17, 0),
	(34, 2, 17, 0),
	(35, 1, 18, 0),
	(36, 2, 18, 0),
	(37, 1, 19, 0),
	(38, 2, 19, 0),
	(39, 1, 20, 0),
	(40, 2, 20, 0),
	(41, 1, 21, 0),
	(42, 2, 21, 0),
	(43, 1, 22, 0),
	(44, 2, 22, 0),
	(45, 1, 23, 0),
	(46, 2, 23, 0),
	(47, 1, 24, 0),
	(48, 2, 24, 0);

-- Dumping structure for table wowy.ec_reviews
CREATE TABLE IF NOT EXISTS `ec_reviews` (
  `id` bigint unsigned NOT NULL AUTO_INCREMENT,
  `customer_id` int unsigned NOT NULL,
  `product_id` int unsigned NOT NULL,
  `star` double(8,2) NOT NULL,
  `comment` text CHARACTER SET utf8mb4 COLLATE utf8mb4_unicode_ci NOT NULL,
  `status` varchar(60) CHARACTER SET utf8mb4 COLLATE utf8mb4_unicode_ci NOT NULL DEFAULT 'published',
  `created_at` timestamp NULL DEFAULT NULL,
  `updated_at` timestamp NULL DEFAULT NULL,
  `images` text CHARACTER SET utf8mb4 COLLATE utf8mb4_unicode_ci,
  PRIMARY KEY (`id`),
  KEY `ec_reviews_product_id_customer_id_status_created_at_index` (`product_id`,`customer_id`,`status`,`created_at`),
  KEY `ec_reviews_product_id_customer_id_status_index` (`product_id`,`customer_id`,`status`)
) ENGINE=InnoDB AUTO_INCREMENT=101 DEFAULT CHARSET=utf8mb4 COLLATE=utf8mb4_unicode_ci;

-- Dumping data for table wowy.ec_reviews: ~100 rows (approximately)
INSERT INTO `ec_reviews` (`id`, `customer_id`, `product_id`, `star`, `comment`, `status`, `created_at`, `updated_at`, `images`) VALUES
	(1, 10, 21, 3.00, 'This web app is really good in design, code quality & features. Besides, the customer support provided by the Botble team was really fast & helpful. You guys are awesome!', 'published', '2023-02-20 00:12:16', '2023-02-20 00:12:16', '["products\\/4.jpg","products\\/7.jpg","products\\/18.jpg"]'),
	(2, 2, 10, 2.00, 'Very enthusiastic support! Excellent code is written. It\'s a true pleasure working with.', 'published', '2023-02-20 00:12:16', '2023-02-20 00:12:16', '{"0":"products\\/2.jpg","2":"products\\/11.jpg"}'),
	(3, 1, 11, 4.00, 'We have received brilliant service support and will be expanding the features with the developer. Nice product!', 'published', '2023-02-20 00:12:16', '2023-02-20 00:12:16', '["products\\/4.jpg","products\\/7.jpg"]'),
	(4, 5, 15, 1.00, 'Solution is too robust for our purpose so we didn\'t use it at the end. But I appreciate customer support during initial configuration.', 'published', '2023-02-20 00:12:16', '2023-02-20 00:12:16', '["products\\/4.jpg","products\\/6.jpg"]'),
	(5, 1, 10, 1.00, 'The best store template! Excellent coding! Very good support! Thank you so much for all the help, I really appreciated.', 'published', '2023-02-20 00:12:16', '2023-02-20 00:12:16', '{"0":"products\\/3.jpg","2":"products\\/14.jpg"}'),
	(6, 10, 17, 3.00, 'The best store template! Excellent coding! Very good support! Thank you so much for all the help, I really appreciated.', 'published', '2023-02-20 00:12:16', '2023-02-20 00:12:16', '["products\\/4.jpg"]'),
	(7, 3, 4, 3.00, 'The best store template! Excellent coding! Very good support! Thank you so much for all the help, I really appreciated.', 'published', '2023-02-20 00:12:16', '2023-02-20 00:12:16', '{"0":"products\\/1.jpg","2":"products\\/13.jpg"}'),
	(8, 1, 21, 3.00, 'It\'s not my first experience here on Codecanyon and I can honestly tell you all that Botble puts a LOT of effort into the support. They answer so fast, they helped me tons of times. REALLY by far THE BEST EXPERIENCE on Codecanyon. Those guys at Botble are so good that they deserve 5 stars. I recommend them, I trust them and I can\'t wait to see what they will sell in a near future. Thank you Botble :)', 'published', '2023-02-20 00:12:16', '2023-02-20 00:12:16', '["products\\/2.jpg"]'),
	(9, 9, 15, 2.00, 'We have received brilliant service support and will be expanding the features with the developer. Nice product!', 'published', '2023-02-20 00:12:16', '2023-02-20 00:12:16', '["products\\/2.jpg","products\\/7.jpg"]'),
	(10, 7, 16, 5.00, 'Ok good product. I have some issues in customizations. But its not correct to blame the developer. The product is good. Good luck for your business.', 'published', '2023-02-20 00:12:16', '2023-02-20 00:12:16', '["products\\/3.jpg","products\\/6.jpg","products\\/8.jpg"]'),
	(11, 10, 15, 1.00, 'Solution is too robust for our purpose so we didn\'t use it at the end. But I appreciate customer support during initial configuration.', 'published', '2023-02-20 00:12:16', '2023-02-20 00:12:16', '["products\\/2.jpg"]'),
	(12, 1, 16, 3.00, 'The code is good, in general, if you like it, can you give it 5 stars?', 'published', '2023-02-20 00:12:16', '2023-02-20 00:12:16', '["products\\/4.jpg","products\\/7.jpg","products\\/22.jpg"]'),
	(13, 5, 10, 4.00, 'Great system, great support, good job Botble. I\'m looking forward to more great functional plugins.', 'published', '2023-02-20 00:12:16', '2023-02-20 00:12:16', '["products\\/3.jpg","products\\/6.jpg","products\\/23.jpg"]'),
	(14, 2, 10, 3.00, 'Customer Support are grade (A*), however the code is a way too over engineered for it\'s purpose.', 'published', '2023-02-20 00:12:16', '2023-02-20 00:12:16', '["products\\/1.jpg","products\\/5.jpg"]'),
	(15, 10, 9, 3.00, 'The script is the best of its class, fast, easy to implement and work with , and the most important thing is the great support team , Recommend with no doubt.', 'published', '2023-02-20 00:12:16', '2023-02-20 00:12:16', '["products\\/1.jpg","products\\/5.jpg"]'),
	(16, 8, 16, 1.00, 'This web app is really good in design, code quality & features. Besides, the customer support provided by the Botble team was really fast & helpful. You guys are awesome!', 'published', '2023-02-20 00:12:16', '2023-02-20 00:12:16', '["products\\/4.jpg","products\\/6.jpg"]'),
	(17, 3, 13, 3.00, 'This script is well coded and is super fast. The support is pretty quick. Very patient and helpful team. I strongly recommend it and they deserve more than 5 stars.', 'published', '2023-02-20 00:12:16', '2023-02-20 00:12:16', '["products\\/4.jpg","products\\/5.jpg"]'),
	(18, 2, 11, 1.00, 'Great E-commerce system. And much more : Wonderful Customer Support.', 'published', '2023-02-20 00:12:16', '2023-02-20 00:12:16', '["products\\/4.jpg"]'),
	(19, 9, 14, 5.00, 'The best store template! Excellent coding! Very good support! Thank you so much for all the help, I really appreciated.', 'published', '2023-02-20 00:12:16', '2023-02-20 00:12:16', '["products\\/4.jpg","products\\/5.jpg"]'),
	(20, 9, 21, 2.00, 'The best store template! Excellent coding! Very good support! Thank you so much for all the help, I really appreciated.', 'published', '2023-02-20 00:12:16', '2023-02-20 00:12:16', '["products\\/2.jpg","products\\/5.jpg","products\\/8.jpg"]'),
	(21, 5, 3, 5.00, 'Second or third time that I buy a Botble product, happy with the products and support. You guys do a good job :)', 'published', '2023-02-20 00:12:16', '2023-02-20 00:12:16', '["products\\/4.jpg","products\\/6.jpg"]'),
	(22, 6, 2, 1.00, 'Perfect +++++++++ i love it really also i get to fast ticket answers... Thanks Lot BOTBLE Teams', 'published', '2023-02-20 00:12:16', '2023-02-20 00:12:16', '["products\\/4.jpg"]'),
	(23, 9, 23, 5.00, 'I Love this Script. I also found how to add other fees. Now I just wait the BIG update for the Marketplace with the Bulk Import. Just do not forget to make it to be Multi-language for us the Botble Fans.', 'published', '2023-02-20 00:12:16', '2023-02-20 00:12:16', '["products\\/1.jpg","products\\/6.jpg"]'),
	(24, 7, 22, 3.00, 'We have received brilliant service support and will be expanding the features with the developer. Nice product!', 'published', '2023-02-20 00:12:16', '2023-02-20 00:12:16', '["products\\/2.jpg"]'),
	(25, 10, 2, 5.00, 'Clean & perfect source code', 'published', '2023-02-20 00:12:16', '2023-02-20 00:12:16', '["products\\/3.jpg","products\\/6.jpg","products\\/20.jpg"]'),
	(26, 7, 1, 2.00, 'This script is well coded and is super fast. The support is pretty quick. Very patient and helpful team. I strongly recommend it and they deserve more than 5 stars.', 'published', '2023-02-20 00:12:16', '2023-02-20 00:12:16', '["products\\/4.jpg"]'),
	(27, 10, 11, 5.00, 'The best ecommerce CMS! Excellent coding! best support service! Thank you so much..... I really like your hard work.', 'published', '2023-02-20 00:12:16', '2023-02-20 00:12:16', '["products\\/3.jpg"]'),
	(28, 8, 17, 5.00, 'Cool template. Excellent code quality. The support responds very quickly, which is very rare on themeforest and codecanyon.net, I buy a lot of templates, and everyone will have a response from technical support for two or three days. Thanks to tech support. I recommend to buy.', 'published', '2023-02-20 00:12:16', '2023-02-20 00:12:16', '["products\\/4.jpg","products\\/7.jpg","products\\/20.jpg"]'),
	(29, 5, 8, 5.00, 'This script is well coded and is super fast. The support is pretty quick. Very patient and helpful team. I strongly recommend it and they deserve more than 5 stars.', 'published', '2023-02-20 00:12:16', '2023-02-20 00:12:16', '["products\\/2.jpg","products\\/7.jpg"]'),
	(30, 1, 12, 3.00, 'The best store template! Excellent coding! Very good support! Thank you so much for all the help, I really appreciated.', 'published', '2023-02-20 00:12:16', '2023-02-20 00:12:16', '["products\\/4.jpg","products\\/5.jpg","products\\/18.jpg"]'),
	(31, 6, 6, 3.00, 'The best store template! Excellent coding! Very good support! Thank you so much for all the help, I really appreciated.', 'published', '2023-02-20 00:12:16', '2023-02-20 00:12:16', '["products\\/4.jpg","products\\/6.jpg"]'),
	(32, 5, 19, 1.00, 'The code is good, in general, if you like it, can you give it 5 stars?', 'published', '2023-02-20 00:12:16', '2023-02-20 00:12:16', '["products\\/4.jpg","products\\/7.jpg"]'),
	(33, 9, 4, 2.00, 'It\'s not my first experience here on Codecanyon and I can honestly tell you all that Botble puts a LOT of effort into the support. They answer so fast, they helped me tons of times. REALLY by far THE BEST EXPERIENCE on Codecanyon. Those guys at Botble are so good that they deserve 5 stars. I recommend them, I trust them and I can\'t wait to see what they will sell in a near future. Thank you Botble :)', 'published', '2023-02-20 00:12:16', '2023-02-20 00:12:16', '["products\\/4.jpg","products\\/7.jpg"]'),
	(34, 4, 24, 3.00, 'Those guys now what they are doing, the release such a good product that it\'s a pleasure to work with ! Even when I was stuck on the project, I created a ticket and the next day it was replied by the team. GOOD JOB guys. I love working with them :)', 'published', '2023-02-20 00:12:16', '2023-02-20 00:12:16', '["products\\/2.jpg","products\\/7.jpg"]'),
	(35, 2, 6, 2.00, 'These guys are amazing! Responses immediately, amazing support and help... I immediately feel at ease after Purchasing..', 'published', '2023-02-20 00:12:16', '2023-02-20 00:12:16', '["products\\/3.jpg","products\\/7.jpg","products\\/11.jpg"]'),
	(36, 1, 15, 4.00, 'Perfect +++++++++ i love it really also i get to fast ticket answers... Thanks Lot BOTBLE Teams', 'published', '2023-02-20 00:12:16', '2023-02-20 00:12:16', '["products\\/3.jpg","products\\/5.jpg","products\\/10.jpg"]'),
	(37, 4, 21, 3.00, 'Perfect +++++++++ i love it really also i get to fast ticket answers... Thanks Lot BOTBLE Teams', 'published', '2023-02-20 00:12:16', '2023-02-20 00:12:16', '["products\\/1.jpg","products\\/6.jpg","products\\/8.jpg"]'),
	(38, 3, 5, 1.00, 'Solution is too robust for our purpose so we didn\'t use it at the end. But I appreciate customer support during initial configuration.', 'published', '2023-02-20 00:12:16', '2023-02-20 00:12:16', '["products\\/4.jpg","products\\/6.jpg"]'),
	(39, 2, 10, 1.00, 'Great E-commerce system. And much more : Wonderful Customer Support.', 'published', '2023-02-20 00:12:16', '2023-02-20 00:12:16', '["products\\/4.jpg","products\\/7.jpg","products\\/12.jpg"]'),
	(40, 4, 22, 4.00, 'The best ecommerce CMS! Excellent coding! best support service! Thank you so much..... I really like your hard work.', 'published', '2023-02-20 00:12:16', '2023-02-20 00:12:16', '["products\\/1.jpg","products\\/6.jpg"]'),
	(41, 10, 17, 5.00, 'It\'s not my first experience here on Codecanyon and I can honestly tell you all that Botble puts a LOT of effort into the support. They answer so fast, they helped me tons of times. REALLY by far THE BEST EXPERIENCE on Codecanyon. Those guys at Botble are so good that they deserve 5 stars. I recommend them, I trust them and I can\'t wait to see what they will sell in a near future. Thank you Botble :)', 'published', '2023-02-20 00:12:16', '2023-02-20 00:12:16', '["products\\/1.jpg","products\\/5.jpg"]'),
	(42, 8, 22, 2.00, 'Amazing code, amazing support. Overall, im really confident in Botble and im happy I made the right choice! Thank you so much guys for coding this masterpiece', 'published', '2023-02-20 00:12:16', '2023-02-20 00:12:16', '["products\\/1.jpg","products\\/7.jpg"]'),
	(43, 5, 19, 2.00, 'The best store template! Excellent coding! Very good support! Thank you so much for all the help, I really appreciated.', 'published', '2023-02-20 00:12:16', '2023-02-20 00:12:16', '["products\\/2.jpg"]'),
	(44, 9, 24, 1.00, 'Those guys now what they are doing, the release such a good product that it\'s a pleasure to work with ! Even when I was stuck on the project, I created a ticket and the next day it was replied by the team. GOOD JOB guys. I love working with them :)', 'published', '2023-02-20 00:12:16', '2023-02-20 00:12:16', '["products\\/4.jpg","products\\/5.jpg"]'),
	(45, 7, 4, 3.00, 'Solution is too robust for our purpose so we didn\'t use it at the end. But I appreciate customer support during initial configuration.', 'published', '2023-02-20 00:12:16', '2023-02-20 00:12:16', '["products\\/2.jpg","products\\/5.jpg"]'),
	(46, 2, 1, 5.00, 'Ok good product. I have some issues in customizations. But its not correct to blame the developer. The product is good. Good luck for your business.', 'published', '2023-02-20 00:12:16', '2023-02-20 00:12:16', '["products\\/4.jpg","products\\/5.jpg","products\\/22.jpg"]'),
	(47, 3, 23, 2.00, 'Very enthusiastic support! Excellent code is written. It\'s a true pleasure working with.', 'published', '2023-02-20 00:12:16', '2023-02-20 00:12:16', '["products\\/1.jpg","products\\/6.jpg"]'),
	(48, 3, 14, 3.00, 'It\'s not my first experience here on Codecanyon and I can honestly tell you all that Botble puts a LOT of effort into the support. They answer so fast, they helped me tons of times. REALLY by far THE BEST EXPERIENCE on Codecanyon. Those guys at Botble are so good that they deserve 5 stars. I recommend them, I trust them and I can\'t wait to see what they will sell in a near future. Thank you Botble :)', 'published', '2023-02-20 00:12:16', '2023-02-20 00:12:16', '["products\\/3.jpg"]'),
	(49, 9, 14, 2.00, 'Best ecommerce CMS online store!', 'published', '2023-02-20 00:12:16', '2023-02-20 00:12:16', '["products\\/2.jpg","products\\/5.jpg"]'),
	(50, 10, 22, 1.00, 'Great E-commerce system. And much more : Wonderful Customer Support.', 'published', '2023-02-20 00:12:16', '2023-02-20 00:12:16', '["products\\/3.jpg","products\\/6.jpg","products\\/23.jpg"]'),
	(51, 2, 7, 5.00, 'Very enthusiastic support! Excellent code is written. It\'s a true pleasure working with.', 'published', '2023-02-20 00:12:16', '2023-02-20 00:12:16', '["products\\/3.jpg","products\\/5.jpg"]'),
	(52, 6, 4, 5.00, 'Cool template. Excellent code quality. The support responds very quickly, which is very rare on themeforest and codecanyon.net, I buy a lot of templates, and everyone will have a response from technical support for two or three days. Thanks to tech support. I recommend to buy.', 'published', '2023-02-20 00:12:16', '2023-02-20 00:12:16', '["products\\/4.jpg"]'),
	(53, 9, 4, 4.00, 'Great E-commerce system. And much more : Wonderful Customer Support.', 'published', '2023-02-20 00:12:16', '2023-02-20 00:12:16', '["products\\/2.jpg"]'),
	(54, 9, 11, 5.00, 'For me the best eCommerce script on Envato at this moment: modern, clean code, a lot of great features. The customer support is great too: I always get an answer within hours!', 'published', '2023-02-20 00:12:16', '2023-02-20 00:12:16', '["products\\/4.jpg","products\\/5.jpg"]'),
	(55, 9, 6, 2.00, 'It\'s not my first experience here on Codecanyon and I can honestly tell you all that Botble puts a LOT of effort into the support. They answer so fast, they helped me tons of times. REALLY by far THE BEST EXPERIENCE on Codecanyon. Those guys at Botble are so good that they deserve 5 stars. I recommend them, I trust them and I can\'t wait to see what they will sell in a near future. Thank you Botble :)', 'published', '2023-02-20 00:12:16', '2023-02-20 00:12:16', '["products\\/1.jpg","products\\/5.jpg"]'),
	(56, 6, 18, 4.00, 'We have received brilliant service support and will be expanding the features with the developer. Nice product!', 'published', '2023-02-20 00:12:16', '2023-02-20 00:12:16', '["products\\/1.jpg","products\\/5.jpg","products\\/19.jpg"]'),
	(57, 7, 3, 3.00, 'Great system, great support, good job Botble. I\'m looking forward to more great functional plugins.', 'published', '2023-02-20 00:12:16', '2023-02-20 00:12:16', '["products\\/2.jpg","products\\/7.jpg"]'),
	(58, 7, 18, 1.00, 'Second or third time that I buy a Botble product, happy with the products and support. You guys do a good job :)', 'published', '2023-02-20 00:12:16', '2023-02-20 00:12:16', '["products\\/1.jpg","products\\/5.jpg"]'),
	(59, 5, 1, 4.00, 'These guys are amazing! Responses immediately, amazing support and help... I immediately feel at ease after Purchasing..', 'published', '2023-02-20 00:12:16', '2023-02-20 00:12:16', '["products\\/1.jpg","products\\/6.jpg"]'),
	(60, 5, 24, 1.00, 'The script is the best of its class, fast, easy to implement and work with , and the most important thing is the great support team , Recommend with no doubt.', 'published', '2023-02-20 00:12:16', '2023-02-20 00:12:16', '["products\\/1.jpg","products\\/5.jpg"]'),
	(61, 6, 13, 5.00, 'We have received brilliant service support and will be expanding the features with the developer. Nice product!', 'published', '2023-02-20 00:12:16', '2023-02-20 00:12:16', '["products\\/3.jpg"]'),
	(62, 1, 11, 4.00, 'Best ecommerce CMS online store!', 'published', '2023-02-20 00:12:16', '2023-02-20 00:12:16', '{"0":"products\\/3.jpg","2":"products\\/24.jpg"}'),
	(63, 5, 11, 5.00, 'These guys are amazing! Responses immediately, amazing support and help... I immediately feel at ease after Purchasing..', 'published', '2023-02-20 00:12:16', '2023-02-20 00:12:16', '["products\\/2.jpg","products\\/5.jpg","products\\/14.jpg"]'),
	(64, 7, 3, 3.00, 'I Love this Script. I also found how to add other fees. Now I just wait the BIG update for the Marketplace with the Bulk Import. Just do not forget to make it to be Multi-language for us the Botble Fans.', 'published', '2023-02-20 00:12:16', '2023-02-20 00:12:16', '["products\\/3.jpg","products\\/6.jpg"]'),
	(65, 6, 9, 5.00, 'This web app is really good in design, code quality & features. Besides, the customer support provided by the Botble team was really fast & helpful. You guys are awesome!', 'published', '2023-02-20 00:12:16', '2023-02-20 00:12:16', '["products\\/1.jpg"]'),
	(66, 1, 15, 3.00, 'The best store template! Excellent coding! Very good support! Thank you so much for all the help, I really appreciated.', 'published', '2023-02-20 00:12:16', '2023-02-20 00:12:16', '["products\\/3.jpg","products\\/6.jpg","products\\/9.jpg"]'),
	(67, 1, 8, 3.00, 'Good app, good backup service and support. Good documentation.', 'published', '2023-02-20 00:12:16', '2023-02-20 00:12:16', '["products\\/4.jpg","products\\/5.jpg"]'),
	(68, 2, 8, 4.00, 'For me the best eCommerce script on Envato at this moment: modern, clean code, a lot of great features. The customer support is great too: I always get an answer within hours!', 'published', '2023-02-20 00:12:16', '2023-02-20 00:12:16', '["products\\/3.jpg","products\\/7.jpg"]'),
	(69, 1, 15, 2.00, 'Those guys now what they are doing, the release such a good product that it\'s a pleasure to work with ! Even when I was stuck on the project, I created a ticket and the next day it was replied by the team. GOOD JOB guys. I love working with them :)', 'published', '2023-02-20 00:12:16', '2023-02-20 00:12:16', '["products\\/2.jpg"]'),
	(70, 5, 16, 1.00, 'Second or third time that I buy a Botble product, happy with the products and support. You guys do a good job :)', 'published', '2023-02-20 00:12:16', '2023-02-20 00:12:16', '["products\\/3.jpg","products\\/7.jpg"]'),
	(71, 6, 1, 4.00, 'For me the best eCommerce script on Envato at this moment: modern, clean code, a lot of great features. The customer support is great too: I always get an answer within hours!', 'published', '2023-02-20 00:12:16', '2023-02-20 00:12:16', '["products\\/1.jpg","products\\/6.jpg"]'),
	(72, 1, 19, 4.00, 'Cool template. Excellent code quality. The support responds very quickly, which is very rare on themeforest and codecanyon.net, I buy a lot of templates, and everyone will have a response from technical support for two or three days. Thanks to tech support. I recommend to buy.', 'published', '2023-02-20 00:12:16', '2023-02-20 00:12:16', '["products\\/1.jpg","products\\/5.jpg"]'),
	(73, 3, 4, 4.00, 'Amazing code, amazing support. Overall, im really confident in Botble and im happy I made the right choice! Thank you so much guys for coding this masterpiece', 'published', '2023-02-20 00:12:16', '2023-02-20 00:12:16', '["products\\/3.jpg","products\\/7.jpg"]'),
	(74, 7, 8, 2.00, 'We have received brilliant service support and will be expanding the features with the developer. Nice product!', 'published', '2023-02-20 00:12:16', '2023-02-20 00:12:16', '["products\\/3.jpg","products\\/7.jpg","products\\/23.jpg"]'),
	(75, 5, 12, 3.00, 'Perfect +++++++++ i love it really also i get to fast ticket answers... Thanks Lot BOTBLE Teams', 'published', '2023-02-20 00:12:16', '2023-02-20 00:12:16', '["products\\/2.jpg","products\\/6.jpg"]'),
	(76, 3, 12, 5.00, 'The code is good, in general, if you like it, can you give it 5 stars?', 'published', '2023-02-20 00:12:16', '2023-02-20 00:12:16', '["products\\/2.jpg","products\\/6.jpg"]'),
	(77, 8, 9, 4.00, 'Great system, great support, good job Botble. I\'m looking forward to more great functional plugins.', 'published', '2023-02-20 00:12:16', '2023-02-20 00:12:16', '["products\\/1.jpg","products\\/7.jpg"]'),
	(78, 4, 21, 4.00, 'Amazing code, amazing support. Overall, im really confident in Botble and im happy I made the right choice! Thank you so much guys for coding this masterpiece', 'published', '2023-02-20 00:12:16', '2023-02-20 00:12:16', '["products\\/3.jpg","products\\/7.jpg"]'),
	(79, 4, 12, 2.00, 'The best ecommerce CMS! Excellent coding! best support service! Thank you so much..... I really like your hard work.', 'published', '2023-02-20 00:12:16', '2023-02-20 00:12:16', '["products\\/1.jpg","products\\/7.jpg","products\\/17.jpg"]'),
	(80, 4, 11, 1.00, 'Cool template. Excellent code quality. The support responds very quickly, which is very rare on themeforest and codecanyon.net, I buy a lot of templates, and everyone will have a response from technical support for two or three days. Thanks to tech support. I recommend to buy.', 'published', '2023-02-20 00:12:16', '2023-02-20 00:12:16', '["products\\/1.jpg","products\\/6.jpg","products\\/23.jpg"]'),
	(81, 3, 7, 1.00, 'As a developer I reviewed this script. This is really awesome ecommerce script. I have convinced when I noticed that it\'s built on fully WordPress concept.', 'published', '2023-02-20 00:12:16', '2023-02-20 00:12:16', '["products\\/2.jpg","products\\/7.jpg"]'),
	(82, 5, 17, 2.00, 'As a developer I reviewed this script. This is really awesome ecommerce script. I have convinced when I noticed that it\'s built on fully WordPress concept.', 'published', '2023-02-20 00:12:16', '2023-02-20 00:12:16', '{"0":"products\\/1.jpg","2":"products\\/24.jpg"}'),
	(83, 5, 17, 2.00, 'Very enthusiastic support! Excellent code is written. It\'s a true pleasure working with.', 'published', '2023-02-20 00:12:16', '2023-02-20 00:12:16', '["products\\/4.jpg","products\\/7.jpg","products\\/13.jpg"]'),
	(84, 1, 10, 5.00, 'It\'s not my first experience here on Codecanyon and I can honestly tell you all that Botble puts a LOT of effort into the support. They answer so fast, they helped me tons of times. REALLY by far THE BEST EXPERIENCE on Codecanyon. Those guys at Botble are so good that they deserve 5 stars. I recommend them, I trust them and I can\'t wait to see what they will sell in a near future. Thank you Botble :)', 'published', '2023-02-20 00:12:16', '2023-02-20 00:12:16', '["products\\/4.jpg"]'),
	(85, 3, 5, 3.00, 'Amazing code, amazing support. Overall, im really confident in Botble and im happy I made the right choice! Thank you so much guys for coding this masterpiece', 'published', '2023-02-20 00:12:16', '2023-02-20 00:12:16', '["products\\/3.jpg","products\\/5.jpg"]'),
	(86, 5, 7, 3.00, 'Those guys now what they are doing, the release such a good product that it\'s a pleasure to work with ! Even when I was stuck on the project, I created a ticket and the next day it was replied by the team. GOOD JOB guys. I love working with them :)', 'published', '2023-02-20 00:12:16', '2023-02-20 00:12:16', '["products\\/1.jpg"]'),
	(87, 5, 22, 2.00, 'We have received brilliant service support and will be expanding the features with the developer. Nice product!', 'published', '2023-02-20 00:12:16', '2023-02-20 00:12:16', '["products\\/2.jpg"]'),
	(88, 1, 5, 2.00, 'Great E-commerce system. And much more : Wonderful Customer Support.', 'published', '2023-02-20 00:12:16', '2023-02-20 00:12:16', '["products\\/4.jpg","products\\/6.jpg"]'),
	(89, 2, 17, 4.00, 'The best store template! Excellent coding! Very good support! Thank you so much for all the help, I really appreciated.', 'published', '2023-02-20 00:12:16', '2023-02-20 00:12:16', '["products\\/1.jpg","products\\/7.jpg"]'),
	(90, 7, 22, 1.00, 'I Love this Script. I also found how to add other fees. Now I just wait the BIG update for the Marketplace with the Bulk Import. Just do not forget to make it to be Multi-language for us the Botble Fans.', 'published', '2023-02-20 00:12:16', '2023-02-20 00:12:16', '["products\\/4.jpg","products\\/5.jpg","products\\/23.jpg"]'),
	(91, 7, 22, 3.00, 'These guys are amazing! Responses immediately, amazing support and help... I immediately feel at ease after Purchasing..', 'published', '2023-02-20 00:12:16', '2023-02-20 00:12:16', '["products\\/1.jpg","products\\/5.jpg"]'),
	(92, 1, 20, 3.00, 'Clean & perfect source code', 'published', '2023-02-20 00:12:16', '2023-02-20 00:12:16', '["products\\/3.jpg","products\\/6.jpg","products\\/19.jpg"]'),
	(93, 5, 16, 2.00, 'Great system, great support, good job Botble. I\'m looking forward to more great functional plugins.', 'published', '2023-02-20 00:12:16', '2023-02-20 00:12:16', '["products\\/1.jpg","products\\/6.jpg"]'),
	(94, 5, 17, 4.00, 'Great system, great support, good job Botble. I\'m looking forward to more great functional plugins.', 'published', '2023-02-20 00:12:16', '2023-02-20 00:12:16', '["products\\/3.jpg"]'),
	(95, 7, 1, 4.00, 'Great system, great support, good job Botble. I\'m looking forward to more great functional plugins.', 'published', '2023-02-20 00:12:16', '2023-02-20 00:12:16', '["products\\/2.jpg","products\\/6.jpg","products\\/18.jpg"]'),
	(96, 4, 14, 2.00, 'As a developer I reviewed this script. This is really awesome ecommerce script. I have convinced when I noticed that it\'s built on fully WordPress concept.', 'published', '2023-02-20 00:12:16', '2023-02-20 00:12:16', '["products\\/4.jpg"]'),
	(97, 2, 8, 3.00, 'This web app is really good in design, code quality & features. Besides, the customer support provided by the Botble team was really fast & helpful. You guys are awesome!', 'published', '2023-02-20 00:12:16', '2023-02-20 00:12:16', '["products\\/1.jpg","products\\/6.jpg"]'),
	(98, 9, 13, 1.00, 'Great system, great support, good job Botble. I\'m looking forward to more great functional plugins.', 'published', '2023-02-20 00:12:16', '2023-02-20 00:12:16', '{"0":"products\\/3.jpg","2":"products\\/13.jpg"}'),
	(99, 1, 21, 4.00, 'As a developer I reviewed this script. This is really awesome ecommerce script. I have convinced when I noticed that it\'s built on fully WordPress concept.', 'published', '2023-02-20 00:12:16', '2023-02-20 00:12:16', '["products\\/2.jpg","products\\/5.jpg","products\\/9.jpg"]'),
	(100, 7, 13, 5.00, 'Cool template. Excellent code quality. The support responds very quickly, which is very rare on themeforest and codecanyon.net, I buy a lot of templates, and everyone will have a response from technical support for two or three days. Thanks to tech support. I recommend to buy.', 'published', '2023-02-20 00:12:16', '2023-02-20 00:12:16', '["products\\/2.jpg","products\\/7.jpg"]');

-- Dumping structure for table wowy.ec_shipments
CREATE TABLE IF NOT EXISTS `ec_shipments` (
  `id` bigint unsigned NOT NULL AUTO_INCREMENT,
  `order_id` int unsigned NOT NULL,
  `user_id` int unsigned DEFAULT NULL,
  `weight` double(8,2) DEFAULT '0.00',
  `shipment_id` varchar(120) CHARACTER SET utf8mb4 COLLATE utf8mb4_unicode_ci DEFAULT NULL,
  `rate_id` varchar(120) CHARACTER SET utf8mb4 COLLATE utf8mb4_unicode_ci DEFAULT NULL,
  `note` varchar(120) CHARACTER SET utf8mb4 COLLATE utf8mb4_unicode_ci DEFAULT NULL,
  `status` varchar(120) CHARACTER SET utf8mb4 COLLATE utf8mb4_unicode_ci NOT NULL DEFAULT 'pending',
  `cod_amount` decimal(15,2) DEFAULT '0.00',
  `cod_status` varchar(60) CHARACTER SET utf8mb4 COLLATE utf8mb4_unicode_ci NOT NULL DEFAULT 'pending',
  `cross_checking_status` varchar(60) CHARACTER SET utf8mb4 COLLATE utf8mb4_unicode_ci NOT NULL DEFAULT 'pending',
  `price` decimal(15,2) DEFAULT '0.00',
  `store_id` int unsigned DEFAULT NULL,
  `created_at` timestamp NULL DEFAULT NULL,
  `updated_at` timestamp NULL DEFAULT NULL,
  `tracking_id` varchar(191) CHARACTER SET utf8mb4 COLLATE utf8mb4_unicode_ci DEFAULT NULL,
  `shipping_company_name` varchar(191) CHARACTER SET utf8mb4 COLLATE utf8mb4_unicode_ci DEFAULT NULL,
  `tracking_link` varchar(191) CHARACTER SET utf8mb4 COLLATE utf8mb4_unicode_ci DEFAULT NULL,
  `estimate_date_shipped` datetime DEFAULT NULL,
  `date_shipped` datetime DEFAULT NULL,
  `label_url` text CHARACTER SET utf8mb4 COLLATE utf8mb4_unicode_ci,
  `metadata` mediumtext CHARACTER SET utf8mb4 COLLATE utf8mb4_unicode_ci,
  PRIMARY KEY (`id`)
) ENGINE=InnoDB AUTO_INCREMENT=21 DEFAULT CHARSET=utf8mb4 COLLATE=utf8mb4_unicode_ci;

-- Dumping data for table wowy.ec_shipments: ~20 rows (approximately)
INSERT INTO `ec_shipments` (`id`, `order_id`, `user_id`, `weight`, `shipment_id`, `rate_id`, `note`, `status`, `cod_amount`, `cod_status`, `cross_checking_status`, `price`, `store_id`, `created_at`, `updated_at`, `tracking_id`, `shipping_company_name`, `tracking_link`, `estimate_date_shipped`, `date_shipped`, `label_url`, `metadata`) VALUES
	(1, 1, NULL, 4422.00, NULL, NULL, '', 'delivered', 0.00, 'completed', 'pending', 0.00, 0, '2023-02-20 00:12:16', '2023-02-20 00:12:16', 'JJD0010736373', 'DHL', 'https://mydhl.express.dhl/us/en/tracking.html#/track-by-reference', '2023-02-24 07:12:16', '2023-02-20 07:12:16', NULL, NULL),
	(2, 2, NULL, 3108.00, NULL, NULL, '', 'delivered', 0.00, 'completed', 'pending', 0.00, 0, '2023-02-20 00:12:16', '2023-02-20 00:12:16', 'JJD0097041899', 'DHL', 'https://mydhl.express.dhl/us/en/tracking.html#/track-by-reference', '2023-02-27 07:12:16', '2023-02-20 07:12:16', NULL, NULL),
	(3, 3, NULL, 5371.00, NULL, NULL, '', 'approved', 0.00, 'completed', 'pending', 0.00, 0, '2023-02-20 00:12:16', '2023-02-20 00:12:16', 'JJD0018099584', 'DHL', 'https://mydhl.express.dhl/us/en/tracking.html#/track-by-reference', '2023-02-21 07:12:16', NULL, NULL, NULL),
	(4, 4, NULL, 3173.00, NULL, NULL, '', 'approved', 0.00, 'completed', 'pending', 0.00, 0, '2023-02-20 00:12:16', '2023-02-20 00:12:16', 'JJD002223399', 'GHN', 'https://mydhl.express.dhl/us/en/tracking.html#/track-by-reference', '2023-02-28 07:12:16', NULL, NULL, NULL),
	(5, 5, NULL, 6040.00, NULL, NULL, '', 'approved', 0.00, 'completed', 'pending', 0.00, 0, '2023-02-20 00:12:16', '2023-02-20 00:12:16', 'JJD0092066146', 'AliExpress', 'https://mydhl.express.dhl/us/en/tracking.html#/track-by-reference', '2023-02-28 07:12:16', NULL, NULL, NULL),
	(6, 6, NULL, 3222.00, NULL, NULL, '', 'approved', 0.00, 'completed', 'pending', 0.00, 0, '2023-02-20 00:12:16', '2023-02-20 00:12:16', 'JJD0091426167', 'GHN', 'https://mydhl.express.dhl/us/en/tracking.html#/track-by-reference', '2023-03-02 07:12:16', NULL, NULL, NULL),
	(7, 7, NULL, 5667.00, NULL, NULL, '', 'approved', 0.00, 'completed', 'pending', 0.00, 0, '2023-02-20 00:12:16', '2023-02-20 00:12:16', 'JJD0093999158', 'GHN', 'https://mydhl.express.dhl/us/en/tracking.html#/track-by-reference', '2023-02-22 07:12:16', NULL, NULL, NULL),
	(8, 8, NULL, 3950.00, NULL, NULL, '', 'approved', 0.00, 'completed', 'pending', 0.00, 0, '2023-02-20 00:12:16', '2023-02-20 00:12:16', 'JJD0035957574', 'DHL', 'https://mydhl.express.dhl/us/en/tracking.html#/track-by-reference', '2023-02-27 07:12:16', NULL, NULL, NULL),
	(9, 9, NULL, 2346.00, NULL, NULL, '', 'delivered', 0.00, 'completed', 'pending', 0.00, 0, '2023-02-20 00:12:16', '2023-02-20 00:12:16', 'JJD0010098301', 'GHN', 'https://mydhl.express.dhl/us/en/tracking.html#/track-by-reference', '2023-02-25 07:12:16', '2023-02-20 07:12:16', NULL, NULL),
	(10, 10, NULL, 4374.00, NULL, NULL, '', 'approved', 0.00, 'completed', 'pending', 0.00, 0, '2023-02-20 00:12:16', '2023-02-20 00:12:16', 'JJD0059108349', 'FastShipping', 'https://mydhl.express.dhl/us/en/tracking.html#/track-by-reference', '2023-02-21 07:12:16', NULL, NULL, NULL),
	(11, 11, NULL, 2987.00, NULL, NULL, '', 'approved', 1622.00, 'pending', 'pending', 0.00, 0, '2023-02-20 00:12:16', '2023-02-20 00:12:16', 'JJD0094327075', 'DHL', 'https://mydhl.express.dhl/us/en/tracking.html#/track-by-reference', '2023-02-24 07:12:16', NULL, NULL, NULL),
	(12, 12, NULL, 2613.00, NULL, NULL, '', 'delivered', 0.00, 'completed', 'pending', 0.00, 0, '2023-02-20 00:12:16', '2023-02-20 00:12:16', 'JJD0018890484', 'AliExpress', 'https://mydhl.express.dhl/us/en/tracking.html#/track-by-reference', '2023-02-26 07:12:16', '2023-02-20 07:12:16', NULL, NULL),
	(13, 13, NULL, 1377.00, NULL, NULL, '', 'delivered', 0.00, 'completed', 'pending', 0.00, 0, '2023-02-20 00:12:16', '2023-02-20 00:12:16', 'JJD0066251842', 'FastShipping', 'https://mydhl.express.dhl/us/en/tracking.html#/track-by-reference', '2023-02-21 07:12:16', '2023-02-20 07:12:16', NULL, NULL),
	(14, 14, NULL, 4623.00, NULL, NULL, '', 'delivered', 0.00, 'completed', 'pending', 0.00, 0, '2023-02-20 00:12:16', '2023-02-20 00:12:16', 'JJD004312085', 'FastShipping', 'https://mydhl.express.dhl/us/en/tracking.html#/track-by-reference', '2023-02-23 07:12:16', '2023-02-20 07:12:16', NULL, NULL),
	(15, 15, NULL, 4188.00, NULL, NULL, '', 'delivered', 0.00, 'completed', 'pending', 0.00, 0, '2023-02-20 00:12:16', '2023-02-20 00:12:16', 'JJD0040535959', 'AliExpress', 'https://mydhl.express.dhl/us/en/tracking.html#/track-by-reference', '2023-02-27 07:12:16', '2023-02-20 07:12:16', NULL, NULL),
	(16, 16, NULL, 4230.00, NULL, NULL, '', 'approved', 650.00, 'pending', 'pending', 0.00, 0, '2023-02-20 00:12:16', '2023-02-20 00:12:16', 'JJD0026404474', 'FastShipping', 'https://mydhl.express.dhl/us/en/tracking.html#/track-by-reference', '2023-03-01 07:12:16', NULL, NULL, NULL),
	(17, 17, NULL, 3233.00, NULL, NULL, '', 'delivered', 0.00, 'completed', 'pending', 0.00, 0, '2023-02-20 00:12:16', '2023-02-20 00:12:16', 'JJD0018490133', 'FastShipping', 'https://mydhl.express.dhl/us/en/tracking.html#/track-by-reference', '2023-02-27 07:12:16', '2023-02-20 07:12:16', NULL, NULL),
	(18, 18, NULL, 5313.00, NULL, NULL, '', 'delivered', 0.00, 'completed', 'pending', 0.00, 0, '2023-02-20 00:12:16', '2023-02-20 00:12:16', 'JJD0078601399', 'AliExpress', 'https://mydhl.express.dhl/us/en/tracking.html#/track-by-reference', '2023-02-25 07:12:16', '2023-02-20 07:12:16', NULL, NULL),
	(19, 19, NULL, 2941.00, NULL, NULL, '', 'approved', 0.00, 'completed', 'pending', 0.00, 0, '2023-02-20 00:12:16', '2023-02-20 00:12:16', 'JJD0012001512', 'AliExpress', 'https://mydhl.express.dhl/us/en/tracking.html#/track-by-reference', '2023-03-01 07:12:16', NULL, NULL, NULL),
	(20, 20, NULL, 3682.00, NULL, NULL, '', 'delivered', 0.00, 'completed', 'pending', 0.00, 0, '2023-02-20 00:12:16', '2023-02-20 00:12:16', 'JJD0057372363', 'FastShipping', 'https://mydhl.express.dhl/us/en/tracking.html#/track-by-reference', '2023-02-24 07:12:16', '2023-02-20 07:12:16', NULL, NULL);

-- Dumping structure for table wowy.ec_shipment_histories
CREATE TABLE IF NOT EXISTS `ec_shipment_histories` (
  `id` bigint unsigned NOT NULL AUTO_INCREMENT,
  `action` varchar(120) CHARACTER SET utf8mb4 COLLATE utf8mb4_unicode_ci NOT NULL,
  `description` varchar(255) CHARACTER SET utf8mb4 COLLATE utf8mb4_unicode_ci NOT NULL,
  `user_id` int unsigned DEFAULT NULL,
  `shipment_id` int unsigned NOT NULL,
  `order_id` int unsigned NOT NULL,
  `created_at` timestamp NULL DEFAULT NULL,
  `updated_at` timestamp NULL DEFAULT NULL,
  PRIMARY KEY (`id`)
) ENGINE=InnoDB AUTO_INCREMENT=51 DEFAULT CHARSET=utf8mb4 COLLATE=utf8mb4_unicode_ci;

-- Dumping data for table wowy.ec_shipment_histories: ~50 rows (approximately)
INSERT INTO `ec_shipment_histories` (`id`, `action`, `description`, `user_id`, `shipment_id`, `order_id`, `created_at`, `updated_at`) VALUES
	(1, 'create_from_order', 'Shipping was created from order %order_id%', 0, 1, 1, '2023-02-18 08:12:16', '2023-02-18 08:12:16'),
	(2, 'update_status', 'Changed status of shipping to: Approved. Updated by: %user_name%', 0, 1, 1, '2023-02-18 08:12:16', '2023-02-20 00:12:16'),
	(3, 'update_status', 'Changed status of shipping to: Delivered. Updated by: %user_name%', 0, 1, 1, '2023-02-20 00:12:16', '2023-02-20 00:12:16'),
	(4, 'create_from_order', 'Shipping was created from order %order_id%', 0, 2, 2, '2023-02-07 08:12:16', '2023-02-07 08:12:16'),
	(5, 'update_status', 'Changed status of shipping to: Approved. Updated by: %user_name%', 0, 2, 2, '2023-02-18 10:12:16', '2023-02-20 00:12:16'),
	(6, 'update_status', 'Changed status of shipping to: Delivered. Updated by: %user_name%', 0, 2, 2, '2023-02-20 00:12:16', '2023-02-20 00:12:16'),
	(7, 'create_from_order', 'Shipping was created from order %order_id%', 0, 3, 3, '2023-02-18 12:12:16', '2023-02-18 12:12:16'),
	(8, 'update_status', 'Changed status of shipping to: Approved. Updated by: %user_name%', 0, 3, 3, '2023-02-18 12:12:16', '2023-02-20 00:12:16'),
	(9, 'create_from_order', 'Shipping was created from order %order_id%', 0, 4, 4, '2023-02-07 06:12:16', '2023-02-07 06:12:16'),
	(10, 'update_status', 'Changed status of shipping to: Approved. Updated by: %user_name%', 0, 4, 4, '2023-02-18 14:12:16', '2023-02-20 00:12:16'),
	(11, 'create_from_order', 'Shipping was created from order %order_id%', 0, 5, 5, '2023-02-14 16:12:16', '2023-02-14 16:12:16'),
	(12, 'update_status', 'Changed status of shipping to: Approved. Updated by: %user_name%', 0, 5, 5, '2023-02-18 16:12:16', '2023-02-20 00:12:16'),
	(13, 'create_from_order', 'Shipping was created from order %order_id%', 0, 6, 6, '2023-02-18 18:12:16', '2023-02-18 18:12:16'),
	(14, 'update_status', 'Changed status of shipping to: Approved. Updated by: %user_name%', 0, 6, 6, '2023-02-18 18:12:16', '2023-02-20 00:12:16'),
	(15, 'create_from_order', 'Shipping was created from order %order_id%', 0, 7, 7, '2023-02-09 12:12:16', '2023-02-09 12:12:16'),
	(16, 'update_status', 'Changed status of shipping to: Approved. Updated by: %user_name%', 0, 7, 7, '2023-02-18 20:12:16', '2023-02-20 00:12:16'),
	(17, 'create_from_order', 'Shipping was created from order %order_id%', 0, 8, 8, '2023-02-15 16:12:16', '2023-02-15 16:12:16'),
	(18, 'update_status', 'Changed status of shipping to: Approved. Updated by: %user_name%', 0, 8, 8, '2023-02-18 22:12:16', '2023-02-20 00:12:16'),
	(19, 'create_from_order', 'Shipping was created from order %order_id%', 0, 9, 9, '2023-02-19 00:12:16', '2023-02-19 00:12:16'),
	(20, 'update_status', 'Changed status of shipping to: Approved. Updated by: %user_name%', 0, 9, 9, '2023-02-19 00:12:16', '2023-02-20 00:12:16'),
	(21, 'update_status', 'Changed status of shipping to: Delivered. Updated by: %user_name%', 0, 9, 9, '2023-02-20 00:12:16', '2023-02-20 00:12:16'),
	(22, 'create_from_order', 'Shipping was created from order %order_id%', 0, 10, 10, '2023-02-16 08:12:16', '2023-02-16 08:12:16'),
	(23, 'update_status', 'Changed status of shipping to: Approved. Updated by: %user_name%', 0, 10, 10, '2023-02-19 02:12:16', '2023-02-20 00:12:16'),
	(24, 'create_from_order', 'Shipping was created from order %order_id%', 0, 11, 11, '2023-02-14 04:12:16', '2023-02-14 04:12:16'),
	(25, 'update_status', 'Changed status of shipping to: Approved. Updated by: %user_name%', 0, 11, 11, '2023-02-19 04:12:16', '2023-02-20 00:12:16'),
	(26, 'create_from_order', 'Shipping was created from order %order_id%', 0, 12, 12, '2023-02-16 06:12:16', '2023-02-16 06:12:16'),
	(27, 'update_status', 'Changed status of shipping to: Approved. Updated by: %user_name%', 0, 12, 12, '2023-02-19 06:12:16', '2023-02-20 00:12:16'),
	(28, 'update_status', 'Changed status of shipping to: Delivered. Updated by: %user_name%', 0, 12, 12, '2023-02-20 00:12:16', '2023-02-20 00:12:16'),
	(29, 'create_from_order', 'Shipping was created from order %order_id%', 0, 13, 13, '2023-02-16 00:12:16', '2023-02-16 00:12:16'),
	(30, 'update_status', 'Changed status of shipping to: Approved. Updated by: %user_name%', 0, 13, 13, '2023-02-19 08:12:16', '2023-02-20 00:12:16'),
	(31, 'update_status', 'Changed status of shipping to: Delivered. Updated by: %user_name%', 0, 13, 13, '2023-02-20 00:12:16', '2023-02-20 00:12:16'),
	(32, 'create_from_order', 'Shipping was created from order %order_id%', 0, 14, 14, '2023-02-18 20:12:16', '2023-02-18 20:12:16'),
	(33, 'update_status', 'Changed status of shipping to: Approved. Updated by: %user_name%', 0, 14, 14, '2023-02-19 10:12:16', '2023-02-20 00:12:16'),
	(34, 'update_status', 'Changed status of shipping to: Delivered. Updated by: %user_name%', 0, 14, 14, '2023-02-20 00:12:16', '2023-02-20 00:12:16'),
	(35, 'create_from_order', 'Shipping was created from order %order_id%', 0, 15, 15, '2023-02-18 00:12:16', '2023-02-18 00:12:16'),
	(36, 'update_status', 'Changed status of shipping to: Approved. Updated by: %user_name%', 0, 15, 15, '2023-02-19 12:12:16', '2023-02-20 00:12:16'),
	(37, 'update_status', 'Changed status of shipping to: Delivered. Updated by: %user_name%', 0, 15, 15, '2023-02-20 00:12:16', '2023-02-20 00:12:16'),
	(38, 'create_from_order', 'Shipping was created from order %order_id%', 0, 16, 16, '2023-02-16 16:12:16', '2023-02-16 16:12:16'),
	(39, 'update_status', 'Changed status of shipping to: Approved. Updated by: %user_name%', 0, 16, 16, '2023-02-19 14:12:16', '2023-02-20 00:12:16'),
	(40, 'create_from_order', 'Shipping was created from order %order_id%', 0, 17, 17, '2023-02-17 00:12:16', '2023-02-17 00:12:16'),
	(41, 'update_status', 'Changed status of shipping to: Approved. Updated by: %user_name%', 0, 17, 17, '2023-02-19 16:12:16', '2023-02-20 00:12:16'),
	(42, 'update_status', 'Changed status of shipping to: Delivered. Updated by: %user_name%', 0, 17, 17, '2023-02-20 00:12:16', '2023-02-20 00:12:16'),
	(43, 'create_from_order', 'Shipping was created from order %order_id%', 0, 18, 18, '2023-02-18 18:12:16', '2023-02-18 18:12:16'),
	(44, 'update_status', 'Changed status of shipping to: Approved. Updated by: %user_name%', 0, 18, 18, '2023-02-19 18:12:16', '2023-02-20 00:12:16'),
	(45, 'update_status', 'Changed status of shipping to: Delivered. Updated by: %user_name%', 0, 18, 18, '2023-02-20 00:12:16', '2023-02-20 00:12:16'),
	(46, 'create_from_order', 'Shipping was created from order %order_id%', 0, 19, 19, '2023-02-19 16:12:16', '2023-02-19 16:12:16'),
	(47, 'update_status', 'Changed status of shipping to: Approved. Updated by: %user_name%', 0, 19, 19, '2023-02-19 20:12:16', '2023-02-20 00:12:16'),
	(48, 'create_from_order', 'Shipping was created from order %order_id%', 0, 20, 20, '2023-02-19 18:12:16', '2023-02-19 18:12:16'),
	(49, 'update_status', 'Changed status of shipping to: Approved. Updated by: %user_name%', 0, 20, 20, '2023-02-19 22:12:16', '2023-02-20 00:12:16'),
	(50, 'update_status', 'Changed status of shipping to: Delivered. Updated by: %user_name%', 0, 20, 20, '2023-02-20 00:12:16', '2023-02-20 00:12:16');

-- Dumping structure for table wowy.ec_shipping
CREATE TABLE IF NOT EXISTS `ec_shipping` (
  `id` bigint unsigned NOT NULL AUTO_INCREMENT,
  `title` varchar(191) CHARACTER SET utf8mb4 COLLATE utf8mb4_unicode_ci DEFAULT NULL,
  `country` varchar(120) CHARACTER SET utf8mb4 COLLATE utf8mb4_unicode_ci DEFAULT NULL,
  `created_at` timestamp NULL DEFAULT NULL,
  `updated_at` timestamp NULL DEFAULT NULL,
  PRIMARY KEY (`id`)
) ENGINE=InnoDB AUTO_INCREMENT=2 DEFAULT CHARSET=utf8mb4 COLLATE=utf8mb4_unicode_ci;

-- Dumping data for table wowy.ec_shipping: ~0 rows (approximately)
INSERT INTO `ec_shipping` (`id`, `title`, `country`, `created_at`, `updated_at`) VALUES
	(1, 'All', NULL, '2023-02-20 00:12:16', '2023-02-20 00:12:16');

-- Dumping structure for table wowy.ec_shipping_rules
CREATE TABLE IF NOT EXISTS `ec_shipping_rules` (
  `id` bigint unsigned NOT NULL AUTO_INCREMENT,
  `name` varchar(120) CHARACTER SET utf8mb4 COLLATE utf8mb4_unicode_ci NOT NULL,
  `shipping_id` int unsigned NOT NULL,
  `type` varchar(24) CHARACTER SET utf8mb4 COLLATE utf8mb4_unicode_ci DEFAULT 'based_on_price',
  `from` decimal(15,2) DEFAULT '0.00',
  `to` decimal(15,2) DEFAULT '0.00',
  `price` decimal(15,2) DEFAULT '0.00',
  `created_at` timestamp NULL DEFAULT NULL,
  `updated_at` timestamp NULL DEFAULT NULL,
  PRIMARY KEY (`id`)
) ENGINE=InnoDB AUTO_INCREMENT=2 DEFAULT CHARSET=utf8mb4 COLLATE=utf8mb4_unicode_ci;

-- Dumping data for table wowy.ec_shipping_rules: ~0 rows (approximately)
INSERT INTO `ec_shipping_rules` (`id`, `name`, `shipping_id`, `type`, `from`, `to`, `price`, `created_at`, `updated_at`) VALUES
	(1, 'Free delivery', 1, 'based_on_price', 0.00, NULL, 0.00, '2023-02-20 00:12:16', '2023-02-20 00:12:16');

-- Dumping structure for table wowy.ec_shipping_rule_items
CREATE TABLE IF NOT EXISTS `ec_shipping_rule_items` (
  `id` bigint unsigned NOT NULL AUTO_INCREMENT,
  `shipping_rule_id` int unsigned NOT NULL,
  `country` varchar(120) CHARACTER SET utf8mb4 COLLATE utf8mb4_unicode_ci DEFAULT NULL,
  `state` varchar(120) CHARACTER SET utf8mb4 COLLATE utf8mb4_unicode_ci DEFAULT NULL,
  `city` varchar(120) CHARACTER SET utf8mb4 COLLATE utf8mb4_unicode_ci DEFAULT NULL,
  `zip_code` varchar(20) CHARACTER SET utf8mb4 COLLATE utf8mb4_unicode_ci DEFAULT NULL,
  `adjustment_price` decimal(15,2) DEFAULT '0.00',
  `is_enabled` tinyint(1) NOT NULL DEFAULT '1',
  `created_at` timestamp NULL DEFAULT NULL,
  `updated_at` timestamp NULL DEFAULT NULL,
  PRIMARY KEY (`id`)
) ENGINE=InnoDB DEFAULT CHARSET=utf8mb4 COLLATE=utf8mb4_unicode_ci;

-- Dumping data for table wowy.ec_shipping_rule_items: ~0 rows (approximately)

-- Dumping structure for table wowy.ec_store_locators
CREATE TABLE IF NOT EXISTS `ec_store_locators` (
  `id` bigint unsigned NOT NULL AUTO_INCREMENT,
  `name` varchar(60) CHARACTER SET utf8mb4 COLLATE utf8mb4_unicode_ci NOT NULL,
  `email` varchar(60) CHARACTER SET utf8mb4 COLLATE utf8mb4_unicode_ci DEFAULT NULL,
  `phone` varchar(20) CHARACTER SET utf8mb4 COLLATE utf8mb4_unicode_ci NOT NULL,
  `address` varchar(255) CHARACTER SET utf8mb4 COLLATE utf8mb4_unicode_ci NOT NULL,
  `country` varchar(120) CHARACTER SET utf8mb4 COLLATE utf8mb4_unicode_ci DEFAULT NULL,
  `state` varchar(120) CHARACTER SET utf8mb4 COLLATE utf8mb4_unicode_ci DEFAULT NULL,
  `city` varchar(120) CHARACTER SET utf8mb4 COLLATE utf8mb4_unicode_ci DEFAULT NULL,
  `is_primary` tinyint(1) DEFAULT '0',
  `is_shipping_location` tinyint(1) DEFAULT '1',
  `created_at` timestamp NULL DEFAULT NULL,
  `updated_at` timestamp NULL DEFAULT NULL,
  PRIMARY KEY (`id`)
) ENGINE=InnoDB AUTO_INCREMENT=2 DEFAULT CHARSET=utf8mb4 COLLATE=utf8mb4_unicode_ci;

-- Dumping data for table wowy.ec_store_locators: ~0 rows (approximately)
INSERT INTO `ec_store_locators` (`id`, `name`, `email`, `phone`, `address`, `country`, `state`, `city`, `is_primary`, `is_shipping_location`, `created_at`, `updated_at`) VALUES
	(1, 'Wowy', 'sales@botble.com', '18006268', 'North Link Building, 10 Admiralty Street', 'SG', 'Singapore', 'Singapore', 1, 1, '2023-02-20 00:12:16', '2023-02-20 00:12:16');

-- Dumping structure for table wowy.ec_taxes
CREATE TABLE IF NOT EXISTS `ec_taxes` (
  `id` bigint unsigned NOT NULL AUTO_INCREMENT,
  `title` varchar(191) CHARACTER SET utf8mb4 COLLATE utf8mb4_unicode_ci DEFAULT NULL,
  `percentage` double(8,6) DEFAULT NULL,
  `priority` int DEFAULT NULL,
  `status` varchar(60) CHARACTER SET utf8mb4 COLLATE utf8mb4_unicode_ci NOT NULL DEFAULT 'published',
  `created_at` timestamp NULL DEFAULT NULL,
  `updated_at` timestamp NULL DEFAULT NULL,
  PRIMARY KEY (`id`)
) ENGINE=InnoDB AUTO_INCREMENT=4 DEFAULT CHARSET=utf8mb4 COLLATE=utf8mb4_unicode_ci;

-- Dumping data for table wowy.ec_taxes: ~3 rows (approximately)
INSERT INTO `ec_taxes` (`id`, `title`, `percentage`, `priority`, `status`, `created_at`, `updated_at`) VALUES
	(1, 'VAT', 10.000000, 1, 'published', '2023-02-20 00:12:14', '2023-02-20 00:12:14'),
	(2, 'None', 0.000000, 2, 'published', '2023-02-20 00:12:14', '2023-02-20 00:12:14'),
	(3, 'Import Tax', 15.000000, 3, 'published', '2023-02-20 00:12:14', '2023-02-20 00:12:14');

-- Dumping structure for table wowy.ec_tax_products
CREATE TABLE IF NOT EXISTS `ec_tax_products` (
  `id` bigint unsigned NOT NULL AUTO_INCREMENT,
  `tax_id` int unsigned NOT NULL,
  `product_id` int unsigned NOT NULL,
  PRIMARY KEY (`id`),
  KEY `ec_tax_products_tax_id_index` (`tax_id`),
  KEY `ec_tax_products_product_id_index` (`product_id`)
) ENGINE=InnoDB AUTO_INCREMENT=25 DEFAULT CHARSET=utf8mb4 COLLATE=utf8mb4_unicode_ci;

-- Dumping data for table wowy.ec_tax_products: ~24 rows (approximately)
INSERT INTO `ec_tax_products` (`id`, `tax_id`, `product_id`) VALUES
	(1, 1, 1),
	(2, 1, 2),
	(3, 1, 3),
	(4, 1, 4),
	(5, 1, 5),
	(6, 1, 6),
	(7, 1, 7),
	(8, 1, 8),
	(9, 1, 9),
	(10, 1, 10),
	(11, 1, 11),
	(12, 1, 12),
	(13, 1, 13),
	(14, 1, 14),
	(15, 1, 15),
	(16, 1, 16),
	(17, 1, 17),
	(18, 1, 18),
	(19, 1, 19),
	(20, 1, 20),
	(21, 1, 21),
	(22, 1, 22),
	(23, 1, 23),
	(24, 1, 24);

-- Dumping structure for table wowy.ec_wish_lists
CREATE TABLE IF NOT EXISTS `ec_wish_lists` (
  `id` bigint unsigned NOT NULL AUTO_INCREMENT,
  `customer_id` int unsigned NOT NULL,
  `product_id` int unsigned NOT NULL,
  `created_at` timestamp NULL DEFAULT NULL,
  `updated_at` timestamp NULL DEFAULT NULL,
  PRIMARY KEY (`id`),
  KEY `ec_wish_lists_product_id_customer_id_index` (`product_id`,`customer_id`)
) ENGINE=InnoDB DEFAULT CHARSET=utf8mb4 COLLATE=utf8mb4_unicode_ci;

-- Dumping data for table wowy.ec_wish_lists: ~0 rows (approximately)

-- Dumping structure for table wowy.failed_jobs
CREATE TABLE IF NOT EXISTS `failed_jobs` (
  `id` bigint unsigned NOT NULL AUTO_INCREMENT,
  `uuid` varchar(191) CHARACTER SET utf8mb4 COLLATE utf8mb4_unicode_ci NOT NULL,
  `connection` text CHARACTER SET utf8mb4 COLLATE utf8mb4_unicode_ci NOT NULL,
  `queue` text CHARACTER SET utf8mb4 COLLATE utf8mb4_unicode_ci NOT NULL,
  `payload` longtext CHARACTER SET utf8mb4 COLLATE utf8mb4_unicode_ci NOT NULL,
  `exception` longtext CHARACTER SET utf8mb4 COLLATE utf8mb4_unicode_ci NOT NULL,
  `failed_at` timestamp NOT NULL DEFAULT CURRENT_TIMESTAMP,
  PRIMARY KEY (`id`),
  UNIQUE KEY `failed_jobs_uuid_unique` (`uuid`)
) ENGINE=InnoDB DEFAULT CHARSET=utf8mb4 COLLATE=utf8mb4_unicode_ci;

-- Dumping data for table wowy.failed_jobs: ~0 rows (approximately)

-- Dumping structure for table wowy.faqs
CREATE TABLE IF NOT EXISTS `faqs` (
  `id` bigint unsigned NOT NULL AUTO_INCREMENT,
  `question` text CHARACTER SET utf8mb4 COLLATE utf8mb4_unicode_ci NOT NULL,
  `answer` text CHARACTER SET utf8mb4 COLLATE utf8mb4_unicode_ci NOT NULL,
  `category_id` int unsigned NOT NULL,
  `status` varchar(60) CHARACTER SET utf8mb4 COLLATE utf8mb4_unicode_ci NOT NULL DEFAULT 'published',
  `created_at` timestamp NULL DEFAULT NULL,
  `updated_at` timestamp NULL DEFAULT NULL,
  PRIMARY KEY (`id`)
) ENGINE=InnoDB AUTO_INCREMENT=11 DEFAULT CHARSET=utf8mb4 COLLATE=utf8mb4_unicode_ci;

-- Dumping data for table wowy.faqs: ~10 rows (approximately)
INSERT INTO `faqs` (`id`, `question`, `answer`, `category_id`, `status`, `created_at`, `updated_at`) VALUES
	(1, 'What Shipping Methods Are Available?', 'Ex Portland Pitchfork irure mustache. Eutra fap before they sold out literally. Aliquip ugh bicycle rights actually mlkshk, seitan squid craft beer tempor.', 1, 'published', '2023-02-20 00:12:20', '2023-02-20 00:12:20'),
	(2, 'Do You Ship Internationally?', 'Hoodie tote bag mixtape tofu. Typewriter jean shorts wolf quinoa, messenger bag organic freegan cray.', 1, 'published', '2023-02-20 00:12:20', '2023-02-20 00:12:20'),
	(3, 'How Long Will It Take To Get My Package?', 'Swag slow-carb quinoa VHS typewriter pork belly brunch, paleo single-origin coffee Wes Anderson. Flexitarian Pitchfork forage, literally paleo fap pour-over. Wes Anderson Pinterest YOLO fanny pack meggings, deep v XOXO chambray sustainable slow-carb raw denim church-key fap chillwave Etsy. +1 typewriter kitsch, American Apparel tofu Banksy Vice.', 1, 'published', '2023-02-20 00:12:20', '2023-02-20 00:12:20'),
	(4, 'What Payment Methods Are Accepted?', 'Fashion axe DIY jean shorts, swag kale chips meh polaroid kogi butcher Wes Anderson chambray next level semiotics gentrify yr. Voluptate photo booth fugiat Vice. Austin sed Williamsburg, ea labore raw denim voluptate cred proident mixtape excepteur mustache. Twee chia photo booth readymade food truck, hoodie roof party swag keytar PBR DIY.', 2, 'published', '2023-02-20 00:12:20', '2023-02-20 00:12:20'),
	(5, 'Is Buying On-Line Safe?', 'Art party authentic freegan semiotics jean shorts chia cred. Neutra Austin roof party Brooklyn, synth Thundercats swag 8-bit photo booth. Plaid letterpress leggings craft beer meh ethical Pinterest.', 2, 'published', '2023-02-20 00:12:20', '2023-02-20 00:12:20'),
	(6, 'How do I place an Order?', 'Keytar cray slow-carb, Godard banh mi salvia pour-over. Slow-carb Odd Future seitan normcore. Master cleanse American Apparel gentrify flexitarian beard slow-carb next level. Raw denim polaroid paleo farm-to-table, put a bird on it lo-fi tattooed Wes Anderson Pinterest letterpress. Fingerstache McSweeney’s pour-over, letterpress Schlitz photo booth master cleanse bespoke hashtag chillwave gentrify.', 3, 'published', '2023-02-20 00:12:20', '2023-02-20 00:12:20'),
	(7, 'How Can I Cancel Or Change My Order?', 'Plaid letterpress leggings craft beer meh ethical Pinterest. Art party authentic freegan semiotics jean shorts chia cred. Neutra Austin roof party Brooklyn, synth Thundercats swag 8-bit photo booth.', 3, 'published', '2023-02-20 00:12:20', '2023-02-20 00:12:20'),
	(8, 'Do I need an account to place an order?', 'Thundercats swag 8-bit photo booth. Plaid letterpress leggings craft beer meh ethical Pinterest. Twee chia photo booth readymade food truck, hoodie roof party swag keytar PBR DIY. Cray ugh 3 wolf moon fap, fashion axe irony butcher cornhole typewriter chambray VHS banjo street art.', 3, 'published', '2023-02-20 00:12:20', '2023-02-20 00:12:20'),
	(9, 'How Do I Track My Order?', 'Keytar cray slow-carb, Godard banh mi salvia pour-over. Slow-carb @Odd Future seitan normcore. Master cleanse American Apparel gentrify flexitarian beard slow-carb next level.', 3, 'published', '2023-02-20 00:12:20', '2023-02-20 00:12:20'),
	(10, 'How Can I Return a Product?', 'Kale chips Truffaut Williamsburg, hashtag fixie Pinterest raw denim c hambray drinking vinegar Carles street art Bushwick gastropub. Wolf Tumblr paleo church-key. Plaid food truck Echo Park YOLO bitters hella, direct trade Thundercats leggings quinoa before they sold out. You probably haven’t heard of them wayfarers authentic umami drinking vinegar Pinterest Cosby sweater, fingerstache fap High Life.', 3, 'published', '2023-02-20 00:12:20', '2023-02-20 00:12:20');

-- Dumping structure for table wowy.faqs_translations
CREATE TABLE IF NOT EXISTS `faqs_translations` (
  `lang_code` varchar(191) CHARACTER SET utf8mb4 COLLATE utf8mb4_unicode_ci NOT NULL,
  `faqs_id` int NOT NULL,
  `question` text CHARACTER SET utf8mb4 COLLATE utf8mb4_unicode_ci,
  `answer` text CHARACTER SET utf8mb4 COLLATE utf8mb4_unicode_ci,
  PRIMARY KEY (`lang_code`,`faqs_id`)
) ENGINE=InnoDB DEFAULT CHARSET=utf8mb4 COLLATE=utf8mb4_unicode_ci;

-- Dumping data for table wowy.faqs_translations: ~10 rows (approximately)
INSERT INTO `faqs_translations` (`lang_code`, `faqs_id`, `question`, `answer`) VALUES
	('vi', 1, 'Có những phương thức vận chuyển nào?', 'Ex Portland Pitchfork irure ria mép. Eutra fap trước khi họ bán hết theo đúng nghĩa đen. Aliquip ugh quyền xe đạp thực sự mlkshk, rượu bia thủ công mực seitan. '),
	('vi', 2, 'Bạn có giao hàng quốc tế không?', 'Áo hoodie túi tote Tofu mixtape. Quần đùi jean đánh chữ Wolf quinoa, túi messenger hữu cơ freegan cray. '),
	('vi', 3, 'Mất bao lâu để nhận được gói hàng của tôi?', 'Bữa nửa buổi ăn sáng bằng bụng heo quay từ máy đánh chữ VHS, cà phê có nguồn gốc đơn Paleo, Wes Anderson. Khoan Pitchfork linh hoạt, theo nghĩa đen là đổ qua fap theo nghĩa đen. Wes Anderson Pinterest YOLO fanny pack meggings, deep v XOXO chambray bền vững slow-carb raw denim Church-key fap chillwave Etsy. +1 bộ dụng cụ đánh máy, đậu phụ Banksy Vice của American Apparel. '),
	('vi', 4, 'Phương thức thanh toán nào được chấp nhận?', 'Fashion Axe DIY jean shorts, swag kale chips meh polaroid kogi butcher Wes Anderson chambray next level semiotics gentrify yr. Quầy ảnh Voluptate fugiat Vice. Austin sed Williamsburg, ea labore raw denim voluptate cred proident mixtape excepteur ria mép. Twee chia gian hàng chụp ảnh xe bán đồ ăn sẵn, bữa tiệc trên mái áo hoodie swag keytar PBR DIY. '),
	('vi', 5, 'Mua trực tuyến có an toàn không?', 'Bữa tiệc nghệ thuật đích thực freegan semiotics jean shorts chia credit. Tiệc trên mái nhà Neutra Austin Brooklyn, Thundercats swag synth gian hàng ảnh 8-bit. Xà cạp letterpress kẻ sọc thủ công bia meh đạo đức Pinterest. '),
	('vi', 6, 'Làm cách nào để đặt hàng?', 'Keytar cray slow-carb, Godard banh mi salvia pour-over. Slow-carb Odd Định mức seitan trong tương lai. Master làm sạch American Apparel nhẹ nhàng làm sạch râu linh hoạt chậm carb cấp độ tiếp theo. Vải thô denim polaroid nhạt từ trang trại đến bàn, đặt một con chim trên đó hình xăm lo-fi Wes Anderson Pinterest letterpress. Bậc thầy gian hàng ảnh Schlitz của Fingerstache McSweeney đang làm sạch thẻ bắt đầu bằng hashtag theo yêu cầu riêng, chillwave gentrify. '),
	('vi', 7, 'Làm cách nào để tôi có thể hủy hoặc thay đổi đơn hàng của mình?', 'Xà cạp letterpress kẻ sọc thủ công bia meh đạo đức Pinterest. Bữa tiệc nghệ thuật đích thực freegan semiotics jean shorts chia tín. Tiệc trên mái nhà Neutra Austin ở Brooklyn, synth Thundercats có gian hàng ảnh 8-bit. '),
	('vi', 8, 'Tôi có cần tài khoản để đặt hàng không?', 'Thundercats làm lung lay gian hàng ảnh 8-bit. Xà cạp letterpress kẻ sọc thủ công bia meh đạo đức Pinterest. Twee chia ảnh gian hàng xe bán thức ăn làm sẵn, bữa tiệc trên mái áo hoodie swag keytar PBR DIY. Cray ugh 3 wolf moon fap, rìu thời trang mỉa mai người bán thịt máy đánh chữ chambray VHS banjo nghệ thuật đường phố. '),
	('vi', 9, 'Làm cách nào để theo dõi đơn hàng của tôi?', 'Keytar cray slow-carb, Godard banh mi salvia pour-over. Slow-carb @Odd Định mức seitan trong tương lai. Bậc thầy làm sạch American Apparel nhẹ nhàng làm sạch râu linh hoạt theo kiểu chậm carb cấp độ tiếp theo. '),
	('vi', 10, 'Làm cách nào để trả lại sản phẩm?', 'Kale chips Truffaut Williamsburg, fixie hashtag Pinterest raw denim c hambray uống giấm Carles street art Bushwick gastropub. Chìa khóa nhà thờ Wolf Tumblr. Xe tải thực phẩm kẻ sọc Echo Park YOLO cắn hella, giao dịch trực tiếp Thundercats legging quinoa trước khi bán hết. Có thể bạn chưa từng nghe nói về họ những người truyền bá vị umami đích thực uống giấm Pinterest Áo len Cosby, fingerstache fap High Life. ');

-- Dumping structure for table wowy.faq_categories
CREATE TABLE IF NOT EXISTS `faq_categories` (
  `id` bigint unsigned NOT NULL AUTO_INCREMENT,
  `name` varchar(120) CHARACTER SET utf8mb4 COLLATE utf8mb4_unicode_ci NOT NULL,
  `order` tinyint NOT NULL DEFAULT '0',
  `status` varchar(60) CHARACTER SET utf8mb4 COLLATE utf8mb4_unicode_ci NOT NULL DEFAULT 'published',
  `created_at` timestamp NULL DEFAULT NULL,
  `updated_at` timestamp NULL DEFAULT NULL,
  PRIMARY KEY (`id`)
) ENGINE=InnoDB AUTO_INCREMENT=4 DEFAULT CHARSET=utf8mb4 COLLATE=utf8mb4_unicode_ci;

-- Dumping data for table wowy.faq_categories: ~3 rows (approximately)
INSERT INTO `faq_categories` (`id`, `name`, `order`, `status`, `created_at`, `updated_at`) VALUES
	(1, 'Shipping', 0, 'published', '2023-02-20 00:12:20', '2023-02-20 00:12:20'),
	(2, 'Payment', 1, 'published', '2023-02-20 00:12:20', '2023-02-20 00:12:20'),
	(3, 'Order &amp; Returns', 2, 'published', '2023-02-20 00:12:20', '2023-02-20 00:12:20');

-- Dumping structure for table wowy.faq_categories_translations
CREATE TABLE IF NOT EXISTS `faq_categories_translations` (
  `lang_code` varchar(191) CHARACTER SET utf8mb4 COLLATE utf8mb4_unicode_ci NOT NULL,
  `faq_categories_id` int NOT NULL,
  `name` varchar(120) CHARACTER SET utf8mb4 COLLATE utf8mb4_unicode_ci DEFAULT NULL,
  PRIMARY KEY (`lang_code`,`faq_categories_id`)
) ENGINE=InnoDB DEFAULT CHARSET=utf8mb4 COLLATE=utf8mb4_unicode_ci;

-- Dumping data for table wowy.faq_categories_translations: ~3 rows (approximately)
INSERT INTO `faq_categories_translations` (`lang_code`, `faq_categories_id`, `name`) VALUES
	('vi', 1, 'VẬN CHUYỂN'),
	('vi', 2, 'THANH TOÁN'),
	('vi', 3, 'ĐƠN HÀNG & HOÀN TRẢ');

-- Dumping structure for table wowy.jobs
CREATE TABLE IF NOT EXISTS `jobs` (
  `id` bigint unsigned NOT NULL AUTO_INCREMENT,
  `queue` varchar(191) CHARACTER SET utf8mb4 COLLATE utf8mb4_unicode_ci NOT NULL,
  `payload` longtext CHARACTER SET utf8mb4 COLLATE utf8mb4_unicode_ci NOT NULL,
  `attempts` tinyint unsigned NOT NULL,
  `reserved_at` int unsigned DEFAULT NULL,
  `available_at` int unsigned NOT NULL,
  `created_at` int unsigned NOT NULL,
  PRIMARY KEY (`id`),
  KEY `jobs_queue_index` (`queue`)
) ENGINE=InnoDB DEFAULT CHARSET=utf8mb4 COLLATE=utf8mb4_unicode_ci;

-- Dumping data for table wowy.jobs: ~0 rows (approximately)

-- Dumping structure for table wowy.languages
CREATE TABLE IF NOT EXISTS `languages` (
  `lang_id` int unsigned NOT NULL AUTO_INCREMENT,
  `lang_name` varchar(120) CHARACTER SET utf8mb4 COLLATE utf8mb4_unicode_ci NOT NULL,
  `lang_locale` varchar(20) CHARACTER SET utf8mb4 COLLATE utf8mb4_unicode_ci NOT NULL,
  `lang_code` varchar(20) CHARACTER SET utf8mb4 COLLATE utf8mb4_unicode_ci NOT NULL,
  `lang_flag` varchar(20) CHARACTER SET utf8mb4 COLLATE utf8mb4_unicode_ci DEFAULT NULL,
  `lang_is_default` tinyint unsigned NOT NULL DEFAULT '0',
  `lang_order` int NOT NULL DEFAULT '0',
  `lang_is_rtl` tinyint unsigned NOT NULL DEFAULT '0',
  PRIMARY KEY (`lang_id`)
) ENGINE=InnoDB AUTO_INCREMENT=3 DEFAULT CHARSET=utf8mb4 COLLATE=utf8mb4_unicode_ci;

-- Dumping data for table wowy.languages: ~2 rows (approximately)
INSERT INTO `languages` (`lang_id`, `lang_name`, `lang_locale`, `lang_code`, `lang_flag`, `lang_is_default`, `lang_order`, `lang_is_rtl`) VALUES
	(1, 'English', 'en', 'en_US', 'us', 1, 0, 0),
	(2, 'Tiếng Việt', 'vi', 'vi', 'vn', 0, 0, 0);

-- Dumping structure for table wowy.language_meta
CREATE TABLE IF NOT EXISTS `language_meta` (
  `lang_meta_id` int unsigned NOT NULL AUTO_INCREMENT,
  `lang_meta_code` text CHARACTER SET utf8mb4 COLLATE utf8mb4_unicode_ci,
  `lang_meta_origin` varchar(255) CHARACTER SET utf8mb4 COLLATE utf8mb4_unicode_ci NOT NULL,
  `reference_id` int unsigned NOT NULL,
  `reference_type` varchar(120) CHARACTER SET utf8mb4 COLLATE utf8mb4_unicode_ci NOT NULL,
  PRIMARY KEY (`lang_meta_id`),
  KEY `language_meta_reference_id_index` (`reference_id`)
) ENGINE=InnoDB AUTO_INCREMENT=17 DEFAULT CHARSET=utf8mb4 COLLATE=utf8mb4_unicode_ci;

-- Dumping data for table wowy.language_meta: ~16 rows (approximately)
INSERT INTO `language_meta` (`lang_meta_id`, `lang_meta_code`, `lang_meta_origin`, `reference_id`, `reference_type`) VALUES
	(1, 'en_US', 'a3958b157f11ad9522041b0ce3540712', 1, 'Botble\\SimpleSlider\\Models\\SimpleSlider'),
	(2, 'en_US', 'cf42457676add46be4f2f790571350d1', 2, 'Botble\\SimpleSlider\\Models\\SimpleSlider'),
	(3, 'en_US', '862ae59449b8b9b54bbf2c9c65357a1b', 3, 'Botble\\SimpleSlider\\Models\\SimpleSlider'),
	(4, 'en_US', 'd7518c03866d053d45492f3c30c37ca8', 4, 'Botble\\SimpleSlider\\Models\\SimpleSlider'),
	(5, 'vi', 'a3958b157f11ad9522041b0ce3540712', 5, 'Botble\\SimpleSlider\\Models\\SimpleSlider'),
	(6, 'vi', 'cf42457676add46be4f2f790571350d1', 6, 'Botble\\SimpleSlider\\Models\\SimpleSlider'),
	(7, 'vi', '862ae59449b8b9b54bbf2c9c65357a1b', 7, 'Botble\\SimpleSlider\\Models\\SimpleSlider'),
	(8, 'vi', 'd7518c03866d053d45492f3c30c37ca8', 8, 'Botble\\SimpleSlider\\Models\\SimpleSlider'),
	(9, 'en_US', 'd64a7d6f55adac189519134bd80ae651', 1, 'Botble\\Menu\\Models\\MenuLocation'),
	(10, 'en_US', 'ff8855d326f952d26877cf690357516c', 1, 'Botble\\Menu\\Models\\Menu'),
	(11, 'en_US', '9fbc6bf5aefa3dc11d246298f8b11d32', 2, 'Botble\\Menu\\Models\\Menu'),
	(12, 'en_US', '6eb5616198ebb1f8a4f1ece5ed8c8d92', 3, 'Botble\\Menu\\Models\\Menu'),
	(13, 'vi', 'd2e045a08e40b26eebac4e82a333fad5', 2, 'Botble\\Menu\\Models\\MenuLocation'),
	(14, 'vi', 'ff8855d326f952d26877cf690357516c', 4, 'Botble\\Menu\\Models\\Menu'),
	(15, 'vi', '9fbc6bf5aefa3dc11d246298f8b11d32', 5, 'Botble\\Menu\\Models\\Menu'),
	(16, 'vi', '6eb5616198ebb1f8a4f1ece5ed8c8d92', 6, 'Botble\\Menu\\Models\\Menu');

-- Dumping structure for table wowy.media_files
CREATE TABLE IF NOT EXISTS `media_files` (
  `id` bigint unsigned NOT NULL AUTO_INCREMENT,
  `user_id` int unsigned NOT NULL,
  `name` varchar(255) CHARACTER SET utf8mb4 COLLATE utf8mb4_unicode_ci NOT NULL,
  `alt` varchar(191) CHARACTER SET utf8mb4 COLLATE utf8mb4_unicode_ci DEFAULT NULL,
  `folder_id` int unsigned NOT NULL DEFAULT '0',
  `mime_type` varchar(120) CHARACTER SET utf8mb4 COLLATE utf8mb4_unicode_ci NOT NULL,
  `size` int NOT NULL,
  `url` varchar(255) CHARACTER SET utf8mb4 COLLATE utf8mb4_unicode_ci NOT NULL,
  `options` text CHARACTER SET utf8mb4 COLLATE utf8mb4_unicode_ci,
  `created_at` timestamp NULL DEFAULT NULL,
  `updated_at` timestamp NULL DEFAULT NULL,
  `deleted_at` timestamp NULL DEFAULT NULL,
  PRIMARY KEY (`id`),
  KEY `media_files_user_id_index` (`user_id`),
  KEY `media_files_index` (`folder_id`,`user_id`,`created_at`)
) ENGINE=InnoDB AUTO_INCREMENT=122 DEFAULT CHARSET=utf8mb4 COLLATE=utf8mb4_unicode_ci;

-- Dumping data for table wowy.media_files: ~20 rows (approximately)
INSERT INTO `media_files` (`id`, `user_id`, `name`, `alt`, `folder_id`, `mime_type`, `size`, `url`, `options`, `created_at`, `updated_at`, `deleted_at`) VALUES
	(94, 0, '1', '1', 7, 'image/jpeg', 2165, 'news/1.jpg', '[]', '2023-02-20 00:12:18', '2023-02-20 00:12:18', NULL),
	(95, 0, '10', '10', 7, 'image/jpeg', 2165, 'news/10.jpg', '[]', '2023-02-20 00:12:18', '2023-02-20 00:12:18', NULL),
	(96, 0, '11', '11', 7, 'image/jpeg', 2165, 'news/11.jpg', '[]', '2023-02-20 00:12:18', '2023-02-20 00:12:18', NULL),
	(97, 0, '2', '2', 7, 'image/jpeg', 2165, 'news/2.jpg', '[]', '2023-02-20 00:12:18', '2023-02-20 00:12:18', NULL),
	(98, 0, '3', '3', 7, 'image/jpeg', 2165, 'news/3.jpg', '[]', '2023-02-20 00:12:18', '2023-02-20 00:12:18', NULL),
	(99, 0, '4', '4', 7, 'image/jpeg', 2165, 'news/4.jpg', '[]', '2023-02-20 00:12:18', '2023-02-20 00:12:18', NULL),
	(100, 0, '5', '5', 7, 'image/jpeg', 2165, 'news/5.jpg', '[]', '2023-02-20 00:12:18', '2023-02-20 00:12:18', NULL),
	(101, 0, '6', '6', 7, 'image/jpeg', 2165, 'news/6.jpg', '[]', '2023-02-20 00:12:18', '2023-02-20 00:12:18', NULL),
	(102, 0, '7', '7', 7, 'image/jpeg', 2165, 'news/7.jpg', '[]', '2023-02-20 00:12:18', '2023-02-20 00:12:18', NULL),
	(103, 0, '8', '8', 7, 'image/jpeg', 2165, 'news/8.jpg', '[]', '2023-02-20 00:12:19', '2023-02-20 00:12:19', NULL),
	(104, 0, '9', '9', 7, 'image/jpeg', 2165, 'news/9.jpg', '[]', '2023-02-20 00:12:19', '2023-02-20 00:12:19', NULL),
	(111, 0, 'favicon', 'favicon', 9, 'image/png', 2343, 'general/favicon.png', '[]', '2023-02-20 00:12:20', '2023-02-20 00:12:20', NULL),
	(112, 0, 'icon-bag', 'icon-bag', 9, 'image/png', 15551, 'general/icon-bag.png', '[]', '2023-02-20 00:12:20', '2023-02-20 00:12:20', NULL),
	(113, 0, 'icon-operator', 'icon-operator', 9, 'image/png', 23328, 'general/icon-operator.png', '[]', '2023-02-20 00:12:20', '2023-02-20 00:12:20', NULL),
	(114, 0, 'icon-purchase', 'icon-purchase', 9, 'image/png', 22947, 'general/icon-purchase.png', '[]', '2023-02-20 00:12:20', '2023-02-20 00:12:20', NULL),
	(115, 0, 'icon-truck', 'icon-truck', 9, 'image/png', 17131, 'general/icon-truck.png', '[]', '2023-02-20 00:12:20', '2023-02-20 00:12:20', NULL),
	(116, 0, 'logo-light', 'logo-light', 9, 'image/png', 1938, 'general/logo-light.png', '[]', '2023-02-20 00:12:20', '2023-02-20 00:12:20', NULL),
	(117, 0, 'logo', 'logo', 9, 'image/png', 2494, 'general/logo.png', '[]', '2023-02-20 00:12:20', '2023-02-20 00:12:20', NULL),
	(118, 0, 'open-graph-image', 'open-graph-image', 9, 'image/png', 293189, 'general/open-graph-image.png', '[]', '2023-02-20 00:12:20', '2023-02-20 00:12:20', NULL),
	(119, 0, 'payment-methods', 'payment-methods', 9, 'image/png', 268, 'general/payment-methods.png', '[]', '2023-02-20 00:12:21', '2023-02-20 00:12:21', NULL),
	(120, 3, 'bm-logo', 'bm-logo', 9, 'image/png', 6627, 'general/bm-logo.png', '[]', '2023-02-22 08:12:21', '2023-02-22 08:12:21', NULL),
	(121, 3, 'lowkeytrue_a_logo_for_a_brand_selling_multifunctional_dog_leash_15722c3b-4fa0-4565-9904-f00c09539384', 'lowkeytrue_a_logo_for_a_brand_selling_multifunctional_dog_leash_15722c3b-4fa0-4565-9904-f00c09539384', 9, 'image/png', 499199, 'general/lowkeytrue-a-logo-for-a-brand-selling-multifunctional-dog-leash-15722c3b-4fa0-4565-9904-f00c09539384.png', '[]', '2023-02-22 08:12:35', '2023-02-22 08:12:35', NULL);

-- Dumping structure for table wowy.media_folders
CREATE TABLE IF NOT EXISTS `media_folders` (
  `id` bigint unsigned NOT NULL AUTO_INCREMENT,
  `user_id` int unsigned NOT NULL,
  `name` varchar(191) CHARACTER SET utf8mb4 COLLATE utf8mb4_unicode_ci DEFAULT NULL,
  `slug` varchar(191) CHARACTER SET utf8mb4 COLLATE utf8mb4_unicode_ci DEFAULT NULL,
  `parent_id` int NOT NULL DEFAULT '0',
  `created_at` timestamp NULL DEFAULT NULL,
  `updated_at` timestamp NULL DEFAULT NULL,
  `deleted_at` timestamp NULL DEFAULT NULL,
  PRIMARY KEY (`id`),
  KEY `media_folders_user_id_index` (`user_id`),
  KEY `media_folders_index` (`parent_id`,`user_id`,`created_at`)
) ENGINE=InnoDB AUTO_INCREMENT=10 DEFAULT CHARSET=utf8mb4 COLLATE=utf8mb4_unicode_ci;

-- Dumping data for table wowy.media_folders: ~2 rows (approximately)
INSERT INTO `media_folders` (`id`, `user_id`, `name`, `slug`, `parent_id`, `created_at`, `updated_at`, `deleted_at`) VALUES
	(7, 0, 'news', 'news', 0, '2023-02-20 00:12:18', '2023-02-20 00:12:18', NULL),
	(9, 0, 'general', 'general', 0, '2023-02-20 00:12:20', '2023-02-20 00:12:20', NULL);

-- Dumping structure for table wowy.media_settings
CREATE TABLE IF NOT EXISTS `media_settings` (
  `id` bigint unsigned NOT NULL AUTO_INCREMENT,
  `key` varchar(120) CHARACTER SET utf8mb4 COLLATE utf8mb4_unicode_ci NOT NULL,
  `value` text CHARACTER SET utf8mb4 COLLATE utf8mb4_unicode_ci,
  `media_id` int DEFAULT NULL,
  `user_id` int DEFAULT NULL,
  `created_at` timestamp NULL DEFAULT NULL,
  `updated_at` timestamp NULL DEFAULT NULL,
  PRIMARY KEY (`id`)
) ENGINE=InnoDB DEFAULT CHARSET=utf8mb4 COLLATE=utf8mb4_unicode_ci;

-- Dumping data for table wowy.media_settings: ~0 rows (approximately)

-- Dumping structure for table wowy.menus
CREATE TABLE IF NOT EXISTS `menus` (
  `id` bigint unsigned NOT NULL AUTO_INCREMENT,
  `name` varchar(120) CHARACTER SET utf8mb4 COLLATE utf8mb4_unicode_ci NOT NULL,
  `slug` varchar(120) CHARACTER SET utf8mb4 COLLATE utf8mb4_unicode_ci DEFAULT NULL,
  `status` varchar(60) CHARACTER SET utf8mb4 COLLATE utf8mb4_unicode_ci NOT NULL DEFAULT 'published',
  `created_at` timestamp NULL DEFAULT NULL,
  `updated_at` timestamp NULL DEFAULT NULL,
  PRIMARY KEY (`id`),
  UNIQUE KEY `menus_slug_unique` (`slug`)
) ENGINE=InnoDB AUTO_INCREMENT=7 DEFAULT CHARSET=utf8mb4 COLLATE=utf8mb4_unicode_ci;

-- Dumping data for table wowy.menus: ~6 rows (approximately)
INSERT INTO `menus` (`id`, `name`, `slug`, `status`, `created_at`, `updated_at`) VALUES
	(1, 'Main menu', 'main-menu', 'published', '2023-02-20 00:12:20', '2023-02-20 00:12:20'),
	(2, 'Product categories', 'product-categories', 'published', '2023-02-20 00:12:20', '2023-02-20 00:12:20'),
	(3, 'Information', 'information', 'published', '2023-02-20 00:12:20', '2023-02-20 00:12:20'),
	(4, 'Menu chính', 'menu-chinh', 'published', '2023-02-20 00:12:20', '2023-02-20 00:12:20'),
	(5, 'Product categories', 'danh-muc-san-pham', 'published', '2023-02-20 00:12:20', '2023-02-20 00:12:20'),
	(6, 'Information', 'thong-tin', 'published', '2023-02-20 00:12:20', '2023-02-20 00:12:20');

-- Dumping structure for table wowy.menu_locations
CREATE TABLE IF NOT EXISTS `menu_locations` (
  `id` bigint unsigned NOT NULL AUTO_INCREMENT,
  `menu_id` int unsigned NOT NULL,
  `location` varchar(120) CHARACTER SET utf8mb4 COLLATE utf8mb4_unicode_ci NOT NULL,
  `created_at` timestamp NULL DEFAULT NULL,
  `updated_at` timestamp NULL DEFAULT NULL,
  PRIMARY KEY (`id`),
  KEY `menu_locations_menu_id_created_at_index` (`menu_id`,`created_at`)
) ENGINE=InnoDB AUTO_INCREMENT=3 DEFAULT CHARSET=utf8mb4 COLLATE=utf8mb4_unicode_ci;

-- Dumping data for table wowy.menu_locations: ~2 rows (approximately)
INSERT INTO `menu_locations` (`id`, `menu_id`, `location`, `created_at`, `updated_at`) VALUES
	(1, 1, 'main-menu', '2023-02-20 00:12:20', '2023-02-20 00:12:20'),
	(2, 4, 'main-menu', '2023-02-20 00:12:20', '2023-02-20 00:12:20');

-- Dumping structure for table wowy.menu_nodes
CREATE TABLE IF NOT EXISTS `menu_nodes` (
  `id` bigint unsigned NOT NULL AUTO_INCREMENT,
  `menu_id` int unsigned NOT NULL,
  `parent_id` int unsigned NOT NULL DEFAULT '0',
  `reference_id` int unsigned DEFAULT NULL,
  `reference_type` varchar(255) CHARACTER SET utf8mb4 COLLATE utf8mb4_unicode_ci DEFAULT NULL,
  `url` varchar(120) CHARACTER SET utf8mb4 COLLATE utf8mb4_unicode_ci DEFAULT NULL,
  `icon_font` varchar(50) CHARACTER SET utf8mb4 COLLATE utf8mb4_unicode_ci DEFAULT NULL,
  `position` tinyint unsigned NOT NULL DEFAULT '0',
  `title` varchar(120) CHARACTER SET utf8mb4 COLLATE utf8mb4_unicode_ci DEFAULT NULL,
  `css_class` varchar(120) CHARACTER SET utf8mb4 COLLATE utf8mb4_unicode_ci DEFAULT NULL,
  `target` varchar(20) CHARACTER SET utf8mb4 COLLATE utf8mb4_unicode_ci NOT NULL DEFAULT '_self',
  `has_child` tinyint unsigned NOT NULL DEFAULT '0',
  `created_at` timestamp NULL DEFAULT NULL,
  `updated_at` timestamp NULL DEFAULT NULL,
  PRIMARY KEY (`id`),
  KEY `menu_nodes_menu_id_index` (`menu_id`),
  KEY `menu_nodes_parent_id_index` (`parent_id`),
  KEY `reference_id` (`reference_id`),
  KEY `reference_type` (`reference_type`)
) ENGINE=InnoDB AUTO_INCREMENT=69 DEFAULT CHARSET=utf8mb4 COLLATE=utf8mb4_unicode_ci;

-- Dumping data for table wowy.menu_nodes: ~68 rows (approximately)
INSERT INTO `menu_nodes` (`id`, `menu_id`, `parent_id`, `reference_id`, `reference_type`, `url`, `icon_font`, `position`, `title`, `css_class`, `target`, `has_child`, `created_at`, `updated_at`) VALUES
	(1, 1, 0, NULL, NULL, '/', NULL, 0, 'Home', NULL, '_self', 1, '2023-02-20 00:12:20', '2023-02-20 00:12:20'),
	(2, 1, 1, 1, 'Botble\\Page\\Models\\Page', '/homepage', NULL, 0, 'Home 1', NULL, '_self', 0, '2023-02-20 00:12:20', '2023-02-20 00:12:20'),
	(3, 1, 1, 2, 'Botble\\Page\\Models\\Page', '/homepage-2', NULL, 0, 'Home 2', NULL, '_self', 0, '2023-02-20 00:12:20', '2023-02-20 00:12:20'),
	(4, 1, 1, 3, 'Botble\\Page\\Models\\Page', '/homepage-3', NULL, 0, 'Home 3', NULL, '_self', 0, '2023-02-20 00:12:20', '2023-02-20 00:12:20'),
	(5, 1, 1, 4, 'Botble\\Page\\Models\\Page', '/homepage-4', NULL, 0, 'Home 4', NULL, '_self', 0, '2023-02-20 00:12:20', '2023-02-20 00:12:20'),
	(6, 1, 0, NULL, NULL, '/products', NULL, 0, 'Shop', NULL, '_self', 1, '2023-02-20 00:12:20', '2023-02-20 00:12:20'),
	(7, 1, 6, NULL, NULL, '/products', NULL, 0, 'Shop Grid - Full Width', NULL, '_self', 0, '2023-02-20 00:12:20', '2023-02-20 00:12:20'),
	(8, 1, 6, NULL, NULL, '/products?layout=product-right-sidebar', NULL, 0, 'Shop Grid - Right Sidebar', NULL, '_self', 0, '2023-02-20 00:12:20', '2023-02-20 00:12:20'),
	(9, 1, 6, NULL, NULL, '/products?layout=product-left-sidebar', NULL, 0, 'Shop Grid - Left Sidebar', NULL, '_self', 0, '2023-02-20 00:12:20', '2023-02-20 00:12:20'),
	(10, 1, 6, 1, 'Botble\\Ecommerce\\Models\\ProductCategory', '/product-categories/hot-promotions', NULL, 0, 'Products Of Category', NULL, '_self', 0, '2023-02-20 00:12:20', '2023-02-20 00:12:20'),
	(11, 1, 0, NULL, NULL, '#', NULL, 0, 'Product', NULL, '_self', 1, '2023-02-20 00:12:20', '2023-02-20 00:12:20'),
	(12, 1, 11, NULL, NULL, '/products/smart-home-speaker', NULL, 0, 'Product Right Sidebar', NULL, '_self', 0, '2023-02-20 00:12:20', '2023-02-20 00:12:20'),
	(13, 1, 11, NULL, NULL, '/products/headphone-ultra-bass', NULL, 0, 'Product Left Sidebar', NULL, '_self', 0, '2023-02-20 00:12:20', '2023-02-20 00:12:20'),
	(14, 1, 11, NULL, NULL, '/products/boxed-bluetooth-headphone', NULL, 0, 'Product Full Width', NULL, '_self', 0, '2023-02-20 00:12:20', '2023-02-20 00:12:20'),
	(15, 1, 0, 5, 'Botble\\Page\\Models\\Page', '', NULL, 0, 'Blog', NULL, '_self', 1, '2023-02-20 00:12:20', '2023-02-21 06:20:24'),
	(16, 1, 15, 5, 'Botble\\Page\\Models\\Page', '', NULL, 0, 'Blog Right Sidebar', NULL, '_self', 0, '2023-02-20 00:12:20', '2023-02-21 06:20:24'),
	(17, 1, 15, 13, 'Botble\\Page\\Models\\Page', '/blog-left-sidebar', NULL, 0, 'Blog Left Sidebar', NULL, '_self', 0, '2023-02-20 00:12:20', '2023-02-20 00:12:20'),
	(18, 1, 15, NULL, NULL, '/blog/4-expert-tips-on-how-to-choose-the-right-mens-wallet', NULL, 0, 'Single Post Right Sidebar', NULL, '_self', 0, '2023-02-20 00:12:20', '2023-02-20 00:12:20'),
	(19, 1, 15, NULL, NULL, '/blog/sexy-clutches-how-to-buy-amp-wear-a-designer-clutch-bag', NULL, 0, 'Single Post Left Sidebar', NULL, '_self', 0, '2023-02-20 00:12:20', '2023-02-20 00:12:20'),
	(20, 1, 15, NULL, NULL, '/blog/the-top-2020-handbag-trends-to-know', NULL, 0, 'Single Post Full Width', NULL, '_self', 0, '2023-02-20 00:12:20', '2023-02-20 00:12:20'),
	(21, 1, 15, NULL, NULL, '/blog/how-to-match-the-color-of-your-handbag-with-an-outfit', NULL, 0, 'Single Post with Product Listing', NULL, '_self', 0, '2023-02-20 00:12:20', '2023-02-20 00:12:20'),
	(22, 1, 0, 14, 'Botble\\Page\\Models\\Page', '/faq', NULL, 0, 'FAQ', NULL, '_self', 0, '2023-02-20 00:12:20', '2023-02-20 00:12:20'),
	(23, 1, 0, 6, 'Botble\\Page\\Models\\Page', '/contact', NULL, 0, 'Contact', NULL, '_self', 0, '2023-02-20 00:12:20', '2023-02-20 00:12:20'),
	(24, 2, 0, 1, 'Botble\\Ecommerce\\Models\\ProductCategory', '/product-categories/hot-promotions', NULL, 0, 'Men', NULL, '_self', 0, '2023-02-20 00:12:20', '2023-02-20 00:12:20'),
	(25, 2, 0, 2, 'Botble\\Ecommerce\\Models\\ProductCategory', '/product-categories/electronics', NULL, 0, 'Women', NULL, '_self', 0, '2023-02-20 00:12:20', '2023-02-20 00:12:20'),
	(26, 2, 0, 3, 'Botble\\Ecommerce\\Models\\ProductCategory', '/product-categories/home-audio-theaters', NULL, 0, 'Accessories', NULL, '_self', 0, '2023-02-20 00:12:20', '2023-02-20 00:12:20'),
	(27, 2, 0, 4, 'Botble\\Ecommerce\\Models\\ProductCategory', '/product-categories/tv-videos', NULL, 0, 'Shoes', NULL, '_self', 0, '2023-02-20 00:12:20', '2023-02-20 00:12:20'),
	(28, 2, 0, 5, 'Botble\\Ecommerce\\Models\\ProductCategory', '/product-categories/camera-photos-videos', NULL, 0, 'Denim', NULL, '_self', 0, '2023-02-20 00:12:20', '2023-02-20 00:12:20'),
	(29, 2, 0, 6, 'Botble\\Ecommerce\\Models\\ProductCategory', '/product-categories/cellphones-accessories', NULL, 0, 'Dress', NULL, '_self', 0, '2023-02-20 00:12:20', '2023-02-20 00:12:20'),
	(30, 3, 0, 6, 'Botble\\Page\\Models\\Page', '/contact', NULL, 0, 'Contact Us', NULL, '_self', 0, '2023-02-20 00:12:20', '2023-02-20 00:12:20'),
	(31, 3, 0, 8, 'Botble\\Page\\Models\\Page', '/cookie-policy', NULL, 0, 'About Us', NULL, '_self', 0, '2023-02-20 00:12:20', '2023-02-20 00:12:20'),
	(32, 3, 0, 9, 'Botble\\Page\\Models\\Page', '/terms-amp-conditions', NULL, 0, 'Terms & Conditions', NULL, '_self', 0, '2023-02-20 00:12:20', '2023-02-20 00:12:20'),
	(33, 3, 0, 10, 'Botble\\Page\\Models\\Page', '/returns-amp-exchanges', NULL, 0, 'Returns & Exchanges', NULL, '_self', 0, '2023-02-20 00:12:20', '2023-02-20 00:12:20'),
	(34, 3, 0, 11, 'Botble\\Page\\Models\\Page', '/shipping-amp-delivery', NULL, 0, 'Shipping & Delivery', NULL, '_self', 0, '2023-02-20 00:12:20', '2023-02-20 00:12:20'),
	(35, 3, 0, 12, 'Botble\\Page\\Models\\Page', '/privacy-policy', NULL, 0, 'Privacy Policy', NULL, '_self', 0, '2023-02-20 00:12:20', '2023-02-20 00:12:20'),
	(36, 4, 0, NULL, NULL, '/', NULL, 0, 'Trang chủ', NULL, '_self', 1, '2023-02-20 00:12:20', '2023-02-20 00:12:20'),
	(37, 4, 36, 1, 'Botble\\Page\\Models\\Page', '/homepage', NULL, 0, 'Trang chủ 1', NULL, '_self', 0, '2023-02-20 00:12:20', '2023-02-20 00:12:20'),
	(38, 4, 36, 2, 'Botble\\Page\\Models\\Page', '/homepage-2', NULL, 0, 'Trang chủ 2', NULL, '_self', 0, '2023-02-20 00:12:20', '2023-02-20 00:12:20'),
	(39, 4, 36, 3, 'Botble\\Page\\Models\\Page', '/homepage-3', NULL, 0, 'Trang chủ 3', NULL, '_self', 0, '2023-02-20 00:12:20', '2023-02-20 00:12:20'),
	(40, 4, 36, 4, 'Botble\\Page\\Models\\Page', '/homepage-4', NULL, 0, 'Trang chủ 4', NULL, '_self', 0, '2023-02-20 00:12:20', '2023-02-20 00:12:20'),
	(41, 4, 0, NULL, NULL, '/products', NULL, 0, 'Bán hàng', NULL, '_self', 1, '2023-02-20 00:12:20', '2023-02-20 00:12:20'),
	(42, 4, 41, NULL, NULL, '/products', NULL, 0, 'Tất cả sản phẩm', NULL, '_self', 0, '2023-02-20 00:12:20', '2023-02-20 00:12:20'),
	(43, 4, 41, 1, 'Botble\\Ecommerce\\Models\\ProductCategory', '/product-categories/hot-promotions', NULL, 0, 'Danh mục sản phẩm', NULL, '_self', 0, '2023-02-20 00:12:20', '2023-02-20 00:12:20'),
	(44, 4, 0, NULL, NULL, '#', NULL, 0, 'Sản phẩm', NULL, '_self', 1, '2023-02-20 00:12:20', '2023-02-20 00:12:20'),
	(45, 4, 44, NULL, NULL, '/products/smart-home-speaker', NULL, 0, 'Sản phẩm Sidebar phải', NULL, '_self', 0, '2023-02-20 00:12:20', '2023-02-20 00:12:20'),
	(46, 4, 44, NULL, NULL, '/products/headphone-ultra-bass', NULL, 0, 'Sản phẩm Sidebar trái', NULL, '_self', 0, '2023-02-20 00:12:20', '2023-02-20 00:12:20'),
	(47, 4, 44, NULL, NULL, '/products/boxed-bluetooth-headphone', NULL, 0, 'Sản phẩm full width', NULL, '_self', 0, '2023-02-20 00:12:20', '2023-02-20 00:12:20'),
	(48, 4, 0, 5, 'Botble\\Page\\Models\\Page', '', NULL, 0, 'Tin tức', NULL, '_self', 1, '2023-02-20 00:12:20', '2023-02-21 06:20:24'),
	(49, 4, 48, 5, 'Botble\\Page\\Models\\Page', '', NULL, 0, 'Tin tức Sidebar phải', NULL, '_self', 0, '2023-02-20 00:12:20', '2023-02-21 06:20:24'),
	(50, 4, 48, 13, 'Botble\\Page\\Models\\Page', '/blog-left-sidebar', NULL, 0, 'Tin tức Sidebar trái', NULL, '_self', 0, '2023-02-20 00:12:20', '2023-02-20 00:12:20'),
	(51, 4, 48, NULL, NULL, '/blog/4-expert-tips-on-how-to-choose-the-right-mens-wallet', NULL, 0, 'Bài viết Sidebar phải', NULL, '_self', 0, '2023-02-20 00:12:20', '2023-02-20 00:12:20'),
	(52, 4, 48, NULL, NULL, '/blog/sexy-clutches-how-to-buy-amp-wear-a-designer-clutch-bag', NULL, 0, 'Bài viết Sidebar trái', NULL, '_self', 0, '2023-02-20 00:12:20', '2023-02-20 00:12:20'),
	(53, 4, 48, NULL, NULL, '/blog/the-top-2020-handbag-trends-to-know', NULL, 0, 'Bài viết Full Width', NULL, '_self', 0, '2023-02-20 00:12:20', '2023-02-20 00:12:20'),
	(54, 4, 48, NULL, NULL, '/blog/how-to-match-the-color-of-your-handbag-with-an-outfit', NULL, 0, 'Bài viết with kèm sản phẩm', NULL, '_self', 0, '2023-02-20 00:12:20', '2023-02-20 00:12:20'),
	(55, 4, 0, 14, 'Botble\\Page\\Models\\Page', '/faq', NULL, 0, 'FAQ', NULL, '_self', 0, '2023-02-20 00:12:20', '2023-02-20 00:12:20'),
	(56, 4, 0, 6, 'Botble\\Page\\Models\\Page', '/contact', NULL, 0, 'Liên hệ', NULL, '_self', 0, '2023-02-20 00:12:20', '2023-02-20 00:12:20'),
	(57, 5, 0, 1, 'Botble\\Ecommerce\\Models\\ProductCategory', '/product-categories/hot-promotions', NULL, 0, 'Dành cho nam', NULL, '_self', 0, '2023-02-20 00:12:20', '2023-02-20 00:12:20'),
	(58, 5, 0, 2, 'Botble\\Ecommerce\\Models\\ProductCategory', '/product-categories/electronics', NULL, 0, 'Dành cho nữ', NULL, '_self', 0, '2023-02-20 00:12:20', '2023-02-20 00:12:20'),
	(59, 5, 0, 3, 'Botble\\Ecommerce\\Models\\ProductCategory', '/product-categories/home-audio-theaters', NULL, 0, 'Phụ kiện', NULL, '_self', 0, '2023-02-20 00:12:20', '2023-02-20 00:12:20'),
	(60, 5, 0, 4, 'Botble\\Ecommerce\\Models\\ProductCategory', '/product-categories/tv-videos', NULL, 0, 'Giày dép', NULL, '_self', 0, '2023-02-20 00:12:20', '2023-02-20 00:12:20'),
	(61, 5, 0, 5, 'Botble\\Ecommerce\\Models\\ProductCategory', '/product-categories/camera-photos-videos', NULL, 0, 'Denim', NULL, '_self', 0, '2023-02-20 00:12:20', '2023-02-20 00:12:20'),
	(62, 5, 0, 6, 'Botble\\Ecommerce\\Models\\ProductCategory', '/product-categories/cellphones-accessories', NULL, 0, 'Quần áo', NULL, '_self', 0, '2023-02-20 00:12:20', '2023-02-20 00:12:20'),
	(63, 6, 0, 6, 'Botble\\Page\\Models\\Page', '/contact', NULL, 0, 'Liên hệ', NULL, '_self', 0, '2023-02-20 00:12:20', '2023-02-20 00:12:20'),
	(64, 6, 0, 8, 'Botble\\Page\\Models\\Page', '/cookie-policy', NULL, 0, 'Về chúng tôi', NULL, '_self', 0, '2023-02-20 00:12:20', '2023-02-20 00:12:20'),
	(65, 6, 0, 9, 'Botble\\Page\\Models\\Page', '/terms-amp-conditions', NULL, 0, 'Điều khoản & quy định', NULL, '_self', 0, '2023-02-20 00:12:20', '2023-02-20 00:12:20'),
	(66, 6, 0, 10, 'Botble\\Page\\Models\\Page', '/returns-amp-exchanges', NULL, 0, 'Chính sách đổi trả', NULL, '_self', 0, '2023-02-20 00:12:20', '2023-02-20 00:12:20'),
	(67, 6, 0, 11, 'Botble\\Page\\Models\\Page', '/shipping-amp-delivery', NULL, 0, 'Chính sách vận chuyển', NULL, '_self', 0, '2023-02-20 00:12:20', '2023-02-20 00:12:20'),
	(68, 6, 0, 12, 'Botble\\Page\\Models\\Page', '/privacy-policy', NULL, 0, 'Chính sách bảo mật', NULL, '_self', 0, '2023-02-20 00:12:20', '2023-02-20 00:12:20');

-- Dumping structure for table wowy.meta_boxes
CREATE TABLE IF NOT EXISTS `meta_boxes` (
  `id` bigint unsigned NOT NULL AUTO_INCREMENT,
  `meta_key` varchar(255) CHARACTER SET utf8mb4 COLLATE utf8mb4_unicode_ci NOT NULL,
  `meta_value` text CHARACTER SET utf8mb4 COLLATE utf8mb4_unicode_ci,
  `reference_id` int unsigned NOT NULL,
  `reference_type` varchar(120) CHARACTER SET utf8mb4 COLLATE utf8mb4_unicode_ci NOT NULL,
  `created_at` timestamp NULL DEFAULT NULL,
  `updated_at` timestamp NULL DEFAULT NULL,
  PRIMARY KEY (`id`),
  KEY `meta_boxes_reference_id_index` (`reference_id`)
) ENGINE=InnoDB AUTO_INCREMENT=157 DEFAULT CHARSET=utf8mb4 COLLATE=utf8mb4_unicode_ci;

-- Dumping data for table wowy.meta_boxes: ~153 rows (approximately)
INSERT INTO `meta_boxes` (`id`, `meta_key`, `meta_value`, `reference_id`, `reference_type`, `created_at`, `updated_at`) VALUES
	(1, 'icon', '["far fa-star"]', 1, 'Botble\\Ecommerce\\Models\\ProductCategory', '2023-02-20 00:12:08', '2023-02-20 00:12:08'),
	(2, 'icon', '["wowy-font-cpu"]', 2, 'Botble\\Ecommerce\\Models\\ProductCategory', '2023-02-20 00:12:08', '2023-02-20 00:12:08'),
	(3, 'icon', '["wowy-font-tshirt"]', 11, 'Botble\\Ecommerce\\Models\\ProductCategory', '2023-02-20 00:12:08', '2023-02-20 00:12:08'),
	(4, 'icon', '["wowy-font-desktop"]', 12, 'Botble\\Ecommerce\\Models\\ProductCategory', '2023-02-20 00:12:08', '2023-02-20 00:12:08'),
	(5, 'icon', '["wowy-font-home"]', 17, 'Botble\\Ecommerce\\Models\\ProductCategory', '2023-02-20 00:12:08', '2023-02-20 00:12:08'),
	(6, 'icon', '["wowy-font-dress"]', 18, 'Botble\\Ecommerce\\Models\\ProductCategory', '2023-02-20 00:12:08', '2023-02-20 00:12:08'),
	(7, 'icon', '["wowy-font-diamond"]', 19, 'Botble\\Ecommerce\\Models\\ProductCategory', '2023-02-20 00:12:08', '2023-02-20 00:12:08'),
	(8, 'icon', '["far fa-microchip"]', 20, 'Botble\\Ecommerce\\Models\\ProductCategory', '2023-02-20 00:12:08', '2023-02-20 00:12:08'),
	(9, 'icon', '["wowy-font-smartphone"]', 25, 'Botble\\Ecommerce\\Models\\ProductCategory', '2023-02-20 00:12:08', '2023-02-20 00:12:08'),
	(10, 'icon', '["wowy-font-teddy-bear"]', 26, 'Botble\\Ecommerce\\Models\\ProductCategory', '2023-02-20 00:12:08', '2023-02-20 00:12:08'),
	(11, 'icon', '["wowy-font-kite"]', 27, 'Botble\\Ecommerce\\Models\\ProductCategory', '2023-02-20 00:12:08', '2023-02-20 00:12:08'),
	(12, 'icon', '["far fa-book"]', 28, 'Botble\\Ecommerce\\Models\\ProductCategory', '2023-02-20 00:12:08', '2023-02-20 00:12:08'),
	(13, 'icon', '["far fa-car"]', 29, 'Botble\\Ecommerce\\Models\\ProductCategory', '2023-02-20 00:12:08', '2023-02-20 00:12:08'),
	(14, 'icon', '["wowy-font-home"]', 30, 'Botble\\Ecommerce\\Models\\ProductCategory', '2023-02-20 00:12:08', '2023-02-20 00:12:08'),
	(15, 'layout', '["product-right-sidebar"]', 1, 'Botble\\Ecommerce\\Models\\Product', '2023-02-20 00:12:13', '2023-02-20 00:12:13'),
	(16, 'faq_schema_config', '[[[{"key":"question","value":"What Shipping Methods Are Available?"},{"key":"answer","value":"Ex Portland Pitchfork irure mustache. Eutra fap before they sold out literally. Aliquip ugh bicycle rights actually mlkshk, seitan squid craft beer tempor."}],[{"key":"question","value":"Do You Ship Internationally?"},{"key":"answer","value":"Hoodie tote bag mixtape tofu. Typewriter jean shorts wolf quinoa, messenger bag organic freegan cray."}],[{"key":"question","value":"How Long Will It Take To Get My Package?"},{"key":"answer","value":"Swag slow-carb quinoa VHS typewriter pork belly brunch, paleo single-origin coffee Wes Anderson. Flexitarian Pitchfork forage, literally paleo fap pour-over. Wes Anderson Pinterest YOLO fanny pack meggings, deep v XOXO chambray sustainable slow-carb raw denim church-key fap chillwave Etsy. +1 typewriter kitsch, American Apparel tofu Banksy Vice."}],[{"key":"question","value":"What Payment Methods Are Accepted?"},{"key":"answer","value":"Fashion axe DIY jean shorts, swag kale chips meh polaroid kogi butcher Wes Anderson chambray next level semiotics gentrify yr. Voluptate photo booth fugiat Vice. Austin sed Williamsburg, ea labore raw denim voluptate cred proident mixtape excepteur mustache. Twee chia photo booth readymade food truck, hoodie roof party swag keytar PBR DIY."}],[{"key":"question","value":"Is Buying On-Line Safe?"},{"key":"answer","value":"Art party authentic freegan semiotics jean shorts chia cred. Neutra Austin roof party Brooklyn, synth Thundercats swag 8-bit photo booth. Plaid letterpress leggings craft beer meh ethical Pinterest."}]]]', 1, 'Botble\\Ecommerce\\Models\\Product', '2023-02-20 00:12:13', '2023-02-20 00:12:13'),
	(17, 'layout', '["product-left-sidebar"]', 2, 'Botble\\Ecommerce\\Models\\Product', '2023-02-20 00:12:13', '2023-02-20 00:12:13'),
	(18, 'faq_schema_config', '[[[{"key":"question","value":"What Shipping Methods Are Available?"},{"key":"answer","value":"Ex Portland Pitchfork irure mustache. Eutra fap before they sold out literally. Aliquip ugh bicycle rights actually mlkshk, seitan squid craft beer tempor."}],[{"key":"question","value":"Do You Ship Internationally?"},{"key":"answer","value":"Hoodie tote bag mixtape tofu. Typewriter jean shorts wolf quinoa, messenger bag organic freegan cray."}],[{"key":"question","value":"How Long Will It Take To Get My Package?"},{"key":"answer","value":"Swag slow-carb quinoa VHS typewriter pork belly brunch, paleo single-origin coffee Wes Anderson. Flexitarian Pitchfork forage, literally paleo fap pour-over. Wes Anderson Pinterest YOLO fanny pack meggings, deep v XOXO chambray sustainable slow-carb raw denim church-key fap chillwave Etsy. +1 typewriter kitsch, American Apparel tofu Banksy Vice."}],[{"key":"question","value":"What Payment Methods Are Accepted?"},{"key":"answer","value":"Fashion axe DIY jean shorts, swag kale chips meh polaroid kogi butcher Wes Anderson chambray next level semiotics gentrify yr. Voluptate photo booth fugiat Vice. Austin sed Williamsburg, ea labore raw denim voluptate cred proident mixtape excepteur mustache. Twee chia photo booth readymade food truck, hoodie roof party swag keytar PBR DIY."}],[{"key":"question","value":"Is Buying On-Line Safe?"},{"key":"answer","value":"Art party authentic freegan semiotics jean shorts chia cred. Neutra Austin roof party Brooklyn, synth Thundercats swag 8-bit photo booth. Plaid letterpress leggings craft beer meh ethical Pinterest."}]]]', 2, 'Botble\\Ecommerce\\Models\\Product', '2023-02-20 00:12:13', '2023-02-20 00:12:13'),
	(19, 'layout', '["product-full-width"]', 3, 'Botble\\Ecommerce\\Models\\Product', '2023-02-20 00:12:13', '2023-02-20 00:12:13'),
	(20, 'faq_schema_config', '[[[{"key":"question","value":"What Shipping Methods Are Available?"},{"key":"answer","value":"Ex Portland Pitchfork irure mustache. Eutra fap before they sold out literally. Aliquip ugh bicycle rights actually mlkshk, seitan squid craft beer tempor."}],[{"key":"question","value":"Do You Ship Internationally?"},{"key":"answer","value":"Hoodie tote bag mixtape tofu. Typewriter jean shorts wolf quinoa, messenger bag organic freegan cray."}],[{"key":"question","value":"How Long Will It Take To Get My Package?"},{"key":"answer","value":"Swag slow-carb quinoa VHS typewriter pork belly brunch, paleo single-origin coffee Wes Anderson. Flexitarian Pitchfork forage, literally paleo fap pour-over. Wes Anderson Pinterest YOLO fanny pack meggings, deep v XOXO chambray sustainable slow-carb raw denim church-key fap chillwave Etsy. +1 typewriter kitsch, American Apparel tofu Banksy Vice."}],[{"key":"question","value":"What Payment Methods Are Accepted?"},{"key":"answer","value":"Fashion axe DIY jean shorts, swag kale chips meh polaroid kogi butcher Wes Anderson chambray next level semiotics gentrify yr. Voluptate photo booth fugiat Vice. Austin sed Williamsburg, ea labore raw denim voluptate cred proident mixtape excepteur mustache. Twee chia photo booth readymade food truck, hoodie roof party swag keytar PBR DIY."}],[{"key":"question","value":"Is Buying On-Line Safe?"},{"key":"answer","value":"Art party authentic freegan semiotics jean shorts chia cred. Neutra Austin roof party Brooklyn, synth Thundercats swag 8-bit photo booth. Plaid letterpress leggings craft beer meh ethical Pinterest."}]]]', 3, 'Botble\\Ecommerce\\Models\\Product', '2023-02-20 00:12:13', '2023-02-20 00:12:13'),
	(21, 'faq_schema_config', '[[[{"key":"question","value":"What Shipping Methods Are Available?"},{"key":"answer","value":"Ex Portland Pitchfork irure mustache. Eutra fap before they sold out literally. Aliquip ugh bicycle rights actually mlkshk, seitan squid craft beer tempor."}],[{"key":"question","value":"Do You Ship Internationally?"},{"key":"answer","value":"Hoodie tote bag mixtape tofu. Typewriter jean shorts wolf quinoa, messenger bag organic freegan cray."}],[{"key":"question","value":"How Long Will It Take To Get My Package?"},{"key":"answer","value":"Swag slow-carb quinoa VHS typewriter pork belly brunch, paleo single-origin coffee Wes Anderson. Flexitarian Pitchfork forage, literally paleo fap pour-over. Wes Anderson Pinterest YOLO fanny pack meggings, deep v XOXO chambray sustainable slow-carb raw denim church-key fap chillwave Etsy. +1 typewriter kitsch, American Apparel tofu Banksy Vice."}],[{"key":"question","value":"What Payment Methods Are Accepted?"},{"key":"answer","value":"Fashion axe DIY jean shorts, swag kale chips meh polaroid kogi butcher Wes Anderson chambray next level semiotics gentrify yr. Voluptate photo booth fugiat Vice. Austin sed Williamsburg, ea labore raw denim voluptate cred proident mixtape excepteur mustache. Twee chia photo booth readymade food truck, hoodie roof party swag keytar PBR DIY."}],[{"key":"question","value":"Is Buying On-Line Safe?"},{"key":"answer","value":"Art party authentic freegan semiotics jean shorts chia cred. Neutra Austin roof party Brooklyn, synth Thundercats swag 8-bit photo booth. Plaid letterpress leggings craft beer meh ethical Pinterest."}]]]', 4, 'Botble\\Ecommerce\\Models\\Product', '2023-02-20 00:12:13', '2023-02-20 00:12:13'),
	(22, 'faq_schema_config', '[[[{"key":"question","value":"What Shipping Methods Are Available?"},{"key":"answer","value":"Ex Portland Pitchfork irure mustache. Eutra fap before they sold out literally. Aliquip ugh bicycle rights actually mlkshk, seitan squid craft beer tempor."}],[{"key":"question","value":"Do You Ship Internationally?"},{"key":"answer","value":"Hoodie tote bag mixtape tofu. Typewriter jean shorts wolf quinoa, messenger bag organic freegan cray."}],[{"key":"question","value":"How Long Will It Take To Get My Package?"},{"key":"answer","value":"Swag slow-carb quinoa VHS typewriter pork belly brunch, paleo single-origin coffee Wes Anderson. Flexitarian Pitchfork forage, literally paleo fap pour-over. Wes Anderson Pinterest YOLO fanny pack meggings, deep v XOXO chambray sustainable slow-carb raw denim church-key fap chillwave Etsy. +1 typewriter kitsch, American Apparel tofu Banksy Vice."}],[{"key":"question","value":"What Payment Methods Are Accepted?"},{"key":"answer","value":"Fashion axe DIY jean shorts, swag kale chips meh polaroid kogi butcher Wes Anderson chambray next level semiotics gentrify yr. Voluptate photo booth fugiat Vice. Austin sed Williamsburg, ea labore raw denim voluptate cred proident mixtape excepteur mustache. Twee chia photo booth readymade food truck, hoodie roof party swag keytar PBR DIY."}],[{"key":"question","value":"Is Buying On-Line Safe?"},{"key":"answer","value":"Art party authentic freegan semiotics jean shorts chia cred. Neutra Austin roof party Brooklyn, synth Thundercats swag 8-bit photo booth. Plaid letterpress leggings craft beer meh ethical Pinterest."}]]]', 5, 'Botble\\Ecommerce\\Models\\Product', '2023-02-20 00:12:13', '2023-02-20 00:12:13'),
	(23, 'faq_schema_config', '[[[{"key":"question","value":"What Shipping Methods Are Available?"},{"key":"answer","value":"Ex Portland Pitchfork irure mustache. Eutra fap before they sold out literally. Aliquip ugh bicycle rights actually mlkshk, seitan squid craft beer tempor."}],[{"key":"question","value":"Do You Ship Internationally?"},{"key":"answer","value":"Hoodie tote bag mixtape tofu. Typewriter jean shorts wolf quinoa, messenger bag organic freegan cray."}],[{"key":"question","value":"How Long Will It Take To Get My Package?"},{"key":"answer","value":"Swag slow-carb quinoa VHS typewriter pork belly brunch, paleo single-origin coffee Wes Anderson. Flexitarian Pitchfork forage, literally paleo fap pour-over. Wes Anderson Pinterest YOLO fanny pack meggings, deep v XOXO chambray sustainable slow-carb raw denim church-key fap chillwave Etsy. +1 typewriter kitsch, American Apparel tofu Banksy Vice."}],[{"key":"question","value":"What Payment Methods Are Accepted?"},{"key":"answer","value":"Fashion axe DIY jean shorts, swag kale chips meh polaroid kogi butcher Wes Anderson chambray next level semiotics gentrify yr. Voluptate photo booth fugiat Vice. Austin sed Williamsburg, ea labore raw denim voluptate cred proident mixtape excepteur mustache. Twee chia photo booth readymade food truck, hoodie roof party swag keytar PBR DIY."}],[{"key":"question","value":"Is Buying On-Line Safe?"},{"key":"answer","value":"Art party authentic freegan semiotics jean shorts chia cred. Neutra Austin roof party Brooklyn, synth Thundercats swag 8-bit photo booth. Plaid letterpress leggings craft beer meh ethical Pinterest."}]]]', 6, 'Botble\\Ecommerce\\Models\\Product', '2023-02-20 00:12:13', '2023-02-20 00:12:13'),
	(24, 'faq_schema_config', '[[[{"key":"question","value":"What Shipping Methods Are Available?"},{"key":"answer","value":"Ex Portland Pitchfork irure mustache. Eutra fap before they sold out literally. Aliquip ugh bicycle rights actually mlkshk, seitan squid craft beer tempor."}],[{"key":"question","value":"Do You Ship Internationally?"},{"key":"answer","value":"Hoodie tote bag mixtape tofu. Typewriter jean shorts wolf quinoa, messenger bag organic freegan cray."}],[{"key":"question","value":"How Long Will It Take To Get My Package?"},{"key":"answer","value":"Swag slow-carb quinoa VHS typewriter pork belly brunch, paleo single-origin coffee Wes Anderson. Flexitarian Pitchfork forage, literally paleo fap pour-over. Wes Anderson Pinterest YOLO fanny pack meggings, deep v XOXO chambray sustainable slow-carb raw denim church-key fap chillwave Etsy. +1 typewriter kitsch, American Apparel tofu Banksy Vice."}],[{"key":"question","value":"What Payment Methods Are Accepted?"},{"key":"answer","value":"Fashion axe DIY jean shorts, swag kale chips meh polaroid kogi butcher Wes Anderson chambray next level semiotics gentrify yr. Voluptate photo booth fugiat Vice. Austin sed Williamsburg, ea labore raw denim voluptate cred proident mixtape excepteur mustache. Twee chia photo booth readymade food truck, hoodie roof party swag keytar PBR DIY."}],[{"key":"question","value":"Is Buying On-Line Safe?"},{"key":"answer","value":"Art party authentic freegan semiotics jean shorts chia cred. Neutra Austin roof party Brooklyn, synth Thundercats swag 8-bit photo booth. Plaid letterpress leggings craft beer meh ethical Pinterest."}]]]', 7, 'Botble\\Ecommerce\\Models\\Product', '2023-02-20 00:12:13', '2023-02-20 00:12:13'),
	(25, 'faq_schema_config', '[[[{"key":"question","value":"What Shipping Methods Are Available?"},{"key":"answer","value":"Ex Portland Pitchfork irure mustache. Eutra fap before they sold out literally. Aliquip ugh bicycle rights actually mlkshk, seitan squid craft beer tempor."}],[{"key":"question","value":"Do You Ship Internationally?"},{"key":"answer","value":"Hoodie tote bag mixtape tofu. Typewriter jean shorts wolf quinoa, messenger bag organic freegan cray."}],[{"key":"question","value":"How Long Will It Take To Get My Package?"},{"key":"answer","value":"Swag slow-carb quinoa VHS typewriter pork belly brunch, paleo single-origin coffee Wes Anderson. Flexitarian Pitchfork forage, literally paleo fap pour-over. Wes Anderson Pinterest YOLO fanny pack meggings, deep v XOXO chambray sustainable slow-carb raw denim church-key fap chillwave Etsy. +1 typewriter kitsch, American Apparel tofu Banksy Vice."}],[{"key":"question","value":"What Payment Methods Are Accepted?"},{"key":"answer","value":"Fashion axe DIY jean shorts, swag kale chips meh polaroid kogi butcher Wes Anderson chambray next level semiotics gentrify yr. Voluptate photo booth fugiat Vice. Austin sed Williamsburg, ea labore raw denim voluptate cred proident mixtape excepteur mustache. Twee chia photo booth readymade food truck, hoodie roof party swag keytar PBR DIY."}],[{"key":"question","value":"Is Buying On-Line Safe?"},{"key":"answer","value":"Art party authentic freegan semiotics jean shorts chia cred. Neutra Austin roof party Brooklyn, synth Thundercats swag 8-bit photo booth. Plaid letterpress leggings craft beer meh ethical Pinterest."}]]]', 8, 'Botble\\Ecommerce\\Models\\Product', '2023-02-20 00:12:13', '2023-02-20 00:12:13'),
	(26, 'faq_schema_config', '[[[{"key":"question","value":"What Shipping Methods Are Available?"},{"key":"answer","value":"Ex Portland Pitchfork irure mustache. Eutra fap before they sold out literally. Aliquip ugh bicycle rights actually mlkshk, seitan squid craft beer tempor."}],[{"key":"question","value":"Do You Ship Internationally?"},{"key":"answer","value":"Hoodie tote bag mixtape tofu. Typewriter jean shorts wolf quinoa, messenger bag organic freegan cray."}],[{"key":"question","value":"How Long Will It Take To Get My Package?"},{"key":"answer","value":"Swag slow-carb quinoa VHS typewriter pork belly brunch, paleo single-origin coffee Wes Anderson. Flexitarian Pitchfork forage, literally paleo fap pour-over. Wes Anderson Pinterest YOLO fanny pack meggings, deep v XOXO chambray sustainable slow-carb raw denim church-key fap chillwave Etsy. +1 typewriter kitsch, American Apparel tofu Banksy Vice."}],[{"key":"question","value":"What Payment Methods Are Accepted?"},{"key":"answer","value":"Fashion axe DIY jean shorts, swag kale chips meh polaroid kogi butcher Wes Anderson chambray next level semiotics gentrify yr. Voluptate photo booth fugiat Vice. Austin sed Williamsburg, ea labore raw denim voluptate cred proident mixtape excepteur mustache. Twee chia photo booth readymade food truck, hoodie roof party swag keytar PBR DIY."}],[{"key":"question","value":"Is Buying On-Line Safe?"},{"key":"answer","value":"Art party authentic freegan semiotics jean shorts chia cred. Neutra Austin roof party Brooklyn, synth Thundercats swag 8-bit photo booth. Plaid letterpress leggings craft beer meh ethical Pinterest."}]]]', 9, 'Botble\\Ecommerce\\Models\\Product', '2023-02-20 00:12:13', '2023-02-20 00:12:13'),
	(27, 'faq_schema_config', '[[[{"key":"question","value":"What Shipping Methods Are Available?"},{"key":"answer","value":"Ex Portland Pitchfork irure mustache. Eutra fap before they sold out literally. Aliquip ugh bicycle rights actually mlkshk, seitan squid craft beer tempor."}],[{"key":"question","value":"Do You Ship Internationally?"},{"key":"answer","value":"Hoodie tote bag mixtape tofu. Typewriter jean shorts wolf quinoa, messenger bag organic freegan cray."}],[{"key":"question","value":"How Long Will It Take To Get My Package?"},{"key":"answer","value":"Swag slow-carb quinoa VHS typewriter pork belly brunch, paleo single-origin coffee Wes Anderson. Flexitarian Pitchfork forage, literally paleo fap pour-over. Wes Anderson Pinterest YOLO fanny pack meggings, deep v XOXO chambray sustainable slow-carb raw denim church-key fap chillwave Etsy. +1 typewriter kitsch, American Apparel tofu Banksy Vice."}],[{"key":"question","value":"What Payment Methods Are Accepted?"},{"key":"answer","value":"Fashion axe DIY jean shorts, swag kale chips meh polaroid kogi butcher Wes Anderson chambray next level semiotics gentrify yr. Voluptate photo booth fugiat Vice. Austin sed Williamsburg, ea labore raw denim voluptate cred proident mixtape excepteur mustache. Twee chia photo booth readymade food truck, hoodie roof party swag keytar PBR DIY."}],[{"key":"question","value":"Is Buying On-Line Safe?"},{"key":"answer","value":"Art party authentic freegan semiotics jean shorts chia cred. Neutra Austin roof party Brooklyn, synth Thundercats swag 8-bit photo booth. Plaid letterpress leggings craft beer meh ethical Pinterest."}]]]', 10, 'Botble\\Ecommerce\\Models\\Product', '2023-02-20 00:12:13', '2023-02-20 00:12:13'),
	(28, 'faq_schema_config', '[[[{"key":"question","value":"What Shipping Methods Are Available?"},{"key":"answer","value":"Ex Portland Pitchfork irure mustache. Eutra fap before they sold out literally. Aliquip ugh bicycle rights actually mlkshk, seitan squid craft beer tempor."}],[{"key":"question","value":"Do You Ship Internationally?"},{"key":"answer","value":"Hoodie tote bag mixtape tofu. Typewriter jean shorts wolf quinoa, messenger bag organic freegan cray."}],[{"key":"question","value":"How Long Will It Take To Get My Package?"},{"key":"answer","value":"Swag slow-carb quinoa VHS typewriter pork belly brunch, paleo single-origin coffee Wes Anderson. Flexitarian Pitchfork forage, literally paleo fap pour-over. Wes Anderson Pinterest YOLO fanny pack meggings, deep v XOXO chambray sustainable slow-carb raw denim church-key fap chillwave Etsy. +1 typewriter kitsch, American Apparel tofu Banksy Vice."}],[{"key":"question","value":"What Payment Methods Are Accepted?"},{"key":"answer","value":"Fashion axe DIY jean shorts, swag kale chips meh polaroid kogi butcher Wes Anderson chambray next level semiotics gentrify yr. Voluptate photo booth fugiat Vice. Austin sed Williamsburg, ea labore raw denim voluptate cred proident mixtape excepteur mustache. Twee chia photo booth readymade food truck, hoodie roof party swag keytar PBR DIY."}],[{"key":"question","value":"Is Buying On-Line Safe?"},{"key":"answer","value":"Art party authentic freegan semiotics jean shorts chia cred. Neutra Austin roof party Brooklyn, synth Thundercats swag 8-bit photo booth. Plaid letterpress leggings craft beer meh ethical Pinterest."}]]]', 11, 'Botble\\Ecommerce\\Models\\Product', '2023-02-20 00:12:13', '2023-02-20 00:12:13'),
	(29, 'faq_schema_config', '[[[{"key":"question","value":"What Shipping Methods Are Available?"},{"key":"answer","value":"Ex Portland Pitchfork irure mustache. Eutra fap before they sold out literally. Aliquip ugh bicycle rights actually mlkshk, seitan squid craft beer tempor."}],[{"key":"question","value":"Do You Ship Internationally?"},{"key":"answer","value":"Hoodie tote bag mixtape tofu. Typewriter jean shorts wolf quinoa, messenger bag organic freegan cray."}],[{"key":"question","value":"How Long Will It Take To Get My Package?"},{"key":"answer","value":"Swag slow-carb quinoa VHS typewriter pork belly brunch, paleo single-origin coffee Wes Anderson. Flexitarian Pitchfork forage, literally paleo fap pour-over. Wes Anderson Pinterest YOLO fanny pack meggings, deep v XOXO chambray sustainable slow-carb raw denim church-key fap chillwave Etsy. +1 typewriter kitsch, American Apparel tofu Banksy Vice."}],[{"key":"question","value":"What Payment Methods Are Accepted?"},{"key":"answer","value":"Fashion axe DIY jean shorts, swag kale chips meh polaroid kogi butcher Wes Anderson chambray next level semiotics gentrify yr. Voluptate photo booth fugiat Vice. Austin sed Williamsburg, ea labore raw denim voluptate cred proident mixtape excepteur mustache. Twee chia photo booth readymade food truck, hoodie roof party swag keytar PBR DIY."}],[{"key":"question","value":"Is Buying On-Line Safe?"},{"key":"answer","value":"Art party authentic freegan semiotics jean shorts chia cred. Neutra Austin roof party Brooklyn, synth Thundercats swag 8-bit photo booth. Plaid letterpress leggings craft beer meh ethical Pinterest."}]]]', 12, 'Botble\\Ecommerce\\Models\\Product', '2023-02-20 00:12:13', '2023-02-20 00:12:13'),
	(30, 'faq_schema_config', '[[[{"key":"question","value":"What Shipping Methods Are Available?"},{"key":"answer","value":"Ex Portland Pitchfork irure mustache. Eutra fap before they sold out literally. Aliquip ugh bicycle rights actually mlkshk, seitan squid craft beer tempor."}],[{"key":"question","value":"Do You Ship Internationally?"},{"key":"answer","value":"Hoodie tote bag mixtape tofu. Typewriter jean shorts wolf quinoa, messenger bag organic freegan cray."}],[{"key":"question","value":"How Long Will It Take To Get My Package?"},{"key":"answer","value":"Swag slow-carb quinoa VHS typewriter pork belly brunch, paleo single-origin coffee Wes Anderson. Flexitarian Pitchfork forage, literally paleo fap pour-over. Wes Anderson Pinterest YOLO fanny pack meggings, deep v XOXO chambray sustainable slow-carb raw denim church-key fap chillwave Etsy. +1 typewriter kitsch, American Apparel tofu Banksy Vice."}],[{"key":"question","value":"What Payment Methods Are Accepted?"},{"key":"answer","value":"Fashion axe DIY jean shorts, swag kale chips meh polaroid kogi butcher Wes Anderson chambray next level semiotics gentrify yr. Voluptate photo booth fugiat Vice. Austin sed Williamsburg, ea labore raw denim voluptate cred proident mixtape excepteur mustache. Twee chia photo booth readymade food truck, hoodie roof party swag keytar PBR DIY."}],[{"key":"question","value":"Is Buying On-Line Safe?"},{"key":"answer","value":"Art party authentic freegan semiotics jean shorts chia cred. Neutra Austin roof party Brooklyn, synth Thundercats swag 8-bit photo booth. Plaid letterpress leggings craft beer meh ethical Pinterest."}]]]', 13, 'Botble\\Ecommerce\\Models\\Product', '2023-02-20 00:12:13', '2023-02-20 00:12:13'),
	(31, 'faq_schema_config', '[[[{"key":"question","value":"What Shipping Methods Are Available?"},{"key":"answer","value":"Ex Portland Pitchfork irure mustache. Eutra fap before they sold out literally. Aliquip ugh bicycle rights actually mlkshk, seitan squid craft beer tempor."}],[{"key":"question","value":"Do You Ship Internationally?"},{"key":"answer","value":"Hoodie tote bag mixtape tofu. Typewriter jean shorts wolf quinoa, messenger bag organic freegan cray."}],[{"key":"question","value":"How Long Will It Take To Get My Package?"},{"key":"answer","value":"Swag slow-carb quinoa VHS typewriter pork belly brunch, paleo single-origin coffee Wes Anderson. Flexitarian Pitchfork forage, literally paleo fap pour-over. Wes Anderson Pinterest YOLO fanny pack meggings, deep v XOXO chambray sustainable slow-carb raw denim church-key fap chillwave Etsy. +1 typewriter kitsch, American Apparel tofu Banksy Vice."}],[{"key":"question","value":"What Payment Methods Are Accepted?"},{"key":"answer","value":"Fashion axe DIY jean shorts, swag kale chips meh polaroid kogi butcher Wes Anderson chambray next level semiotics gentrify yr. Voluptate photo booth fugiat Vice. Austin sed Williamsburg, ea labore raw denim voluptate cred proident mixtape excepteur mustache. Twee chia photo booth readymade food truck, hoodie roof party swag keytar PBR DIY."}],[{"key":"question","value":"Is Buying On-Line Safe?"},{"key":"answer","value":"Art party authentic freegan semiotics jean shorts chia cred. Neutra Austin roof party Brooklyn, synth Thundercats swag 8-bit photo booth. Plaid letterpress leggings craft beer meh ethical Pinterest."}]]]', 14, 'Botble\\Ecommerce\\Models\\Product', '2023-02-20 00:12:13', '2023-02-20 00:12:13'),
	(32, 'faq_schema_config', '[[[{"key":"question","value":"What Shipping Methods Are Available?"},{"key":"answer","value":"Ex Portland Pitchfork irure mustache. Eutra fap before they sold out literally. Aliquip ugh bicycle rights actually mlkshk, seitan squid craft beer tempor."}],[{"key":"question","value":"Do You Ship Internationally?"},{"key":"answer","value":"Hoodie tote bag mixtape tofu. Typewriter jean shorts wolf quinoa, messenger bag organic freegan cray."}],[{"key":"question","value":"How Long Will It Take To Get My Package?"},{"key":"answer","value":"Swag slow-carb quinoa VHS typewriter pork belly brunch, paleo single-origin coffee Wes Anderson. Flexitarian Pitchfork forage, literally paleo fap pour-over. Wes Anderson Pinterest YOLO fanny pack meggings, deep v XOXO chambray sustainable slow-carb raw denim church-key fap chillwave Etsy. +1 typewriter kitsch, American Apparel tofu Banksy Vice."}],[{"key":"question","value":"What Payment Methods Are Accepted?"},{"key":"answer","value":"Fashion axe DIY jean shorts, swag kale chips meh polaroid kogi butcher Wes Anderson chambray next level semiotics gentrify yr. Voluptate photo booth fugiat Vice. Austin sed Williamsburg, ea labore raw denim voluptate cred proident mixtape excepteur mustache. Twee chia photo booth readymade food truck, hoodie roof party swag keytar PBR DIY."}],[{"key":"question","value":"Is Buying On-Line Safe?"},{"key":"answer","value":"Art party authentic freegan semiotics jean shorts chia cred. Neutra Austin roof party Brooklyn, synth Thundercats swag 8-bit photo booth. Plaid letterpress leggings craft beer meh ethical Pinterest."}]]]', 15, 'Botble\\Ecommerce\\Models\\Product', '2023-02-20 00:12:14', '2023-02-20 00:12:14'),
	(33, 'faq_schema_config', '[[[{"key":"question","value":"What Shipping Methods Are Available?"},{"key":"answer","value":"Ex Portland Pitchfork irure mustache. Eutra fap before they sold out literally. Aliquip ugh bicycle rights actually mlkshk, seitan squid craft beer tempor."}],[{"key":"question","value":"Do You Ship Internationally?"},{"key":"answer","value":"Hoodie tote bag mixtape tofu. Typewriter jean shorts wolf quinoa, messenger bag organic freegan cray."}],[{"key":"question","value":"How Long Will It Take To Get My Package?"},{"key":"answer","value":"Swag slow-carb quinoa VHS typewriter pork belly brunch, paleo single-origin coffee Wes Anderson. Flexitarian Pitchfork forage, literally paleo fap pour-over. Wes Anderson Pinterest YOLO fanny pack meggings, deep v XOXO chambray sustainable slow-carb raw denim church-key fap chillwave Etsy. +1 typewriter kitsch, American Apparel tofu Banksy Vice."}],[{"key":"question","value":"What Payment Methods Are Accepted?"},{"key":"answer","value":"Fashion axe DIY jean shorts, swag kale chips meh polaroid kogi butcher Wes Anderson chambray next level semiotics gentrify yr. Voluptate photo booth fugiat Vice. Austin sed Williamsburg, ea labore raw denim voluptate cred proident mixtape excepteur mustache. Twee chia photo booth readymade food truck, hoodie roof party swag keytar PBR DIY."}],[{"key":"question","value":"Is Buying On-Line Safe?"},{"key":"answer","value":"Art party authentic freegan semiotics jean shorts chia cred. Neutra Austin roof party Brooklyn, synth Thundercats swag 8-bit photo booth. Plaid letterpress leggings craft beer meh ethical Pinterest."}]]]', 16, 'Botble\\Ecommerce\\Models\\Product', '2023-02-20 00:12:14', '2023-02-20 00:12:14'),
	(34, 'faq_schema_config', '[[[{"key":"question","value":"What Shipping Methods Are Available?"},{"key":"answer","value":"Ex Portland Pitchfork irure mustache. Eutra fap before they sold out literally. Aliquip ugh bicycle rights actually mlkshk, seitan squid craft beer tempor."}],[{"key":"question","value":"Do You Ship Internationally?"},{"key":"answer","value":"Hoodie tote bag mixtape tofu. Typewriter jean shorts wolf quinoa, messenger bag organic freegan cray."}],[{"key":"question","value":"How Long Will It Take To Get My Package?"},{"key":"answer","value":"Swag slow-carb quinoa VHS typewriter pork belly brunch, paleo single-origin coffee Wes Anderson. Flexitarian Pitchfork forage, literally paleo fap pour-over. Wes Anderson Pinterest YOLO fanny pack meggings, deep v XOXO chambray sustainable slow-carb raw denim church-key fap chillwave Etsy. +1 typewriter kitsch, American Apparel tofu Banksy Vice."}],[{"key":"question","value":"What Payment Methods Are Accepted?"},{"key":"answer","value":"Fashion axe DIY jean shorts, swag kale chips meh polaroid kogi butcher Wes Anderson chambray next level semiotics gentrify yr. Voluptate photo booth fugiat Vice. Austin sed Williamsburg, ea labore raw denim voluptate cred proident mixtape excepteur mustache. Twee chia photo booth readymade food truck, hoodie roof party swag keytar PBR DIY."}],[{"key":"question","value":"Is Buying On-Line Safe?"},{"key":"answer","value":"Art party authentic freegan semiotics jean shorts chia cred. Neutra Austin roof party Brooklyn, synth Thundercats swag 8-bit photo booth. Plaid letterpress leggings craft beer meh ethical Pinterest."}]]]', 17, 'Botble\\Ecommerce\\Models\\Product', '2023-02-20 00:12:14', '2023-02-20 00:12:14'),
	(35, 'faq_schema_config', '[[[{"key":"question","value":"What Shipping Methods Are Available?"},{"key":"answer","value":"Ex Portland Pitchfork irure mustache. Eutra fap before they sold out literally. Aliquip ugh bicycle rights actually mlkshk, seitan squid craft beer tempor."}],[{"key":"question","value":"Do You Ship Internationally?"},{"key":"answer","value":"Hoodie tote bag mixtape tofu. Typewriter jean shorts wolf quinoa, messenger bag organic freegan cray."}],[{"key":"question","value":"How Long Will It Take To Get My Package?"},{"key":"answer","value":"Swag slow-carb quinoa VHS typewriter pork belly brunch, paleo single-origin coffee Wes Anderson. Flexitarian Pitchfork forage, literally paleo fap pour-over. Wes Anderson Pinterest YOLO fanny pack meggings, deep v XOXO chambray sustainable slow-carb raw denim church-key fap chillwave Etsy. +1 typewriter kitsch, American Apparel tofu Banksy Vice."}],[{"key":"question","value":"What Payment Methods Are Accepted?"},{"key":"answer","value":"Fashion axe DIY jean shorts, swag kale chips meh polaroid kogi butcher Wes Anderson chambray next level semiotics gentrify yr. Voluptate photo booth fugiat Vice. Austin sed Williamsburg, ea labore raw denim voluptate cred proident mixtape excepteur mustache. Twee chia photo booth readymade food truck, hoodie roof party swag keytar PBR DIY."}],[{"key":"question","value":"Is Buying On-Line Safe?"},{"key":"answer","value":"Art party authentic freegan semiotics jean shorts chia cred. Neutra Austin roof party Brooklyn, synth Thundercats swag 8-bit photo booth. Plaid letterpress leggings craft beer meh ethical Pinterest."}]]]', 18, 'Botble\\Ecommerce\\Models\\Product', '2023-02-20 00:12:14', '2023-02-20 00:12:14'),
	(36, 'faq_schema_config', '[[[{"key":"question","value":"What Shipping Methods Are Available?"},{"key":"answer","value":"Ex Portland Pitchfork irure mustache. Eutra fap before they sold out literally. Aliquip ugh bicycle rights actually mlkshk, seitan squid craft beer tempor."}],[{"key":"question","value":"Do You Ship Internationally?"},{"key":"answer","value":"Hoodie tote bag mixtape tofu. Typewriter jean shorts wolf quinoa, messenger bag organic freegan cray."}],[{"key":"question","value":"How Long Will It Take To Get My Package?"},{"key":"answer","value":"Swag slow-carb quinoa VHS typewriter pork belly brunch, paleo single-origin coffee Wes Anderson. Flexitarian Pitchfork forage, literally paleo fap pour-over. Wes Anderson Pinterest YOLO fanny pack meggings, deep v XOXO chambray sustainable slow-carb raw denim church-key fap chillwave Etsy. +1 typewriter kitsch, American Apparel tofu Banksy Vice."}],[{"key":"question","value":"What Payment Methods Are Accepted?"},{"key":"answer","value":"Fashion axe DIY jean shorts, swag kale chips meh polaroid kogi butcher Wes Anderson chambray next level semiotics gentrify yr. Voluptate photo booth fugiat Vice. Austin sed Williamsburg, ea labore raw denim voluptate cred proident mixtape excepteur mustache. Twee chia photo booth readymade food truck, hoodie roof party swag keytar PBR DIY."}],[{"key":"question","value":"Is Buying On-Line Safe?"},{"key":"answer","value":"Art party authentic freegan semiotics jean shorts chia cred. Neutra Austin roof party Brooklyn, synth Thundercats swag 8-bit photo booth. Plaid letterpress leggings craft beer meh ethical Pinterest."}]]]', 19, 'Botble\\Ecommerce\\Models\\Product', '2023-02-20 00:12:14', '2023-02-20 00:12:14'),
	(37, 'faq_schema_config', '[[[{"key":"question","value":"What Shipping Methods Are Available?"},{"key":"answer","value":"Ex Portland Pitchfork irure mustache. Eutra fap before they sold out literally. Aliquip ugh bicycle rights actually mlkshk, seitan squid craft beer tempor."}],[{"key":"question","value":"Do You Ship Internationally?"},{"key":"answer","value":"Hoodie tote bag mixtape tofu. Typewriter jean shorts wolf quinoa, messenger bag organic freegan cray."}],[{"key":"question","value":"How Long Will It Take To Get My Package?"},{"key":"answer","value":"Swag slow-carb quinoa VHS typewriter pork belly brunch, paleo single-origin coffee Wes Anderson. Flexitarian Pitchfork forage, literally paleo fap pour-over. Wes Anderson Pinterest YOLO fanny pack meggings, deep v XOXO chambray sustainable slow-carb raw denim church-key fap chillwave Etsy. +1 typewriter kitsch, American Apparel tofu Banksy Vice."}],[{"key":"question","value":"What Payment Methods Are Accepted?"},{"key":"answer","value":"Fashion axe DIY jean shorts, swag kale chips meh polaroid kogi butcher Wes Anderson chambray next level semiotics gentrify yr. Voluptate photo booth fugiat Vice. Austin sed Williamsburg, ea labore raw denim voluptate cred proident mixtape excepteur mustache. Twee chia photo booth readymade food truck, hoodie roof party swag keytar PBR DIY."}],[{"key":"question","value":"Is Buying On-Line Safe?"},{"key":"answer","value":"Art party authentic freegan semiotics jean shorts chia cred. Neutra Austin roof party Brooklyn, synth Thundercats swag 8-bit photo booth. Plaid letterpress leggings craft beer meh ethical Pinterest."}]]]', 20, 'Botble\\Ecommerce\\Models\\Product', '2023-02-20 00:12:14', '2023-02-20 00:12:14'),
	(38, 'faq_schema_config', '[[[{"key":"question","value":"What Shipping Methods Are Available?"},{"key":"answer","value":"Ex Portland Pitchfork irure mustache. Eutra fap before they sold out literally. Aliquip ugh bicycle rights actually mlkshk, seitan squid craft beer tempor."}],[{"key":"question","value":"Do You Ship Internationally?"},{"key":"answer","value":"Hoodie tote bag mixtape tofu. Typewriter jean shorts wolf quinoa, messenger bag organic freegan cray."}],[{"key":"question","value":"How Long Will It Take To Get My Package?"},{"key":"answer","value":"Swag slow-carb quinoa VHS typewriter pork belly brunch, paleo single-origin coffee Wes Anderson. Flexitarian Pitchfork forage, literally paleo fap pour-over. Wes Anderson Pinterest YOLO fanny pack meggings, deep v XOXO chambray sustainable slow-carb raw denim church-key fap chillwave Etsy. +1 typewriter kitsch, American Apparel tofu Banksy Vice."}],[{"key":"question","value":"What Payment Methods Are Accepted?"},{"key":"answer","value":"Fashion axe DIY jean shorts, swag kale chips meh polaroid kogi butcher Wes Anderson chambray next level semiotics gentrify yr. Voluptate photo booth fugiat Vice. Austin sed Williamsburg, ea labore raw denim voluptate cred proident mixtape excepteur mustache. Twee chia photo booth readymade food truck, hoodie roof party swag keytar PBR DIY."}],[{"key":"question","value":"Is Buying On-Line Safe?"},{"key":"answer","value":"Art party authentic freegan semiotics jean shorts chia cred. Neutra Austin roof party Brooklyn, synth Thundercats swag 8-bit photo booth. Plaid letterpress leggings craft beer meh ethical Pinterest."}]]]', 21, 'Botble\\Ecommerce\\Models\\Product', '2023-02-20 00:12:14', '2023-02-20 00:12:14'),
	(39, 'faq_schema_config', '[[[{"key":"question","value":"What Shipping Methods Are Available?"},{"key":"answer","value":"Ex Portland Pitchfork irure mustache. Eutra fap before they sold out literally. Aliquip ugh bicycle rights actually mlkshk, seitan squid craft beer tempor."}],[{"key":"question","value":"Do You Ship Internationally?"},{"key":"answer","value":"Hoodie tote bag mixtape tofu. Typewriter jean shorts wolf quinoa, messenger bag organic freegan cray."}],[{"key":"question","value":"How Long Will It Take To Get My Package?"},{"key":"answer","value":"Swag slow-carb quinoa VHS typewriter pork belly brunch, paleo single-origin coffee Wes Anderson. Flexitarian Pitchfork forage, literally paleo fap pour-over. Wes Anderson Pinterest YOLO fanny pack meggings, deep v XOXO chambray sustainable slow-carb raw denim church-key fap chillwave Etsy. +1 typewriter kitsch, American Apparel tofu Banksy Vice."}],[{"key":"question","value":"What Payment Methods Are Accepted?"},{"key":"answer","value":"Fashion axe DIY jean shorts, swag kale chips meh polaroid kogi butcher Wes Anderson chambray next level semiotics gentrify yr. Voluptate photo booth fugiat Vice. Austin sed Williamsburg, ea labore raw denim voluptate cred proident mixtape excepteur mustache. Twee chia photo booth readymade food truck, hoodie roof party swag keytar PBR DIY."}],[{"key":"question","value":"Is Buying On-Line Safe?"},{"key":"answer","value":"Art party authentic freegan semiotics jean shorts chia cred. Neutra Austin roof party Brooklyn, synth Thundercats swag 8-bit photo booth. Plaid letterpress leggings craft beer meh ethical Pinterest."}]]]', 22, 'Botble\\Ecommerce\\Models\\Product', '2023-02-20 00:12:14', '2023-02-20 00:12:14'),
	(40, 'faq_schema_config', '[[[{"key":"question","value":"What Shipping Methods Are Available?"},{"key":"answer","value":"Ex Portland Pitchfork irure mustache. Eutra fap before they sold out literally. Aliquip ugh bicycle rights actually mlkshk, seitan squid craft beer tempor."}],[{"key":"question","value":"Do You Ship Internationally?"},{"key":"answer","value":"Hoodie tote bag mixtape tofu. Typewriter jean shorts wolf quinoa, messenger bag organic freegan cray."}],[{"key":"question","value":"How Long Will It Take To Get My Package?"},{"key":"answer","value":"Swag slow-carb quinoa VHS typewriter pork belly brunch, paleo single-origin coffee Wes Anderson. Flexitarian Pitchfork forage, literally paleo fap pour-over. Wes Anderson Pinterest YOLO fanny pack meggings, deep v XOXO chambray sustainable slow-carb raw denim church-key fap chillwave Etsy. +1 typewriter kitsch, American Apparel tofu Banksy Vice."}],[{"key":"question","value":"What Payment Methods Are Accepted?"},{"key":"answer","value":"Fashion axe DIY jean shorts, swag kale chips meh polaroid kogi butcher Wes Anderson chambray next level semiotics gentrify yr. Voluptate photo booth fugiat Vice. Austin sed Williamsburg, ea labore raw denim voluptate cred proident mixtape excepteur mustache. Twee chia photo booth readymade food truck, hoodie roof party swag keytar PBR DIY."}],[{"key":"question","value":"Is Buying On-Line Safe?"},{"key":"answer","value":"Art party authentic freegan semiotics jean shorts chia cred. Neutra Austin roof party Brooklyn, synth Thundercats swag 8-bit photo booth. Plaid letterpress leggings craft beer meh ethical Pinterest."}]]]', 23, 'Botble\\Ecommerce\\Models\\Product', '2023-02-20 00:12:14', '2023-02-20 00:12:14'),
	(41, 'faq_schema_config', '[[[{"key":"question","value":"What Shipping Methods Are Available?"},{"key":"answer","value":"Ex Portland Pitchfork irure mustache. Eutra fap before they sold out literally. Aliquip ugh bicycle rights actually mlkshk, seitan squid craft beer tempor."}],[{"key":"question","value":"Do You Ship Internationally?"},{"key":"answer","value":"Hoodie tote bag mixtape tofu. Typewriter jean shorts wolf quinoa, messenger bag organic freegan cray."}],[{"key":"question","value":"How Long Will It Take To Get My Package?"},{"key":"answer","value":"Swag slow-carb quinoa VHS typewriter pork belly brunch, paleo single-origin coffee Wes Anderson. Flexitarian Pitchfork forage, literally paleo fap pour-over. Wes Anderson Pinterest YOLO fanny pack meggings, deep v XOXO chambray sustainable slow-carb raw denim church-key fap chillwave Etsy. +1 typewriter kitsch, American Apparel tofu Banksy Vice."}],[{"key":"question","value":"What Payment Methods Are Accepted?"},{"key":"answer","value":"Fashion axe DIY jean shorts, swag kale chips meh polaroid kogi butcher Wes Anderson chambray next level semiotics gentrify yr. Voluptate photo booth fugiat Vice. Austin sed Williamsburg, ea labore raw denim voluptate cred proident mixtape excepteur mustache. Twee chia photo booth readymade food truck, hoodie roof party swag keytar PBR DIY."}],[{"key":"question","value":"Is Buying On-Line Safe?"},{"key":"answer","value":"Art party authentic freegan semiotics jean shorts chia cred. Neutra Austin roof party Brooklyn, synth Thundercats swag 8-bit photo booth. Plaid letterpress leggings craft beer meh ethical Pinterest."}]]]', 24, 'Botble\\Ecommerce\\Models\\Product', '2023-02-20 00:12:14', '2023-02-20 00:12:14'),
	(42, 'subtitle', '["Limited quantities."]', 1, 'Botble\\Ecommerce\\Models\\FlashSale', '2023-02-20 00:12:16', '2023-02-20 00:12:16'),
	(43, 'image', '["flash-sales\\/1.jpg"]', 1, 'Botble\\Ecommerce\\Models\\FlashSale', '2023-02-20 00:12:16', '2023-02-20 00:12:16'),
	(44, 'subtitle', '["Computers & Laptop"]', 2, 'Botble\\Ecommerce\\Models\\FlashSale', '2023-02-20 00:12:16', '2023-02-20 00:12:16'),
	(45, 'image', '["flash-sales\\/2.jpg"]', 2, 'Botble\\Ecommerce\\Models\\FlashSale', '2023-02-20 00:12:16', '2023-02-20 00:12:16'),
	(46, 'vi_subtitle', '["Gi\\u1edbi h\\u1ea1n s\\u1ed1 l\\u01b0\\u1ee3ng"]', 1, 'Botble\\Ecommerce\\Models\\FlashSale', '2023-02-20 00:12:16', '2023-02-20 00:12:16'),
	(47, 'vi_image', '["flash-sales\\/1.jpg"]', 1, 'Botble\\Ecommerce\\Models\\FlashSale', '2023-02-20 00:12:16', '2023-02-20 00:12:16'),
	(48, 'vi_subtitle', '["M\\u00e1y t\\u00ednh b\\u00e0n & Laptop"]', 2, 'Botble\\Ecommerce\\Models\\FlashSale', '2023-02-20 00:12:16', '2023-02-20 00:12:16'),
	(49, 'vi_image', '["flash-sales\\/2.jpg"]', 2, 'Botble\\Ecommerce\\Models\\FlashSale', '2023-02-20 00:12:16', '2023-02-20 00:12:16'),
	(50, 'button_text', '["Shop now"]', 1, 'Botble\\SimpleSlider\\Models\\SimpleSliderItem', '2023-02-20 00:12:17', '2023-02-20 00:12:17'),
	(51, 'subtitle', '["Trade-In Offer"]', 1, 'Botble\\SimpleSlider\\Models\\SimpleSliderItem', '2023-02-20 00:12:17', '2023-02-20 00:12:17'),
	(52, 'highlight_text', '["On All Products"]', 1, 'Botble\\SimpleSlider\\Models\\SimpleSliderItem', '2023-02-20 00:12:17', '2023-02-20 00:12:17'),
	(53, 'button_text', '["Discover now"]', 2, 'Botble\\SimpleSlider\\Models\\SimpleSliderItem', '2023-02-20 00:12:17', '2023-02-20 00:12:17'),
	(54, 'subtitle', '["Tech Promotions"]', 2, 'Botble\\SimpleSlider\\Models\\SimpleSliderItem', '2023-02-20 00:12:17', '2023-02-20 00:12:17'),
	(55, 'highlight_text', '["Great Collection"]', 2, 'Botble\\SimpleSlider\\Models\\SimpleSliderItem', '2023-02-20 00:12:17', '2023-02-20 00:12:17'),
	(56, 'button_text', '["Shop now"]', 3, 'Botble\\SimpleSlider\\Models\\SimpleSliderItem', '2023-02-20 00:12:17', '2023-02-20 00:12:17'),
	(57, 'subtitle', '["Upcoming Offer"]', 3, 'Botble\\SimpleSlider\\Models\\SimpleSliderItem', '2023-02-20 00:12:17', '2023-02-20 00:12:17'),
	(58, 'highlight_text', '["Manufacturer"]', 3, 'Botble\\SimpleSlider\\Models\\SimpleSliderItem', '2023-02-20 00:12:17', '2023-02-20 00:12:17'),
	(59, 'simple_slider_style', '["style-2"]', 2, 'Botble\\SimpleSlider\\Models\\SimpleSlider', '2023-02-20 00:12:17', '2023-02-20 00:12:17'),
	(60, 'button_text', '["Shop now"]', 4, 'Botble\\SimpleSlider\\Models\\SimpleSliderItem', '2023-02-20 00:12:17', '2023-02-20 00:12:17'),
	(61, 'subtitle', '["Trade-In Offer"]', 4, 'Botble\\SimpleSlider\\Models\\SimpleSliderItem', '2023-02-20 00:12:17', '2023-02-20 00:12:17'),
	(62, 'highlight_text', '["On All Products"]', 4, 'Botble\\SimpleSlider\\Models\\SimpleSliderItem', '2023-02-20 00:12:17', '2023-02-20 00:12:17'),
	(63, 'button_text', '["Discover now"]', 5, 'Botble\\SimpleSlider\\Models\\SimpleSliderItem', '2023-02-20 00:12:17', '2023-02-20 00:12:17'),
	(64, 'subtitle', '["Tech Promotions"]', 5, 'Botble\\SimpleSlider\\Models\\SimpleSliderItem', '2023-02-20 00:12:17', '2023-02-20 00:12:17'),
	(65, 'highlight_text', '["Great Collection"]', 5, 'Botble\\SimpleSlider\\Models\\SimpleSliderItem', '2023-02-20 00:12:17', '2023-02-20 00:12:17'),
	(66, 'button_text', '["Shop now"]', 6, 'Botble\\SimpleSlider\\Models\\SimpleSliderItem', '2023-02-20 00:12:17', '2023-02-20 00:12:17'),
	(67, 'subtitle', '["Upcoming Offer"]', 6, 'Botble\\SimpleSlider\\Models\\SimpleSliderItem', '2023-02-20 00:12:17', '2023-02-20 00:12:17'),
	(68, 'highlight_text', '["Manufacturer"]', 6, 'Botble\\SimpleSlider\\Models\\SimpleSliderItem', '2023-02-20 00:12:17', '2023-02-20 00:12:17'),
	(69, 'simple_slider_style', '["style-3"]', 3, 'Botble\\SimpleSlider\\Models\\SimpleSlider', '2023-02-20 00:12:17', '2023-02-20 00:12:17'),
	(70, 'button_text', '["Shop now"]', 7, 'Botble\\SimpleSlider\\Models\\SimpleSliderItem', '2023-02-20 00:12:17', '2023-02-20 00:12:17'),
	(71, 'subtitle', '["Trade-In Offer"]', 7, 'Botble\\SimpleSlider\\Models\\SimpleSliderItem', '2023-02-20 00:12:17', '2023-02-20 00:12:17'),
	(72, 'highlight_text', '["On All Products"]', 7, 'Botble\\SimpleSlider\\Models\\SimpleSliderItem', '2023-02-20 00:12:17', '2023-02-20 00:12:17'),
	(73, 'button_text', '["Discover now"]', 8, 'Botble\\SimpleSlider\\Models\\SimpleSliderItem', '2023-02-20 00:12:17', '2023-02-20 00:12:17'),
	(74, 'subtitle', '["Tech Promotions"]', 8, 'Botble\\SimpleSlider\\Models\\SimpleSliderItem', '2023-02-20 00:12:17', '2023-02-20 00:12:17'),
	(75, 'highlight_text', '["Great Collection"]', 8, 'Botble\\SimpleSlider\\Models\\SimpleSliderItem', '2023-02-20 00:12:17', '2023-02-20 00:12:17'),
	(76, 'simple_slider_style', '["style-4"]', 4, 'Botble\\SimpleSlider\\Models\\SimpleSlider', '2023-02-20 00:12:17', '2023-02-20 00:12:17'),
	(77, 'button_text', '["Shop now"]', 9, 'Botble\\SimpleSlider\\Models\\SimpleSliderItem', '2023-02-20 00:12:17', '2023-02-20 00:12:17'),
	(78, 'subtitle', '["Trade-In Offer"]', 9, 'Botble\\SimpleSlider\\Models\\SimpleSliderItem', '2023-02-20 00:12:18', '2023-02-20 00:12:18'),
	(79, 'highlight_text', '["On All Products"]', 9, 'Botble\\SimpleSlider\\Models\\SimpleSliderItem', '2023-02-20 00:12:18', '2023-02-20 00:12:18'),
	(80, 'button_text', '["Discover now"]', 10, 'Botble\\SimpleSlider\\Models\\SimpleSliderItem', '2023-02-20 00:12:18', '2023-02-20 00:12:18'),
	(81, 'subtitle', '["Tech Promotions"]', 10, 'Botble\\SimpleSlider\\Models\\SimpleSliderItem', '2023-02-20 00:12:18', '2023-02-20 00:12:18'),
	(82, 'highlight_text', '["Great Collection"]', 10, 'Botble\\SimpleSlider\\Models\\SimpleSliderItem', '2023-02-20 00:12:18', '2023-02-20 00:12:18'),
	(83, 'button_text', '["Shop now"]', 11, 'Botble\\SimpleSlider\\Models\\SimpleSliderItem', '2023-02-20 00:12:18', '2023-02-20 00:12:18'),
	(84, 'subtitle', '["Upcoming Offer"]', 11, 'Botble\\SimpleSlider\\Models\\SimpleSliderItem', '2023-02-20 00:12:18', '2023-02-20 00:12:18'),
	(85, 'highlight_text', '["Manufacturer"]', 11, 'Botble\\SimpleSlider\\Models\\SimpleSliderItem', '2023-02-20 00:12:18', '2023-02-20 00:12:18'),
	(86, 'button_text', '["Mua ngay"]', 12, 'Botble\\SimpleSlider\\Models\\SimpleSliderItem', '2023-02-20 00:12:18', '2023-02-20 00:12:18'),
	(87, 'subtitle', '["Khuy\\u1ebfn m\\u00e3i"]', 12, 'Botble\\SimpleSlider\\Models\\SimpleSliderItem', '2023-02-20 00:12:18', '2023-02-20 00:12:18'),
	(88, 'highlight_text', '["T\\u1ea5t c\\u1ea3 s\\u1ea3n ph\\u1ea9m"]', 12, 'Botble\\SimpleSlider\\Models\\SimpleSliderItem', '2023-02-20 00:12:18', '2023-02-20 00:12:18'),
	(89, 'button_text', '["Kh\\u00e1m ph\\u00e1 ngay"]', 13, 'Botble\\SimpleSlider\\Models\\SimpleSliderItem', '2023-02-20 00:12:18', '2023-02-20 00:12:18'),
	(90, 'subtitle', '["Khuy\\u1ebfn m\\u00e3i s\\u1ea3n ph\\u1ea9m c\\u00f4ng ngh\\u1ec7"]', 13, 'Botble\\SimpleSlider\\Models\\SimpleSliderItem', '2023-02-20 00:12:18', '2023-02-20 00:12:18'),
	(91, 'highlight_text', '["B\\u1ed9 s\\u01b0u t\\u1eadp t\\u1ed1t nh\\u1ea5t"]', 13, 'Botble\\SimpleSlider\\Models\\SimpleSliderItem', '2023-02-20 00:12:18', '2023-02-20 00:12:18'),
	(92, 'button_text', '["Mua ngay"]', 14, 'Botble\\SimpleSlider\\Models\\SimpleSliderItem', '2023-02-20 00:12:18', '2023-02-20 00:12:18'),
	(93, 'subtitle', '["Khuy\\u1ebfn m\\u00e3i s\\u1eafp t\\u1edbi"]', 14, 'Botble\\SimpleSlider\\Models\\SimpleSliderItem', '2023-02-20 00:12:18', '2023-02-20 00:12:18'),
	(94, 'highlight_text', '["Nh\\u00e0 cung c\\u1ea5p"]', 14, 'Botble\\SimpleSlider\\Models\\SimpleSliderItem', '2023-02-20 00:12:18', '2023-02-20 00:12:18'),
	(95, 'simple_slider_style', '["style-2"]', 6, 'Botble\\SimpleSlider\\Models\\SimpleSlider', '2023-02-20 00:12:18', '2023-02-20 00:12:18'),
	(96, 'button_text', '["Mua ngay"]', 15, 'Botble\\SimpleSlider\\Models\\SimpleSliderItem', '2023-02-20 00:12:18', '2023-02-20 00:12:18'),
	(97, 'subtitle', '["Khuy\\u1ebfn m\\u00e3i"]', 15, 'Botble\\SimpleSlider\\Models\\SimpleSliderItem', '2023-02-20 00:12:18', '2023-02-20 00:12:18'),
	(98, 'highlight_text', '["T\\u1ea5t c\\u1ea3 s\\u1ea3n ph\\u1ea9m"]', 15, 'Botble\\SimpleSlider\\Models\\SimpleSliderItem', '2023-02-20 00:12:18', '2023-02-20 00:12:18'),
	(99, 'button_text', '["Kh\\u00e1m ph\\u00e1 ngay"]', 16, 'Botble\\SimpleSlider\\Models\\SimpleSliderItem', '2023-02-20 00:12:18', '2023-02-20 00:12:18'),
	(100, 'subtitle', '["Khuy\\u1ebfn m\\u00e3i s\\u1ea3n ph\\u1ea9m c\\u00f4ng ngh\\u1ec7"]', 16, 'Botble\\SimpleSlider\\Models\\SimpleSliderItem', '2023-02-20 00:12:18', '2023-02-20 00:12:18'),
	(101, 'highlight_text', '["B\\u1ed9 s\\u01b0u t\\u1eadp t\\u1ed1t nh\\u1ea5t"]', 16, 'Botble\\SimpleSlider\\Models\\SimpleSliderItem', '2023-02-20 00:12:18', '2023-02-20 00:12:18'),
	(102, 'button_text', '["Mua ngay"]', 17, 'Botble\\SimpleSlider\\Models\\SimpleSliderItem', '2023-02-20 00:12:18', '2023-02-20 00:12:18'),
	(103, 'subtitle', '["Khuy\\u1ebfn m\\u00e3i s\\u1eafp t\\u1edbi"]', 17, 'Botble\\SimpleSlider\\Models\\SimpleSliderItem', '2023-02-20 00:12:18', '2023-02-20 00:12:18'),
	(104, 'highlight_text', '["Nh\\u00e0 cung c\\u1ea5p"]', 17, 'Botble\\SimpleSlider\\Models\\SimpleSliderItem', '2023-02-20 00:12:18', '2023-02-20 00:12:18'),
	(105, 'simple_slider_style', '["style-3"]', 7, 'Botble\\SimpleSlider\\Models\\SimpleSlider', '2023-02-20 00:12:18', '2023-02-20 00:12:18'),
	(106, 'button_text', '["Mua ngay"]', 18, 'Botble\\SimpleSlider\\Models\\SimpleSliderItem', '2023-02-20 00:12:18', '2023-02-20 00:12:18'),
	(107, 'subtitle', '["Khuy\\u1ebfn m\\u00e3i"]', 18, 'Botble\\SimpleSlider\\Models\\SimpleSliderItem', '2023-02-20 00:12:18', '2023-02-20 00:12:18'),
	(108, 'highlight_text', '["T\\u1ea5t c\\u1ea3 s\\u1ea3n ph\\u1ea9m"]', 18, 'Botble\\SimpleSlider\\Models\\SimpleSliderItem', '2023-02-20 00:12:18', '2023-02-20 00:12:18'),
	(109, 'button_text', '["Kh\\u00e1m ph\\u00e1 ngay"]', 19, 'Botble\\SimpleSlider\\Models\\SimpleSliderItem', '2023-02-20 00:12:18', '2023-02-20 00:12:18'),
	(110, 'subtitle', '["Khuy\\u1ebfn m\\u00e3i s\\u1ea3n ph\\u1ea9m c\\u00f4ng ngh\\u1ec7"]', 19, 'Botble\\SimpleSlider\\Models\\SimpleSliderItem', '2023-02-20 00:12:18', '2023-02-20 00:12:18'),
	(111, 'highlight_text', '["B\\u1ed9 s\\u01b0u t\\u1eadp t\\u1ed1t nh\\u1ea5t"]', 19, 'Botble\\SimpleSlider\\Models\\SimpleSliderItem', '2023-02-20 00:12:18', '2023-02-20 00:12:18'),
	(112, 'simple_slider_style', '["style-4"]', 8, 'Botble\\SimpleSlider\\Models\\SimpleSlider', '2023-02-20 00:12:18', '2023-02-20 00:12:18'),
	(113, 'button_text', '["Mua ngay"]', 20, 'Botble\\SimpleSlider\\Models\\SimpleSliderItem', '2023-02-20 00:12:18', '2023-02-20 00:12:18'),
	(114, 'subtitle', '["Khuy\\u1ebfn m\\u00e3i"]', 20, 'Botble\\SimpleSlider\\Models\\SimpleSliderItem', '2023-02-20 00:12:18', '2023-02-20 00:12:18'),
	(115, 'highlight_text', '["T\\u1ea5t c\\u1ea3 s\\u1ea3n ph\\u1ea9m"]', 20, 'Botble\\SimpleSlider\\Models\\SimpleSliderItem', '2023-02-20 00:12:18', '2023-02-20 00:12:18'),
	(116, 'button_text', '["Kh\\u00e1m ph\\u00e1 ngay"]', 21, 'Botble\\SimpleSlider\\Models\\SimpleSliderItem', '2023-02-20 00:12:18', '2023-02-20 00:12:18'),
	(117, 'subtitle', '["Khuy\\u1ebfn m\\u00e3i s\\u1ea3n ph\\u1ea9m c\\u00f4ng ngh\\u1ec7"]', 21, 'Botble\\SimpleSlider\\Models\\SimpleSliderItem', '2023-02-20 00:12:18', '2023-02-20 00:12:18'),
	(118, 'highlight_text', '["B\\u1ed9 s\\u01b0u t\\u1eadp t\\u1ed1t nh\\u1ea5t"]', 21, 'Botble\\SimpleSlider\\Models\\SimpleSliderItem', '2023-02-20 00:12:18', '2023-02-20 00:12:18'),
	(119, 'button_text', '["Mua ngay"]', 22, 'Botble\\SimpleSlider\\Models\\SimpleSliderItem', '2023-02-20 00:12:18', '2023-02-20 00:12:18'),
	(120, 'subtitle', '["Khuy\\u1ebfn m\\u00e3i s\\u1eafp t\\u1edbi"]', 22, 'Botble\\SimpleSlider\\Models\\SimpleSliderItem', '2023-02-20 00:12:18', '2023-02-20 00:12:18'),
	(121, 'highlight_text', '["Nh\\u00e0 cung c\\u1ea5p"]', 22, 'Botble\\SimpleSlider\\Models\\SimpleSliderItem', '2023-02-20 00:12:18', '2023-02-20 00:12:18'),
	(122, 'layout', '["blog-post-right-sidebar"]', 1, 'Botble\\Blog\\Models\\Post', '2023-02-20 00:12:19', '2023-02-20 00:12:19'),
	(123, 'layout', '["blog-post-left-sidebar"]', 2, 'Botble\\Blog\\Models\\Post', '2023-02-20 00:12:19', '2023-02-20 00:12:19'),
	(124, 'layout', '["blog-post-full-width"]', 3, 'Botble\\Blog\\Models\\Post', '2023-02-20 00:12:19', '2023-02-20 00:12:19'),
	(125, 'layout', '["blog-post-full-width"]', 4, 'Botble\\Blog\\Models\\Post', '2023-02-20 00:12:19', '2023-02-20 00:12:19'),
	(126, 'header_style', '["header-style-2"]', 2, 'Botble\\Page\\Models\\Page', '2023-02-20 00:12:19', '2023-02-20 00:12:19'),
	(127, 'expanding_product_categories_on_the_homepage', '["yes"]', 2, 'Botble\\Page\\Models\\Page', '2023-02-20 00:12:19', '2023-02-20 00:12:19'),
	(128, 'header_style', '["header-style-3"]', 3, 'Botble\\Page\\Models\\Page', '2023-02-20 00:12:19', '2023-02-20 00:12:19'),
	(129, 'header_style', '["header-style-4"]', 4, 'Botble\\Page\\Models\\Page', '2023-02-20 00:12:19', '2023-02-20 00:12:19'),
	(130, 'button_text', '["Shop now"]', 1, 'Botble\\Ads\\Models\\Ads', '2023-02-20 00:12:20', '2023-02-20 00:12:20'),
	(131, 'subtitle', '["Save 20% on\\niPhone 12"]', 1, 'Botble\\Ads\\Models\\Ads', '2023-02-20 00:12:20', '2023-02-20 00:12:20'),
	(132, 'button_text', '["Shop now"]', 2, 'Botble\\Ads\\Models\\Ads', '2023-02-20 00:12:20', '2023-02-20 00:12:20'),
	(133, 'subtitle', '["Great Camera\\nCollection"]', 2, 'Botble\\Ads\\Models\\Ads', '2023-02-20 00:12:20', '2023-02-20 00:12:20'),
	(134, 'button_text', '["Shop now"]', 3, 'Botble\\Ads\\Models\\Ads', '2023-02-20 00:12:20', '2023-02-20 00:12:20'),
	(135, 'subtitle', '["Shop Today\\u2019s\\nDeals & Offers"]', 3, 'Botble\\Ads\\Models\\Ads', '2023-02-20 00:12:20', '2023-02-20 00:12:20'),
	(136, 'button_text', '["Shop now"]', 4, 'Botble\\Ads\\Models\\Ads', '2023-02-20 00:12:20', '2023-02-20 00:12:20'),
	(137, 'subtitle', '["Save 17% on\\nAssus Laptop"]', 4, 'Botble\\Ads\\Models\\Ads', '2023-02-20 00:12:20', '2023-02-20 00:12:20'),
	(138, 'button_text', '["Shop now"]', 5, 'Botble\\Ads\\Models\\Ads', '2023-02-20 00:12:20', '2023-02-20 00:12:20'),
	(139, 'subtitle', '["Save 20% on\\niPhone 12"]', 5, 'Botble\\Ads\\Models\\Ads', '2023-02-20 00:12:20', '2023-02-20 00:12:20'),
	(140, 'button_text', '["Learn more"]', 6, 'Botble\\Ads\\Models\\Ads', '2023-02-20 00:12:20', '2023-02-20 00:12:20'),
	(141, 'subtitle', '["We\'re an Apple\\nAuthorised Service Provider"]', 6, 'Botble\\Ads\\Models\\Ads', '2023-02-20 00:12:20', '2023-02-20 00:12:20'),
	(142, 'vi_subtitle', '["Save 20% on\\niPhone 12"]', 1, 'Botble\\Ads\\Models\\Ads', '2023-02-20 00:12:20', '2023-02-20 00:12:20'),
	(143, 'vi_button_text', '["Shop now"]', 1, 'Botble\\Ads\\Models\\Ads', '2023-02-20 00:12:20', '2023-02-20 00:12:20'),
	(144, 'vi_subtitle', '["Great Camera\\nCollection"]', 2, 'Botble\\Ads\\Models\\Ads', '2023-02-20 00:12:20', '2023-02-20 00:12:20'),
	(145, 'vi_button_text', '["Shop now"]', 2, 'Botble\\Ads\\Models\\Ads', '2023-02-20 00:12:20', '2023-02-20 00:12:20'),
	(146, 'vi_subtitle', '["Shop Today\\u2019s\\nDeals & Offers"]', 3, 'Botble\\Ads\\Models\\Ads', '2023-02-20 00:12:20', '2023-02-20 00:12:20'),
	(147, 'vi_button_text', '["Shop now"]', 3, 'Botble\\Ads\\Models\\Ads', '2023-02-20 00:12:20', '2023-02-20 00:12:20'),
	(148, 'vi_subtitle', '["Save 17% on\\nAssus Laptop"]', 4, 'Botble\\Ads\\Models\\Ads', '2023-02-20 00:12:20', '2023-02-20 00:12:20'),
	(149, 'vi_button_text', '["Shop now"]', 4, 'Botble\\Ads\\Models\\Ads', '2023-02-20 00:12:20', '2023-02-20 00:12:20'),
	(150, 'vi_subtitle', '["Save 20% on\\niPhone 12"]', 5, 'Botble\\Ads\\Models\\Ads', '2023-02-20 00:12:20', '2023-02-20 00:12:20'),
	(151, 'vi_button_text', '["Shop now"]', 5, 'Botble\\Ads\\Models\\Ads', '2023-02-20 00:12:20', '2023-02-20 00:12:20'),
	(152, 'vi_subtitle', '["We\'re an Apple\\nAuthorised Service Provider"]', 6, 'Botble\\Ads\\Models\\Ads', '2023-02-20 00:12:20', '2023-02-20 00:12:20'),
	(153, 'vi_button_text', '["Learn more"]', 6, 'Botble\\Ads\\Models\\Ads', '2023-02-20 00:12:20', '2023-02-20 00:12:20'),
	(154, 'header_style', '["header-style-1"]', 1, 'Botble\\Page\\Models\\Page', '2023-02-20 08:30:16', '2023-02-20 08:30:16'),
	(155, 'expanding_product_categories_on_the_homepage', '["no"]', 1, 'Botble\\Page\\Models\\Page', '2023-02-20 08:30:16', '2023-02-20 08:30:16'),
	(156, 'header_style', '["header-style-1"]', 5, 'Botble\\Page\\Models\\Page', '2023-02-21 06:22:20', '2023-02-21 06:22:20');

-- Dumping structure for table wowy.migrations
CREATE TABLE IF NOT EXISTS `migrations` (
  `id` int unsigned NOT NULL AUTO_INCREMENT,
  `migration` varchar(191) CHARACTER SET utf8mb4 COLLATE utf8mb4_unicode_ci NOT NULL,
  `batch` int NOT NULL,
  PRIMARY KEY (`id`)
) ENGINE=InnoDB AUTO_INCREMENT=113 DEFAULT CHARSET=utf8mb4 COLLATE=utf8mb4_unicode_ci;

-- Dumping data for table wowy.migrations: ~112 rows (approximately)
INSERT INTO `migrations` (`id`, `migration`, `batch`) VALUES
	(1, '2013_04_09_032329_create_base_tables', 1),
	(2, '2013_04_09_062329_create_revisions_table', 1),
	(3, '2014_10_12_000000_create_users_table', 1),
	(4, '2014_10_12_100000_create_password_reset_tokens_table', 1),
	(5, '2016_06_10_230148_create_acl_tables', 1),
	(6, '2016_06_14_230857_create_menus_table', 1),
	(7, '2016_06_28_221418_create_pages_table', 1),
	(8, '2016_10_05_074239_create_setting_table', 1),
	(9, '2016_11_28_032840_create_dashboard_widget_tables', 1),
	(10, '2016_12_16_084601_create_widgets_table', 1),
	(11, '2017_05_09_070343_create_media_tables', 1),
	(12, '2017_11_03_070450_create_slug_table', 1),
	(13, '2019_01_05_053554_create_jobs_table', 1),
	(14, '2019_08_19_000000_create_failed_jobs_table', 1),
	(15, '2019_12_14_000001_create_personal_access_tokens_table', 1),
	(16, '2021_08_02_084121_fix_old_shortcode', 1),
	(17, '2022_04_20_100851_add_index_to_media_table', 1),
	(18, '2022_04_20_101046_add_index_to_menu_table', 1),
	(19, '2022_07_10_034813_move_lang_folder_to_root', 1),
	(20, '2022_08_04_051940_add_missing_column_expires_at', 1),
	(21, '2022_09_01_000001_create_admin_notifications_tables', 1),
	(22, '2022_09_27_084829_fix_footer_widget', 1),
	(23, '2022_10_14_024629_drop_column_is_featured', 1),
	(24, '2022_10_28_030106_improve-newsletter-widget', 1),
	(25, '2022_11_18_063357_add_missing_timestamp_in_table_settings', 1),
	(26, '2022_12_02_093615_update_slug_index_columns', 1),
	(27, '2023_01_30_024431_add_alt_to_media_table', 1),
	(28, '2023_02_16_042611_drop_table_password_resets', 1),
	(29, '2020_11_18_150916_ads_create_ads_table', 2),
	(30, '2021_12_02_035301_add_ads_translations_table', 2),
	(31, '2015_06_29_025744_create_audit_history', 3),
	(32, '2015_06_18_033822_create_blog_table', 4),
	(33, '2021_02_16_092633_remove_default_value_for_author_type', 4),
	(34, '2021_12_03_030600_create_blog_translations', 4),
	(35, '2022_04_19_113923_add_index_to_table_posts', 4),
	(36, '2016_06_17_091537_create_contacts_table', 5),
	(37, '2020_03_05_041139_create_ecommerce_tables', 6),
	(38, '2021_01_01_044147_ecommerce_create_flash_sale_table', 6),
	(39, '2021_01_17_082713_add_column_is_featured_to_product_collections_table', 6),
	(40, '2021_01_18_024333_add_zip_code_into_table_customer_addresses', 6),
	(41, '2021_02_18_073505_update_table_ec_reviews', 6),
	(42, '2021_03_10_024419_add_column_confirmed_at_to_table_ec_customers', 6),
	(43, '2021_03_10_025153_change_column_tax_amount', 6),
	(44, '2021_03_20_033103_add_column_availability_to_table_ec_products', 6),
	(45, '2021_04_28_074008_ecommerce_create_product_label_table', 6),
	(46, '2021_05_31_173037_ecommerce_create_ec_products_translations', 6),
	(47, '2021_06_28_153141_correct_slugs_data', 6),
	(48, '2021_08_17_105016_remove_column_currency_id_in_some_tables', 6),
	(49, '2021_08_30_142128_add_images_column_to_ec_reviews_table', 6),
	(50, '2021_09_01_115151_remove_unused_fields_in_ec_products', 6),
	(51, '2021_10_04_030050_add_column_created_by_to_table_ec_products', 6),
	(52, '2021_10_05_122616_add_status_column_to_ec_customers_table', 6),
	(53, '2021_11_03_025806_nullable_phone_number_in_ec_customer_addresses', 6),
	(54, '2021_11_23_071403_correct_languages_for_product_variations', 6),
	(55, '2021_11_28_031808_add_product_tags_translations', 6),
	(56, '2021_12_01_031123_add_featured_image_to_ec_products', 6),
	(57, '2022_01_01_033107_update_table_ec_shipments', 6),
	(58, '2022_02_16_042457_improve_product_attribute_sets', 6),
	(59, '2022_03_22_075758_correct_product_name', 6),
	(60, '2022_04_19_113334_add_index_to_ec_products', 6),
	(61, '2022_04_28_144405_remove_unused_table', 6),
	(62, '2022_05_05_115015_create_ec_customer_recently_viewed_products_table', 6),
	(63, '2022_05_18_143720_add_index_to_table_ec_product_categories', 6),
	(64, '2022_06_16_095633_add_index_to_some_tables', 6),
	(65, '2022_06_30_035148_create_order_referrals_table', 6),
	(66, '2022_07_24_153815_add_completed_at_to_ec_orders_table', 6),
	(67, '2022_08_14_032836_create_ec_order_returns_table', 6),
	(68, '2022_08_14_033554_create_ec_order_return_items_table', 6),
	(69, '2022_08_15_040324_add_billing_address', 6),
	(70, '2022_08_30_091114_support_digital_products_table', 6),
	(71, '2022_09_13_095744_create_options_table', 6),
	(72, '2022_09_13_104347_create_option_value_table', 6),
	(73, '2022_10_05_163518_alter_table_ec_order_product', 6),
	(74, '2022_10_12_041517_create_invoices_table', 6),
	(75, '2022_10_12_142226_update_orders_table', 6),
	(76, '2022_10_13_024916_update_table_order_returns', 6),
	(77, '2022_10_21_030830_update_columns_in_ec_shipments_table', 6),
	(78, '2022_10_28_021046_update_columns_in_ec_shipments_table', 6),
	(79, '2022_11_16_034522_update_type_column_in_ec_shipping_rules_table', 6),
	(80, '2022_11_19_041643_add_ec_tax_product_table', 6),
	(81, '2022_12_12_063830_update_tax_defadult_in_ec_tax_products_table', 6),
	(82, '2022_12_17_041532_fix_address_in_order_invoice', 6),
	(83, '2022_12_26_070329_create_ec_product_views_table', 6),
	(84, '2023_01_04_033051_fix_product_categories', 6),
	(85, '2023_01_09_050400_add_ec_global_options_translations_table', 6),
	(86, '2023_01_10_093754_add_missing_option_value_id', 6),
	(87, '2023_01_17_082713_add_column_barcode_and_cost_per_item_to_product_table', 6),
	(88, '2023_01_26_021854_add_ec_customer_used_coupons_table', 6),
	(89, '2023_02_08_015900_update_options_column_in_ec_order_product_table', 6),
	(90, '2018_07_09_221238_create_faq_table', 7),
	(91, '2021_12_03_082134_create_faq_translations', 7),
	(92, '2016_10_03_032336_create_languages_table', 8),
	(93, '2021_10_25_021023_fix-priority-load-for-language-advanced', 9),
	(94, '2021_12_03_075608_create_page_translations', 9),
	(95, '2019_11_18_061011_create_country_table', 10),
	(96, '2021_12_03_084118_create_location_translations', 10),
	(97, '2021_12_03_094518_migrate_old_location_data', 10),
	(98, '2021_12_10_034440_switch_plugin_location_to_use_language_advanced', 10),
	(99, '2022_01_16_085908_improve_plugin_location', 10),
	(100, '2022_08_04_052122_delete_location_backup_tables', 10),
	(101, '2022_10_29_065232_increase_states_abbreviation_column', 10),
	(102, '2022_11_06_061847_increase_state_translations_abbreviation_column', 10),
	(103, '2017_10_24_154832_create_newsletter_table', 11),
	(104, '2017_05_18_080441_create_payment_tables', 12),
	(105, '2021_03_27_144913_add_customer_type_into_table_payments', 12),
	(106, '2021_05_24_034720_make_column_currency_nullable', 12),
	(107, '2021_08_09_161302_add_metadata_column_to_payments_table', 12),
	(108, '2021_10_19_020859_update_metadata_field', 12),
	(109, '2022_06_28_151901_activate_paypal_stripe_plugin', 12),
	(110, '2022_07_07_153354_update_charge_id_in_table_payments', 12),
	(111, '2017_07_11_140018_create_simple_slider_table', 13),
	(112, '2016_10_07_193005_create_translations_table', 14);

-- Dumping structure for table wowy.newsletters
CREATE TABLE IF NOT EXISTS `newsletters` (
  `id` bigint unsigned NOT NULL AUTO_INCREMENT,
  `email` varchar(120) CHARACTER SET utf8mb4 COLLATE utf8mb4_unicode_ci NOT NULL,
  `name` varchar(120) CHARACTER SET utf8mb4 COLLATE utf8mb4_unicode_ci DEFAULT NULL,
  `status` varchar(60) CHARACTER SET utf8mb4 COLLATE utf8mb4_unicode_ci NOT NULL DEFAULT 'subscribed',
  `created_at` timestamp NULL DEFAULT NULL,
  `updated_at` timestamp NULL DEFAULT NULL,
  PRIMARY KEY (`id`)
) ENGINE=InnoDB DEFAULT CHARSET=utf8mb4 COLLATE=utf8mb4_unicode_ci;

-- Dumping data for table wowy.newsletters: ~0 rows (approximately)

-- Dumping structure for table wowy.pages
CREATE TABLE IF NOT EXISTS `pages` (
  `id` bigint unsigned NOT NULL AUTO_INCREMENT,
  `name` varchar(120) CHARACTER SET utf8mb4 COLLATE utf8mb4_unicode_ci NOT NULL,
  `content` longtext CHARACTER SET utf8mb4 COLLATE utf8mb4_unicode_ci,
  `user_id` int NOT NULL,
  `image` varchar(255) CHARACTER SET utf8mb4 COLLATE utf8mb4_unicode_ci DEFAULT NULL,
  `template` varchar(60) CHARACTER SET utf8mb4 COLLATE utf8mb4_unicode_ci DEFAULT NULL,
  `description` varchar(400) CHARACTER SET utf8mb4 COLLATE utf8mb4_unicode_ci DEFAULT NULL,
  `status` varchar(60) CHARACTER SET utf8mb4 COLLATE utf8mb4_unicode_ci NOT NULL DEFAULT 'published',
  `created_at` timestamp NULL DEFAULT NULL,
  `updated_at` timestamp NULL DEFAULT NULL,
  PRIMARY KEY (`id`),
  KEY `pages_user_id_index` (`user_id`)
) ENGINE=InnoDB AUTO_INCREMENT=15 DEFAULT CHARSET=utf8mb4 COLLATE=utf8mb4_unicode_ci;

-- Dumping data for table wowy.pages: ~14 rows (approximately)
INSERT INTO `pages` (`id`, `name`, `content`, `user_id`, `image`, `template`, `description`, `status`, `created_at`, `updated_at`) VALUES
	(1, 'Homepage', '[featured-news title="Visit Our Blog"][/featured-news]', 1, NULL, 'homepage', '', 'published', '2023-02-20 00:12:19', '2023-02-20 08:30:15'),
	(2, 'Homepage 2', '<div>[simple-slider key="home-slider-2" is_autoplay="yes" autoplay_speed="5000"][/simple-slider]</div><div>[theme-ads ads_1="IZ6WU8KUALYD" ads_2="ILSFJVYFGCPZ" ads_3="ILSDKVYFGXPH"][/theme-ads]</div><div>[product-collections title="Exclusive Products"][/product-collections]</div><div>[theme-ads ads_1="IZ6WU8KUALYF"][/theme-ads]</div><div>[featured-products title="Featured products"][/featured-products]</div><div>[flash-sale show_popup="yes"][/flash-sale]</div><div>[featured-brands title="Featured Brands"][/featured-brands]</div><div>[featured-product-categories title="Top Categories"][/featured-product-categories]</div><div>[product-category-products category_id="12"][/product-category-products]</div><div>[featured-news title="Visit Our Blog"][/featured-news]</div><div>[site-features icon1="general/icon-truck.png" title1="Free Shipping" subtitle1="Orders $50 or more" icon2="general/icon-purchase.png" title2="Free Returns" subtitle2="Within 30 days" icon3="general/icon-bag.png" title3="Get 20% Off 1 Item" subtitle3="When you sign up" icon4="general/icon-operator.png" title4="Support Center" subtitle4="24/7 amazing services"][/site-features]</div>', 1, NULL, 'homepage', NULL, 'published', '2023-02-20 00:12:19', '2023-02-20 00:12:19'),
	(3, 'Homepage 3', '<div>[simple-slider key="home-slider-3" ads_1="ILSDKVYFGXPJ" ads_2="IZ6WU8KUALYE" is_autoplay="yes" autoplay_speed="5000"][/simple-slider]</div><div>[product-collections title="Exclusive Products"][/product-collections]</div><div>[theme-ads ads_1="IZ6WU8KUALYD" ads_2="ILSFJVYFGCPZ" ads_3="ILSDKVYFGXPH"][/theme-ads]</div><div>[site-features icon1="general/icon-truck.png" title1="Free Shipping" subtitle1="Orders $50 or more" icon2="general/icon-purchase.png" title2="Free Returns" subtitle2="Within 30 days" icon3="general/icon-bag.png" title3="Get 20% Off 1 Item" subtitle3="When you sign up" icon4="general/icon-operator.png" title4="Support Center" subtitle4="24/7 amazing services"][/site-features]</div><div>[featured-product-categories title="Top Categories"][/featured-product-categories]</div><div>[featured-products title="Featured products"][/featured-products]</div><div>[flash-sale show_popup="yes"][/flash-sale]</div><div>[theme-ads ads_1="IZ6WU8KUALYF"][/theme-ads]</div><div>[featured-brands title="Featured Brands"][/featured-brands]</div><div>[product-category-products category_id="12"][/product-category-products]</div><div>[featured-news title="Visit Our Blog"][/featured-news]</div>', 1, NULL, 'homepage', NULL, 'published', '2023-02-20 00:12:19', '2023-02-20 00:12:19'),
	(4, 'Homepage 4', '<div>[simple-slider key="home-slider-4" is_autoplay="yes" autoplay_speed="5000"][/simple-slider]</div><div>[site-features icon1="general/icon-truck.png" title1="Free Shipping" subtitle1="Orders $50 or more" icon2="general/icon-purchase.png" title2="Free Returns" subtitle2="Within 30 days" icon3="general/icon-bag.png" title3="Get 20% Off 1 Item" subtitle3="When you sign up" icon4="general/icon-operator.png" title4="Support Center" subtitle4="24/7 amazing services"][/site-features]</div><div>[product-collections title="Exclusive Products"][/product-collections]</div><div>[featured-product-categories title="Top Categories"][/featured-product-categories]</div><div>[theme-ads ads_1="IZ6WU8KUALYD" ads_2="ILSFJVYFGCPZ" ads_3="ILSDKVYFGXPH"][/theme-ads]</div><div>[theme-ads ads_1="IZ6WU8KUALYF"][/theme-ads]</div><div>[featured-products title="Featured products"][/featured-products]</div><div>[flash-sale show_popup="yes"][/flash-sale]</div><div>[featured-brands title="Featured Brands"][/featured-brands]</div><div>[product-category-products category_id="12"][/product-category-products]</div><div>[featured-news title="Visit Our Blog"][/featured-news]</div>', 1, NULL, 'homepage', NULL, 'published', '2023-02-20 00:12:19', '2023-02-20 00:12:19'),
	(5, 'Blog', '[blog-posts paginate="12"][/blog-posts]', 1, NULL, 'blog-right-sidebar', '', 'published', '2023-02-20 00:12:19', '2023-02-21 07:34:09'),
	(6, 'Contact', '<p>[google-map]502 New Street, Brighton VIC, Australia[/google-map]</p><p>[our-offices][/our-offices]</p><p>[contact-form][/contact-form]</p>', 1, NULL, 'default', NULL, 'published', '2023-02-20 00:12:19', '2023-02-20 00:12:19'),
	(7, 'About us', '<p>THAT direction,\' waving the other side of the sort!\' said Alice. \'Of course they were\', said the Mouse, sharply and very soon found herself lying on their slates, when the race was over. However, when they arrived, with a table in the last words out loud, and the March Hare said--\' \'I didn\'t!\' the March Hare. The Hatter shook his head sadly. \'Do I look like it?\' he said. \'Fifteenth,\' said the King, going up to the table, half hoping that the meeting adjourn, for the moment she quite forgot you.</p><p>He says it kills all the jurymen are back in their mouths--and they\'re all over their slates; \'but it sounds uncommon nonsense.\' Alice said to herself, \'the way all the arches are gone from this side of the other two were using it as well go back, and see what was on the OUTSIDE.\' He unfolded the paper as he wore his crown over the verses on his spectacles. \'Where shall I begin, please your Majesty!\' the Duchess was sitting next to her. \'I can hardly breathe.\' \'I can\'t help it,\' said Alice.</p><p>The Knave did so, and giving it a bit, if you were or might have been ill.\' \'So they were,\' said the King, with an important air, \'are you all ready? This is the use of repeating all that green stuff be?\' said Alice. \'Exactly so,\' said the Cat: \'we\'re all mad here. I\'m mad. You\'re mad.\' \'How do you know the song, \'I\'d have said to herself \'This is Bill,\' she gave her answer. \'They\'re done with a sudden leap out of the what?\' said the March Hare took the hookah out of the singers in the last.</p><p>Soup! Soup of the reeds--the rattling teacups would change to tinkling sheep-bells, and the three gardeners at it, busily painting them red. Alice thought she might as well be at school at once.\' However, she did not quite sure whether it was sneezing and howling alternately without a great hurry; \'this paper has just been reading about; and when Alice had no very clear notion how long ago anything had happened.) So she tucked her arm affectionately into Alice\'s, and they sat down, and was.</p>', 1, NULL, 'default', NULL, 'published', '2023-02-20 00:12:19', '2023-02-20 00:12:19'),
	(8, 'Cookie Policy', '<h3>EU Cookie Consent</h3><p>To use this website we are using Cookies and collecting some data. To be compliant with the EU GDPR we give you to choose if you allow us to use certain Cookies and to collect some Data.</p><h4>Essential Data</h4><p>The Essential Data is needed to run the Site you are visiting technically. You can not deactivate them.</p><p>- Session Cookie: PHP uses a Cookie to identify user sessions. Without this Cookie the Website is not working.</p><p>- XSRF-Token Cookie: Laravel automatically generates a CSRF "token" for each active user session managed by the application. This token is used to verify that the authenticated user is the one actually making the requests to the application.</p>', 1, NULL, 'default', NULL, 'published', '2023-02-20 00:12:19', '2023-02-20 00:12:19'),
	(9, 'Terms &amp; Conditions', '<p>THAT direction,\' waving the other ladder?--Why, I hadn\'t mentioned Dinah!\' she said to the other, looking uneasily at the sides of it, and fortunately was just possible it had been, it suddenly appeared again. \'By-the-bye, what became of the goldfish kept running in her brother\'s Latin Grammar, \'A mouse--of a mouse--to a mouse--a mouse--O mouse!\') The Mouse only shook its head impatiently, and walked off; the Dormouse went on, half to Alice. \'Only a thimble,\' said Alice to find her in the.</p><p>One,\' said Alice. \'And where HAVE my shoulders got to? And oh, I wish I hadn\'t begun my tea--not above a week or so--and what with the Mouse with an air of great surprise. \'Of course not,\' Alice replied in an undertone to the end: then stop.\' These were the cook, to see if she had somehow fallen into a tidy little room with a kind of serpent, that\'s all I can remember feeling a little scream, half of anger, and tried to look over their heads. She felt that there ought! And when I breathe"!\'.</p><p>Edwin and Morcar, the earls of Mercia and Northumbria--"\' \'Ugh!\' said the Caterpillar called after it; and as it was too slippery; and when she heard a little pattering of feet on the floor, and a fall, and a large ring, with the next witness.\' And he added looking angrily at the end of your nose-- What made you so awfully clever?\' \'I have answered three questions, and that is rather a complaining tone, \'and they all looked so good, that it ought to be talking in a tone of great surprise. \'Of.</p><p>White Rabbit. She was looking for it, while the rest of the jury wrote it down into its eyes again, to see what this bottle was a dead silence. \'It\'s a pun!\' the King and Queen of Hearts, she made some tarts, All on a summer day: The Knave of Hearts, she made out what it was: she was talking. \'How CAN I have to turn into a graceful zigzag, and was in a very fine day!\' said a sleepy voice behind her. \'Collar that Dormouse,\' the Queen left off, quite out of sight, they were all turning into.</p>', 1, NULL, 'default', NULL, 'published', '2023-02-20 00:12:19', '2023-02-20 00:12:19'),
	(10, 'Returns &amp; Exchanges', '<p>Alice whispered to the Knave of Hearts, he stole those tarts, And took them quite away!\' \'Consider your verdict,\' he said do. Alice looked down into a graceful zigzag, and was coming to, but it makes me grow larger, I can go back and finish your story!\' Alice called out \'The race is over!\' and they went on planning to herself \'It\'s the stupidest tea-party I ever was at in all directions, tumbling up against each other; however, they got settled down in an offended tone, \'Hm! No accounting for.</p><p>So she went on, \'if you don\'t know one,\' said Alice. \'Come on, then,\' said the Lory hastily. \'I don\'t know of any that do,\' Alice hastily replied; \'only one doesn\'t like changing so often, you know.\' \'Who is this?\' She said this last remark. \'Of course you don\'t!\' the Hatter and the turtles all advance! They are waiting on the bank, and of having nothing to do: once or twice, half hoping she might as well as she spoke; \'either you or your head must be a Caucus-race.\' \'What IS the same when I.</p><p>WHAT?\' thought Alice to herself, \'in my going out altogether, like a snout than a rat-hole: she knelt down and cried. \'Come, there\'s no use in talking to him,\' the Mock Turtle went on. Her listeners were perfectly quiet till she was near enough to drive one crazy!\' The Footman seemed to be found: all she could not swim. He sent them word I had to sing you a song?\' \'Oh, a song, please, if the Queen was to get an opportunity of adding, \'You\'re looking for eggs, as it was a body to cut it off.</p><p>Alice ventured to ask. \'Suppose we change the subject. \'Ten hours the first day,\' said the Caterpillar, and the reason they\'re called lessons,\' the Gryphon at the moment, \'My dear! I shall ever see such a nice soft thing to nurse--and she\'s such a dreadful time.\' So Alice got up this morning? I almost think I can kick a little!\' She drew her foot slipped, and in another moment down went Alice like the largest telescope that ever was! Good-bye, feet!\' (for when she found that it was good.</p>', 1, NULL, 'default', NULL, 'published', '2023-02-20 00:12:19', '2023-02-20 00:12:19'),
	(11, 'Shipping &amp; Delivery', '<p>SHE, of course,\' the Gryphon said to herself \'Now I can listen all day to such stuff? Be off, or I\'ll kick you down stairs!\' \'That is not said right,\' said the Dodo suddenly called out in a twinkling! Half-past one, time for dinner!\' (\'I only wish it was,\' the March Hare had just upset the milk-jug into his plate. Alice did not like to be treated with respect. \'Cheshire Puss,\' she began, in a ring, and begged the Mouse to Alice for some minutes. The Caterpillar and Alice rather unwillingly.</p><p>White Rabbit: it was good practice to say than his first remark, \'It was much pleasanter at home,\' thought poor Alice, \'to pretend to be a queer thing, to be seen: she found her way out. \'I shall sit here,\' he said, \'on and off, for days and days.\' \'But what am I then? Tell me that first, and then nodded. \'It\'s no business there, at any rate,\' said Alice: \'three inches is such a curious plan!\' exclaimed Alice. \'That\'s very important,\' the King repeated angrily, \'or I\'ll have you executed on.</p><p>MUST be more to do this, so she bore it as to the Mock Turtle. Alice was not going to give the hedgehog a blow with its tongue hanging out of it, and behind them a new idea to Alice, flinging the baby joined):-- \'Wow! wow! wow!\' \'Here! you may stand down,\' continued the Gryphon. \'Do you take me for a good deal until she made some tarts, All on a branch of a good deal frightened at the end of his head. But at any rate it would be of any use, now,\' thought Alice, as she leant against a buttercup.</p><p>I\'m certain! I must have got into the jury-box, or they would die. \'The trial cannot proceed,\' said the Dodo. Then they all stopped and looked at them with one foot. \'Get up!\' said the King, and the fall was over. Alice was thoroughly puzzled. \'Does the boots and shoes!\' she repeated in a wondering tone. \'Why, what a Mock Turtle yawned and shut his note-book hastily. \'Consider your verdict,\' he said to a shriek, \'and just as I\'d taken the highest tree in the other. In the very middle of the.</p>', 1, NULL, 'default', NULL, 'published', '2023-02-20 00:12:19', '2023-02-20 00:12:19'),
	(12, 'Privacy Policy', '<p>Now, if you please! "William the Conqueror, whose cause was favoured by the fire, and at once set to partners--\' \'--change lobsters, and retire in same order,\' continued the Pigeon, but in a loud, indignant voice, but she could have been changed in the morning, just time to see that she wanted much to know, but the Mouse was bristling all over, and she felt certain it must be Mabel after all, and I had our Dinah here, I know is, it would be quite absurd for her neck from being broken. She.</p><p>When the pie was all ridges and furrows; the balls were live hedgehogs, the mallets live flamingoes, and the other was sitting on the twelfth?\' Alice went timidly up to the little passage: and THEN--she found herself lying on the ground near the right distance--but then I wonder if I must, I must,\' the King put on his flappers, \'--Mystery, ancient and modern, with Seaography: then Drawling--the Drawling-master was an old conger-eel, that used to say.\' \'So he did, so he did,\' said the Queen.</p><p>ME\' were beautifully marked in currants. \'Well, I\'ll eat it,\' said Alice as he spoke. \'A cat may look at the beginning,\' the King said to itself \'Then I\'ll go round and get in at the Hatter, who turned pale and fidgeted. \'Give your evidence,\' said the Duck: \'it\'s generally a ridge or furrow in the book,\' said the Cat, \'or you wouldn\'t keep appearing and vanishing so suddenly: you make one repeat lessons!\' thought Alice; but she felt unhappy. \'It was much pleasanter at home,\' thought poor.</p><p>No, it\'ll never do to hold it. As soon as she could not swim. He sent them word I had our Dinah here, I know I do!\' said Alice in a low voice, \'Your Majesty must cross-examine the next thing was to eat some of them at last, more calmly, though still sobbing a little shriek, and went stamping about, and make out what it was very glad that it might belong to one of the words came very queer indeed:-- \'\'Tis the voice of thunder, and people began running when they hit her; and when she had gone.</p>', 1, NULL, 'default', NULL, 'published', '2023-02-20 00:12:19', '2023-02-20 00:12:19'),
	(13, 'Blog Left Sidebar', '<p>[blog-posts paginate="12"][/blog-posts]</p>', 1, NULL, 'blog-left-sidebar', NULL, 'published', '2023-02-20 00:12:19', '2023-02-20 00:12:19'),
	(14, 'FAQ', '<div>[faqs][/faqs]</div>', 1, NULL, 'default', NULL, 'published', '2023-02-20 00:12:19', '2023-02-20 00:12:19');

-- Dumping structure for table wowy.pages_translations
CREATE TABLE IF NOT EXISTS `pages_translations` (
  `lang_code` varchar(191) CHARACTER SET utf8mb4 COLLATE utf8mb4_unicode_ci NOT NULL,
  `pages_id` int NOT NULL,
  `name` varchar(255) CHARACTER SET utf8mb4 COLLATE utf8mb4_unicode_ci DEFAULT NULL,
  `description` varchar(400) CHARACTER SET utf8mb4 COLLATE utf8mb4_unicode_ci DEFAULT NULL,
  `content` longtext CHARACTER SET utf8mb4 COLLATE utf8mb4_unicode_ci,
  PRIMARY KEY (`lang_code`,`pages_id`)
) ENGINE=InnoDB DEFAULT CHARSET=utf8mb4 COLLATE=utf8mb4_unicode_ci;

-- Dumping data for table wowy.pages_translations: ~14 rows (approximately)
INSERT INTO `pages_translations` (`lang_code`, `pages_id`, `name`, `description`, `content`) VALUES
	('vi', 1, 'Trang chủ', NULL, '<div>[simple-slider key="slider-trang-chu-1" is_autoplay="yes" autoplay_speed="5000"][/simple-slider]</div><div>[site-features icon1="general/icon-truck.png" title1="Miễn phí vận chuyển" subtitle1="Cho đơn hàng từ $50" icon2="general/icon-purchase.png" title2="Miễn phí đổi trả" subtitle2="Trong vòng 30 ngày" icon3="general/icon-bag.png" title3="Giảm 20% mỗi 1 sản phẩm" subtitle3="Khi bạn đăng ký thành viên" icon4="general/icon-operator.png" title4="Hỗ trợ" subtitle4="24/7 dịch vụ tuyệt vời"][/site-features]</div><div>[featured-product-categories title="Danh mục nổi bật"][/featured-product-categories]</div><div>[product-collections title="Sản phẩm độc quyền"][/product-collections]</div><div>[theme-ads ads_1="IZ6WU8KUALYD" ads_2="ILSFJVYFGCPZ" ads_3="ILSDKVYFGXPH"][/theme-ads]</div><div>[featured-products title="Sản phẩm nổi bật"][/featured-products]</div><div>[flash-sale show_popup="yes"][/flash-sale]</div><div>[featured-brands title="Thương hiệu nổi bật"][/featured-brands]</div><div>[product-category-products category_id="12"][/product-category-products]</div><div>[featured-news title="Tin tức mới nhất"][/featured-news]</div>'),
	('vi', 2, 'Trang chủ 2', NULL, '<div>[simple-slider key="slider-trang-chu-2" is_autoplay="yes" autoplay_speed="5000"][/simple-slider]</div><div>[theme-ads ads_1="IZ6WU8KUALYD" ads_2="ILSFJVYFGCPZ" ads_3="ILSDKVYFGXPH"][/theme-ads]</div><div>[product-collections title="Sản phẩm độc quyền"][/product-collections]</div><div>[theme-ads ads_1="IZ6WU8KUALYF"][/theme-ads]</div><div>[featured-products title="Sản phẩm nổi bật"][/featured-products]</div><div>[flash-sale show_popup="yes"][/flash-sale]</div><div>[featured-brands title="Thương hiệu nổi bật"][/featured-brands]</div><div>[featured-product-categories title="Danh mục nổi bật"][/featured-product-categories]</div><div>[product-category-products category_id="12"][/product-category-products]</div><div>[featured-news title="Tin tức mới nhất"][/featured-news]</div><div>[site-features icon1="general/icon-truck.png" title1="Miễn phí vận chuyển" subtitle1="Cho đơn hàng từ $50" icon2="general/icon-purchase.png" title2="Miễn phí đổi trả" subtitle2="Trong vòng 30 ngày" icon3="general/icon-bag.png" title3="Giảm 20% mỗi 1 sản phẩm" subtitle3="Khi bạn đăng ký thành viên" icon4="general/icon-operator.png" title4="Hỗ trợ" subtitle4="24/7 dịch vụ tuyệt vời"][/site-features]</div>'),
	('vi', 3, 'Trang chủ 3', NULL, '<div>[simple-slider key="slider-trang-chu-3" ads_1="ILSDKVYFGXPJ" ads_2="IZ6WU8KUALYE" is_autoplay="yes" autoplay_speed="5000"][/simple-slider]</div><div>[product-collections title="Sản phẩm độc quyền"][/product-collections]</div><div>[theme-ads ads_1="IZ6WU8KUALYD" ads_2="ILSFJVYFGCPZ" ads_3="ILSDKVYFGXPH"][/theme-ads]</div><div>[site-features icon1="general/icon-truck.png" title1="Miễn phí vận chuyển" subtitle1="Cho đơn hàng từ $50" icon2="general/icon-purchase.png" title2="Miễn phí đổi trả" subtitle2="Trong vòng 30 ngày" icon3="general/icon-bag.png" title3="Giảm 20% mỗi 1 sản phẩm" subtitle3="Khi bạn đăng ký thành viên" icon4="general/icon-operator.png" title4="Hỗ trợ" subtitle4="24/7 dịch vụ tuyệt vời"][/site-features]</div><div>[featured-product-categories title="Danh mục nổi bật"][/featured-product-categories]</div><div>[featured-products title="Sản phẩm nổi bật"][/featured-products]</div><div>[flash-sale show_popup="yes"][/flash-sale]</div><div>[theme-ads ads_1="IZ6WU8KUALYF"][/theme-ads]</div><div>[featured-brands title="Thương hiệu nổi bật"][/featured-brands]</div><div>[product-category-products category_id="12"][/product-category-products]</div><div>[featured-news title="Tin tức mới nhất"][/featured-news]</div>'),
	('vi', 4, 'Trang chủ 4', NULL, '<div>[simple-slider key="slider-trang-chu-4" is_autoplay="yes" autoplay_speed="5000"][/simple-slider]</div><div>[site-features icon1="general/icon-truck.png" title1="Miễn phí vận chuyển" subtitle1="Cho đơn hàng từ $50" icon2="general/icon-purchase.png" title2="Miễn phí đổi trả" subtitle2="Trong vòng 30 ngày" icon3="general/icon-bag.png" title3="Giảm 20% mỗi 1 sản phẩm" subtitle3="Khi bạn đăng ký thành viên" icon4="general/icon-operator.png" title4="Hỗ trợ" subtitle4="24/7 dịch vụ tuyệt vời"][/site-features]</div><div>[product-collections title="Sản phẩm độc quyền"][/product-collections]</div><div>[featured-product-categories title="Danh mục nổi bật"][/featured-product-categories]</div><div>[theme-ads ads_1="IZ6WU8KUALYD" ads_2="ILSFJVYFGCPZ" ads_3="ILSDKVYFGXPH"][/theme-ads]</div><div>[theme-ads ads_1="IZ6WU8KUALYF"][/theme-ads]</div><div>[featured-products title="Sản phẩm nổi bật"][/featured-products]</div><div>[flash-sale show_popup="yes"][/flash-sale]</div><div>[featured-brands title="Thương hiệu nổi bật"][/featured-brands]</div><div>[product-category-products category_id="12"][/product-category-products]</div><div>[featured-news title="Tin tức mới nhất"][/featured-news]</div>'),
	('vi', 5, 'Tin tức', NULL, '<p>---</p>'),
	('vi', 6, 'Liên hệ', NULL, '<p>[google-map]502 New Street, Brighton VIC, Australia[/google-map]</p><p>[our-offices][/our-offices]</p><p>[contact-form][/contact-form]</p>'),
	('vi', 7, 'Về chúng tôi', NULL, '<p>Queen furiously, throwing an inkstand at the thought that SOMEBODY ought to eat or drink anything; so I\'ll just see what was going to shrink any further: she felt that it was in the house before she found herself lying on the Duchess\'s cook. She carried the pepper-box in her hands, and began:-- \'You are old, Father William,\' the young Crab, a little three-legged table, all made a snatch in the pool, \'and she sits purring so nicely by the English, who wanted leaders, and had to kneel down on.</p><p>And she began shrinking directly. As soon as she was going to be, from one of the ground, Alice soon came to the dance. Would not, could not, could not answer without a moment\'s pause. The only things in the wood, \'is to grow here,\' said the King. (The jury all brightened up again.) \'Please your Majesty,\' said Two, in a hoarse growl, \'the world would go round a deal faster than it does.\' \'Which would NOT be an advantage,\' said Alice, \'it\'s very interesting. I never was so full of the room. The.</p><p>Alice looked all round her head. \'If I eat one of the earth. At last the Mouse, in a very difficult question. However, at last in the middle, nursing a baby; the cook tulip-roots instead of the day; and this was of very little use, as it was over at last: \'and I wish you wouldn\'t keep appearing and vanishing so suddenly: you make one repeat lessons!\' thought Alice; but she felt that she let the Dormouse into the sky. Alice went on again: \'Twenty-four hours, I THINK; or is it directed to?\' said.</p><p>Queen shouted at the top of her childhood: and how she would feel very queer to ME.\' \'You!\' said the King. \'It began with the glass table and the baby violently up and bawled out, "He\'s murdering the time! Off with his head!\' or \'Off with his head!\' she said, \'and see whether it\'s marked "poison" or not\'; for she felt certain it must be really offended. \'We won\'t talk about wasting IT. It\'s HIM.\' \'I don\'t like the look of the ground--and I should frighten them out of sight. Alice remained.</p>'),
	('vi', 8, 'Chính sách cookie', NULL, '<h3>EU Cookie Consent</h3><p>To use this website we are using Cookies and collecting some data. To be compliant with the EU GDPR we give you to choose if you allow us to use certain Cookies and to collect some Data.</p><h4>Essential Data</h4><p>The Essential Data is needed to run the Site you are visiting technically. You can not deactivate them.</p><p>- Session Cookie: PHP uses a Cookie to identify user sessions. Without this Cookie the Website is not working.</p><p>- XSRF-Token Cookie: Laravel automatically generates a CSRF "token" for each active user session managed by the application. This token is used to verify that the authenticated user is the one actually making the requests to the application.</p>'),
	('vi', 9, 'Điều kiện và điều khoản', NULL, '<p>Cat went on, taking first one side and up I goes like a steam-engine when she next peeped out the answer to shillings and pence. \'Take off your hat,\' the King say in a very curious to see it trot away quietly into the sea, some children digging in the window, and on both sides at once. The Dormouse shook its head impatiently, and said, \'So you think you can find them.\' As she said this, she came rather late, and the words did not get hold of this remark, and thought to herself. At this the.</p><p>Gryphon at the Caterpillar\'s making such VERY short remarks, and she hurried out of a well?\' \'Take some more bread-and-butter--\' \'But what am I then? Tell me that first, and then, if I shall be a great hurry. An enormous puppy was looking up into hers--she could hear him sighing as if it had gone. \'Well! I\'ve often seen a good many little girls in my own tears! That WILL be a comfort, one way--never to be a Caucus-race.\' \'What IS the same thing with you,\' said the Caterpillar. Here was another.</p><p>Caterpillar. Here was another long passage, and the bright eager eyes were getting so far off). \'Oh, my poor hands, how is it directed to?\' said one of them.\' In another minute there was generally a ridge or furrow in the direction in which case it would like the look of the Mock Turtle, \'Drive on, old fellow! Don\'t be all day about it!\' and he went on again: \'Twenty-four hours, I THINK; or is it twelve? I--\' \'Oh, don\'t bother ME,\' said the Rabbit say to this: so she felt that she ran out of.</p><p>Mouse with an air of great relief. \'Call the next verse,\' the Gryphon said to the seaside once in the other. \'I beg pardon, your Majesty,\' said the Mock Turtle. Alice was more hopeless than ever: she sat down with her face like the look of the room again, no wonder she felt sure she would keep, through all her wonderful Adventures, till she too began dreaming after a few minutes that she began nursing her child again, singing a sort of idea that they couldn\'t see it?\' So she swallowed one of.</p>'),
	('vi', 10, 'Chính sách trả hàng', NULL, '<p>Gryphon, \'you first form into a butterfly, I should think you\'ll feel it a bit, if you wouldn\'t keep appearing and vanishing so suddenly: you make one repeat lessons!\' thought Alice; \'I daresay it\'s a very fine day!\' said a sleepy voice behind her. \'Collar that Dormouse,\' the Queen left off, quite out of its mouth open, gazing up into the air off all its feet at once, she found herself in the sun. (IF you don\'t explain it is right?\' \'In my youth,\' said the King: \'leave out that part.\' \'Well.</p><p>King. \'Shan\'t,\' said the Queen, turning purple. \'I won\'t!\' said Alice. \'Off with her friend. When she got up, and there they are!\' said the Caterpillar. Alice thought to herself. \'Shy, they seem to put his shoes on. \'--and just take his head mournfully. \'Not I!\' said the Duchess. An invitation from the trees behind him. \'--or next day, maybe,\' the Footman continued in the pictures of him), while the Dodo had paused as if she meant to take the roof of the guinea-pigs cheered, and was.</p><p>Alice. \'Oh, don\'t bother ME,\' said the Hatter: \'I\'m on the bank, and of having nothing to what I used to say but \'It belongs to the Dormouse, without considering at all this grand procession, came THE KING AND QUEEN OF HEARTS. Alice was just saying to her lips. \'I know SOMETHING interesting is sure to do this, so that by the hand, it hurried off, without waiting for turns, quarrelling all the party were placed along the passage into the air off all its feet at the other players, and shouting.</p><p>But there seemed to be executed for having missed their turns, and she walked up towards it rather timidly, saying to herself \'Suppose it should be raving mad after all! I almost think I should have croqueted the Queen\'s voice in the direction in which case it would be like, \'--for they haven\'t got much evidence YET,\' she said this she looked up, and reduced the answer to shillings and pence. \'Take off your hat,\' the King had said that day. \'A likely story indeed!\' said the last word two or.</p>'),
	('vi', 11, 'Chính sách vận chuyển', NULL, '<p>There was exactly three inches high). \'But I\'m not particular as to size,\' Alice hastily replied; \'only one doesn\'t like changing so often, of course had to leave off being arches to do it! Oh dear! I\'d nearly forgotten to ask.\' \'It turned into a pig, my dear,\' said Alice, as she wandered about for them, and all dripping wet, cross, and uncomfortable. The first witness was the same thing as "I eat what I could let you out, you know.\' \'Not the same size for going through the door, and the.</p><p>Then came a rumbling of little cartwheels, and the Mock Turtle: \'why, if a dish or kettle had been looking at them with large round eyes, and feebly stretching out one paw, trying to find my way into that lovely garden. I think I could, if I shall be punished for it to make it stop. \'Well, I\'d hardly finished the guinea-pigs!\' thought Alice. \'Now we shall get on better.\' \'I\'d rather finish my tea,\' said the Gryphon. \'Well, I shan\'t go, at any rate, the Dormouse followed him: the March Hare.</p><p>And how odd the directions will look! ALICE\'S RIGHT FOOT, ESQ. HEARTHRUG, NEAR THE FENDER, (WITH ALICE\'S LOVE). Oh dear, what nonsense I\'m talking!\' Just then her head on her face like the wind, and the other was sitting on a three-legged stool in the world she was trying to fix on one, the cook was busily stirring the soup, and seemed to follow, except a little different. But if I\'m not looking for the Dormouse,\' thought Alice; \'but when you have just been reading about; and when she looked.</p><p>King said, turning to Alice: he had taken advantage of the soldiers remaining behind to execute the unfortunate gardeners, who ran to Alice an excellent opportunity for making her escape; so she began fancying the sort of people live about here?\' \'In THAT direction,\' waving the other two were using it as she went on: \'--that begins with a smile. There was a very long silence, broken only by an occasional exclamation of \'Hjckrrh!\' from the sky! Ugh, Serpent!\' \'But I\'m not particular as to.</p>'),
	('vi', 12, 'Chính sách bảo mật', NULL, '<p>At last the Mock Turtle persisted. \'How COULD he turn them out again. The Mock Turtle\'s Story \'You can\'t think how glad I am to see anything; then she noticed that the poor little Lizard, Bill, was in livery: otherwise, judging by his face only, she would get up and leave the room, when her eye fell upon a Gryphon, lying fast asleep in the way the people near the entrance of the trees upon her arm, that it was written to nobody, which isn\'t usual, you know.\' \'Not at all,\' said the Caterpillar.</p><p>King had said that day. \'That PROVES his guilt,\' said the Cat: \'we\'re all mad here. I\'m mad. You\'re mad.\' \'How do you know that cats COULD grin.\' \'They all can,\' said the Duchess; \'I never went to him,\' the Mock Turtle, \'Drive on, old fellow! Don\'t be all day to day.\' This was not here before,\' said the King. \'Shan\'t,\' said the Duchess; \'and most things twinkled after that--only the March Hare. \'I didn\'t know that cats COULD grin.\' \'They all can,\' said the Duchess, \'as pigs have to fly; and.</p><p>And argued each case with my wife; And the moral of that is--"Oh, \'tis love, that makes them sour--and camomile that makes people hot-tempered,\' she went on eagerly: \'There is such a noise inside, no one listening, this time, and was going to be, from one of its voice. \'Back to land again, and Alice heard the Queen never left off sneezing by this time?\' she said to Alice, she went back to them, they set to partners--\' \'--change lobsters, and retire in same order,\' continued the Hatter, \'when.</p><p>Caterpillar sternly. \'Explain yourself!\' \'I can\'t go no lower,\' said the Gryphon, and the White Rabbit, \'but it seems to like her, down here, and I\'m sure she\'s the best plan.\' It sounded an excellent opportunity for showing off her unfortunate guests to execution--once more the pig-baby was sneezing on the back. However, it was good practice to say anything. \'Why,\' said the King, who had been looking over his shoulder as he spoke, and then the different branches of Arithmetic--Ambition.</p>'),
	('vi', 13, 'Blog Sidebar Trái', NULL, '<p>[blog-posts paginate="12"][/blog-posts]</p>'),
	('vi', 14, 'Câu hỏi thường gặp', NULL, '<div>[faqs][/faqs]</div>');

-- Dumping structure for table wowy.password_reset_tokens
CREATE TABLE IF NOT EXISTS `password_reset_tokens` (
  `email` varchar(191) CHARACTER SET utf8mb4 COLLATE utf8mb4_unicode_ci NOT NULL,
  `token` varchar(191) CHARACTER SET utf8mb4 COLLATE utf8mb4_unicode_ci NOT NULL,
  `created_at` timestamp NULL DEFAULT NULL,
  PRIMARY KEY (`email`)
) ENGINE=InnoDB DEFAULT CHARSET=utf8mb4 COLLATE=utf8mb4_unicode_ci;

-- Dumping data for table wowy.password_reset_tokens: ~0 rows (approximately)

-- Dumping structure for table wowy.payments
CREATE TABLE IF NOT EXISTS `payments` (
  `id` bigint unsigned NOT NULL AUTO_INCREMENT,
  `currency` varchar(120) CHARACTER SET utf8mb4 COLLATE utf8mb4_unicode_ci DEFAULT NULL,
  `user_id` int unsigned NOT NULL DEFAULT '0',
  `charge_id` varchar(255) CHARACTER SET utf8mb4 COLLATE utf8mb4_unicode_ci DEFAULT NULL,
  `payment_channel` varchar(60) CHARACTER SET utf8mb4 COLLATE utf8mb4_unicode_ci DEFAULT NULL,
  `description` varchar(255) CHARACTER SET utf8mb4 COLLATE utf8mb4_unicode_ci DEFAULT NULL,
  `amount` decimal(15,2) unsigned NOT NULL,
  `order_id` int unsigned DEFAULT NULL,
  `status` varchar(60) CHARACTER SET utf8mb4 COLLATE utf8mb4_unicode_ci DEFAULT 'pending',
  `payment_type` varchar(191) CHARACTER SET utf8mb4 COLLATE utf8mb4_unicode_ci DEFAULT 'confirm',
  `customer_id` int unsigned DEFAULT NULL,
  `refunded_amount` decimal(15,2) unsigned DEFAULT NULL,
  `refund_note` varchar(255) CHARACTER SET utf8mb4 COLLATE utf8mb4_unicode_ci DEFAULT NULL,
  `created_at` timestamp NULL DEFAULT NULL,
  `updated_at` timestamp NULL DEFAULT NULL,
  `customer_type` varchar(255) CHARACTER SET utf8mb4 COLLATE utf8mb4_unicode_ci DEFAULT NULL,
  `metadata` mediumtext CHARACTER SET utf8mb4 COLLATE utf8mb4_unicode_ci,
  PRIMARY KEY (`id`)
) ENGINE=InnoDB AUTO_INCREMENT=21 DEFAULT CHARSET=utf8mb4 COLLATE=utf8mb4_unicode_ci;

-- Dumping data for table wowy.payments: ~20 rows (approximately)
INSERT INTO `payments` (`id`, `currency`, `user_id`, `charge_id`, `payment_channel`, `description`, `amount`, `order_id`, `status`, `payment_type`, `customer_id`, `refunded_amount`, `refund_note`, `created_at`, `updated_at`, `customer_type`, `metadata`) VALUES
	(1, 'USD', 0, 'Z3P07OR3LM', 'bank_transfer', NULL, 1503.00, 1, 'pending', 'confirm', 5, NULL, NULL, '2023-02-20 00:12:16', '2023-02-20 00:12:16', 'Botble\\Ecommerce\\Models\\Customer', NULL),
	(2, 'USD', 0, 'E6DD4TF9L7', 'mollie', NULL, 1221.00, 2, 'completed', 'confirm', 10, NULL, NULL, '2023-02-20 00:12:16', '2023-02-20 00:12:16', 'Botble\\Ecommerce\\Models\\Customer', NULL),
	(3, 'USD', 0, '1JNII8AXKJ', 'paystack', NULL, 820.00, 3, 'completed', 'confirm', 8, NULL, NULL, '2023-02-20 00:12:16', '2023-02-20 00:12:16', 'Botble\\Ecommerce\\Models\\Customer', NULL),
	(4, 'USD', 0, 'L2ZGGYX6DU', 'mollie', NULL, 1178.00, 4, 'completed', 'confirm', 10, NULL, NULL, '2023-02-20 00:12:16', '2023-02-20 00:12:16', 'Botble\\Ecommerce\\Models\\Customer', NULL),
	(5, 'USD', 0, 'H750E0KAMT', 'mollie', NULL, 1740.00, 5, 'completed', 'confirm', 9, NULL, NULL, '2023-02-20 00:12:16', '2023-02-20 00:12:16', 'Botble\\Ecommerce\\Models\\Customer', NULL),
	(6, 'USD', 0, 'GSYVSFPNPF', 'sslcommerz', NULL, 603.00, 6, 'completed', 'confirm', 1, NULL, NULL, '2023-02-20 00:12:16', '2023-02-20 00:12:16', 'Botble\\Ecommerce\\Models\\Customer', NULL),
	(7, 'USD', 0, 'YPXCNCPFER', 'razorpay', NULL, 1930.00, 7, 'completed', 'confirm', 2, NULL, NULL, '2023-02-20 00:12:16', '2023-02-20 00:12:16', 'Botble\\Ecommerce\\Models\\Customer', NULL),
	(8, 'USD', 0, 'FYTX8NV5TW', 'bank_transfer', NULL, 575.00, 8, 'pending', 'confirm', 5, NULL, NULL, '2023-02-20 00:12:16', '2023-02-20 00:12:16', 'Botble\\Ecommerce\\Models\\Customer', NULL),
	(9, 'USD', 0, 'K5EKICNIP4', 'razorpay', NULL, 357.00, 9, 'completed', 'confirm', 10, NULL, NULL, '2023-02-20 00:12:16', '2023-02-20 00:12:16', 'Botble\\Ecommerce\\Models\\Customer', NULL),
	(10, 'USD', 0, '5GB3232KDW', 'razorpay', NULL, 1197.00, 10, 'completed', 'confirm', 10, NULL, NULL, '2023-02-20 00:12:16', '2023-02-20 00:12:16', 'Botble\\Ecommerce\\Models\\Customer', NULL),
	(11, 'USD', 0, 'RMEHQSV3MR', 'cod', NULL, 1622.00, 11, 'pending', 'confirm', 1, NULL, NULL, '2023-02-20 00:12:16', '2023-02-20 00:12:16', 'Botble\\Ecommerce\\Models\\Customer', NULL),
	(12, 'USD', 0, 'AVZIL39WH0', 'paystack', NULL, 947.00, 12, 'completed', 'confirm', 4, NULL, NULL, '2023-02-20 00:12:16', '2023-02-20 00:12:16', 'Botble\\Ecommerce\\Models\\Customer', NULL),
	(13, 'USD', 0, 'PAHRYDCHDQ', 'bank_transfer', NULL, 162.00, 13, 'pending', 'confirm', 3, NULL, NULL, '2023-02-20 00:12:16', '2023-02-20 00:12:16', 'Botble\\Ecommerce\\Models\\Customer', NULL),
	(14, 'USD', 0, 'DXVZOZEPC1', 'bank_transfer', NULL, 623.00, 14, 'pending', 'confirm', 10, NULL, NULL, '2023-02-20 00:12:16', '2023-02-20 00:12:16', 'Botble\\Ecommerce\\Models\\Customer', NULL),
	(15, 'USD', 0, 'ULWAJAZA8O', 'paypal', NULL, 681.00, 15, 'completed', 'confirm', 6, NULL, NULL, '2023-02-20 00:12:16', '2023-02-20 00:12:16', 'Botble\\Ecommerce\\Models\\Customer', NULL),
	(16, 'USD', 0, 'M1XRN7R7Q2', 'cod', NULL, 650.00, 16, 'pending', 'confirm', 4, NULL, NULL, '2023-02-20 00:12:16', '2023-02-20 00:12:16', 'Botble\\Ecommerce\\Models\\Customer', NULL),
	(17, 'USD', 0, '52HN0DB0KD', 'razorpay', NULL, 500.00, 17, 'completed', 'confirm', 8, NULL, NULL, '2023-02-20 00:12:16', '2023-02-20 00:12:16', 'Botble\\Ecommerce\\Models\\Customer', NULL),
	(18, 'USD', 0, 'WJCACCP49X', 'razorpay', NULL, 633.00, 18, 'completed', 'confirm', 7, NULL, NULL, '2023-02-20 00:12:16', '2023-02-20 00:12:16', 'Botble\\Ecommerce\\Models\\Customer', NULL),
	(19, 'USD', 0, 'WPKIOGDOXW', 'paypal', NULL, 483.00, 19, 'completed', 'confirm', 6, NULL, NULL, '2023-02-20 00:12:16', '2023-02-20 00:12:16', 'Botble\\Ecommerce\\Models\\Customer', NULL),
	(20, 'USD', 0, 'NJVJURNDY4', 'mollie', NULL, 637.00, 20, 'completed', 'confirm', 1, NULL, NULL, '2023-02-20 00:12:16', '2023-02-20 00:12:16', 'Botble\\Ecommerce\\Models\\Customer', NULL);

-- Dumping structure for table wowy.personal_access_tokens
CREATE TABLE IF NOT EXISTS `personal_access_tokens` (
  `id` bigint unsigned NOT NULL AUTO_INCREMENT,
  `tokenable_type` varchar(191) CHARACTER SET utf8mb4 COLLATE utf8mb4_unicode_ci NOT NULL,
  `tokenable_id` bigint unsigned NOT NULL,
  `name` varchar(191) CHARACTER SET utf8mb4 COLLATE utf8mb4_unicode_ci NOT NULL,
  `token` varchar(64) CHARACTER SET utf8mb4 COLLATE utf8mb4_unicode_ci NOT NULL,
  `abilities` text CHARACTER SET utf8mb4 COLLATE utf8mb4_unicode_ci,
  `last_used_at` timestamp NULL DEFAULT NULL,
  `expires_at` timestamp NULL DEFAULT NULL,
  `created_at` timestamp NULL DEFAULT NULL,
  `updated_at` timestamp NULL DEFAULT NULL,
  PRIMARY KEY (`id`),
  UNIQUE KEY `personal_access_tokens_token_unique` (`token`),
  KEY `personal_access_tokens_tokenable_type_tokenable_id_index` (`tokenable_type`,`tokenable_id`)
) ENGINE=InnoDB DEFAULT CHARSET=utf8mb4 COLLATE=utf8mb4_unicode_ci;

-- Dumping data for table wowy.personal_access_tokens: ~0 rows (approximately)

-- Dumping structure for table wowy.posts
CREATE TABLE IF NOT EXISTS `posts` (
  `id` bigint unsigned NOT NULL AUTO_INCREMENT,
  `name` varchar(255) CHARACTER SET utf8mb4 COLLATE utf8mb4_unicode_ci NOT NULL,
  `description` varchar(400) CHARACTER SET utf8mb4 COLLATE utf8mb4_unicode_ci DEFAULT NULL,
  `content` longtext CHARACTER SET utf8mb4 COLLATE utf8mb4_unicode_ci,
  `status` varchar(60) CHARACTER SET utf8mb4 COLLATE utf8mb4_unicode_ci NOT NULL DEFAULT 'published',
  `author_id` int NOT NULL,
  `author_type` varchar(255) CHARACTER SET utf8mb4 COLLATE utf8mb4_unicode_ci NOT NULL DEFAULT 'Botble\\ACL\\Models\\User',
  `is_featured` tinyint unsigned NOT NULL DEFAULT '0',
  `image` varchar(255) CHARACTER SET utf8mb4 COLLATE utf8mb4_unicode_ci DEFAULT NULL,
  `views` int unsigned NOT NULL DEFAULT '0',
  `format_type` varchar(30) CHARACTER SET utf8mb4 COLLATE utf8mb4_unicode_ci DEFAULT NULL,
  `created_at` timestamp NULL DEFAULT NULL,
  `updated_at` timestamp NULL DEFAULT NULL,
  PRIMARY KEY (`id`),
  KEY `status` (`status`),
  KEY `author_id` (`author_id`),
  KEY `author_type` (`author_type`),
  KEY `created_at` (`created_at`)
) ENGINE=InnoDB AUTO_INCREMENT=12 DEFAULT CHARSET=utf8mb4 COLLATE=utf8mb4_unicode_ci;

-- Dumping data for table wowy.posts: ~11 rows (approximately)
INSERT INTO `posts` (`id`, `name`, `description`, `content`, `status`, `author_id`, `author_type`, `is_featured`, `image`, `views`, `format_type`, `created_at`, `updated_at`) VALUES
	(1, '4 Expert Tips On How To Choose The Right Men’s Wallet', 'You should pay more attention when you choose your wallets. There are a lot of them on the market with the different designs and styles. When you choose carefully, you would be able to buy a wallet that is catered to your needs. Not to mention that it will help to enhance your style significantly.', '<p>I have seen many people underestimating the power of their wallets. To them, they are just a functional item they use to carry. As a result, they often end up with the wallets which are not really suitable for them.</p>\n\n<p>You should pay more attention when you choose your wallets. There are a lot of them on the market with the different designs and styles. When you choose carefully, you would be able to buy a wallet that is catered to your needs. Not to mention that it will help to enhance your style significantly.</p>\n\n<p style="text-align:center;"><img alt="f4" src="/storage/news/1.jpg"></p>\n\n<p><br>\n </p>\n\n\n\n<p><strong><em>For all of the reason above, here are 7 expert tips to help you pick up the right men’s wallet for you:</em></strong></p>\n\n<h4><strong>Number 1: Choose A Neat Wallet</strong></h4>\n\n<p>The wallet is an essential accessory that you should go simple. Simplicity is the best in this case. A simple and neat wallet with the plain color and even <strong>minimalist style</strong> is versatile. It can be used for both formal and casual events. In addition, that wallet will go well with most of the clothes in your wardrobe.</p>\n\n<p>Keep in mind that a wallet will tell other people about your personality and your fashion sense as much as other clothes you put on. Hence, don’t go cheesy on your wallet or else people will think that you have a funny and particular style.</p>\n\n<p style="text-align:center;"><img alt="f5" src="/storage/news/2.jpg"></p>\n\n<p><br>\n </p>\n<hr>\n<h4><strong>Number 2: Choose The Right Size For Your Wallet</strong></h4>\n\n<p>You should avoid having an over-sized wallet. Don’t think that you need to buy a big wallet because you have a lot to carry with you. In addition, a fat wallet is very ugly. It will make it harder for you to slide the wallet into your trousers’ pocket. In addition, it will create a bulge and ruin your look.</p>\n\n<p>Before you go on to buy a new wallet, clean out your wallet and place all of the items from your wallet on a table. Throw away things that you would never need any more such as the old bills or the expired gift cards. Remember to check your wallet on a frequent basis to get rid of all of the old stuff that you don’t need anymore.</p>\n\n<p style="text-align:center;"><img alt="f1" src="/storage/news/3.jpg"></p>\n\n<p><br>\n </p>\n\n<hr>\n<h4><strong>Number 3: Don’t Limit Your Options Of Materials</strong></h4>\n\n<p>The types and designs of wallets are not the only things that you should consider when you go out searching for your best wallet. You have more than 1 option of material rather than leather to choose from as well.</p>\n\n<p>You can experiment with other available options such as cotton, polyester and canvas. They all have their own pros and cons. As a result, they will be suitable for different needs and requirements. You should think about them all in order to choose the material which you would like the most.</p>\n\n<p style="text-align:center;"><img alt="f6" height="375" src="/storage/news/4.jpg"></p>\n\n<p><br>\n </p>\n\n<hr>\n<h4><strong>Number 4: Consider A Wallet As A Long Term Investment</strong></h4>\n\n<p>Your wallet is indeed an investment that you should consider spending a decent amount of time and effort on it. Another factor that you need to consider is how much you want to spend on your wallet. The price ranges of wallets on the market vary a great deal. You can find a wallet which is as cheap as about 5 to 7 dollars. On the other hand, you should expect to pay around 250 to 300 dollars for a high-quality wallet.</p>\n\n<p>In case you need a wallet to use for a long time, it is a good idea that you should invest a decent amount of money on a wallet. A high quality wallet from a reputational brand with the premium quality such as cowhide leather will last for a long time. In addition, it is an accessory to show off your fashion sense and your social status.</p>\n\n<p style="text-align:center;"><img alt="f2" height="400" src="/storage/news/5.jpg"></p>\n\n<p> </p>\n', 'published', 1, 'Botble\\ACL\\Models\\User', 1, 'news/1.jpg', 2165, NULL, '2023-01-20 00:12:19', '2023-02-21 07:51:50'),
	(2, 'Sexy Clutches: How to Buy &amp; Wear a Designer Clutch Bag', 'You should pay more attention when you choose your wallets. There are a lot of them on the market with the different designs and styles. When you choose carefully, you would be able to buy a wallet that is catered to your needs. Not to mention that it will help to enhance your style significantly.', '<p>I have seen many people underestimating the power of their wallets. To them, they are just a functional item they use to carry. As a result, they often end up with the wallets which are not really suitable for them.</p>\n\n<p>You should pay more attention when you choose your wallets. There are a lot of them on the market with the different designs and styles. When you choose carefully, you would be able to buy a wallet that is catered to your needs. Not to mention that it will help to enhance your style significantly.</p>\n\n<p style="text-align:center;"><img alt="f4" src="/storage/news/1.jpg"></p>\n\n<p><br>\n </p>\n\n\n\n<p><strong><em>For all of the reason above, here are 7 expert tips to help you pick up the right men’s wallet for you:</em></strong></p>\n\n<h4><strong>Number 1: Choose A Neat Wallet</strong></h4>\n\n<p>The wallet is an essential accessory that you should go simple. Simplicity is the best in this case. A simple and neat wallet with the plain color and even <strong>minimalist style</strong> is versatile. It can be used for both formal and casual events. In addition, that wallet will go well with most of the clothes in your wardrobe.</p>\n\n<p>Keep in mind that a wallet will tell other people about your personality and your fashion sense as much as other clothes you put on. Hence, don’t go cheesy on your wallet or else people will think that you have a funny and particular style.</p>\n\n<p style="text-align:center;"><img alt="f5" src="/storage/news/2.jpg"></p>\n\n<p><br>\n </p>\n<hr>\n<h4><strong>Number 2: Choose The Right Size For Your Wallet</strong></h4>\n\n<p>You should avoid having an over-sized wallet. Don’t think that you need to buy a big wallet because you have a lot to carry with you. In addition, a fat wallet is very ugly. It will make it harder for you to slide the wallet into your trousers’ pocket. In addition, it will create a bulge and ruin your look.</p>\n\n<p>Before you go on to buy a new wallet, clean out your wallet and place all of the items from your wallet on a table. Throw away things that you would never need any more such as the old bills or the expired gift cards. Remember to check your wallet on a frequent basis to get rid of all of the old stuff that you don’t need anymore.</p>\n\n<p style="text-align:center;"><img alt="f1" src="/storage/news/3.jpg"></p>\n\n<p><br>\n </p>\n\n<hr>\n<h4><strong>Number 3: Don’t Limit Your Options Of Materials</strong></h4>\n\n<p>The types and designs of wallets are not the only things that you should consider when you go out searching for your best wallet. You have more than 1 option of material rather than leather to choose from as well.</p>\n\n<p>You can experiment with other available options such as cotton, polyester and canvas. They all have their own pros and cons. As a result, they will be suitable for different needs and requirements. You should think about them all in order to choose the material which you would like the most.</p>\n\n<p style="text-align:center;"><img alt="f6" height="375" src="/storage/news/4.jpg"></p>\n\n<p><br>\n </p>\n\n<hr>\n<h4><strong>Number 4: Consider A Wallet As A Long Term Investment</strong></h4>\n\n<p>Your wallet is indeed an investment that you should consider spending a decent amount of time and effort on it. Another factor that you need to consider is how much you want to spend on your wallet. The price ranges of wallets on the market vary a great deal. You can find a wallet which is as cheap as about 5 to 7 dollars. On the other hand, you should expect to pay around 250 to 300 dollars for a high-quality wallet.</p>\n\n<p>In case you need a wallet to use for a long time, it is a good idea that you should invest a decent amount of money on a wallet. A high quality wallet from a reputational brand with the premium quality such as cowhide leather will last for a long time. In addition, it is an accessory to show off your fashion sense and your social status.</p>\n\n<p style="text-align:center;"><img alt="f2" height="400" src="/storage/news/5.jpg"></p>\n\n<p> </p>\n', 'published', 1, 'Botble\\ACL\\Models\\User', 1, 'news/2.jpg', 309, NULL, '2023-02-20 00:12:19', '2023-02-21 07:51:41'),
	(3, 'The Top 2020 Handbag Trends to Know', 'You should pay more attention when you choose your wallets. There are a lot of them on the market with the different designs and styles. When you choose carefully, you would be able to buy a wallet that is catered to your needs. Not to mention that it will help to enhance your style significantly.', '<p>I have seen many people underestimating the power of their wallets. To them, they are just a functional item they use to carry. As a result, they often end up with the wallets which are not really suitable for them.</p>\n\n<p>You should pay more attention when you choose your wallets. There are a lot of them on the market with the different designs and styles. When you choose carefully, you would be able to buy a wallet that is catered to your needs. Not to mention that it will help to enhance your style significantly.</p>\n\n<p style="text-align:center;"><img alt="f4" src="/storage/news/1.jpg"></p>\n\n<p><br>\n </p>\n\n\n\n<p><strong><em>For all of the reason above, here are 7 expert tips to help you pick up the right men’s wallet for you:</em></strong></p>\n\n<h4><strong>Number 1: Choose A Neat Wallet</strong></h4>\n\n<p>The wallet is an essential accessory that you should go simple. Simplicity is the best in this case. A simple and neat wallet with the plain color and even <strong>minimalist style</strong> is versatile. It can be used for both formal and casual events. In addition, that wallet will go well with most of the clothes in your wardrobe.</p>\n\n<p>Keep in mind that a wallet will tell other people about your personality and your fashion sense as much as other clothes you put on. Hence, don’t go cheesy on your wallet or else people will think that you have a funny and particular style.</p>\n\n<p style="text-align:center;"><img alt="f5" src="/storage/news/2.jpg"></p>\n\n<p><br>\n </p>\n<hr>\n<h4><strong>Number 2: Choose The Right Size For Your Wallet</strong></h4>\n\n<p>You should avoid having an over-sized wallet. Don’t think that you need to buy a big wallet because you have a lot to carry with you. In addition, a fat wallet is very ugly. It will make it harder for you to slide the wallet into your trousers’ pocket. In addition, it will create a bulge and ruin your look.</p>\n\n<p>Before you go on to buy a new wallet, clean out your wallet and place all of the items from your wallet on a table. Throw away things that you would never need any more such as the old bills or the expired gift cards. Remember to check your wallet on a frequent basis to get rid of all of the old stuff that you don’t need anymore.</p>\n\n<p style="text-align:center;"><img alt="f1" src="/storage/news/3.jpg"></p>\n\n<p><br>\n </p>\n\n<hr>\n<h4><strong>Number 3: Don’t Limit Your Options Of Materials</strong></h4>\n\n<p>The types and designs of wallets are not the only things that you should consider when you go out searching for your best wallet. You have more than 1 option of material rather than leather to choose from as well.</p>\n\n<p>You can experiment with other available options such as cotton, polyester and canvas. They all have their own pros and cons. As a result, they will be suitable for different needs and requirements. You should think about them all in order to choose the material which you would like the most.</p>\n\n<p style="text-align:center;"><img alt="f6" height="375" src="/storage/news/4.jpg"></p>\n\n<p><br>\n </p>\n\n<hr>\n<h4><strong>Number 4: Consider A Wallet As A Long Term Investment</strong></h4>\n\n<p>Your wallet is indeed an investment that you should consider spending a decent amount of time and effort on it. Another factor that you need to consider is how much you want to spend on your wallet. The price ranges of wallets on the market vary a great deal. You can find a wallet which is as cheap as about 5 to 7 dollars. On the other hand, you should expect to pay around 250 to 300 dollars for a high-quality wallet.</p>\n\n<p>In case you need a wallet to use for a long time, it is a good idea that you should invest a decent amount of money on a wallet. A high quality wallet from a reputational brand with the premium quality such as cowhide leather will last for a long time. In addition, it is an accessory to show off your fashion sense and your social status.</p>\n\n<p style="text-align:center;"><img alt="f2" height="400" src="/storage/news/5.jpg"></p>\n\n<p> </p>\n', 'published', 1, 'Botble\\ACL\\Models\\User', 1, 'news/3.jpg', 204, NULL, '2023-02-20 00:12:19', '2023-02-20 00:12:19'),
	(4, 'How to Match the Color of Your Handbag With an Outfit', 'You should pay more attention when you choose your wallets. There are a lot of them on the market with the different designs and styles. When you choose carefully, you would be able to buy a wallet that is catered to your needs. Not to mention that it will help to enhance your style significantly.', '<p>I have seen many people underestimating the power of their wallets. To them, they are just a functional item they use to carry. As a result, they often end up with the wallets which are not really suitable for them.</p>\n\n<p>You should pay more attention when you choose your wallets. There are a lot of them on the market with the different designs and styles. When you choose carefully, you would be able to buy a wallet that is catered to your needs. Not to mention that it will help to enhance your style significantly.</p>\n\n<p style="text-align:center;"><img alt="f4" src="/storage/news/1.jpg"></p>\n\n<p><br>\n </p>\n\n[featured-products title="Shop The Look" limit="6"][/featured-products]\n\n<p><strong><em>For all of the reason above, here are 7 expert tips to help you pick up the right men’s wallet for you:</em></strong></p>\n\n<h4><strong>Number 1: Choose A Neat Wallet</strong></h4>\n\n<p>The wallet is an essential accessory that you should go simple. Simplicity is the best in this case. A simple and neat wallet with the plain color and even <strong>minimalist style</strong> is versatile. It can be used for both formal and casual events. In addition, that wallet will go well with most of the clothes in your wardrobe.</p>\n\n<p>Keep in mind that a wallet will tell other people about your personality and your fashion sense as much as other clothes you put on. Hence, don’t go cheesy on your wallet or else people will think that you have a funny and particular style.</p>\n\n<p style="text-align:center;"><img alt="f5" src="/storage/news/2.jpg"></p>\n\n<p><br>\n </p>\n<hr>\n<h4><strong>Number 2: Choose The Right Size For Your Wallet</strong></h4>\n\n<p>You should avoid having an over-sized wallet. Don’t think that you need to buy a big wallet because you have a lot to carry with you. In addition, a fat wallet is very ugly. It will make it harder for you to slide the wallet into your trousers’ pocket. In addition, it will create a bulge and ruin your look.</p>\n\n<p>Before you go on to buy a new wallet, clean out your wallet and place all of the items from your wallet on a table. Throw away things that you would never need any more such as the old bills or the expired gift cards. Remember to check your wallet on a frequent basis to get rid of all of the old stuff that you don’t need anymore.</p>\n\n<p style="text-align:center;"><img alt="f1" src="/storage/news/3.jpg"></p>\n\n<p><br>\n </p>\n\n<hr>\n<h4><strong>Number 3: Don’t Limit Your Options Of Materials</strong></h4>\n\n<p>The types and designs of wallets are not the only things that you should consider when you go out searching for your best wallet. You have more than 1 option of material rather than leather to choose from as well.</p>\n\n<p>You can experiment with other available options such as cotton, polyester and canvas. They all have their own pros and cons. As a result, they will be suitable for different needs and requirements. You should think about them all in order to choose the material which you would like the most.</p>\n\n<p style="text-align:center;"><img alt="f6" height="375" src="/storage/news/4.jpg"></p>\n\n<p><br>\n </p>\n\n<hr>\n<h4><strong>Number 4: Consider A Wallet As A Long Term Investment</strong></h4>\n\n<p>Your wallet is indeed an investment that you should consider spending a decent amount of time and effort on it. Another factor that you need to consider is how much you want to spend on your wallet. The price ranges of wallets on the market vary a great deal. You can find a wallet which is as cheap as about 5 to 7 dollars. On the other hand, you should expect to pay around 250 to 300 dollars for a high-quality wallet.</p>\n\n<p>In case you need a wallet to use for a long time, it is a good idea that you should invest a decent amount of money on a wallet. A high quality wallet from a reputational brand with the premium quality such as cowhide leather will last for a long time. In addition, it is an accessory to show off your fashion sense and your social status.</p>\n\n<p style="text-align:center;"><img alt="f2" height="400" src="/storage/news/5.jpg"></p>\n\n<p> </p>\n', 'published', 1, 'Botble\\ACL\\Models\\User', 1, 'news/4.jpg', 1822, NULL, '2023-02-20 00:12:19', '2023-02-23 08:40:50'),
	(5, 'How to Care for Leather Bags', 'You should pay more attention when you choose your wallets. There are a lot of them on the market with the different designs and styles. When you choose carefully, you would be able to buy a wallet that is catered to your needs. Not to mention that it will help to enhance your style significantly.', '<p>I have seen many people underestimating the power of their wallets. To them, they are just a functional item they use to carry. As a result, they often end up with the wallets which are not really suitable for them.</p>\n\n<p>You should pay more attention when you choose your wallets. There are a lot of them on the market with the different designs and styles. When you choose carefully, you would be able to buy a wallet that is catered to your needs. Not to mention that it will help to enhance your style significantly.</p>\n\n<p style="text-align:center;"><img alt="f4" src="/storage/news/1.jpg"></p>\n\n<p><br>\n </p>\n\n\n\n<p><strong><em>For all of the reason above, here are 7 expert tips to help you pick up the right men’s wallet for you:</em></strong></p>\n\n<h4><strong>Number 1: Choose A Neat Wallet</strong></h4>\n\n<p>The wallet is an essential accessory that you should go simple. Simplicity is the best in this case. A simple and neat wallet with the plain color and even <strong>minimalist style</strong> is versatile. It can be used for both formal and casual events. In addition, that wallet will go well with most of the clothes in your wardrobe.</p>\n\n<p>Keep in mind that a wallet will tell other people about your personality and your fashion sense as much as other clothes you put on. Hence, don’t go cheesy on your wallet or else people will think that you have a funny and particular style.</p>\n\n<p style="text-align:center;"><img alt="f5" src="/storage/news/2.jpg"></p>\n\n<p><br>\n </p>\n<hr>\n<h4><strong>Number 2: Choose The Right Size For Your Wallet</strong></h4>\n\n<p>You should avoid having an over-sized wallet. Don’t think that you need to buy a big wallet because you have a lot to carry with you. In addition, a fat wallet is very ugly. It will make it harder for you to slide the wallet into your trousers’ pocket. In addition, it will create a bulge and ruin your look.</p>\n\n<p>Before you go on to buy a new wallet, clean out your wallet and place all of the items from your wallet on a table. Throw away things that you would never need any more such as the old bills or the expired gift cards. Remember to check your wallet on a frequent basis to get rid of all of the old stuff that you don’t need anymore.</p>\n\n<p style="text-align:center;"><img alt="f1" src="/storage/news/3.jpg"></p>\n\n<p><br>\n </p>\n\n<hr>\n<h4><strong>Number 3: Don’t Limit Your Options Of Materials</strong></h4>\n\n<p>The types and designs of wallets are not the only things that you should consider when you go out searching for your best wallet. You have more than 1 option of material rather than leather to choose from as well.</p>\n\n<p>You can experiment with other available options such as cotton, polyester and canvas. They all have their own pros and cons. As a result, they will be suitable for different needs and requirements. You should think about them all in order to choose the material which you would like the most.</p>\n\n<p style="text-align:center;"><img alt="f6" height="375" src="/storage/news/4.jpg"></p>\n\n<p><br>\n </p>\n\n<hr>\n<h4><strong>Number 4: Consider A Wallet As A Long Term Investment</strong></h4>\n\n<p>Your wallet is indeed an investment that you should consider spending a decent amount of time and effort on it. Another factor that you need to consider is how much you want to spend on your wallet. The price ranges of wallets on the market vary a great deal. You can find a wallet which is as cheap as about 5 to 7 dollars. On the other hand, you should expect to pay around 250 to 300 dollars for a high-quality wallet.</p>\n\n<p>In case you need a wallet to use for a long time, it is a good idea that you should invest a decent amount of money on a wallet. A high quality wallet from a reputational brand with the premium quality such as cowhide leather will last for a long time. In addition, it is an accessory to show off your fashion sense and your social status.</p>\n\n<p style="text-align:center;"><img alt="f2" height="400" src="/storage/news/5.jpg"></p>\n\n<p> </p>\n', 'published', 1, 'Botble\\ACL\\Models\\User', 1, 'news/5.jpg', 148, NULL, '2023-02-20 00:12:19', '2023-02-20 00:12:19'),
	(6, 'We\'re Crushing Hard on Summer\'s 10 Biggest Bag Trends', 'You should pay more attention when you choose your wallets. There are a lot of them on the market with the different designs and styles. When you choose carefully, you would be able to buy a wallet that is catered to your needs. Not to mention that it will help to enhance your style significantly.', '<p>I have seen many people underestimating the power of their wallets. To them, they are just a functional item they use to carry. As a result, they often end up with the wallets which are not really suitable for them.</p>\n\n<p>You should pay more attention when you choose your wallets. There are a lot of them on the market with the different designs and styles. When you choose carefully, you would be able to buy a wallet that is catered to your needs. Not to mention that it will help to enhance your style significantly.</p>\n\n<p style="text-align:center;"><img alt="f4" src="/storage/news/1.jpg"></p>\n\n<p><br>\n </p>\n\n\n\n<p><strong><em>For all of the reason above, here are 7 expert tips to help you pick up the right men’s wallet for you:</em></strong></p>\n\n<h4><strong>Number 1: Choose A Neat Wallet</strong></h4>\n\n<p>The wallet is an essential accessory that you should go simple. Simplicity is the best in this case. A simple and neat wallet with the plain color and even <strong>minimalist style</strong> is versatile. It can be used for both formal and casual events. In addition, that wallet will go well with most of the clothes in your wardrobe.</p>\n\n<p>Keep in mind that a wallet will tell other people about your personality and your fashion sense as much as other clothes you put on. Hence, don’t go cheesy on your wallet or else people will think that you have a funny and particular style.</p>\n\n<p style="text-align:center;"><img alt="f5" src="/storage/news/2.jpg"></p>\n\n<p><br>\n </p>\n<hr>\n<h4><strong>Number 2: Choose The Right Size For Your Wallet</strong></h4>\n\n<p>You should avoid having an over-sized wallet. Don’t think that you need to buy a big wallet because you have a lot to carry with you. In addition, a fat wallet is very ugly. It will make it harder for you to slide the wallet into your trousers’ pocket. In addition, it will create a bulge and ruin your look.</p>\n\n<p>Before you go on to buy a new wallet, clean out your wallet and place all of the items from your wallet on a table. Throw away things that you would never need any more such as the old bills or the expired gift cards. Remember to check your wallet on a frequent basis to get rid of all of the old stuff that you don’t need anymore.</p>\n\n<p style="text-align:center;"><img alt="f1" src="/storage/news/3.jpg"></p>\n\n<p><br>\n </p>\n\n<hr>\n<h4><strong>Number 3: Don’t Limit Your Options Of Materials</strong></h4>\n\n<p>The types and designs of wallets are not the only things that you should consider when you go out searching for your best wallet. You have more than 1 option of material rather than leather to choose from as well.</p>\n\n<p>You can experiment with other available options such as cotton, polyester and canvas. They all have their own pros and cons. As a result, they will be suitable for different needs and requirements. You should think about them all in order to choose the material which you would like the most.</p>\n\n<p style="text-align:center;"><img alt="f6" height="375" src="/storage/news/4.jpg"></p>\n\n<p><br>\n </p>\n\n<hr>\n<h4><strong>Number 4: Consider A Wallet As A Long Term Investment</strong></h4>\n\n<p>Your wallet is indeed an investment that you should consider spending a decent amount of time and effort on it. Another factor that you need to consider is how much you want to spend on your wallet. The price ranges of wallets on the market vary a great deal. You can find a wallet which is as cheap as about 5 to 7 dollars. On the other hand, you should expect to pay around 250 to 300 dollars for a high-quality wallet.</p>\n\n<p>In case you need a wallet to use for a long time, it is a good idea that you should invest a decent amount of money on a wallet. A high quality wallet from a reputational brand with the premium quality such as cowhide leather will last for a long time. In addition, it is an accessory to show off your fashion sense and your social status.</p>\n\n<p style="text-align:center;"><img alt="f2" height="400" src="/storage/news/5.jpg"></p>\n\n<p> </p>\n', 'published', 1, 'Botble\\ACL\\Models\\User', 1, 'news/6.jpg', 1734, NULL, '2023-02-20 00:12:19', '2023-02-20 00:12:19'),
	(7, 'Essential Qualities of Highly Successful Music', 'You should pay more attention when you choose your wallets. There are a lot of them on the market with the different designs and styles. When you choose carefully, you would be able to buy a wallet that is catered to your needs. Not to mention that it will help to enhance your style significantly.', '<p>I have seen many people underestimating the power of their wallets. To them, they are just a functional item they use to carry. As a result, they often end up with the wallets which are not really suitable for them.</p>\n\n<p>You should pay more attention when you choose your wallets. There are a lot of them on the market with the different designs and styles. When you choose carefully, you would be able to buy a wallet that is catered to your needs. Not to mention that it will help to enhance your style significantly.</p>\n\n<p style="text-align:center;"><img alt="f4" src="/storage/news/1.jpg"></p>\n\n<p><br>\n </p>\n\n\n\n<p><strong><em>For all of the reason above, here are 7 expert tips to help you pick up the right men’s wallet for you:</em></strong></p>\n\n<h4><strong>Number 1: Choose A Neat Wallet</strong></h4>\n\n<p>The wallet is an essential accessory that you should go simple. Simplicity is the best in this case. A simple and neat wallet with the plain color and even <strong>minimalist style</strong> is versatile. It can be used for both formal and casual events. In addition, that wallet will go well with most of the clothes in your wardrobe.</p>\n\n<p>Keep in mind that a wallet will tell other people about your personality and your fashion sense as much as other clothes you put on. Hence, don’t go cheesy on your wallet or else people will think that you have a funny and particular style.</p>\n\n<p style="text-align:center;"><img alt="f5" src="/storage/news/2.jpg"></p>\n\n<p><br>\n </p>\n<hr>\n<h4><strong>Number 2: Choose The Right Size For Your Wallet</strong></h4>\n\n<p>You should avoid having an over-sized wallet. Don’t think that you need to buy a big wallet because you have a lot to carry with you. In addition, a fat wallet is very ugly. It will make it harder for you to slide the wallet into your trousers’ pocket. In addition, it will create a bulge and ruin your look.</p>\n\n<p>Before you go on to buy a new wallet, clean out your wallet and place all of the items from your wallet on a table. Throw away things that you would never need any more such as the old bills or the expired gift cards. Remember to check your wallet on a frequent basis to get rid of all of the old stuff that you don’t need anymore.</p>\n\n<p style="text-align:center;"><img alt="f1" src="/storage/news/3.jpg"></p>\n\n<p><br>\n </p>\n\n<hr>\n<h4><strong>Number 3: Don’t Limit Your Options Of Materials</strong></h4>\n\n<p>The types and designs of wallets are not the only things that you should consider when you go out searching for your best wallet. You have more than 1 option of material rather than leather to choose from as well.</p>\n\n<p>You can experiment with other available options such as cotton, polyester and canvas. They all have their own pros and cons. As a result, they will be suitable for different needs and requirements. You should think about them all in order to choose the material which you would like the most.</p>\n\n<p style="text-align:center;"><img alt="f6" height="375" src="/storage/news/4.jpg"></p>\n\n<p><br>\n </p>\n\n<hr>\n<h4><strong>Number 4: Consider A Wallet As A Long Term Investment</strong></h4>\n\n<p>Your wallet is indeed an investment that you should consider spending a decent amount of time and effort on it. Another factor that you need to consider is how much you want to spend on your wallet. The price ranges of wallets on the market vary a great deal. You can find a wallet which is as cheap as about 5 to 7 dollars. On the other hand, you should expect to pay around 250 to 300 dollars for a high-quality wallet.</p>\n\n<p>In case you need a wallet to use for a long time, it is a good idea that you should invest a decent amount of money on a wallet. A high quality wallet from a reputational brand with the premium quality such as cowhide leather will last for a long time. In addition, it is an accessory to show off your fashion sense and your social status.</p>\n\n<p style="text-align:center;"><img alt="f2" height="400" src="/storage/news/5.jpg"></p>\n\n<p> </p>\n', 'published', 1, 'Botble\\ACL\\Models\\User', 1, 'news/7.jpg', 291, NULL, '2023-02-20 00:12:19', '2023-02-20 00:12:19'),
	(8, '9 Things I Love About Shaving My Head', 'You should pay more attention when you choose your wallets. There are a lot of them on the market with the different designs and styles. When you choose carefully, you would be able to buy a wallet that is catered to your needs. Not to mention that it will help to enhance your style significantly.', '<p>I have seen many people underestimating the power of their wallets. To them, they are just a functional item they use to carry. As a result, they often end up with the wallets which are not really suitable for them.</p>\n\n<p>You should pay more attention when you choose your wallets. There are a lot of them on the market with the different designs and styles. When you choose carefully, you would be able to buy a wallet that is catered to your needs. Not to mention that it will help to enhance your style significantly.</p>\n\n<p style="text-align:center;"><img alt="f4" src="/storage/news/1.jpg"></p>\n\n<p><br>\n </p>\n\n\n\n<p><strong><em>For all of the reason above, here are 7 expert tips to help you pick up the right men’s wallet for you:</em></strong></p>\n\n<h4><strong>Number 1: Choose A Neat Wallet</strong></h4>\n\n<p>The wallet is an essential accessory that you should go simple. Simplicity is the best in this case. A simple and neat wallet with the plain color and even <strong>minimalist style</strong> is versatile. It can be used for both formal and casual events. In addition, that wallet will go well with most of the clothes in your wardrobe.</p>\n\n<p>Keep in mind that a wallet will tell other people about your personality and your fashion sense as much as other clothes you put on. Hence, don’t go cheesy on your wallet or else people will think that you have a funny and particular style.</p>\n\n<p style="text-align:center;"><img alt="f5" src="/storage/news/2.jpg"></p>\n\n<p><br>\n </p>\n<hr>\n<h4><strong>Number 2: Choose The Right Size For Your Wallet</strong></h4>\n\n<p>You should avoid having an over-sized wallet. Don’t think that you need to buy a big wallet because you have a lot to carry with you. In addition, a fat wallet is very ugly. It will make it harder for you to slide the wallet into your trousers’ pocket. In addition, it will create a bulge and ruin your look.</p>\n\n<p>Before you go on to buy a new wallet, clean out your wallet and place all of the items from your wallet on a table. Throw away things that you would never need any more such as the old bills or the expired gift cards. Remember to check your wallet on a frequent basis to get rid of all of the old stuff that you don’t need anymore.</p>\n\n<p style="text-align:center;"><img alt="f1" src="/storage/news/3.jpg"></p>\n\n<p><br>\n </p>\n\n<hr>\n<h4><strong>Number 3: Don’t Limit Your Options Of Materials</strong></h4>\n\n<p>The types and designs of wallets are not the only things that you should consider when you go out searching for your best wallet. You have more than 1 option of material rather than leather to choose from as well.</p>\n\n<p>You can experiment with other available options such as cotton, polyester and canvas. They all have their own pros and cons. As a result, they will be suitable for different needs and requirements. You should think about them all in order to choose the material which you would like the most.</p>\n\n<p style="text-align:center;"><img alt="f6" height="375" src="/storage/news/4.jpg"></p>\n\n<p><br>\n </p>\n\n<hr>\n<h4><strong>Number 4: Consider A Wallet As A Long Term Investment</strong></h4>\n\n<p>Your wallet is indeed an investment that you should consider spending a decent amount of time and effort on it. Another factor that you need to consider is how much you want to spend on your wallet. The price ranges of wallets on the market vary a great deal. You can find a wallet which is as cheap as about 5 to 7 dollars. On the other hand, you should expect to pay around 250 to 300 dollars for a high-quality wallet.</p>\n\n<p>In case you need a wallet to use for a long time, it is a good idea that you should invest a decent amount of money on a wallet. A high quality wallet from a reputational brand with the premium quality such as cowhide leather will last for a long time. In addition, it is an accessory to show off your fashion sense and your social status.</p>\n\n<p style="text-align:center;"><img alt="f2" height="400" src="/storage/news/5.jpg"></p>\n\n<p> </p>\n', 'published', 1, 'Botble\\ACL\\Models\\User', 1, 'news/8.jpg', 2449, NULL, '2023-02-20 00:12:19', '2023-02-23 07:53:45'),
	(9, 'Why Teamwork Really Makes The Dream Work', 'You should pay more attention when you choose your wallets. There are a lot of them on the market with the different designs and styles. When you choose carefully, you would be able to buy a wallet that is catered to your needs. Not to mention that it will help to enhance your style significantly.', '<p>I have seen many people underestimating the power of their wallets. To them, they are just a functional item they use to carry. As a result, they often end up with the wallets which are not really suitable for them.</p>\n\n<p>You should pay more attention when you choose your wallets. There are a lot of them on the market with the different designs and styles. When you choose carefully, you would be able to buy a wallet that is catered to your needs. Not to mention that it will help to enhance your style significantly.</p>\n\n<p style="text-align:center;"><img alt="f4" src="/storage/news/1.jpg"></p>\n\n<p><br>\n </p>\n\n\n\n<p><strong><em>For all of the reason above, here are 7 expert tips to help you pick up the right men’s wallet for you:</em></strong></p>\n\n<h4><strong>Number 1: Choose A Neat Wallet</strong></h4>\n\n<p>The wallet is an essential accessory that you should go simple. Simplicity is the best in this case. A simple and neat wallet with the plain color and even <strong>minimalist style</strong> is versatile. It can be used for both formal and casual events. In addition, that wallet will go well with most of the clothes in your wardrobe.</p>\n\n<p>Keep in mind that a wallet will tell other people about your personality and your fashion sense as much as other clothes you put on. Hence, don’t go cheesy on your wallet or else people will think that you have a funny and particular style.</p>\n\n<p style="text-align:center;"><img alt="f5" src="/storage/news/2.jpg"></p>\n\n<p><br>\n </p>\n<hr>\n<h4><strong>Number 2: Choose The Right Size For Your Wallet</strong></h4>\n\n<p>You should avoid having an over-sized wallet. Don’t think that you need to buy a big wallet because you have a lot to carry with you. In addition, a fat wallet is very ugly. It will make it harder for you to slide the wallet into your trousers’ pocket. In addition, it will create a bulge and ruin your look.</p>\n\n<p>Before you go on to buy a new wallet, clean out your wallet and place all of the items from your wallet on a table. Throw away things that you would never need any more such as the old bills or the expired gift cards. Remember to check your wallet on a frequent basis to get rid of all of the old stuff that you don’t need anymore.</p>\n\n<p style="text-align:center;"><img alt="f1" src="/storage/news/3.jpg"></p>\n\n<p><br>\n </p>\n\n<hr>\n<h4><strong>Number 3: Don’t Limit Your Options Of Materials</strong></h4>\n\n<p>The types and designs of wallets are not the only things that you should consider when you go out searching for your best wallet. You have more than 1 option of material rather than leather to choose from as well.</p>\n\n<p>You can experiment with other available options such as cotton, polyester and canvas. They all have their own pros and cons. As a result, they will be suitable for different needs and requirements. You should think about them all in order to choose the material which you would like the most.</p>\n\n<p style="text-align:center;"><img alt="f6" height="375" src="/storage/news/4.jpg"></p>\n\n<p><br>\n </p>\n\n<hr>\n<h4><strong>Number 4: Consider A Wallet As A Long Term Investment</strong></h4>\n\n<p>Your wallet is indeed an investment that you should consider spending a decent amount of time and effort on it. Another factor that you need to consider is how much you want to spend on your wallet. The price ranges of wallets on the market vary a great deal. You can find a wallet which is as cheap as about 5 to 7 dollars. On the other hand, you should expect to pay around 250 to 300 dollars for a high-quality wallet.</p>\n\n<p>In case you need a wallet to use for a long time, it is a good idea that you should invest a decent amount of money on a wallet. A high quality wallet from a reputational brand with the premium quality such as cowhide leather will last for a long time. In addition, it is an accessory to show off your fashion sense and your social status.</p>\n\n<p style="text-align:center;"><img alt="f2" height="400" src="/storage/news/5.jpg"></p>\n\n<p> </p>\n', 'published', 1, 'Botble\\ACL\\Models\\User', 1, 'news/9.jpg', 665, NULL, '2023-02-20 00:12:19', '2023-02-21 08:01:21'),
	(10, 'The World Caters to Average People', 'You should pay more attention when you choose your wallets. There are a lot of them on the market with the different designs and styles. When you choose carefully, you would be able to buy a wallet that is catered to your needs. Not to mention that it will help to enhance your style significantly.', '<p>I have seen many people underestimating the power of their wallets. To them, they are just a functional item they use to carry. As a result, they often end up with the wallets which are not really suitable for them.</p>\n\n<p>You should pay more attention when you choose your wallets. There are a lot of them on the market with the different designs and styles. When you choose carefully, you would be able to buy a wallet that is catered to your needs. Not to mention that it will help to enhance your style significantly.</p>\n\n<p style="text-align:center;"><img alt="f4" src="/storage/news/1.jpg"></p>\n\n<p><br>\n </p>\n\n\n\n<p><strong><em>For all of the reason above, here are 7 expert tips to help you pick up the right men’s wallet for you:</em></strong></p>\n\n<h4><strong>Number 1: Choose A Neat Wallet</strong></h4>\n\n<p>The wallet is an essential accessory that you should go simple. Simplicity is the best in this case. A simple and neat wallet with the plain color and even <strong>minimalist style</strong> is versatile. It can be used for both formal and casual events. In addition, that wallet will go well with most of the clothes in your wardrobe.</p>\n\n<p>Keep in mind that a wallet will tell other people about your personality and your fashion sense as much as other clothes you put on. Hence, don’t go cheesy on your wallet or else people will think that you have a funny and particular style.</p>\n\n<p style="text-align:center;"><img alt="f5" src="/storage/news/2.jpg"></p>\n\n<p><br>\n </p>\n<hr>\n<h4><strong>Number 2: Choose The Right Size For Your Wallet</strong></h4>\n\n<p>You should avoid having an over-sized wallet. Don’t think that you need to buy a big wallet because you have a lot to carry with you. In addition, a fat wallet is very ugly. It will make it harder for you to slide the wallet into your trousers’ pocket. In addition, it will create a bulge and ruin your look.</p>\n\n<p>Before you go on to buy a new wallet, clean out your wallet and place all of the items from your wallet on a table. Throw away things that you would never need any more such as the old bills or the expired gift cards. Remember to check your wallet on a frequent basis to get rid of all of the old stuff that you don’t need anymore.</p>\n\n<p style="text-align:center;"><img alt="f1" src="/storage/news/3.jpg"></p>\n\n<p><br>\n </p>\n\n<hr>\n<h4><strong>Number 3: Don’t Limit Your Options Of Materials</strong></h4>\n\n<p>The types and designs of wallets are not the only things that you should consider when you go out searching for your best wallet. You have more than 1 option of material rather than leather to choose from as well.</p>\n\n<p>You can experiment with other available options such as cotton, polyester and canvas. They all have their own pros and cons. As a result, they will be suitable for different needs and requirements. You should think about them all in order to choose the material which you would like the most.</p>\n\n<p style="text-align:center;"><img alt="f6" height="375" src="/storage/news/4.jpg"></p>\n\n<p><br>\n </p>\n\n<hr>\n<h4><strong>Number 4: Consider A Wallet As A Long Term Investment</strong></h4>\n\n<p>Your wallet is indeed an investment that you should consider spending a decent amount of time and effort on it. Another factor that you need to consider is how much you want to spend on your wallet. The price ranges of wallets on the market vary a great deal. You can find a wallet which is as cheap as about 5 to 7 dollars. On the other hand, you should expect to pay around 250 to 300 dollars for a high-quality wallet.</p>\n\n<p>In case you need a wallet to use for a long time, it is a good idea that you should invest a decent amount of money on a wallet. A high quality wallet from a reputational brand with the premium quality such as cowhide leather will last for a long time. In addition, it is an accessory to show off your fashion sense and your social status.</p>\n\n<p style="text-align:center;"><img alt="f2" height="400" src="/storage/news/5.jpg"></p>\n\n<p> </p>\n', 'published', 1, 'Botble\\ACL\\Models\\User', 1, 'news/10.jpg', 731, NULL, '2023-02-20 00:12:19', '2023-02-23 08:09:57'),
	(11, 'The litigants on the screen are not actors', 'You should pay more attention when you choose your wallets. There are a lot of them on the market with the different designs and styles. When you choose carefully, you would be able to buy a wallet that is catered to your needs. Not to mention that it will help to enhance your style significantly.', '<p>I have seen many people underestimating the power of their wallets. To them, they are just a functional item they use to carry. As a result, they often end up with the wallets which are not really suitable for them.</p>\n\n<p>You should pay more attention when you choose your wallets. There are a lot of them on the market with the different designs and styles. When you choose carefully, you would be able to buy a wallet that is catered to your needs. Not to mention that it will help to enhance your style significantly.</p>\n\n<p style="text-align:center;"><img alt="f4" src="/storage/news/1.jpg"></p>\n\n<p><br>\n </p>\n\n\n\n<p><strong><em>For all of the reason above, here are 7 expert tips to help you pick up the right men’s wallet for you:</em></strong></p>\n\n<h4><strong>Number 1: Choose A Neat Wallet</strong></h4>\n\n<p>The wallet is an essential accessory that you should go simple. Simplicity is the best in this case. A simple and neat wallet with the plain color and even <strong>minimalist style</strong> is versatile. It can be used for both formal and casual events. In addition, that wallet will go well with most of the clothes in your wardrobe.</p>\n\n<p>Keep in mind that a wallet will tell other people about your personality and your fashion sense as much as other clothes you put on. Hence, don’t go cheesy on your wallet or else people will think that you have a funny and particular style.</p>\n\n<p style="text-align:center;"><img alt="f5" src="/storage/news/2.jpg"></p>\n\n<p><br>\n </p>\n<hr>\n<h4><strong>Number 2: Choose The Right Size For Your Wallet</strong></h4>\n\n<p>You should avoid having an over-sized wallet. Don’t think that you need to buy a big wallet because you have a lot to carry with you. In addition, a fat wallet is very ugly. It will make it harder for you to slide the wallet into your trousers’ pocket. In addition, it will create a bulge and ruin your look.</p>\n\n<p>Before you go on to buy a new wallet, clean out your wallet and place all of the items from your wallet on a table. Throw away things that you would never need any more such as the old bills or the expired gift cards. Remember to check your wallet on a frequent basis to get rid of all of the old stuff that you don’t need anymore.</p>\n\n<p style="text-align:center;"><img alt="f1" src="/storage/news/3.jpg"></p>\n\n<p><br>\n </p>\n\n<hr>\n<h4><strong>Number 3: Don’t Limit Your Options Of Materials</strong></h4>\n\n<p>The types and designs of wallets are not the only things that you should consider when you go out searching for your best wallet. You have more than 1 option of material rather than leather to choose from as well.</p>\n\n<p>You can experiment with other available options such as cotton, polyester and canvas. They all have their own pros and cons. As a result, they will be suitable for different needs and requirements. You should think about them all in order to choose the material which you would like the most.</p>\n\n<p style="text-align:center;"><img alt="f6" height="375" src="/storage/news/4.jpg"></p>\n\n<p><br>\n </p>\n\n<hr>\n<h4><strong>Number 4: Consider A Wallet As A Long Term Investment</strong></h4>\n\n<p>Your wallet is indeed an investment that you should consider spending a decent amount of time and effort on it. Another factor that you need to consider is how much you want to spend on your wallet. The price ranges of wallets on the market vary a great deal. You can find a wallet which is as cheap as about 5 to 7 dollars. On the other hand, you should expect to pay around 250 to 300 dollars for a high-quality wallet.</p>\n\n<p>In case you need a wallet to use for a long time, it is a good idea that you should invest a decent amount of money on a wallet. A high quality wallet from a reputational brand with the premium quality such as cowhide leather will last for a long time. In addition, it is an accessory to show off your fashion sense and your social status.</p>\n\n<p style="text-align:center;"><img alt="f2" height="400" src="/storage/news/5.jpg"></p>\n\n<p> </p>\n', 'published', 1, 'Botble\\ACL\\Models\\User', 0, 'news/11.jpg', 1201, NULL, '2023-02-21 00:12:19', '2023-02-23 07:16:02');

-- Dumping structure for table wowy.posts_translations
CREATE TABLE IF NOT EXISTS `posts_translations` (
  `lang_code` varchar(191) CHARACTER SET utf8mb4 COLLATE utf8mb4_unicode_ci NOT NULL,
  `posts_id` int NOT NULL,
  `name` varchar(255) CHARACTER SET utf8mb4 COLLATE utf8mb4_unicode_ci DEFAULT NULL,
  `description` varchar(400) CHARACTER SET utf8mb4 COLLATE utf8mb4_unicode_ci DEFAULT NULL,
  `content` longtext CHARACTER SET utf8mb4 COLLATE utf8mb4_unicode_ci,
  PRIMARY KEY (`lang_code`,`posts_id`)
) ENGINE=InnoDB DEFAULT CHARSET=utf8mb4 COLLATE=utf8mb4_unicode_ci;

-- Dumping data for table wowy.posts_translations: ~11 rows (approximately)
INSERT INTO `posts_translations` (`lang_code`, `posts_id`, `name`, `description`, `content`) VALUES
	('vi', 1, '4 Lời khuyên của Chuyên gia về Cách Chọn Ví Nam Phù hợp', 'You should pay more attention when you choose your wallets. There are a lot of them on the market with the different designs and styles. When you choose carefully, you would be able to buy a wallet that is catered to your needs. Not to mention that it will help to enhance your style significantly.', '<p>I have seen many people underestimating the power of their wallets. To them, they are just a functional item they use to carry. As a result, they often end up with the wallets which are not really suitable for them.</p>\n\n<p>You should pay more attention when you choose your wallets. There are a lot of them on the market with the different designs and styles. When you choose carefully, you would be able to buy a wallet that is catered to your needs. Not to mention that it will help to enhance your style significantly.</p>\n\n<p style="text-align:center;"><img alt="f4" src="/storage/news/1.jpg"></p>\n\n<p><br>\n </p>\n\n\n\n<p><strong><em>For all of the reason above, here are 7 expert tips to help you pick up the right men’s wallet for you:</em></strong></p>\n\n<h4><strong>Number 1: Choose A Neat Wallet</strong></h4>\n\n<p>The wallet is an essential accessory that you should go simple. Simplicity is the best in this case. A simple and neat wallet with the plain color and even <strong>minimalist style</strong> is versatile. It can be used for both formal and casual events. In addition, that wallet will go well with most of the clothes in your wardrobe.</p>\n\n<p>Keep in mind that a wallet will tell other people about your personality and your fashion sense as much as other clothes you put on. Hence, don’t go cheesy on your wallet or else people will think that you have a funny and particular style.</p>\n\n<p style="text-align:center;"><img alt="f5" src="/storage/news/2.jpg"></p>\n\n<p><br>\n </p>\n<hr>\n<h4><strong>Number 2: Choose The Right Size For Your Wallet</strong></h4>\n\n<p>You should avoid having an over-sized wallet. Don’t think that you need to buy a big wallet because you have a lot to carry with you. In addition, a fat wallet is very ugly. It will make it harder for you to slide the wallet into your trousers’ pocket. In addition, it will create a bulge and ruin your look.</p>\n\n<p>Before you go on to buy a new wallet, clean out your wallet and place all of the items from your wallet on a table. Throw away things that you would never need any more such as the old bills or the expired gift cards. Remember to check your wallet on a frequent basis to get rid of all of the old stuff that you don’t need anymore.</p>\n\n<p style="text-align:center;"><img alt="f1" src="/storage/news/3.jpg"></p>\n\n<p><br>\n </p>\n\n<hr>\n<h4><strong>Number 3: Don’t Limit Your Options Of Materials</strong></h4>\n\n<p>The types and designs of wallets are not the only things that you should consider when you go out searching for your best wallet. You have more than 1 option of material rather than leather to choose from as well.</p>\n\n<p>You can experiment with other available options such as cotton, polyester and canvas. They all have their own pros and cons. As a result, they will be suitable for different needs and requirements. You should think about them all in order to choose the material which you would like the most.</p>\n\n<p style="text-align:center;"><img alt="f6" height="375" src="/storage/news/4.jpg"></p>\n\n<p><br>\n </p>\n\n<hr>\n<h4><strong>Number 4: Consider A Wallet As A Long Term Investment</strong></h4>\n\n<p>Your wallet is indeed an investment that you should consider spending a decent amount of time and effort on it. Another factor that you need to consider is how much you want to spend on your wallet. The price ranges of wallets on the market vary a great deal. You can find a wallet which is as cheap as about 5 to 7 dollars. On the other hand, you should expect to pay around 250 to 300 dollars for a high-quality wallet.</p>\n\n<p>In case you need a wallet to use for a long time, it is a good idea that you should invest a decent amount of money on a wallet. A high quality wallet from a reputational brand with the premium quality such as cowhide leather will last for a long time. In addition, it is an accessory to show off your fashion sense and your social status.</p>\n\n<p style="text-align:center;"><img alt="f2" height="400" src="/storage/news/5.jpg"></p>\n\n<p> </p>\n'),
	('vi', 2, 'Sexy Clutches: Cách Mua & Đeo Túi Clutch Thiết kế', 'You should pay more attention when you choose your wallets. There are a lot of them on the market with the different designs and styles. When you choose carefully, you would be able to buy a wallet that is catered to your needs. Not to mention that it will help to enhance your style significantly.', '<p>I have seen many people underestimating the power of their wallets. To them, they are just a functional item they use to carry. As a result, they often end up with the wallets which are not really suitable for them.</p>\n\n<p>You should pay more attention when you choose your wallets. There are a lot of them on the market with the different designs and styles. When you choose carefully, you would be able to buy a wallet that is catered to your needs. Not to mention that it will help to enhance your style significantly.</p>\n\n<p style="text-align:center;"><img alt="f4" src="/storage/news/1.jpg"></p>\n\n<p><br>\n </p>\n\n\n\n<p><strong><em>For all of the reason above, here are 7 expert tips to help you pick up the right men’s wallet for you:</em></strong></p>\n\n<h4><strong>Number 1: Choose A Neat Wallet</strong></h4>\n\n<p>The wallet is an essential accessory that you should go simple. Simplicity is the best in this case. A simple and neat wallet with the plain color and even <strong>minimalist style</strong> is versatile. It can be used for both formal and casual events. In addition, that wallet will go well with most of the clothes in your wardrobe.</p>\n\n<p>Keep in mind that a wallet will tell other people about your personality and your fashion sense as much as other clothes you put on. Hence, don’t go cheesy on your wallet or else people will think that you have a funny and particular style.</p>\n\n<p style="text-align:center;"><img alt="f5" src="/storage/news/2.jpg"></p>\n\n<p><br>\n </p>\n<hr>\n<h4><strong>Number 2: Choose The Right Size For Your Wallet</strong></h4>\n\n<p>You should avoid having an over-sized wallet. Don’t think that you need to buy a big wallet because you have a lot to carry with you. In addition, a fat wallet is very ugly. It will make it harder for you to slide the wallet into your trousers’ pocket. In addition, it will create a bulge and ruin your look.</p>\n\n<p>Before you go on to buy a new wallet, clean out your wallet and place all of the items from your wallet on a table. Throw away things that you would never need any more such as the old bills or the expired gift cards. Remember to check your wallet on a frequent basis to get rid of all of the old stuff that you don’t need anymore.</p>\n\n<p style="text-align:center;"><img alt="f1" src="/storage/news/3.jpg"></p>\n\n<p><br>\n </p>\n\n<hr>\n<h4><strong>Number 3: Don’t Limit Your Options Of Materials</strong></h4>\n\n<p>The types and designs of wallets are not the only things that you should consider when you go out searching for your best wallet. You have more than 1 option of material rather than leather to choose from as well.</p>\n\n<p>You can experiment with other available options such as cotton, polyester and canvas. They all have their own pros and cons. As a result, they will be suitable for different needs and requirements. You should think about them all in order to choose the material which you would like the most.</p>\n\n<p style="text-align:center;"><img alt="f6" height="375" src="/storage/news/4.jpg"></p>\n\n<p><br>\n </p>\n\n<hr>\n<h4><strong>Number 4: Consider A Wallet As A Long Term Investment</strong></h4>\n\n<p>Your wallet is indeed an investment that you should consider spending a decent amount of time and effort on it. Another factor that you need to consider is how much you want to spend on your wallet. The price ranges of wallets on the market vary a great deal. You can find a wallet which is as cheap as about 5 to 7 dollars. On the other hand, you should expect to pay around 250 to 300 dollars for a high-quality wallet.</p>\n\n<p>In case you need a wallet to use for a long time, it is a good idea that you should invest a decent amount of money on a wallet. A high quality wallet from a reputational brand with the premium quality such as cowhide leather will last for a long time. In addition, it is an accessory to show off your fashion sense and your social status.</p>\n\n<p style="text-align:center;"><img alt="f2" height="400" src="/storage/news/5.jpg"></p>\n\n<p> </p>\n'),
	('vi', 3, 'Xu hướng túi xách hàng đầu năm 2020 cần biết', 'You should pay more attention when you choose your wallets. There are a lot of them on the market with the different designs and styles. When you choose carefully, you would be able to buy a wallet that is catered to your needs. Not to mention that it will help to enhance your style significantly.', '<p>I have seen many people underestimating the power of their wallets. To them, they are just a functional item they use to carry. As a result, they often end up with the wallets which are not really suitable for them.</p>\n\n<p>You should pay more attention when you choose your wallets. There are a lot of them on the market with the different designs and styles. When you choose carefully, you would be able to buy a wallet that is catered to your needs. Not to mention that it will help to enhance your style significantly.</p>\n\n<p style="text-align:center;"><img alt="f4" src="/storage/news/1.jpg"></p>\n\n<p><br>\n </p>\n\n\n\n<p><strong><em>For all of the reason above, here are 7 expert tips to help you pick up the right men’s wallet for you:</em></strong></p>\n\n<h4><strong>Number 1: Choose A Neat Wallet</strong></h4>\n\n<p>The wallet is an essential accessory that you should go simple. Simplicity is the best in this case. A simple and neat wallet with the plain color and even <strong>minimalist style</strong> is versatile. It can be used for both formal and casual events. In addition, that wallet will go well with most of the clothes in your wardrobe.</p>\n\n<p>Keep in mind that a wallet will tell other people about your personality and your fashion sense as much as other clothes you put on. Hence, don’t go cheesy on your wallet or else people will think that you have a funny and particular style.</p>\n\n<p style="text-align:center;"><img alt="f5" src="/storage/news/2.jpg"></p>\n\n<p><br>\n </p>\n<hr>\n<h4><strong>Number 2: Choose The Right Size For Your Wallet</strong></h4>\n\n<p>You should avoid having an over-sized wallet. Don’t think that you need to buy a big wallet because you have a lot to carry with you. In addition, a fat wallet is very ugly. It will make it harder for you to slide the wallet into your trousers’ pocket. In addition, it will create a bulge and ruin your look.</p>\n\n<p>Before you go on to buy a new wallet, clean out your wallet and place all of the items from your wallet on a table. Throw away things that you would never need any more such as the old bills or the expired gift cards. Remember to check your wallet on a frequent basis to get rid of all of the old stuff that you don’t need anymore.</p>\n\n<p style="text-align:center;"><img alt="f1" src="/storage/news/3.jpg"></p>\n\n<p><br>\n </p>\n\n<hr>\n<h4><strong>Number 3: Don’t Limit Your Options Of Materials</strong></h4>\n\n<p>The types and designs of wallets are not the only things that you should consider when you go out searching for your best wallet. You have more than 1 option of material rather than leather to choose from as well.</p>\n\n<p>You can experiment with other available options such as cotton, polyester and canvas. They all have their own pros and cons. As a result, they will be suitable for different needs and requirements. You should think about them all in order to choose the material which you would like the most.</p>\n\n<p style="text-align:center;"><img alt="f6" height="375" src="/storage/news/4.jpg"></p>\n\n<p><br>\n </p>\n\n<hr>\n<h4><strong>Number 4: Consider A Wallet As A Long Term Investment</strong></h4>\n\n<p>Your wallet is indeed an investment that you should consider spending a decent amount of time and effort on it. Another factor that you need to consider is how much you want to spend on your wallet. The price ranges of wallets on the market vary a great deal. You can find a wallet which is as cheap as about 5 to 7 dollars. On the other hand, you should expect to pay around 250 to 300 dollars for a high-quality wallet.</p>\n\n<p>In case you need a wallet to use for a long time, it is a good idea that you should invest a decent amount of money on a wallet. A high quality wallet from a reputational brand with the premium quality such as cowhide leather will last for a long time. In addition, it is an accessory to show off your fashion sense and your social status.</p>\n\n<p style="text-align:center;"><img alt="f2" height="400" src="/storage/news/5.jpg"></p>\n\n<p> </p>\n'),
	('vi', 4, 'Cách Phối Màu Túi Xách Của Bạn Với Trang Phục', 'You should pay more attention when you choose your wallets. There are a lot of them on the market with the different designs and styles. When you choose carefully, you would be able to buy a wallet that is catered to your needs. Not to mention that it will help to enhance your style significantly.', '<p>I have seen many people underestimating the power of their wallets. To them, they are just a functional item they use to carry. As a result, they often end up with the wallets which are not really suitable for them.</p>\n\n<p>You should pay more attention when you choose your wallets. There are a lot of them on the market with the different designs and styles. When you choose carefully, you would be able to buy a wallet that is catered to your needs. Not to mention that it will help to enhance your style significantly.</p>\n\n<p style="text-align:center;"><img alt="f4" src="/storage/news/1.jpg"></p>\n\n<p><br>\n </p>\n\n\n\n<p><strong><em>For all of the reason above, here are 7 expert tips to help you pick up the right men’s wallet for you:</em></strong></p>\n\n<h4><strong>Number 1: Choose A Neat Wallet</strong></h4>\n\n<p>The wallet is an essential accessory that you should go simple. Simplicity is the best in this case. A simple and neat wallet with the plain color and even <strong>minimalist style</strong> is versatile. It can be used for both formal and casual events. In addition, that wallet will go well with most of the clothes in your wardrobe.</p>\n\n<p>Keep in mind that a wallet will tell other people about your personality and your fashion sense as much as other clothes you put on. Hence, don’t go cheesy on your wallet or else people will think that you have a funny and particular style.</p>\n\n<p style="text-align:center;"><img alt="f5" src="/storage/news/2.jpg"></p>\n\n<p><br>\n </p>\n<hr>\n<h4><strong>Number 2: Choose The Right Size For Your Wallet</strong></h4>\n\n<p>You should avoid having an over-sized wallet. Don’t think that you need to buy a big wallet because you have a lot to carry with you. In addition, a fat wallet is very ugly. It will make it harder for you to slide the wallet into your trousers’ pocket. In addition, it will create a bulge and ruin your look.</p>\n\n<p>Before you go on to buy a new wallet, clean out your wallet and place all of the items from your wallet on a table. Throw away things that you would never need any more such as the old bills or the expired gift cards. Remember to check your wallet on a frequent basis to get rid of all of the old stuff that you don’t need anymore.</p>\n\n<p style="text-align:center;"><img alt="f1" src="/storage/news/3.jpg"></p>\n\n<p><br>\n </p>\n\n<hr>\n<h4><strong>Number 3: Don’t Limit Your Options Of Materials</strong></h4>\n\n<p>The types and designs of wallets are not the only things that you should consider when you go out searching for your best wallet. You have more than 1 option of material rather than leather to choose from as well.</p>\n\n<p>You can experiment with other available options such as cotton, polyester and canvas. They all have their own pros and cons. As a result, they will be suitable for different needs and requirements. You should think about them all in order to choose the material which you would like the most.</p>\n\n<p style="text-align:center;"><img alt="f6" height="375" src="/storage/news/4.jpg"></p>\n\n<p><br>\n </p>\n\n<hr>\n<h4><strong>Number 4: Consider A Wallet As A Long Term Investment</strong></h4>\n\n<p>Your wallet is indeed an investment that you should consider spending a decent amount of time and effort on it. Another factor that you need to consider is how much you want to spend on your wallet. The price ranges of wallets on the market vary a great deal. You can find a wallet which is as cheap as about 5 to 7 dollars. On the other hand, you should expect to pay around 250 to 300 dollars for a high-quality wallet.</p>\n\n<p>In case you need a wallet to use for a long time, it is a good idea that you should invest a decent amount of money on a wallet. A high quality wallet from a reputational brand with the premium quality such as cowhide leather will last for a long time. In addition, it is an accessory to show off your fashion sense and your social status.</p>\n\n<p style="text-align:center;"><img alt="f2" height="400" src="/storage/news/5.jpg"></p>\n\n<p> </p>\n'),
	('vi', 5, 'Cách Chăm sóc Túi Da', 'You should pay more attention when you choose your wallets. There are a lot of them on the market with the different designs and styles. When you choose carefully, you would be able to buy a wallet that is catered to your needs. Not to mention that it will help to enhance your style significantly.', '<p>I have seen many people underestimating the power of their wallets. To them, they are just a functional item they use to carry. As a result, they often end up with the wallets which are not really suitable for them.</p>\n\n<p>You should pay more attention when you choose your wallets. There are a lot of them on the market with the different designs and styles. When you choose carefully, you would be able to buy a wallet that is catered to your needs. Not to mention that it will help to enhance your style significantly.</p>\n\n<p style="text-align:center;"><img alt="f4" src="/storage/news/1.jpg"></p>\n\n<p><br>\n </p>\n\n\n\n<p><strong><em>For all of the reason above, here are 7 expert tips to help you pick up the right men’s wallet for you:</em></strong></p>\n\n<h4><strong>Number 1: Choose A Neat Wallet</strong></h4>\n\n<p>The wallet is an essential accessory that you should go simple. Simplicity is the best in this case. A simple and neat wallet with the plain color and even <strong>minimalist style</strong> is versatile. It can be used for both formal and casual events. In addition, that wallet will go well with most of the clothes in your wardrobe.</p>\n\n<p>Keep in mind that a wallet will tell other people about your personality and your fashion sense as much as other clothes you put on. Hence, don’t go cheesy on your wallet or else people will think that you have a funny and particular style.</p>\n\n<p style="text-align:center;"><img alt="f5" src="/storage/news/2.jpg"></p>\n\n<p><br>\n </p>\n<hr>\n<h4><strong>Number 2: Choose The Right Size For Your Wallet</strong></h4>\n\n<p>You should avoid having an over-sized wallet. Don’t think that you need to buy a big wallet because you have a lot to carry with you. In addition, a fat wallet is very ugly. It will make it harder for you to slide the wallet into your trousers’ pocket. In addition, it will create a bulge and ruin your look.</p>\n\n<p>Before you go on to buy a new wallet, clean out your wallet and place all of the items from your wallet on a table. Throw away things that you would never need any more such as the old bills or the expired gift cards. Remember to check your wallet on a frequent basis to get rid of all of the old stuff that you don’t need anymore.</p>\n\n<p style="text-align:center;"><img alt="f1" src="/storage/news/3.jpg"></p>\n\n<p><br>\n </p>\n\n<hr>\n<h4><strong>Number 3: Don’t Limit Your Options Of Materials</strong></h4>\n\n<p>The types and designs of wallets are not the only things that you should consider when you go out searching for your best wallet. You have more than 1 option of material rather than leather to choose from as well.</p>\n\n<p>You can experiment with other available options such as cotton, polyester and canvas. They all have their own pros and cons. As a result, they will be suitable for different needs and requirements. You should think about them all in order to choose the material which you would like the most.</p>\n\n<p style="text-align:center;"><img alt="f6" height="375" src="/storage/news/4.jpg"></p>\n\n<p><br>\n </p>\n\n<hr>\n<h4><strong>Number 4: Consider A Wallet As A Long Term Investment</strong></h4>\n\n<p>Your wallet is indeed an investment that you should consider spending a decent amount of time and effort on it. Another factor that you need to consider is how much you want to spend on your wallet. The price ranges of wallets on the market vary a great deal. You can find a wallet which is as cheap as about 5 to 7 dollars. On the other hand, you should expect to pay around 250 to 300 dollars for a high-quality wallet.</p>\n\n<p>In case you need a wallet to use for a long time, it is a good idea that you should invest a decent amount of money on a wallet. A high quality wallet from a reputational brand with the premium quality such as cowhide leather will last for a long time. In addition, it is an accessory to show off your fashion sense and your social status.</p>\n\n<p style="text-align:center;"><img alt="f2" height="400" src="/storage/news/5.jpg"></p>\n\n<p> </p>\n'),
	('vi', 6, 'Chúng tôi đang nghiền ngẫm 10 xu hướng túi lớn nhất của mùa hè', 'You should pay more attention when you choose your wallets. There are a lot of them on the market with the different designs and styles. When you choose carefully, you would be able to buy a wallet that is catered to your needs. Not to mention that it will help to enhance your style significantly.', '<p>I have seen many people underestimating the power of their wallets. To them, they are just a functional item they use to carry. As a result, they often end up with the wallets which are not really suitable for them.</p>\n\n<p>You should pay more attention when you choose your wallets. There are a lot of them on the market with the different designs and styles. When you choose carefully, you would be able to buy a wallet that is catered to your needs. Not to mention that it will help to enhance your style significantly.</p>\n\n<p style="text-align:center;"><img alt="f4" src="/storage/news/1.jpg"></p>\n\n<p><br>\n </p>\n\n\n\n<p><strong><em>For all of the reason above, here are 7 expert tips to help you pick up the right men’s wallet for you:</em></strong></p>\n\n<h4><strong>Number 1: Choose A Neat Wallet</strong></h4>\n\n<p>The wallet is an essential accessory that you should go simple. Simplicity is the best in this case. A simple and neat wallet with the plain color and even <strong>minimalist style</strong> is versatile. It can be used for both formal and casual events. In addition, that wallet will go well with most of the clothes in your wardrobe.</p>\n\n<p>Keep in mind that a wallet will tell other people about your personality and your fashion sense as much as other clothes you put on. Hence, don’t go cheesy on your wallet or else people will think that you have a funny and particular style.</p>\n\n<p style="text-align:center;"><img alt="f5" src="/storage/news/2.jpg"></p>\n\n<p><br>\n </p>\n<hr>\n<h4><strong>Number 2: Choose The Right Size For Your Wallet</strong></h4>\n\n<p>You should avoid having an over-sized wallet. Don’t think that you need to buy a big wallet because you have a lot to carry with you. In addition, a fat wallet is very ugly. It will make it harder for you to slide the wallet into your trousers’ pocket. In addition, it will create a bulge and ruin your look.</p>\n\n<p>Before you go on to buy a new wallet, clean out your wallet and place all of the items from your wallet on a table. Throw away things that you would never need any more such as the old bills or the expired gift cards. Remember to check your wallet on a frequent basis to get rid of all of the old stuff that you don’t need anymore.</p>\n\n<p style="text-align:center;"><img alt="f1" src="/storage/news/3.jpg"></p>\n\n<p><br>\n </p>\n\n<hr>\n<h4><strong>Number 3: Don’t Limit Your Options Of Materials</strong></h4>\n\n<p>The types and designs of wallets are not the only things that you should consider when you go out searching for your best wallet. You have more than 1 option of material rather than leather to choose from as well.</p>\n\n<p>You can experiment with other available options such as cotton, polyester and canvas. They all have their own pros and cons. As a result, they will be suitable for different needs and requirements. You should think about them all in order to choose the material which you would like the most.</p>\n\n<p style="text-align:center;"><img alt="f6" height="375" src="/storage/news/4.jpg"></p>\n\n<p><br>\n </p>\n\n<hr>\n<h4><strong>Number 4: Consider A Wallet As A Long Term Investment</strong></h4>\n\n<p>Your wallet is indeed an investment that you should consider spending a decent amount of time and effort on it. Another factor that you need to consider is how much you want to spend on your wallet. The price ranges of wallets on the market vary a great deal. You can find a wallet which is as cheap as about 5 to 7 dollars. On the other hand, you should expect to pay around 250 to 300 dollars for a high-quality wallet.</p>\n\n<p>In case you need a wallet to use for a long time, it is a good idea that you should invest a decent amount of money on a wallet. A high quality wallet from a reputational brand with the premium quality such as cowhide leather will last for a long time. In addition, it is an accessory to show off your fashion sense and your social status.</p>\n\n<p style="text-align:center;"><img alt="f2" height="400" src="/storage/news/5.jpg"></p>\n\n<p> </p>\n'),
	('vi', 7, 'Những phẩm chất cần thiết của âm nhạc thành công cao', 'You should pay more attention when you choose your wallets. There are a lot of them on the market with the different designs and styles. When you choose carefully, you would be able to buy a wallet that is catered to your needs. Not to mention that it will help to enhance your style significantly.', '<p>I have seen many people underestimating the power of their wallets. To them, they are just a functional item they use to carry. As a result, they often end up with the wallets which are not really suitable for them.</p>\n\n<p>You should pay more attention when you choose your wallets. There are a lot of them on the market with the different designs and styles. When you choose carefully, you would be able to buy a wallet that is catered to your needs. Not to mention that it will help to enhance your style significantly.</p>\n\n<p style="text-align:center;"><img alt="f4" src="/storage/news/1.jpg"></p>\n\n<p><br>\n </p>\n\n\n\n<p><strong><em>For all of the reason above, here are 7 expert tips to help you pick up the right men’s wallet for you:</em></strong></p>\n\n<h4><strong>Number 1: Choose A Neat Wallet</strong></h4>\n\n<p>The wallet is an essential accessory that you should go simple. Simplicity is the best in this case. A simple and neat wallet with the plain color and even <strong>minimalist style</strong> is versatile. It can be used for both formal and casual events. In addition, that wallet will go well with most of the clothes in your wardrobe.</p>\n\n<p>Keep in mind that a wallet will tell other people about your personality and your fashion sense as much as other clothes you put on. Hence, don’t go cheesy on your wallet or else people will think that you have a funny and particular style.</p>\n\n<p style="text-align:center;"><img alt="f5" src="/storage/news/2.jpg"></p>\n\n<p><br>\n </p>\n<hr>\n<h4><strong>Number 2: Choose The Right Size For Your Wallet</strong></h4>\n\n<p>You should avoid having an over-sized wallet. Don’t think that you need to buy a big wallet because you have a lot to carry with you. In addition, a fat wallet is very ugly. It will make it harder for you to slide the wallet into your trousers’ pocket. In addition, it will create a bulge and ruin your look.</p>\n\n<p>Before you go on to buy a new wallet, clean out your wallet and place all of the items from your wallet on a table. Throw away things that you would never need any more such as the old bills or the expired gift cards. Remember to check your wallet on a frequent basis to get rid of all of the old stuff that you don’t need anymore.</p>\n\n<p style="text-align:center;"><img alt="f1" src="/storage/news/3.jpg"></p>\n\n<p><br>\n </p>\n\n<hr>\n<h4><strong>Number 3: Don’t Limit Your Options Of Materials</strong></h4>\n\n<p>The types and designs of wallets are not the only things that you should consider when you go out searching for your best wallet. You have more than 1 option of material rather than leather to choose from as well.</p>\n\n<p>You can experiment with other available options such as cotton, polyester and canvas. They all have their own pros and cons. As a result, they will be suitable for different needs and requirements. You should think about them all in order to choose the material which you would like the most.</p>\n\n<p style="text-align:center;"><img alt="f6" height="375" src="/storage/news/4.jpg"></p>\n\n<p><br>\n </p>\n\n<hr>\n<h4><strong>Number 4: Consider A Wallet As A Long Term Investment</strong></h4>\n\n<p>Your wallet is indeed an investment that you should consider spending a decent amount of time and effort on it. Another factor that you need to consider is how much you want to spend on your wallet. The price ranges of wallets on the market vary a great deal. You can find a wallet which is as cheap as about 5 to 7 dollars. On the other hand, you should expect to pay around 250 to 300 dollars for a high-quality wallet.</p>\n\n<p>In case you need a wallet to use for a long time, it is a good idea that you should invest a decent amount of money on a wallet. A high quality wallet from a reputational brand with the premium quality such as cowhide leather will last for a long time. In addition, it is an accessory to show off your fashion sense and your social status.</p>\n\n<p style="text-align:center;"><img alt="f2" height="400" src="/storage/news/5.jpg"></p>\n\n<p> </p>\n'),
	('vi', 8, '9 điều tôi thích khi cạo đầu', 'You should pay more attention when you choose your wallets. There are a lot of them on the market with the different designs and styles. When you choose carefully, you would be able to buy a wallet that is catered to your needs. Not to mention that it will help to enhance your style significantly.', '<p>I have seen many people underestimating the power of their wallets. To them, they are just a functional item they use to carry. As a result, they often end up with the wallets which are not really suitable for them.</p>\n\n<p>You should pay more attention when you choose your wallets. There are a lot of them on the market with the different designs and styles. When you choose carefully, you would be able to buy a wallet that is catered to your needs. Not to mention that it will help to enhance your style significantly.</p>\n\n<p style="text-align:center;"><img alt="f4" src="/storage/news/1.jpg"></p>\n\n<p><br>\n </p>\n\n\n\n<p><strong><em>For all of the reason above, here are 7 expert tips to help you pick up the right men’s wallet for you:</em></strong></p>\n\n<h4><strong>Number 1: Choose A Neat Wallet</strong></h4>\n\n<p>The wallet is an essential accessory that you should go simple. Simplicity is the best in this case. A simple and neat wallet with the plain color and even <strong>minimalist style</strong> is versatile. It can be used for both formal and casual events. In addition, that wallet will go well with most of the clothes in your wardrobe.</p>\n\n<p>Keep in mind that a wallet will tell other people about your personality and your fashion sense as much as other clothes you put on. Hence, don’t go cheesy on your wallet or else people will think that you have a funny and particular style.</p>\n\n<p style="text-align:center;"><img alt="f5" src="/storage/news/2.jpg"></p>\n\n<p><br>\n </p>\n<hr>\n<h4><strong>Number 2: Choose The Right Size For Your Wallet</strong></h4>\n\n<p>You should avoid having an over-sized wallet. Don’t think that you need to buy a big wallet because you have a lot to carry with you. In addition, a fat wallet is very ugly. It will make it harder for you to slide the wallet into your trousers’ pocket. In addition, it will create a bulge and ruin your look.</p>\n\n<p>Before you go on to buy a new wallet, clean out your wallet and place all of the items from your wallet on a table. Throw away things that you would never need any more such as the old bills or the expired gift cards. Remember to check your wallet on a frequent basis to get rid of all of the old stuff that you don’t need anymore.</p>\n\n<p style="text-align:center;"><img alt="f1" src="/storage/news/3.jpg"></p>\n\n<p><br>\n </p>\n\n<hr>\n<h4><strong>Number 3: Don’t Limit Your Options Of Materials</strong></h4>\n\n<p>The types and designs of wallets are not the only things that you should consider when you go out searching for your best wallet. You have more than 1 option of material rather than leather to choose from as well.</p>\n\n<p>You can experiment with other available options such as cotton, polyester and canvas. They all have their own pros and cons. As a result, they will be suitable for different needs and requirements. You should think about them all in order to choose the material which you would like the most.</p>\n\n<p style="text-align:center;"><img alt="f6" height="375" src="/storage/news/4.jpg"></p>\n\n<p><br>\n </p>\n\n<hr>\n<h4><strong>Number 4: Consider A Wallet As A Long Term Investment</strong></h4>\n\n<p>Your wallet is indeed an investment that you should consider spending a decent amount of time and effort on it. Another factor that you need to consider is how much you want to spend on your wallet. The price ranges of wallets on the market vary a great deal. You can find a wallet which is as cheap as about 5 to 7 dollars. On the other hand, you should expect to pay around 250 to 300 dollars for a high-quality wallet.</p>\n\n<p>In case you need a wallet to use for a long time, it is a good idea that you should invest a decent amount of money on a wallet. A high quality wallet from a reputational brand with the premium quality such as cowhide leather will last for a long time. In addition, it is an accessory to show off your fashion sense and your social status.</p>\n\n<p style="text-align:center;"><img alt="f2" height="400" src="/storage/news/5.jpg"></p>\n\n<p> </p>\n'),
	('vi', 9, 'Tại sao làm việc theo nhóm thực sự biến giấc mơ thành công', 'You should pay more attention when you choose your wallets. There are a lot of them on the market with the different designs and styles. When you choose carefully, you would be able to buy a wallet that is catered to your needs. Not to mention that it will help to enhance your style significantly.', '<p>I have seen many people underestimating the power of their wallets. To them, they are just a functional item they use to carry. As a result, they often end up with the wallets which are not really suitable for them.</p>\n\n<p>You should pay more attention when you choose your wallets. There are a lot of them on the market with the different designs and styles. When you choose carefully, you would be able to buy a wallet that is catered to your needs. Not to mention that it will help to enhance your style significantly.</p>\n\n<p style="text-align:center;"><img alt="f4" src="/storage/news/1.jpg"></p>\n\n<p><br>\n </p>\n\n\n\n<p><strong><em>For all of the reason above, here are 7 expert tips to help you pick up the right men’s wallet for you:</em></strong></p>\n\n<h4><strong>Number 1: Choose A Neat Wallet</strong></h4>\n\n<p>The wallet is an essential accessory that you should go simple. Simplicity is the best in this case. A simple and neat wallet with the plain color and even <strong>minimalist style</strong> is versatile. It can be used for both formal and casual events. In addition, that wallet will go well with most of the clothes in your wardrobe.</p>\n\n<p>Keep in mind that a wallet will tell other people about your personality and your fashion sense as much as other clothes you put on. Hence, don’t go cheesy on your wallet or else people will think that you have a funny and particular style.</p>\n\n<p style="text-align:center;"><img alt="f5" src="/storage/news/2.jpg"></p>\n\n<p><br>\n </p>\n<hr>\n<h4><strong>Number 2: Choose The Right Size For Your Wallet</strong></h4>\n\n<p>You should avoid having an over-sized wallet. Don’t think that you need to buy a big wallet because you have a lot to carry with you. In addition, a fat wallet is very ugly. It will make it harder for you to slide the wallet into your trousers’ pocket. In addition, it will create a bulge and ruin your look.</p>\n\n<p>Before you go on to buy a new wallet, clean out your wallet and place all of the items from your wallet on a table. Throw away things that you would never need any more such as the old bills or the expired gift cards. Remember to check your wallet on a frequent basis to get rid of all of the old stuff that you don’t need anymore.</p>\n\n<p style="text-align:center;"><img alt="f1" src="/storage/news/3.jpg"></p>\n\n<p><br>\n </p>\n\n<hr>\n<h4><strong>Number 3: Don’t Limit Your Options Of Materials</strong></h4>\n\n<p>The types and designs of wallets are not the only things that you should consider when you go out searching for your best wallet. You have more than 1 option of material rather than leather to choose from as well.</p>\n\n<p>You can experiment with other available options such as cotton, polyester and canvas. They all have their own pros and cons. As a result, they will be suitable for different needs and requirements. You should think about them all in order to choose the material which you would like the most.</p>\n\n<p style="text-align:center;"><img alt="f6" height="375" src="/storage/news/4.jpg"></p>\n\n<p><br>\n </p>\n\n<hr>\n<h4><strong>Number 4: Consider A Wallet As A Long Term Investment</strong></h4>\n\n<p>Your wallet is indeed an investment that you should consider spending a decent amount of time and effort on it. Another factor that you need to consider is how much you want to spend on your wallet. The price ranges of wallets on the market vary a great deal. You can find a wallet which is as cheap as about 5 to 7 dollars. On the other hand, you should expect to pay around 250 to 300 dollars for a high-quality wallet.</p>\n\n<p>In case you need a wallet to use for a long time, it is a good idea that you should invest a decent amount of money on a wallet. A high quality wallet from a reputational brand with the premium quality such as cowhide leather will last for a long time. In addition, it is an accessory to show off your fashion sense and your social status.</p>\n\n<p style="text-align:center;"><img alt="f2" height="400" src="/storage/news/5.jpg"></p>\n\n<p> </p>\n'),
	('vi', 10, 'Thế giới phục vụ cho những người trung bình', 'You should pay more attention when you choose your wallets. There are a lot of them on the market with the different designs and styles. When you choose carefully, you would be able to buy a wallet that is catered to your needs. Not to mention that it will help to enhance your style significantly.', '<p>I have seen many people underestimating the power of their wallets. To them, they are just a functional item they use to carry. As a result, they often end up with the wallets which are not really suitable for them.</p>\n\n<p>You should pay more attention when you choose your wallets. There are a lot of them on the market with the different designs and styles. When you choose carefully, you would be able to buy a wallet that is catered to your needs. Not to mention that it will help to enhance your style significantly.</p>\n\n<p style="text-align:center;"><img alt="f4" src="/storage/news/1.jpg"></p>\n\n<p><br>\n </p>\n\n\n\n<p><strong><em>For all of the reason above, here are 7 expert tips to help you pick up the right men’s wallet for you:</em></strong></p>\n\n<h4><strong>Number 1: Choose A Neat Wallet</strong></h4>\n\n<p>The wallet is an essential accessory that you should go simple. Simplicity is the best in this case. A simple and neat wallet with the plain color and even <strong>minimalist style</strong> is versatile. It can be used for both formal and casual events. In addition, that wallet will go well with most of the clothes in your wardrobe.</p>\n\n<p>Keep in mind that a wallet will tell other people about your personality and your fashion sense as much as other clothes you put on. Hence, don’t go cheesy on your wallet or else people will think that you have a funny and particular style.</p>\n\n<p style="text-align:center;"><img alt="f5" src="/storage/news/2.jpg"></p>\n\n<p><br>\n </p>\n<hr>\n<h4><strong>Number 2: Choose The Right Size For Your Wallet</strong></h4>\n\n<p>You should avoid having an over-sized wallet. Don’t think that you need to buy a big wallet because you have a lot to carry with you. In addition, a fat wallet is very ugly. It will make it harder for you to slide the wallet into your trousers’ pocket. In addition, it will create a bulge and ruin your look.</p>\n\n<p>Before you go on to buy a new wallet, clean out your wallet and place all of the items from your wallet on a table. Throw away things that you would never need any more such as the old bills or the expired gift cards. Remember to check your wallet on a frequent basis to get rid of all of the old stuff that you don’t need anymore.</p>\n\n<p style="text-align:center;"><img alt="f1" src="/storage/news/3.jpg"></p>\n\n<p><br>\n </p>\n\n<hr>\n<h4><strong>Number 3: Don’t Limit Your Options Of Materials</strong></h4>\n\n<p>The types and designs of wallets are not the only things that you should consider when you go out searching for your best wallet. You have more than 1 option of material rather than leather to choose from as well.</p>\n\n<p>You can experiment with other available options such as cotton, polyester and canvas. They all have their own pros and cons. As a result, they will be suitable for different needs and requirements. You should think about them all in order to choose the material which you would like the most.</p>\n\n<p style="text-align:center;"><img alt="f6" height="375" src="/storage/news/4.jpg"></p>\n\n<p><br>\n </p>\n\n<hr>\n<h4><strong>Number 4: Consider A Wallet As A Long Term Investment</strong></h4>\n\n<p>Your wallet is indeed an investment that you should consider spending a decent amount of time and effort on it. Another factor that you need to consider is how much you want to spend on your wallet. The price ranges of wallets on the market vary a great deal. You can find a wallet which is as cheap as about 5 to 7 dollars. On the other hand, you should expect to pay around 250 to 300 dollars for a high-quality wallet.</p>\n\n<p>In case you need a wallet to use for a long time, it is a good idea that you should invest a decent amount of money on a wallet. A high quality wallet from a reputational brand with the premium quality such as cowhide leather will last for a long time. In addition, it is an accessory to show off your fashion sense and your social status.</p>\n\n<p style="text-align:center;"><img alt="f2" height="400" src="/storage/news/5.jpg"></p>\n\n<p> </p>\n'),
	('vi', 11, 'Các đương sự trên màn hình không phải là diễn viên', 'You should pay more attention when you choose your wallets. There are a lot of them on the market with the different designs and styles. When you choose carefully, you would be able to buy a wallet that is catered to your needs. Not to mention that it will help to enhance your style significantly.', '<p>I have seen many people underestimating the power of their wallets. To them, they are just a functional item they use to carry. As a result, they often end up with the wallets which are not really suitable for them.</p>\n\n<p>You should pay more attention when you choose your wallets. There are a lot of them on the market with the different designs and styles. When you choose carefully, you would be able to buy a wallet that is catered to your needs. Not to mention that it will help to enhance your style significantly.</p>\n\n<p style="text-align:center;"><img alt="f4" src="/storage/news/1.jpg"></p>\n\n<p><br>\n </p>\n\n\n\n<p><strong><em>For all of the reason above, here are 7 expert tips to help you pick up the right men’s wallet for you:</em></strong></p>\n\n<h4><strong>Number 1: Choose A Neat Wallet</strong></h4>\n\n<p>The wallet is an essential accessory that you should go simple. Simplicity is the best in this case. A simple and neat wallet with the plain color and even <strong>minimalist style</strong> is versatile. It can be used for both formal and casual events. In addition, that wallet will go well with most of the clothes in your wardrobe.</p>\n\n<p>Keep in mind that a wallet will tell other people about your personality and your fashion sense as much as other clothes you put on. Hence, don’t go cheesy on your wallet or else people will think that you have a funny and particular style.</p>\n\n<p style="text-align:center;"><img alt="f5" src="/storage/news/2.jpg"></p>\n\n<p><br>\n </p>\n<hr>\n<h4><strong>Number 2: Choose The Right Size For Your Wallet</strong></h4>\n\n<p>You should avoid having an over-sized wallet. Don’t think that you need to buy a big wallet because you have a lot to carry with you. In addition, a fat wallet is very ugly. It will make it harder for you to slide the wallet into your trousers’ pocket. In addition, it will create a bulge and ruin your look.</p>\n\n<p>Before you go on to buy a new wallet, clean out your wallet and place all of the items from your wallet on a table. Throw away things that you would never need any more such as the old bills or the expired gift cards. Remember to check your wallet on a frequent basis to get rid of all of the old stuff that you don’t need anymore.</p>\n\n<p style="text-align:center;"><img alt="f1" src="/storage/news/3.jpg"></p>\n\n<p><br>\n </p>\n\n<hr>\n<h4><strong>Number 3: Don’t Limit Your Options Of Materials</strong></h4>\n\n<p>The types and designs of wallets are not the only things that you should consider when you go out searching for your best wallet. You have more than 1 option of material rather than leather to choose from as well.</p>\n\n<p>You can experiment with other available options such as cotton, polyester and canvas. They all have their own pros and cons. As a result, they will be suitable for different needs and requirements. You should think about them all in order to choose the material which you would like the most.</p>\n\n<p style="text-align:center;"><img alt="f6" height="375" src="/storage/news/4.jpg"></p>\n\n<p><br>\n </p>\n\n<hr>\n<h4><strong>Number 4: Consider A Wallet As A Long Term Investment</strong></h4>\n\n<p>Your wallet is indeed an investment that you should consider spending a decent amount of time and effort on it. Another factor that you need to consider is how much you want to spend on your wallet. The price ranges of wallets on the market vary a great deal. You can find a wallet which is as cheap as about 5 to 7 dollars. On the other hand, you should expect to pay around 250 to 300 dollars for a high-quality wallet.</p>\n\n<p>In case you need a wallet to use for a long time, it is a good idea that you should invest a decent amount of money on a wallet. A high quality wallet from a reputational brand with the premium quality such as cowhide leather will last for a long time. In addition, it is an accessory to show off your fashion sense and your social status.</p>\n\n<p style="text-align:center;"><img alt="f2" height="400" src="/storage/news/5.jpg"></p>\n\n<p> </p>\n');

-- Dumping structure for table wowy.post_categories
CREATE TABLE IF NOT EXISTS `post_categories` (
  `id` bigint unsigned NOT NULL AUTO_INCREMENT,
  `category_id` int unsigned NOT NULL,
  `post_id` int unsigned NOT NULL,
  PRIMARY KEY (`id`),
  KEY `post_categories_category_id_index` (`category_id`),
  KEY `post_categories_post_id_index` (`post_id`)
) ENGINE=InnoDB AUTO_INCREMENT=23 DEFAULT CHARSET=utf8mb4 COLLATE=utf8mb4_unicode_ci;

-- Dumping data for table wowy.post_categories: ~22 rows (approximately)
INSERT INTO `post_categories` (`id`, `category_id`, `post_id`) VALUES
	(1, 1, 1),
	(2, 3, 1),
	(3, 1, 2),
	(4, 4, 2),
	(5, 2, 3),
	(6, 3, 3),
	(7, 1, 4),
	(8, 4, 4),
	(9, 1, 5),
	(10, 4, 5),
	(11, 1, 6),
	(12, 4, 6),
	(13, 2, 7),
	(14, 3, 7),
	(15, 1, 8),
	(16, 4, 8),
	(17, 2, 9),
	(18, 3, 9),
	(19, 2, 10),
	(20, 4, 10),
	(21, 1, 11),
	(22, 3, 11);

-- Dumping structure for table wowy.post_tags
CREATE TABLE IF NOT EXISTS `post_tags` (
  `id` bigint unsigned NOT NULL AUTO_INCREMENT,
  `tag_id` int unsigned NOT NULL,
  `post_id` int unsigned NOT NULL,
  PRIMARY KEY (`id`),
  KEY `post_tags_tag_id_index` (`tag_id`),
  KEY `post_tags_post_id_index` (`post_id`)
) ENGINE=InnoDB AUTO_INCREMENT=56 DEFAULT CHARSET=utf8mb4 COLLATE=utf8mb4_unicode_ci;

-- Dumping data for table wowy.post_tags: ~55 rows (approximately)
INSERT INTO `post_tags` (`id`, `tag_id`, `post_id`) VALUES
	(1, 1, 1),
	(2, 2, 1),
	(3, 3, 1),
	(4, 4, 1),
	(5, 5, 1),
	(6, 1, 2),
	(7, 2, 2),
	(8, 3, 2),
	(9, 4, 2),
	(10, 5, 2),
	(11, 1, 3),
	(12, 2, 3),
	(13, 3, 3),
	(14, 4, 3),
	(15, 5, 3),
	(16, 1, 4),
	(17, 2, 4),
	(18, 3, 4),
	(19, 4, 4),
	(20, 5, 4),
	(21, 1, 5),
	(22, 2, 5),
	(23, 3, 5),
	(24, 4, 5),
	(25, 5, 5),
	(26, 1, 6),
	(27, 2, 6),
	(28, 3, 6),
	(29, 4, 6),
	(30, 5, 6),
	(31, 1, 7),
	(32, 2, 7),
	(33, 3, 7),
	(34, 4, 7),
	(35, 5, 7),
	(36, 1, 8),
	(37, 2, 8),
	(38, 3, 8),
	(39, 4, 8),
	(40, 5, 8),
	(41, 1, 9),
	(42, 2, 9),
	(43, 3, 9),
	(44, 4, 9),
	(45, 5, 9),
	(46, 1, 10),
	(47, 2, 10),
	(48, 3, 10),
	(49, 4, 10),
	(50, 5, 10),
	(51, 1, 11),
	(52, 2, 11),
	(53, 3, 11),
	(54, 4, 11),
	(55, 5, 11);

-- Dumping structure for table wowy.revisions
CREATE TABLE IF NOT EXISTS `revisions` (
  `id` bigint unsigned NOT NULL AUTO_INCREMENT,
  `revisionable_type` varchar(191) CHARACTER SET utf8mb4 COLLATE utf8mb4_unicode_ci NOT NULL,
  `revisionable_id` int NOT NULL,
  `user_id` int DEFAULT NULL,
  `key` varchar(191) CHARACTER SET utf8mb4 COLLATE utf8mb4_unicode_ci NOT NULL,
  `old_value` text CHARACTER SET utf8mb4 COLLATE utf8mb4_unicode_ci,
  `new_value` text CHARACTER SET utf8mb4 COLLATE utf8mb4_unicode_ci,
  `created_at` timestamp NULL DEFAULT NULL,
  `updated_at` timestamp NULL DEFAULT NULL,
  PRIMARY KEY (`id`),
  KEY `revisions_revisionable_id_revisionable_type_index` (`revisionable_id`,`revisionable_type`)
) ENGINE=InnoDB AUTO_INCREMENT=5 DEFAULT CHARSET=utf8mb4 COLLATE=utf8mb4_unicode_ci;

-- Dumping data for table wowy.revisions: ~4 rows (approximately)
INSERT INTO `revisions` (`id`, `revisionable_type`, `revisionable_id`, `user_id`, `key`, `old_value`, `new_value`, `created_at`, `updated_at`) VALUES
	(1, 'Botble\\Page\\Models\\Page', 1, 3, 'description', NULL, '', '2023-02-20 08:30:16', '2023-02-20 08:30:16'),
	(2, 'Botble\\Page\\Models\\Page', 5, 3, 'description', NULL, '', '2023-02-21 06:22:20', '2023-02-21 06:22:20'),
	(3, 'Botble\\Page\\Models\\Page', 5, 3, 'template', 'blog-right-sidebar', 'blog-left-sidebar', '2023-02-21 07:33:39', '2023-02-21 07:33:39'),
	(4, 'Botble\\Page\\Models\\Page', 5, 3, 'template', 'blog-left-sidebar', 'blog-right-sidebar', '2023-02-21 07:34:09', '2023-02-21 07:34:09');

-- Dumping structure for table wowy.roles
CREATE TABLE IF NOT EXISTS `roles` (
  `id` bigint unsigned NOT NULL AUTO_INCREMENT,
  `slug` varchar(120) CHARACTER SET utf8mb4 COLLATE utf8mb4_unicode_ci NOT NULL,
  `name` varchar(120) CHARACTER SET utf8mb4 COLLATE utf8mb4_unicode_ci NOT NULL,
  `permissions` text CHARACTER SET utf8mb4 COLLATE utf8mb4_unicode_ci,
  `description` varchar(255) CHARACTER SET utf8mb4 COLLATE utf8mb4_unicode_ci DEFAULT NULL,
  `is_default` tinyint unsigned NOT NULL DEFAULT '0',
  `created_by` int unsigned NOT NULL,
  `updated_by` int unsigned NOT NULL,
  `created_at` timestamp NULL DEFAULT NULL,
  `updated_at` timestamp NULL DEFAULT NULL,
  PRIMARY KEY (`id`),
  UNIQUE KEY `roles_slug_unique` (`slug`),
  KEY `roles_created_by_index` (`created_by`),
  KEY `roles_updated_by_index` (`updated_by`)
) ENGINE=InnoDB DEFAULT CHARSET=utf8mb4 COLLATE=utf8mb4_unicode_ci;

-- Dumping data for table wowy.roles: ~0 rows (approximately)

-- Dumping structure for table wowy.role_users
CREATE TABLE IF NOT EXISTS `role_users` (
  `id` bigint unsigned NOT NULL AUTO_INCREMENT,
  `user_id` int unsigned NOT NULL,
  `role_id` int unsigned NOT NULL,
  `created_at` timestamp NULL DEFAULT NULL,
  `updated_at` timestamp NULL DEFAULT NULL,
  PRIMARY KEY (`id`),
  KEY `role_users_user_id_index` (`user_id`),
  KEY `role_users_role_id_index` (`role_id`)
) ENGINE=InnoDB DEFAULT CHARSET=utf8mb4 COLLATE=utf8mb4_unicode_ci;

-- Dumping data for table wowy.role_users: ~0 rows (approximately)

-- Dumping structure for table wowy.settings
CREATE TABLE IF NOT EXISTS `settings` (
  `id` bigint unsigned NOT NULL AUTO_INCREMENT,
  `key` varchar(191) CHARACTER SET utf8mb4 COLLATE utf8mb4_unicode_ci NOT NULL,
  `value` text CHARACTER SET utf8mb4 COLLATE utf8mb4_unicode_ci,
  `created_at` timestamp NULL DEFAULT NULL,
  `updated_at` timestamp NULL DEFAULT NULL,
  PRIMARY KEY (`id`),
  UNIQUE KEY `settings_key_unique` (`key`)
) ENGINE=InnoDB AUTO_INCREMENT=145 DEFAULT CHARSET=utf8mb4 COLLATE=utf8mb4_unicode_ci;

-- Dumping data for table wowy.settings: ~132 rows (approximately)
INSERT INTO `settings` (`id`, `key`, `value`, `created_at`, `updated_at`) VALUES
	(1, 'activated_plugins', '["language","language-advanced","ads","analytics","audit-log","backup","blog","captcha","contact","cookie-consent","faq","location","newsletter","payment","paypal","paystack","razorpay","shippo","simple-slider","social-login","sslcommerz","stripe","translation","mollie","ecommerce"]', NULL, '2023-02-23 09:01:02'),
	(4, 'language_hide_default', '1', NULL, '2023-02-23 09:01:03'),
	(5, 'language_switcher_display', 'dropdown', NULL, '2023-02-23 09:01:03'),
	(6, 'language_display', 'all', NULL, '2023-02-23 09:01:03'),
	(7, 'language_hide_languages', '[]', NULL, '2023-02-23 09:01:03'),
	(8, 'ecommerce_store_name', 'Wowy', NULL, '2023-02-23 09:01:03'),
	(9, 'ecommerce_store_phone', '18006268', NULL, '2023-02-23 09:01:03'),
	(10, 'ecommerce_store_address', 'North Link Building, 10 Admiralty Street', NULL, '2023-02-23 09:01:03'),
	(11, 'ecommerce_store_state', 'Singapore', NULL, '2023-02-23 09:01:03'),
	(12, 'ecommerce_store_city', 'Singapore', NULL, '2023-02-23 09:01:03'),
	(13, 'ecommerce_store_country', 'SG', NULL, '2023-02-23 09:01:03'),
	(14, 'media_random_hash', 'b3473a0c343d71768065cbc827bac13e', NULL, '2023-02-23 09:01:03'),
	(15, 'permalink-botble-blog-models-post', 'blog', NULL, '2023-02-23 09:01:03'),
	(16, 'permalink-botble-blog-models-category', 'blog', NULL, '2023-02-23 09:01:03'),
	(17, 'payment_cod_status', '1', NULL, '2023-02-23 09:01:03'),
	(18, 'payment_cod_description', 'Please pay money directly to the postman, if you choose cash on delivery method (COD).', NULL, '2023-02-23 09:01:03'),
	(19, 'payment_bank_transfer_status', '1', NULL, '2023-02-23 09:01:03'),
	(20, 'payment_bank_transfer_description', 'Please send money to our bank account: ACB - 69270 213 19.', NULL, '2023-02-23 09:01:03'),
	(21, 'plugins_ecommerce_customer_new_order_status', '0', NULL, '2023-02-23 09:01:03'),
	(22, 'plugins_ecommerce_admin_new_order_status', '0', NULL, '2023-02-23 09:01:03'),
	(23, 'ecommerce_load_countries_states_cities_from_location_plugin', '0', NULL, '2023-02-23 09:01:03'),
	(24, 'payment_stripe_payment_type', 'stripe_checkout', NULL, '2023-02-23 09:01:03'),
	(25, 'simple_slider_using_assets', '0', NULL, '2023-02-23 09:01:03'),
	(26, 'sale_popup_display_pages', '["public.index"]', NULL, '2023-02-23 09:01:03'),
	(27, 'ecommerce_is_enabled_support_digital_products', '1', NULL, '2023-02-23 09:01:03'),
	(28, 'theme', 'baomoi', NULL, '2023-02-23 09:01:03'),
	(29, 'admin_favicon', 'general/favicon.png', NULL, '2023-02-23 09:01:03'),
	(30, 'admin_logo', 'general/logo-light.png', NULL, '2023-02-23 09:01:03'),
	(31, 'theme-wowy-site_title', 'Wowy - Laravel Multipurpose eCommerce Script', NULL, '2023-02-23 09:01:05'),
	(32, 'theme-wowy-copyright', 'Copyright © 2021 Wowy all rights reserved. Powered by Botble.', NULL, '2023-02-23 09:01:05'),
	(33, 'theme-wowy-favicon', 'general/favicon.png', NULL, '2023-02-23 09:01:05'),
	(34, 'theme-wowy-logo', 'general/logo.png', NULL, '2023-02-23 09:01:05'),
	(35, 'theme-wowy-logo_light', 'general/logo-light.png', NULL, '2023-02-23 09:01:05'),
	(36, 'theme-wowy-seo_og_image', 'general/open-graph-image.png', NULL, '2023-02-23 09:01:05'),
	(37, 'theme-wowy-seo_description', 'Wowy is an outstanding eCommerce Laravel script. It will be the perfect solution for your current or future webshop.', NULL, '2023-02-23 09:01:05'),
	(38, 'theme-wowy-address', '562 Wellington Road, Street 32, San Francisco', NULL, '2023-02-23 09:01:04'),
	(39, 'theme-wowy-hotline', '1900 - 888', NULL, '2023-02-23 09:01:05'),
	(40, 'theme-wowy-phone', '+01 2222 365 /(+91) 01 2345 6789', NULL, '2023-02-23 09:01:05'),
	(41, 'theme-wowy-contact_email', 'sale@wowy.com', NULL, '2023-02-23 09:01:05'),
	(42, 'theme-wowy-working_hours', '10:00 - 18:00, Mon - Sat', NULL, '2023-02-23 09:01:06'),
	(43, 'theme-wowy-homepage_id', '1', NULL, '2023-02-23 09:01:05'),
	(44, 'theme-wowy-blog_page_id', '5', NULL, '2023-02-23 09:01:04'),
	(45, 'theme-wowy-cookie_consent_message', 'Your experience on this site will be improved by allowing cookies ', NULL, '2023-02-23 09:01:05'),
	(46, 'theme-wowy-cookie_consent_learn_more_url', 'https://wowy.test/cookie-policy', NULL, '2023-02-23 09:01:05'),
	(47, 'theme-wowy-cookie_consent_learn_more_text', 'Cookie Policy', NULL, '2023-02-23 09:01:05'),
	(48, 'theme-wowy-number_of_cross_sale_product', '4', NULL, '2023-02-23 09:01:05'),
	(49, 'theme-wowy-preloader_enabled', 'yes', NULL, '2023-02-23 09:01:05'),
	(50, 'theme-wowy-preloader_version', 'v2', NULL, '2023-02-23 09:01:05'),
	(51, 'theme-wowy-social_links', '[[{"key":"social-name","value":"Facebook"},{"key":"social-icon","value":"fab fa-facebook-f"},{"key":"social-url","value":"https:\\/\\/www.facebook.com\\/"},{"key":"social-color","value":"#3b5999"}],[{"key":"social-name","value":"Twitter"},{"key":"social-icon","value":"fab fa-twitter"},{"key":"social-url","value":"https:\\/\\/www.twitter.com\\/"},{"key":"social-color","value":"#55ACF9"}],[{"key":"social-name","value":"Instagram"},{"key":"social-icon","value":"fab fa-instagram"},{"key":"social-url","value":"https:\\/\\/www.instagram.com\\/"},{"key":"social-color","value":"#E1306C"}],[{"key":"social-name","value":"Linkedin"},{"key":"social-icon","value":"fab fa-linkedin"},{"key":"social-url","value":"https:\\/\\/www.linkedin.com\\/"},{"key":"social-color","value":"#007bb6"}],[{"key":"social-name","value":"Pinterest"},{"key":"social-icon","value":"fab fa-pinterest"},{"key":"social-url","value":"https:\\/\\/www.pinterest.com\\/"},{"key":"social-color","value":"#cb2027"}]]', NULL, '2023-02-23 09:01:05'),
	(52, 'theme-wowy-header_messages', '[[{"key":"icon","value":"fa fa-bell"},{"key":"message","value":"<b class=\\"text-success\\"> Trendy 25<\\/b> silver jewelry, save up 35% off today"},{"key":"link","value":"\\/products"},{"key":"link_text","value":"Shop now"}],[{"key":"icon","value":"fa fa-asterisk"},{"key":"message","value":"<b class=\\"text-danger\\">Supper Value Deals<\\/b> - Save more with coupons"},{"key":"link","value":null},{"key":"link_text","value":null}],[{"key":"icon","value":"fa fa-angle-double-right"},{"key":"message","value":"Get great devices up to 50% off"},{"key":"link","value":"\\/products"},{"key":"link_text","value":"View details"}]]', NULL, '2023-02-23 09:01:05'),
	(53, 'theme-wowy-contact_info_boxes', '[[{"key":"name","value":"Head Office"},{"key":"address","value":"205 North Michigan Avenue, Suite 810, Chicago, 60601, USA"},{"key":"phone","value":"(+01) 234 567"},{"key":"email","value":"office@botble.com"}],[{"key":"name","value":"Our Studio"},{"key":"address","value":"205 North Michigan Avenue, Suite 810, Chicago, 60601, USA"},{"key":"phone","value":"(+01) 234 567"},{"key":"email","value":"studio@botble.com"}],[{"key":"name","value":"Our Shop"},{"key":"address","value":"205 North Michigan Avenue, Suite 810, Chicago, 60601, USA"},{"key":"phone","value":"(+01) 234 567"},{"key":"email","value":"shop@botble.com"}]]', NULL, '2023-02-23 09:01:05'),
	(54, 'theme-wowy-vi-font_text', 'Roboto Condensed', NULL, '2023-02-23 09:01:05'),
	(55, 'theme-wowy-vi-copyright', 'Bản quyền © 2021 Wowy tất cả quyền đã được bảo hộ. Phát triển bởi Botble.', NULL, '2023-02-23 09:01:05'),
	(56, 'theme-wowy-vi-working_hours', '10:00 - 18:00, Thứ Hai - Thứ Bảy', NULL, '2023-02-23 09:01:06'),
	(57, 'theme-wowy-vi-cookie_consent_message', 'Trải nghiệm của bạn trên trang web này sẽ được cải thiện bằng cách cho phép cookie ', NULL, '2023-02-23 09:01:05'),
	(58, 'theme-wowy-vi-cookie_consent_learn_more_url', 'https://wowy.test/cookie-policy', NULL, '2023-02-23 09:01:05'),
	(59, 'theme-wowy-vi-cookie_consent_learn_more_text', 'Chính sách cookie', NULL, '2023-02-23 09:01:05'),
	(60, 'theme-wowy-vi-homepage_id', '1', NULL, '2023-02-23 09:01:06'),
	(61, 'theme-wowy-vi-blog_page_id', '5', NULL, '2023-02-23 09:01:05'),
	(62, 'theme-wowy-vi-header_messages', '[[{"key":"icon","value":"fa fa-bell"},{"key":"message","value":"<b class=\\"text-success\\">Trang s\\u1ee9c b\\u1ea1c 25 <\\/b> th\\u1eddi th\\u01b0\\u1ee3ng, ti\\u1ebft ki\\u1ec7m \\u0111\\u1ebfn 35%"},{"key":"link","value":"\\/products"},{"key":"link_text","value":"Mua ngay"}],[{"key":"icon","value":"fa fa-asterisk"},{"key":"message","value":"<b class=\\"text-danger\\">\\u01afu \\u0111\\u00e3i si\\u00eau gi\\u00e1 tr\\u1ecb <\\/b> - Ti\\u1ebft ki\\u1ec7m h\\u01a1n v\\u1edbi phi\\u1ebfu th\\u01b0\\u1edfng"},{"key":"link","value":null},{"key":"link_text","value":null}],[{"key":"icon","value":"fa fa-angle-double-right"},{"key":"message","value":"Nh\\u1eadn c\\u00e1c s\\u1ea3n ph\\u1ea9m tuy\\u1ec7t v\\u1eddi gi\\u1ea3m gi\\u00e1 t\\u1edbi 50%"},{"key":"link","value":"\\/products"},{"key":"link_text","value":"Xem chi ti\\u1ebft"}]]', NULL, '2023-02-23 09:01:05'),
	(63, 'theme-wowy-vi-contact_info_boxes', '[[{"key":"name","value":"Tr\\u1ee5 s\\u1edf ch\\u00ednh"},{"key":"address","value":"205 North Michigan Avenue, Suite 810, Chicago, 60601, USA"},{"key":"phone","value":"(+01) 234 567"},{"key":"email","value":"office@botble.com"}],[{"key":"name","value":"Gian h\\u00e0ng tr\\u01b0ng b\\u00e0y"},{"key":"address","value":"205 North Michigan Avenue, Suite 810, Chicago, 60601, USA"},{"key":"phone","value":"(+01) 234 567"},{"key":"email","value":"studio@botble.com"}],[{"key":"name","value":"C\\u1eeda h\\u00e0ng"},{"key":"address","value":"205 North Michigan Avenue, Suite 810, Chicago, 60601, USA"},{"key":"phone","value":"(+01) 234 567"},{"key":"email","value":"shop@botble.com"}]]', NULL, '2023-02-23 09:01:05'),
	(64, 'theme-wowy-primary_color', '#1A90C5', NULL, '2023-02-23 09:01:05'),
	(65, 'theme-wowy-primary_font', 'Allerta Stencil', NULL, '2023-02-23 09:01:05'),
	(66, 'theme-wowy-admin_logo', 'general/logo-light.png', NULL, '2023-02-23 09:01:04'),
	(67, 'theme-wowy-admin_favicon', 'general/favicon.png', NULL, '2023-02-23 09:01:04'),
	(68, 'is_completed_get_started', '1', NULL, '2023-02-23 09:01:03'),
	(71, 'theme-baomoi-site_title', 'BAOMOI- Prestigious information, impressive images - BMTIMES.NET', NULL, '2023-02-23 09:01:04'),
	(72, 'theme-baomoi-show_site_name', '1', NULL, '2023-02-23 09:01:04'),
	(73, 'theme-baomoi-seo_title', 'Update the latest and hottest news about Life - Society, Economy, World, Sports, Entertainment, Technology and many othe', NULL, '2023-02-23 09:01:04'),
	(74, 'theme-baomoi-seo_description', 'BaoMoi, News, Newspapers, Vietnam, Hanoi, Ho Chi Minh, Da Nang, Life, Reportage, Law, World, Discover, Market, Stocks, Economy, Real Estate, Education , Enrollment, Teen, Sports, Premier, Champion, La liga, Technology, phone, Oto, Motorcycle, Entertainment, Showbiz, Sao Viet, Music, VPOP, KPOP, Movies, Cinema, Beautiful , fashion, beauty, beautiful people, love, tourism, cuisine, books, smiley', NULL, '2023-02-23 09:01:04'),
	(75, 'theme-baomoi-seo_og_image', '', NULL, '2023-02-23 09:01:04'),
	(76, 'theme-baomoi-preloader_enabled', 'yes', NULL, '2023-02-23 09:01:04'),
	(77, 'theme-baomoi-preloader_version', 'v1', NULL, '2023-02-23 09:01:04'),
	(78, 'theme-baomoi-preloader_image', '', NULL, '2023-02-23 09:01:04'),
	(79, 'theme-baomoi-enabled_browse_categories_on_header', 'yes', NULL, '2023-02-23 09:01:04'),
	(80, 'theme-baomoi-copyright', 'Copyright © 2021 baomoi all rights reserved. Powered by Botble.', NULL, '2023-02-23 09:01:04'),
	(81, 'theme-baomoi-hotline', '', NULL, '2023-02-23 09:01:04'),
	(82, 'theme-baomoi-phone', '', NULL, '2023-02-23 09:01:04'),
	(83, 'theme-baomoi-contact_email', 'haole042@gmail.com', NULL, '2023-02-23 09:01:04'),
	(84, 'theme-baomoi-address', '', NULL, '2023-02-23 09:01:03'),
	(85, 'theme-baomoi-working_hours', '', NULL, '2023-02-23 09:01:04'),
	(86, 'theme-baomoi-favicon', 'general/lowkeytrue-a-logo-for-a-brand-selling-multifunctional-dog-leash-15722c3b-4fa0-4565-9904-f00c09539384.png', NULL, '2023-02-23 09:01:04'),
	(87, 'theme-baomoi-logo', 'general/bm-logo.png', NULL, '2023-02-23 09:01:04'),
	(88, 'theme-baomoi-logo_light', '', NULL, '2023-02-23 09:01:04'),
	(89, 'theme-baomoi-facebook_chat_enabled', 'no', NULL, '2023-02-23 09:01:04'),
	(90, 'theme-baomoi-facebook_page_id', '', NULL, '2023-02-23 09:01:04'),
	(91, 'theme-baomoi-facebook_comment_enabled_in_post', 'no', NULL, '2023-02-23 09:01:04'),
	(92, 'theme-baomoi-facebook_app_id', '', NULL, '2023-02-23 09:01:04'),
	(93, 'theme-baomoi-facebook_admins', '[[{"key":"text","value":null}]]', NULL, '2023-02-23 09:01:04'),
	(94, 'theme-baomoi-facebook_comment_enabled_in_product', 'no', NULL, '2023-02-23 09:01:04'),
	(95, 'theme-baomoi-social_links', '[[{"key":"social-name","value":"Facebook"},{"key":"social-icon","value":"fab fa-facebook-f"},{"key":"social-url","value":null},{"key":"social-color","value":"#1513D5"}],[{"key":"social-name","value":"Youtube"},{"key":"social-icon","value":"fab fa-youtube"},{"key":"social-url","value":null},{"key":"social-color","value":"#EA1E1E"}],[{"key":"social-name","value":"Titok"},{"key":"social-icon","value":null},{"key":"social-url","value":null},{"key":"social-color","value":"#DF0C0C"}]]', NULL, '2023-02-23 09:01:04'),
	(96, 'theme-baomoi-header_messages', '[[{"key":"icon","value":null},{"key":"message","value":null},{"key":"link","value":null},{"key":"link_text","value":null}]]', NULL, '2023-02-23 09:01:04'),
	(97, 'theme-baomoi-contact_info_boxes', '[[{"key":"name","value":null},{"key":"address","value":null},{"key":"phone","value":null},{"key":"email","value":null}]]', NULL, '2023-02-23 09:01:04'),
	(98, 'theme-baomoi-font_text', 'Poppins', NULL, '2023-02-23 09:01:04'),
	(99, 'theme-baomoi-header_style', 'header-style-1', NULL, '2023-02-23 09:01:04'),
	(100, 'theme-baomoi-color_brand', '#5897FB', NULL, '2023-02-23 09:01:03'),
	(101, 'theme-baomoi-color_brand_2', '#3256E0', NULL, '2023-02-23 09:01:03'),
	(102, 'theme-baomoi-color_primary', '#3F81EB', NULL, '2023-02-23 09:01:03'),
	(103, 'theme-baomoi-color_secondary', '#41506B', NULL, '2023-02-23 09:01:04'),
	(104, 'theme-baomoi-color_warning', '#FFB300', NULL, '2023-02-23 09:01:04'),
	(105, 'theme-baomoi-color_danger', '#FF3551', NULL, '2023-02-23 09:01:03'),
	(106, 'theme-baomoi-color_success', '#3ED092', NULL, '2023-02-23 09:01:04'),
	(107, 'theme-baomoi-color_info', '#18A1B7', NULL, '2023-02-23 09:01:03'),
	(108, 'theme-baomoi-color_text', '#4F5D77', NULL, '2023-02-23 09:01:04'),
	(109, 'theme-baomoi-color_heading', '#222222', NULL, '2023-02-23 09:01:03'),
	(110, 'theme-baomoi-color_grey_1', '#111111', NULL, '2023-02-23 09:01:03'),
	(111, 'theme-baomoi-color_grey_2', '#242424', NULL, '2023-02-23 09:01:03'),
	(112, 'theme-baomoi-color_grey_4', '#90908E', NULL, '2023-02-23 09:01:03'),
	(113, 'theme-baomoi-color_grey_9', '#F4F5F9', NULL, '2023-02-23 09:01:03'),
	(114, 'theme-baomoi-color_muted', '#8E8E90', NULL, '2023-02-23 09:01:03'),
	(115, 'theme-baomoi-color_body', '#4F5D77', NULL, '2023-02-23 09:01:03'),
	(116, 'theme-baomoi-blog_single_layout', 'blog-right-sidebar', NULL, '2023-02-23 09:01:03'),
	(118, 'theme-baomoi-number_of_posts_in_a_category', '20', NULL, '2023-02-23 09:01:04'),
	(119, 'theme-baomoi-number_of_posts_in_a_tag', '20', NULL, '2023-02-23 09:01:04'),
	(120, 'theme-baomoi-payment_methods', '', NULL, '2023-02-23 09:01:04'),
	(121, 'theme-baomoi-product_single_layout', 'product-right-sidebar', NULL, '2023-02-23 09:01:04'),
	(122, 'theme-baomoi-product_list_layout', 'product-full-width', NULL, '2023-02-23 09:01:04'),
	(123, 'theme-baomoi-number_of_products_per_page', '12', NULL, '2023-02-23 09:01:04'),
	(124, 'theme-baomoi-number_of_cross_sale_product', '4', NULL, '2023-02-23 09:01:04'),
	(125, 'theme-baomoi-max_filter_price', '100000', NULL, '2023-02-23 09:01:04'),
	(127, 'theme-baomoi-homepage_id', '1', NULL, '2023-02-23 09:01:04'),
	(128, 'theme-baomoi-cookie_consent_enable', 'yes', NULL, '2023-02-23 09:01:04'),
	(129, 'theme-baomoi-cookie_consent_style', 'full-width', NULL, '2023-02-23 09:01:04'),
	(130, 'theme-baomoi-cookie_consent_message', 'Your experience on this site will be improved by allowing cookies.', NULL, '2023-02-23 09:01:04'),
	(131, 'theme-baomoi-cookie_consent_button_text', 'Allow cookies', NULL, '2023-02-23 09:01:04'),
	(132, 'theme-baomoi-cookie_consent_learn_more_url', '', NULL, '2023-02-23 09:01:04'),
	(133, 'theme-baomoi-cookie_consent_learn_more_text', '', NULL, '2023-02-23 09:01:04'),
	(134, 'theme-baomoi-cookie_consent_background_color', '#000000', NULL, '2023-02-23 09:01:04'),
	(135, 'theme-baomoi-cookie_consent_text_color', '#FFFFFF', NULL, '2023-02-23 09:01:04'),
	(136, 'theme-baomoi-cookie_consent_max_width', '1170', NULL, '2023-02-23 09:01:04');

-- Dumping structure for table wowy.simple_sliders
CREATE TABLE IF NOT EXISTS `simple_sliders` (
  `id` bigint unsigned NOT NULL AUTO_INCREMENT,
  `name` varchar(120) CHARACTER SET utf8mb4 COLLATE utf8mb4_unicode_ci NOT NULL,
  `key` varchar(120) CHARACTER SET utf8mb4 COLLATE utf8mb4_unicode_ci NOT NULL,
  `description` varchar(255) CHARACTER SET utf8mb4 COLLATE utf8mb4_unicode_ci DEFAULT NULL,
  `status` varchar(60) CHARACTER SET utf8mb4 COLLATE utf8mb4_unicode_ci NOT NULL DEFAULT 'published',
  `created_at` timestamp NULL DEFAULT NULL,
  `updated_at` timestamp NULL DEFAULT NULL,
  PRIMARY KEY (`id`)
) ENGINE=InnoDB AUTO_INCREMENT=9 DEFAULT CHARSET=utf8mb4 COLLATE=utf8mb4_unicode_ci;

-- Dumping data for table wowy.simple_sliders: ~8 rows (approximately)
INSERT INTO `simple_sliders` (`id`, `name`, `key`, `description`, `status`, `created_at`, `updated_at`) VALUES
	(1, 'Home slider 1', 'home-slider-1', NULL, 'published', '2023-02-20 00:12:17', '2023-02-20 00:12:17'),
	(2, 'Home slider 2', 'home-slider-2', NULL, 'published', '2023-02-20 00:12:17', '2023-02-20 00:12:17'),
	(3, 'Home slider 3', 'home-slider-3', NULL, 'published', '2023-02-20 00:12:17', '2023-02-20 00:12:17'),
	(4, 'Home slider 4', 'home-slider-4', NULL, 'published', '2023-02-20 00:12:17', '2023-02-20 00:12:17'),
	(5, 'Slider trang chủ 1', 'slider-trang-chu-1', NULL, 'published', '2023-02-20 00:12:18', '2023-02-20 00:12:18'),
	(6, 'Slider trang chủ 2', 'slider-trang-chu-2', NULL, 'published', '2023-02-20 00:12:18', '2023-02-20 00:12:18'),
	(7, 'Slider trang chủ 3', 'slider-trang-chu-3', NULL, 'published', '2023-02-20 00:12:18', '2023-02-20 00:12:18'),
	(8, 'Slider trang chủ 4', 'slider-trang-chu-4', NULL, 'published', '2023-02-20 00:12:18', '2023-02-20 00:12:18');

-- Dumping structure for table wowy.simple_slider_items
CREATE TABLE IF NOT EXISTS `simple_slider_items` (
  `id` bigint unsigned NOT NULL AUTO_INCREMENT,
  `simple_slider_id` int unsigned NOT NULL,
  `title` varchar(255) CHARACTER SET utf8mb4 COLLATE utf8mb4_unicode_ci DEFAULT NULL,
  `image` varchar(255) CHARACTER SET utf8mb4 COLLATE utf8mb4_unicode_ci NOT NULL,
  `link` varchar(255) CHARACTER SET utf8mb4 COLLATE utf8mb4_unicode_ci DEFAULT NULL,
  `description` text CHARACTER SET utf8mb4 COLLATE utf8mb4_unicode_ci,
  `order` int unsigned NOT NULL DEFAULT '0',
  `created_at` timestamp NULL DEFAULT NULL,
  `updated_at` timestamp NULL DEFAULT NULL,
  PRIMARY KEY (`id`)
) ENGINE=InnoDB AUTO_INCREMENT=23 DEFAULT CHARSET=utf8mb4 COLLATE=utf8mb4_unicode_ci;

-- Dumping data for table wowy.simple_slider_items: ~22 rows (approximately)
INSERT INTO `simple_slider_items` (`id`, `simple_slider_id`, `title`, `image`, `link`, `description`, `order`, `created_at`, `updated_at`) VALUES
	(1, 1, 'Super Value Deals', 'sliders/1-1.png', '/products', 'Save more with coupons & up to 70% off', 1, '2023-02-20 00:12:17', '2023-02-20 00:12:17'),
	(2, 1, 'Tech Trending', 'sliders/1-2.png', '/products', 'Save more with coupons & up to 20% off', 2, '2023-02-20 00:12:17', '2023-02-20 00:12:17'),
	(3, 1, 'Big Deals From', 'sliders/1-3.png', '/products', 'Headphone, Gaming Laptop, PC and more...', 3, '2023-02-20 00:12:17', '2023-02-20 00:12:17'),
	(4, 2, 'Super Value Deals', 'sliders/2-1.png', '/products', 'Save more with coupons & up to 70% off', 1, '2023-02-20 00:12:17', '2023-02-20 00:12:17'),
	(5, 2, 'Tech Trending', 'sliders/2-2.png', '/products', 'Save more with coupons & up to 20% off', 2, '2023-02-20 00:12:17', '2023-02-20 00:12:17'),
	(6, 2, 'Big Deals From', 'sliders/2-3.png', '/products', 'Headphone, Gaming Laptop, PC and more...', 3, '2023-02-20 00:12:17', '2023-02-20 00:12:17'),
	(7, 3, 'Super Value Deals', 'sliders/3-1.png', '/products', 'Save more with coupons & up to 70% off', 1, '2023-02-20 00:12:17', '2023-02-20 00:12:17'),
	(8, 3, 'Tech Trending', 'sliders/3-2.png', '/products', 'Save more with coupons & up to 20% off', 2, '2023-02-20 00:12:17', '2023-02-20 00:12:17'),
	(9, 4, 'Super Value Deals', 'sliders/4-1.png', '/products', 'Save more with coupons & up to 70% off', 1, '2023-02-20 00:12:17', '2023-02-20 00:12:17'),
	(10, 4, 'Tech Trending', 'sliders/4-2.png', '/products', 'Save more with coupons & up to 20% off', 2, '2023-02-20 00:12:18', '2023-02-20 00:12:18'),
	(11, 4, 'Big Deals From', 'sliders/4-3.png', '/products', 'Headphone, Gaming Laptop, PC and more...', 3, '2023-02-20 00:12:18', '2023-02-20 00:12:18'),
	(12, 5, 'Giảm giá đặc biệt', 'sliders/1-1.png', '/products', 'Tiết kiệm hơn với mã giảm giá 70%', 1, '2023-02-20 00:12:18', '2023-02-20 00:12:18'),
	(13, 5, 'Công nghệ nổi bật', 'sliders/1-2.png', '/products', 'Tiết kiệm hơn với mã giảm giá 20%', 2, '2023-02-20 00:12:18', '2023-02-20 00:12:18'),
	(14, 5, 'Giảm giá lớn nhất từ', 'sliders/1-3.png', '/products', 'Tai nghe, Máy tính chơi game, PC và hơn nữa...', 3, '2023-02-20 00:12:18', '2023-02-20 00:12:18'),
	(15, 6, 'Giảm giá đặc biệt', 'sliders/2-1.png', '/products', 'Tiết kiệm hơn với mã giảm giá 70%', 1, '2023-02-20 00:12:18', '2023-02-20 00:12:18'),
	(16, 6, 'Công nghệ nổi bật', 'sliders/2-2.png', '/products', 'Tiết kiệm hơn với mã giảm giá 20%', 2, '2023-02-20 00:12:18', '2023-02-20 00:12:18'),
	(17, 6, 'Giảm giá lớn nhất từ', 'sliders/2-3.png', '/products', 'Tai nghe, Máy tính chơi game, PC và hơn nữa...', 3, '2023-02-20 00:12:18', '2023-02-20 00:12:18'),
	(18, 7, 'Giảm giá đặc biệt', 'sliders/3-1.png', '/products', 'Tiết kiệm hơn với mã giảm giá 70%', 1, '2023-02-20 00:12:18', '2023-02-20 00:12:18'),
	(19, 7, 'Công nghệ nổi bật', 'sliders/3-2.png', '/products', 'Tiết kiệm hơn với mã giảm giá 20%', 2, '2023-02-20 00:12:18', '2023-02-20 00:12:18'),
	(20, 8, 'Giảm giá đặc biệt', 'sliders/4-1.png', '/products', 'Tiết kiệm hơn với mã giảm giá 70%', 1, '2023-02-20 00:12:18', '2023-02-20 00:12:18'),
	(21, 8, 'Công nghệ nổi bật', 'sliders/4-2.png', '/products', 'Tiết kiệm hơn với mã giảm giá 20%', 2, '2023-02-20 00:12:18', '2023-02-20 00:12:18'),
	(22, 8, 'Giảm giá lớn nhất từ', 'sliders/4-3.png', '/products', 'Tai nghe, Máy tính chơi game, PC và hơn nữa...', 3, '2023-02-20 00:12:18', '2023-02-20 00:12:18');

-- Dumping structure for table wowy.slugs
CREATE TABLE IF NOT EXISTS `slugs` (
  `id` bigint unsigned NOT NULL AUTO_INCREMENT,
  `key` varchar(255) CHARACTER SET utf8mb4 COLLATE utf8mb4_unicode_ci NOT NULL,
  `reference_id` int unsigned NOT NULL,
  `reference_type` varchar(255) CHARACTER SET utf8mb4 COLLATE utf8mb4_unicode_ci NOT NULL,
  `prefix` varchar(120) CHARACTER SET utf8mb4 COLLATE utf8mb4_unicode_ci DEFAULT '',
  `created_at` timestamp NULL DEFAULT NULL,
  `updated_at` timestamp NULL DEFAULT NULL,
  PRIMARY KEY (`id`),
  KEY `slugs_reference_id_index` (`reference_id`)
) ENGINE=InnoDB AUTO_INCREMENT=106 DEFAULT CHARSET=utf8mb4 COLLATE=utf8mb4_unicode_ci;

-- Dumping data for table wowy.slugs: ~105 rows (approximately)
INSERT INTO `slugs` (`id`, `key`, `reference_id`, `reference_type`, `prefix`, `created_at`, `updated_at`) VALUES
	(1, 'perxsion', 1, 'Botble\\Ecommerce\\Models\\Brand', 'brands', '2023-02-20 00:12:08', '2023-02-20 00:12:08'),
	(2, 'hiching', 2, 'Botble\\Ecommerce\\Models\\Brand', 'brands', '2023-02-20 00:12:08', '2023-02-20 00:12:08'),
	(3, 'kepslo', 3, 'Botble\\Ecommerce\\Models\\Brand', 'brands', '2023-02-20 00:12:08', '2023-02-20 00:12:08'),
	(4, 'groneba', 4, 'Botble\\Ecommerce\\Models\\Brand', 'brands', '2023-02-20 00:12:08', '2023-02-20 00:12:08'),
	(5, 'babian', 5, 'Botble\\Ecommerce\\Models\\Brand', 'brands', '2023-02-20 00:12:08', '2023-02-20 00:12:08'),
	(6, 'valorant', 6, 'Botble\\Ecommerce\\Models\\Brand', 'brands', '2023-02-20 00:12:08', '2023-02-20 00:12:08'),
	(7, 'pure', 7, 'Botble\\Ecommerce\\Models\\Brand', 'brands', '2023-02-20 00:12:08', '2023-02-20 00:12:08'),
	(8, 'hot-promotions', 1, 'Botble\\Ecommerce\\Models\\ProductCategory', 'product-categories', '2023-02-20 00:12:08', '2023-02-20 00:12:08'),
	(9, 'electronics', 2, 'Botble\\Ecommerce\\Models\\ProductCategory', 'product-categories', '2023-02-20 00:12:08', '2023-02-20 00:12:08'),
	(10, 'home-audio-theaters', 3, 'Botble\\Ecommerce\\Models\\ProductCategory', 'product-categories', '2023-02-20 00:12:08', '2023-02-20 00:12:08'),
	(11, 'tv-videos', 4, 'Botble\\Ecommerce\\Models\\ProductCategory', 'product-categories', '2023-02-20 00:12:08', '2023-02-20 00:12:08'),
	(12, 'camera-photos-videos', 5, 'Botble\\Ecommerce\\Models\\ProductCategory', 'product-categories', '2023-02-20 00:12:08', '2023-02-20 00:12:08'),
	(13, 'cellphones-accessories', 6, 'Botble\\Ecommerce\\Models\\ProductCategory', 'product-categories', '2023-02-20 00:12:08', '2023-02-20 00:12:08'),
	(14, 'headphones', 7, 'Botble\\Ecommerce\\Models\\ProductCategory', 'product-categories', '2023-02-20 00:12:08', '2023-02-20 00:12:08'),
	(15, 'videos-games', 8, 'Botble\\Ecommerce\\Models\\ProductCategory', 'product-categories', '2023-02-20 00:12:08', '2023-02-20 00:12:08'),
	(16, 'wireless-speakers', 9, 'Botble\\Ecommerce\\Models\\ProductCategory', 'product-categories', '2023-02-20 00:12:08', '2023-02-20 00:12:08'),
	(17, 'office-electronic', 10, 'Botble\\Ecommerce\\Models\\ProductCategory', 'product-categories', '2023-02-20 00:12:08', '2023-02-20 00:12:08'),
	(18, 'clothing', 11, 'Botble\\Ecommerce\\Models\\ProductCategory', 'product-categories', '2023-02-20 00:12:08', '2023-02-20 00:12:08'),
	(19, 'computers', 12, 'Botble\\Ecommerce\\Models\\ProductCategory', 'product-categories', '2023-02-20 00:12:08', '2023-02-20 00:12:08'),
	(20, 'computer-tablets', 13, 'Botble\\Ecommerce\\Models\\ProductCategory', 'product-categories', '2023-02-20 00:12:08', '2023-02-20 00:12:08'),
	(21, 'laptop', 14, 'Botble\\Ecommerce\\Models\\ProductCategory', 'product-categories', '2023-02-20 00:12:08', '2023-02-20 00:12:08'),
	(22, 'monitors', 15, 'Botble\\Ecommerce\\Models\\ProductCategory', 'product-categories', '2023-02-20 00:12:08', '2023-02-20 00:12:08'),
	(23, 'computer-components', 16, 'Botble\\Ecommerce\\Models\\ProductCategory', 'product-categories', '2023-02-20 00:12:08', '2023-02-20 00:12:08'),
	(24, 'home-kitchen', 17, 'Botble\\Ecommerce\\Models\\ProductCategory', 'product-categories', '2023-02-20 00:12:08', '2023-02-20 00:12:08'),
	(25, 'health-beauty', 18, 'Botble\\Ecommerce\\Models\\ProductCategory', 'product-categories', '2023-02-20 00:12:08', '2023-02-20 00:12:08'),
	(26, 'jewelry-watch', 19, 'Botble\\Ecommerce\\Models\\ProductCategory', 'product-categories', '2023-02-20 00:12:08', '2023-02-20 00:12:08'),
	(27, 'technology-toys', 20, 'Botble\\Ecommerce\\Models\\ProductCategory', 'product-categories', '2023-02-20 00:12:08', '2023-02-20 00:12:08'),
	(28, 'drive-storages', 21, 'Botble\\Ecommerce\\Models\\ProductCategory', 'product-categories', '2023-02-20 00:12:08', '2023-02-20 00:12:08'),
	(29, 'gaming-laptop', 22, 'Botble\\Ecommerce\\Models\\ProductCategory', 'product-categories', '2023-02-20 00:12:08', '2023-02-20 00:12:08'),
	(30, 'security-protection', 23, 'Botble\\Ecommerce\\Models\\ProductCategory', 'product-categories', '2023-02-20 00:12:08', '2023-02-20 00:12:08'),
	(31, 'accessories', 24, 'Botble\\Ecommerce\\Models\\ProductCategory', 'product-categories', '2023-02-20 00:12:08', '2023-02-20 00:12:08'),
	(32, 'phones', 25, 'Botble\\Ecommerce\\Models\\ProductCategory', 'product-categories', '2023-02-20 00:12:08', '2023-02-20 00:12:08'),
	(33, 'babies-moms', 26, 'Botble\\Ecommerce\\Models\\ProductCategory', 'product-categories', '2023-02-20 00:12:08', '2023-02-20 00:12:08'),
	(34, 'sport-outdoor', 27, 'Botble\\Ecommerce\\Models\\ProductCategory', 'product-categories', '2023-02-20 00:12:08', '2023-02-20 00:12:08'),
	(35, 'books-office', 28, 'Botble\\Ecommerce\\Models\\ProductCategory', 'product-categories', '2023-02-20 00:12:08', '2023-02-20 00:12:08'),
	(36, 'cars-motorcycles', 29, 'Botble\\Ecommerce\\Models\\ProductCategory', 'product-categories', '2023-02-20 00:12:08', '2023-02-20 00:12:08'),
	(37, 'home-improvements', 30, 'Botble\\Ecommerce\\Models\\ProductCategory', 'product-categories', '2023-02-20 00:12:08', '2023-02-20 00:12:08'),
	(38, 'wallet', 1, 'Botble\\Ecommerce\\Models\\ProductTag', 'product-tags', '2023-02-20 00:12:08', '2023-02-20 00:12:08'),
	(39, 'bags', 2, 'Botble\\Ecommerce\\Models\\ProductTag', 'product-tags', '2023-02-20 00:12:08', '2023-02-20 00:12:08'),
	(40, 'shoes', 3, 'Botble\\Ecommerce\\Models\\ProductTag', 'product-tags', '2023-02-20 00:12:08', '2023-02-20 00:12:08'),
	(41, 'clothes', 4, 'Botble\\Ecommerce\\Models\\ProductTag', 'product-tags', '2023-02-20 00:12:08', '2023-02-20 00:12:08'),
	(42, 'hand-bag', 5, 'Botble\\Ecommerce\\Models\\ProductTag', 'product-tags', '2023-02-20 00:12:08', '2023-02-20 00:12:08'),
	(43, 'smart-home-speaker', 1, 'Botble\\Ecommerce\\Models\\Product', 'products', '2023-02-20 00:12:13', '2023-02-20 00:12:13'),
	(44, 'headphone-ultra-bass', 2, 'Botble\\Ecommerce\\Models\\Product', 'products', '2023-02-20 00:12:13', '2023-02-20 00:12:13'),
	(45, 'boxed-bluetooth-headphone', 3, 'Botble\\Ecommerce\\Models\\Product', 'products', '2023-02-20 00:12:13', '2023-02-20 00:12:13'),
	(46, 'chikie-bluetooth-speaker', 4, 'Botble\\Ecommerce\\Models\\Product', 'products', '2023-02-20 00:12:13', '2023-02-20 00:12:13'),
	(47, 'camera-hikvision-hk-35vs8', 5, 'Botble\\Ecommerce\\Models\\Product', 'products', '2023-02-20 00:12:13', '2023-02-20 00:12:13'),
	(48, 'camera-samsung-ss-24', 6, 'Botble\\Ecommerce\\Models\\Product', 'products', '2023-02-20 00:12:13', '2023-02-20 00:12:13'),
	(49, 'leather-watch-band', 7, 'Botble\\Ecommerce\\Models\\Product', 'products', '2023-02-20 00:12:13', '2023-02-20 00:12:13'),
	(50, 'apple-iphone-13-plus', 8, 'Botble\\Ecommerce\\Models\\Product', 'products', '2023-02-20 00:12:13', '2023-02-20 00:12:13'),
	(51, 'macbook-pro-2015', 9, 'Botble\\Ecommerce\\Models\\Product', 'products', '2023-02-20 00:12:13', '2023-02-20 00:12:13'),
	(52, 'macbook-air-12-inch', 10, 'Botble\\Ecommerce\\Models\\Product', 'products', '2023-02-20 00:12:13', '2023-02-20 00:12:13'),
	(53, 'apple-watch-serial-7', 11, 'Botble\\Ecommerce\\Models\\Product', 'products', '2023-02-20 00:12:13', '2023-02-20 00:12:13'),
	(54, 'macbook-pro-13-inch', 12, 'Botble\\Ecommerce\\Models\\Product', 'products', '2023-02-20 00:12:13', '2023-02-20 00:12:13'),
	(55, 'apple-keyboard', 13, 'Botble\\Ecommerce\\Models\\Product', 'products', '2023-02-20 00:12:13', '2023-02-20 00:12:13'),
	(56, 'macsafe-80w', 14, 'Botble\\Ecommerce\\Models\\Product', 'products', '2023-02-20 00:12:13', '2023-02-20 00:12:13'),
	(57, 'hand-playstation', 15, 'Botble\\Ecommerce\\Models\\Product', 'products', '2023-02-20 00:12:14', '2023-02-20 00:12:14'),
	(58, 'apple-airpods-serial-3', 16, 'Botble\\Ecommerce\\Models\\Product', 'products', '2023-02-20 00:12:14', '2023-02-20 00:12:14'),
	(59, 'cool-smart-watches', 17, 'Botble\\Ecommerce\\Models\\Product', 'products', '2023-02-20 00:12:14', '2023-02-20 00:12:14'),
	(60, 'black-smart-watches', 18, 'Botble\\Ecommerce\\Models\\Product', 'products', '2023-02-20 00:12:14', '2023-02-20 00:12:14'),
	(61, 'leather-watch-band-serial-3', 19, 'Botble\\Ecommerce\\Models\\Product', 'products', '2023-02-20 00:12:14', '2023-02-20 00:12:14'),
	(62, 'macbook-pro-2015-13-inch', 20, 'Botble\\Ecommerce\\Models\\Product', 'products', '2023-02-20 00:12:14', '2023-02-20 00:12:14'),
	(63, 'historic-alarm-clock', 21, 'Botble\\Ecommerce\\Models\\Product', 'products', '2023-02-20 00:12:14', '2023-02-20 00:12:14'),
	(64, 'black-glasses', 22, 'Botble\\Ecommerce\\Models\\Product', 'products', '2023-02-20 00:12:14', '2023-02-20 00:12:14'),
	(65, 'phillips-mouse', 23, 'Botble\\Ecommerce\\Models\\Product', 'products', '2023-02-20 00:12:14', '2023-02-20 00:12:14'),
	(66, 'gaming-keyboard', 24, 'Botble\\Ecommerce\\Models\\Product', 'products', '2023-02-20 00:12:14', '2023-02-20 00:12:14'),
	(67, 'economy', 1, 'Botble\\Blog\\Models\\Category', 'blog', '2023-02-20 00:12:19', '2023-02-22 08:36:12'),
	(68, 'fashion', 2, 'Botble\\Blog\\Models\\Category', 'blog', '2023-02-20 00:12:19', '2023-02-20 00:12:19'),
	(69, 'beautify', 3, 'Botble\\Blog\\Models\\Category', 'blog', '2023-02-20 00:12:19', '2023-02-22 08:38:53'),
	(70, 'sport', 4, 'Botble\\Blog\\Models\\Category', 'blog', '2023-02-20 00:12:19', '2023-02-22 08:39:41'),
	(71, 'general', 1, 'Botble\\Blog\\Models\\Tag', 'tag', '2023-02-20 00:12:19', '2023-02-20 00:12:19'),
	(72, 'design', 2, 'Botble\\Blog\\Models\\Tag', 'tag', '2023-02-20 00:12:19', '2023-02-20 00:12:19'),
	(73, 'fashion', 3, 'Botble\\Blog\\Models\\Tag', 'tag', '2023-02-20 00:12:19', '2023-02-20 00:12:19'),
	(74, 'branding', 4, 'Botble\\Blog\\Models\\Tag', 'tag', '2023-02-20 00:12:19', '2023-02-20 00:12:19'),
	(75, 'modern', 5, 'Botble\\Blog\\Models\\Tag', 'tag', '2023-02-20 00:12:19', '2023-02-20 00:12:19'),
	(76, '4-expert-tips-on-how-to-choose-the-right-mens-wallet', 1, 'Botble\\Blog\\Models\\Post', 'blog', '2023-02-20 00:12:19', '2023-02-20 00:12:19'),
	(77, 'sexy-clutches-how-to-buy-amp-wear-a-designer-clutch-bag', 2, 'Botble\\Blog\\Models\\Post', 'blog', '2023-02-20 00:12:19', '2023-02-20 00:12:19'),
	(78, 'the-top-2020-handbag-trends-to-know', 3, 'Botble\\Blog\\Models\\Post', 'blog', '2023-02-20 00:12:19', '2023-02-20 00:12:19'),
	(79, 'how-to-match-the-color-of-your-handbag-with-an-outfit', 4, 'Botble\\Blog\\Models\\Post', 'blog', '2023-02-20 00:12:19', '2023-02-20 00:12:19'),
	(80, 'how-to-care-for-leather-bags', 5, 'Botble\\Blog\\Models\\Post', 'blog', '2023-02-20 00:12:19', '2023-02-20 00:12:19'),
	(81, 'were-crushing-hard-on-summers-10-biggest-bag-trends', 6, 'Botble\\Blog\\Models\\Post', 'blog', '2023-02-20 00:12:19', '2023-02-20 00:12:19'),
	(82, 'essential-qualities-of-highly-successful-music', 7, 'Botble\\Blog\\Models\\Post', 'blog', '2023-02-20 00:12:19', '2023-02-20 00:12:19'),
	(83, '9-things-i-love-about-shaving-my-head', 8, 'Botble\\Blog\\Models\\Post', 'blog', '2023-02-20 00:12:19', '2023-02-20 00:12:19'),
	(84, 'why-teamwork-really-makes-the-dream-work', 9, 'Botble\\Blog\\Models\\Post', 'blog', '2023-02-20 00:12:19', '2023-02-20 00:12:19'),
	(85, 'the-world-caters-to-average-people', 10, 'Botble\\Blog\\Models\\Post', 'blog', '2023-02-20 00:12:19', '2023-02-20 00:12:19'),
	(86, 'the-litigants-on-the-screen-are-not-actors', 11, 'Botble\\Blog\\Models\\Post', 'blog', '2023-02-20 00:12:19', '2023-02-20 00:12:19'),
	(87, 'homepage', 1, 'Botble\\Page\\Models\\Page', '', '2023-02-20 00:12:19', '2023-02-20 00:12:19'),
	(88, 'homepage-2', 2, 'Botble\\Page\\Models\\Page', '', '2023-02-20 00:12:19', '2023-02-20 00:12:19'),
	(89, 'homepage-3', 3, 'Botble\\Page\\Models\\Page', '', '2023-02-20 00:12:19', '2023-02-20 00:12:19'),
	(90, 'homepage-4', 4, 'Botble\\Page\\Models\\Page', '', '2023-02-20 00:12:19', '2023-02-20 00:12:19'),
	(91, 'blog', 5, 'Botble\\Page\\Models\\Page', '', '2023-02-20 00:12:19', '2023-02-20 00:12:19'),
	(92, 'contact', 6, 'Botble\\Page\\Models\\Page', '', '2023-02-20 00:12:19', '2023-02-20 00:12:19'),
	(93, 'about-us', 7, 'Botble\\Page\\Models\\Page', '', '2023-02-20 00:12:19', '2023-02-20 00:12:19'),
	(94, 'cookie-policy', 8, 'Botble\\Page\\Models\\Page', '', '2023-02-20 00:12:19', '2023-02-20 00:12:19'),
	(95, 'terms-amp-conditions', 9, 'Botble\\Page\\Models\\Page', '', '2023-02-20 00:12:19', '2023-02-20 00:12:19'),
	(96, 'returns-amp-exchanges', 10, 'Botble\\Page\\Models\\Page', '', '2023-02-20 00:12:19', '2023-02-20 00:12:19'),
	(97, 'shipping-amp-delivery', 11, 'Botble\\Page\\Models\\Page', '', '2023-02-20 00:12:19', '2023-02-20 00:12:19'),
	(98, 'privacy-policy', 12, 'Botble\\Page\\Models\\Page', '', '2023-02-20 00:12:19', '2023-02-20 00:12:19'),
	(99, 'blog-left-sidebar', 13, 'Botble\\Page\\Models\\Page', '', '2023-02-20 00:12:19', '2023-02-20 00:12:19'),
	(100, 'faq', 14, 'Botble\\Page\\Models\\Page', '', '2023-02-20 00:12:19', '2023-02-20 00:12:19'),
	(101, 'finance', 5, 'Botble\\Blog\\Models\\Category', 'blog', '2023-02-22 08:36:55', '2023-02-22 08:36:55'),
	(102, 'securities-trading', 6, 'Botble\\Blog\\Models\\Category', 'blog', '2023-02-22 08:37:33', '2023-02-22 08:37:33'),
	(103, 'football', 7, 'Botble\\Blog\\Models\\Category', 'blog', '2023-02-22 08:40:22', '2023-02-22 08:40:22'),
	(104, 'tennis', 8, 'Botble\\Blog\\Models\\Category', 'blog', '2023-02-22 08:40:55', '2023-02-22 08:40:55'),
	(105, 'the-world', 9, 'Botble\\Blog\\Models\\Category', 'blog', '2023-02-22 08:41:29', '2023-02-22 08:41:29');

-- Dumping structure for table wowy.states
CREATE TABLE IF NOT EXISTS `states` (
  `id` bigint unsigned NOT NULL AUTO_INCREMENT,
  `name` varchar(120) CHARACTER SET utf8mb4 COLLATE utf8mb4_unicode_ci NOT NULL,
  `abbreviation` varchar(3) CHARACTER SET utf8mb4 COLLATE utf8mb4_unicode_ci DEFAULT NULL,
  `country_id` int unsigned DEFAULT NULL,
  `order` tinyint NOT NULL DEFAULT '0',
  `is_default` tinyint unsigned NOT NULL DEFAULT '0',
  `status` varchar(60) CHARACTER SET utf8mb4 COLLATE utf8mb4_unicode_ci NOT NULL DEFAULT 'published',
  `created_at` timestamp NULL DEFAULT NULL,
  `updated_at` timestamp NULL DEFAULT NULL,
  PRIMARY KEY (`id`)
) ENGINE=InnoDB DEFAULT CHARSET=utf8mb4 COLLATE=utf8mb4_unicode_ci;

-- Dumping data for table wowy.states: ~0 rows (approximately)

-- Dumping structure for table wowy.states_translations
CREATE TABLE IF NOT EXISTS `states_translations` (
  `lang_code` varchar(191) CHARACTER SET utf8mb4 COLLATE utf8mb4_unicode_ci NOT NULL,
  `states_id` int NOT NULL,
  `name` varchar(120) CHARACTER SET utf8mb4 COLLATE utf8mb4_unicode_ci DEFAULT NULL,
  `abbreviation` varchar(3) CHARACTER SET utf8mb4 COLLATE utf8mb4_unicode_ci DEFAULT NULL,
  PRIMARY KEY (`lang_code`,`states_id`)
) ENGINE=InnoDB DEFAULT CHARSET=utf8mb4 COLLATE=utf8mb4_unicode_ci;

-- Dumping data for table wowy.states_translations: ~0 rows (approximately)

-- Dumping structure for table wowy.tags
CREATE TABLE IF NOT EXISTS `tags` (
  `id` bigint unsigned NOT NULL AUTO_INCREMENT,
  `name` varchar(120) CHARACTER SET utf8mb4 COLLATE utf8mb4_unicode_ci NOT NULL,
  `author_id` int NOT NULL,
  `author_type` varchar(255) CHARACTER SET utf8mb4 COLLATE utf8mb4_unicode_ci NOT NULL DEFAULT 'Botble\\ACL\\Models\\User',
  `description` varchar(400) CHARACTER SET utf8mb4 COLLATE utf8mb4_unicode_ci DEFAULT '',
  `status` varchar(60) CHARACTER SET utf8mb4 COLLATE utf8mb4_unicode_ci NOT NULL DEFAULT 'published',
  `created_at` timestamp NULL DEFAULT NULL,
  `updated_at` timestamp NULL DEFAULT NULL,
  PRIMARY KEY (`id`)
) ENGINE=InnoDB AUTO_INCREMENT=6 DEFAULT CHARSET=utf8mb4 COLLATE=utf8mb4_unicode_ci;

-- Dumping data for table wowy.tags: ~5 rows (approximately)
INSERT INTO `tags` (`id`, `name`, `author_id`, `author_type`, `description`, `status`, `created_at`, `updated_at`) VALUES
	(1, 'General', 1, 'Botble\\ACL\\Models\\User', '', 'published', '2023-02-20 00:12:19', '2023-02-20 00:12:19'),
	(2, 'Design', 1, 'Botble\\ACL\\Models\\User', '', 'published', '2023-02-20 00:12:19', '2023-02-20 00:12:19'),
	(3, 'Fashion', 1, 'Botble\\ACL\\Models\\User', '', 'published', '2023-02-20 00:12:19', '2023-02-20 00:12:19'),
	(4, 'Branding', 1, 'Botble\\ACL\\Models\\User', '', 'published', '2023-02-20 00:12:19', '2023-02-20 00:12:19'),
	(5, 'Modern', 1, 'Botble\\ACL\\Models\\User', '', 'published', '2023-02-20 00:12:19', '2023-02-20 00:12:19');

-- Dumping structure for table wowy.tags_translations
CREATE TABLE IF NOT EXISTS `tags_translations` (
  `lang_code` varchar(191) CHARACTER SET utf8mb4 COLLATE utf8mb4_unicode_ci NOT NULL,
  `tags_id` int NOT NULL,
  `name` varchar(255) CHARACTER SET utf8mb4 COLLATE utf8mb4_unicode_ci DEFAULT NULL,
  `description` varchar(400) CHARACTER SET utf8mb4 COLLATE utf8mb4_unicode_ci DEFAULT NULL,
  PRIMARY KEY (`lang_code`,`tags_id`)
) ENGINE=InnoDB DEFAULT CHARSET=utf8mb4 COLLATE=utf8mb4_unicode_ci;

-- Dumping data for table wowy.tags_translations: ~5 rows (approximately)
INSERT INTO `tags_translations` (`lang_code`, `tags_id`, `name`, `description`) VALUES
	('vi', 1, 'Chung', NULL),
	('vi', 2, 'Thiết kế', NULL),
	('vi', 3, 'Thời trang', NULL),
	('vi', 4, 'Thương hiệu', NULL),
	('vi', 5, 'Hiện đại', NULL);

-- Dumping structure for table wowy.translations
CREATE TABLE IF NOT EXISTS `translations` (
  `id` bigint unsigned NOT NULL AUTO_INCREMENT,
  `status` int NOT NULL DEFAULT '0',
  `locale` varchar(191) CHARACTER SET utf8mb4 COLLATE utf8mb4_unicode_ci NOT NULL,
  `group` varchar(191) CHARACTER SET utf8mb4 COLLATE utf8mb4_unicode_ci NOT NULL,
  `key` varchar(191) CHARACTER SET utf8mb4 COLLATE utf8mb4_unicode_ci NOT NULL,
  `value` text CHARACTER SET utf8mb4 COLLATE utf8mb4_unicode_ci,
  `created_at` timestamp NULL DEFAULT NULL,
  `updated_at` timestamp NULL DEFAULT NULL,
  PRIMARY KEY (`id`)
) ENGINE=InnoDB AUTO_INCREMENT=5135 DEFAULT CHARSET=utf8mb4 COLLATE=utf8mb4_unicode_ci;

-- Dumping data for table wowy.translations: ~5,194 rows (approximately)
INSERT INTO `translations` (`id`, `status`, `locale`, `group`, `key`, `value`, `created_at`, `updated_at`) VALUES
	(1, 1, 'en', 'auth', 'failed', 'These credentials do not match our records.', '2023-02-20 00:12:21', '2023-02-20 00:12:21'),
	(2, 1, 'en', 'auth', 'password', 'The provided password is incorrect.', '2023-02-20 00:12:21', '2023-02-20 00:12:21'),
	(3, 1, 'en', 'auth', 'throttle', 'Too many login attempts. Please try again in :seconds seconds.', '2023-02-20 00:12:21', '2023-02-20 00:12:21'),
	(4, 1, 'en', 'pagination', 'previous', '&laquo; Previous', '2023-02-20 00:12:21', '2023-02-20 00:12:21'),
	(5, 1, 'en', 'pagination', 'next', 'Next &raquo;', '2023-02-20 00:12:21', '2023-02-20 00:12:21'),
	(6, 1, 'en', 'passwords', 'reset', 'Your password has been reset!', '2023-02-20 00:12:21', '2023-02-20 00:12:21'),
	(7, 1, 'en', 'passwords', 'sent', 'We have emailed your password reset link!', '2023-02-20 00:12:21', '2023-02-20 00:12:21'),
	(8, 1, 'en', 'passwords', 'throttled', 'Please wait before retrying.', '2023-02-20 00:12:21', '2023-02-20 00:12:21'),
	(9, 1, 'en', 'passwords', 'token', 'This password reset token is invalid.', '2023-02-20 00:12:21', '2023-02-20 00:12:21'),
	(10, 1, 'en', 'passwords', 'user', 'We can\'t find a user with that email address.', '2023-02-20 00:12:21', '2023-02-20 00:12:21'),
	(11, 1, 'en', 'validation', 'accepted', 'The :attribute must be accepted.', '2023-02-20 00:12:21', '2023-02-20 00:12:21'),
	(12, 1, 'en', 'validation', 'accepted_if', 'The :attribute must be accepted when :other is :value.', '2023-02-20 00:12:21', '2023-02-20 00:12:21'),
	(13, 1, 'en', 'validation', 'active_url', 'The :attribute is not a valid URL.', '2023-02-20 00:12:21', '2023-02-20 00:12:21'),
	(14, 1, 'en', 'validation', 'after', 'The :attribute must be a date after :date.', '2023-02-20 00:12:21', '2023-02-20 00:12:21'),
	(15, 1, 'en', 'validation', 'after_or_equal', 'The :attribute must be a date after or equal to :date.', '2023-02-20 00:12:21', '2023-02-20 00:12:21'),
	(16, 1, 'en', 'validation', 'alpha', 'The :attribute must only contain letters.', '2023-02-20 00:12:21', '2023-02-20 00:12:21'),
	(17, 1, 'en', 'validation', 'alpha_dash', 'The :attribute must only contain letters, numbers, dashes and underscores.', '2023-02-20 00:12:21', '2023-02-20 00:12:21'),
	(18, 1, 'en', 'validation', 'alpha_num', 'The :attribute must only contain letters and numbers.', '2023-02-20 00:12:21', '2023-02-20 00:12:21'),
	(19, 1, 'en', 'validation', 'array', 'The :attribute must be an array.', '2023-02-20 00:12:21', '2023-02-20 00:12:21'),
	(20, 1, 'en', 'validation', 'ascii', 'The :attribute must only contain single-byte alphanumeric characters and symbols.', '2023-02-20 00:12:21', '2023-02-20 00:12:21'),
	(21, 1, 'en', 'validation', 'before', 'The :attribute must be a date before :date.', '2023-02-20 00:12:21', '2023-02-20 00:12:21'),
	(22, 1, 'en', 'validation', 'before_or_equal', 'The :attribute must be a date before or equal to :date.', '2023-02-20 00:12:21', '2023-02-20 00:12:21'),
	(23, 1, 'en', 'validation', 'between.array', 'The :attribute must have between :min and :max items.', '2023-02-20 00:12:21', '2023-02-20 00:12:21'),
	(24, 1, 'en', 'validation', 'between.file', 'The :attribute must be between :min and :max kilobytes.', '2023-02-20 00:12:21', '2023-02-20 00:12:21'),
	(25, 1, 'en', 'validation', 'between.numeric', 'The :attribute must be between :min and :max.', '2023-02-20 00:12:21', '2023-02-20 00:12:21'),
	(26, 1, 'en', 'validation', 'between.string', 'The :attribute must be between :min and :max characters.', '2023-02-20 00:12:21', '2023-02-20 00:12:21'),
	(27, 1, 'en', 'validation', 'boolean', 'The :attribute field must be true or false.', '2023-02-20 00:12:21', '2023-02-20 00:12:21'),
	(28, 1, 'en', 'validation', 'confirmed', 'The :attribute confirmation does not match.', '2023-02-20 00:12:21', '2023-02-20 00:12:21'),
	(29, 1, 'en', 'validation', 'current_password', 'The password is incorrect.', '2023-02-20 00:12:21', '2023-02-20 00:12:21'),
	(30, 1, 'en', 'validation', 'date', 'The :attribute is not a valid date.', '2023-02-20 00:12:21', '2023-02-20 00:12:21'),
	(31, 1, 'en', 'validation', 'date_equals', 'The :attribute must be a date equal to :date.', '2023-02-20 00:12:21', '2023-02-20 00:12:21'),
	(32, 1, 'en', 'validation', 'date_format', 'The :attribute does not match the format :format.', '2023-02-20 00:12:21', '2023-02-20 00:12:21'),
	(33, 1, 'en', 'validation', 'decimal', 'The :attribute must have :decimal decimal places.', '2023-02-20 00:12:21', '2023-02-20 00:12:21'),
	(34, 1, 'en', 'validation', 'declined', 'The :attribute must be declined.', '2023-02-20 00:12:21', '2023-02-20 00:12:21'),
	(35, 1, 'en', 'validation', 'declined_if', 'The :attribute must be declined when :other is :value.', '2023-02-20 00:12:21', '2023-02-20 00:12:21'),
	(36, 1, 'en', 'validation', 'different', 'The :attribute and :other must be different.', '2023-02-20 00:12:21', '2023-02-20 00:12:21'),
	(37, 1, 'en', 'validation', 'digits', 'The :attribute must be :digits digits.', '2023-02-20 00:12:21', '2023-02-20 00:12:21'),
	(38, 1, 'en', 'validation', 'digits_between', 'The :attribute must be between :min and :max digits.', '2023-02-20 00:12:21', '2023-02-20 00:12:21'),
	(39, 1, 'en', 'validation', 'dimensions', 'The :attribute has invalid image dimensions.', '2023-02-20 00:12:21', '2023-02-20 00:12:21'),
	(40, 1, 'en', 'validation', 'distinct', 'The :attribute field has a duplicate value.', '2023-02-20 00:12:21', '2023-02-20 00:12:21'),
	(41, 1, 'en', 'validation', 'doesnt_end_with', 'The :attribute may not end with one of the following: :values.', '2023-02-20 00:12:21', '2023-02-20 00:12:21'),
	(42, 1, 'en', 'validation', 'doesnt_start_with', 'The :attribute may not start with one of the following: :values.', '2023-02-20 00:12:21', '2023-02-20 00:12:21'),
	(43, 1, 'en', 'validation', 'email', 'The :attribute must be a valid email address.', '2023-02-20 00:12:21', '2023-02-20 00:12:21'),
	(44, 1, 'en', 'validation', 'ends_with', 'The :attribute must end with one of the following: :values.', '2023-02-20 00:12:21', '2023-02-20 00:12:21'),
	(45, 1, 'en', 'validation', 'enum', 'The selected :attribute is invalid.', '2023-02-20 00:12:21', '2023-02-20 00:12:21'),
	(46, 1, 'en', 'validation', 'exists', 'The selected :attribute is invalid.', '2023-02-20 00:12:21', '2023-02-20 00:12:21'),
	(47, 1, 'en', 'validation', 'file', 'The :attribute must be a file.', '2023-02-20 00:12:21', '2023-02-20 00:12:21'),
	(48, 1, 'en', 'validation', 'filled', 'The :attribute field must have a value.', '2023-02-20 00:12:21', '2023-02-20 00:12:21'),
	(49, 1, 'en', 'validation', 'gt.array', 'The :attribute must have more than :value items.', '2023-02-20 00:12:21', '2023-02-20 00:12:21'),
	(50, 1, 'en', 'validation', 'gt.file', 'The :attribute must be greater than :value kilobytes.', '2023-02-20 00:12:21', '2023-02-20 00:12:21'),
	(51, 1, 'en', 'validation', 'gt.numeric', 'The :attribute must be greater than :value.', '2023-02-20 00:12:21', '2023-02-20 00:12:21'),
	(52, 1, 'en', 'validation', 'gt.string', 'The :attribute must be greater than :value characters.', '2023-02-20 00:12:21', '2023-02-20 00:12:21'),
	(53, 1, 'en', 'validation', 'gte.array', 'The :attribute must have :value items or more.', '2023-02-20 00:12:21', '2023-02-20 00:12:21'),
	(54, 1, 'en', 'validation', 'gte.file', 'The :attribute must be greater than or equal to :value kilobytes.', '2023-02-20 00:12:21', '2023-02-20 00:12:21'),
	(55, 1, 'en', 'validation', 'gte.numeric', 'The :attribute must be greater than or equal to :value.', '2023-02-20 00:12:21', '2023-02-20 00:12:21'),
	(56, 1, 'en', 'validation', 'gte.string', 'The :attribute must be greater than or equal to :value characters.', '2023-02-20 00:12:21', '2023-02-20 00:12:21'),
	(57, 1, 'en', 'validation', 'image', 'The :attribute must be an image.', '2023-02-20 00:12:21', '2023-02-20 00:12:21'),
	(58, 1, 'en', 'validation', 'in', 'The selected :attribute is invalid.', '2023-02-20 00:12:21', '2023-02-20 00:12:21'),
	(59, 1, 'en', 'validation', 'in_array', 'The :attribute field does not exist in :other.', '2023-02-20 00:12:21', '2023-02-20 00:12:21'),
	(60, 1, 'en', 'validation', 'integer', 'The :attribute must be an integer.', '2023-02-20 00:12:21', '2023-02-20 00:12:21'),
	(61, 1, 'en', 'validation', 'ip', 'The :attribute must be a valid IP address.', '2023-02-20 00:12:21', '2023-02-20 00:12:21'),
	(62, 1, 'en', 'validation', 'ipv4', 'The :attribute must be a valid IPv4 address.', '2023-02-20 00:12:21', '2023-02-20 00:12:21'),
	(63, 1, 'en', 'validation', 'ipv6', 'The :attribute must be a valid IPv6 address.', '2023-02-20 00:12:21', '2023-02-20 00:12:21'),
	(64, 1, 'en', 'validation', 'json', 'The :attribute must be a valid JSON string.', '2023-02-20 00:12:21', '2023-02-20 00:12:21'),
	(65, 1, 'en', 'validation', 'lowercase', 'The :attribute must be lowercase.', '2023-02-20 00:12:21', '2023-02-20 00:12:21'),
	(66, 1, 'en', 'validation', 'lt.array', 'The :attribute must have less than :value items.', '2023-02-20 00:12:21', '2023-02-20 00:12:21'),
	(67, 1, 'en', 'validation', 'lt.file', 'The :attribute must be less than :value kilobytes.', '2023-02-20 00:12:21', '2023-02-20 00:12:21'),
	(68, 1, 'en', 'validation', 'lt.numeric', 'The :attribute must be less than :value.', '2023-02-20 00:12:21', '2023-02-20 00:12:21'),
	(69, 1, 'en', 'validation', 'lt.string', 'The :attribute must be less than :value characters.', '2023-02-20 00:12:21', '2023-02-20 00:12:21'),
	(70, 1, 'en', 'validation', 'lte.array', 'The :attribute must not have more than :value items.', '2023-02-20 00:12:21', '2023-02-20 00:12:21'),
	(71, 1, 'en', 'validation', 'lte.file', 'The :attribute must be less than or equal to :value kilobytes.', '2023-02-20 00:12:21', '2023-02-20 00:12:21'),
	(72, 1, 'en', 'validation', 'lte.numeric', 'The :attribute must be less than or equal to :value.', '2023-02-20 00:12:21', '2023-02-20 00:12:21'),
	(73, 1, 'en', 'validation', 'lte.string', 'The :attribute must be less than or equal to :value characters.', '2023-02-20 00:12:21', '2023-02-20 00:12:21'),
	(74, 1, 'en', 'validation', 'mac_address', 'The :attribute must be a valid MAC address.', '2023-02-20 00:12:21', '2023-02-20 00:12:21'),
	(75, 1, 'en', 'validation', 'max.array', 'The :attribute must not have more than :max items.', '2023-02-20 00:12:21', '2023-02-20 00:12:21'),
	(76, 1, 'en', 'validation', 'max.file', 'The :attribute must not be greater than :max kilobytes.', '2023-02-20 00:12:21', '2023-02-20 00:12:21'),
	(77, 1, 'en', 'validation', 'max.numeric', 'The :attribute must not be greater than :max.', '2023-02-20 00:12:21', '2023-02-20 00:12:21'),
	(78, 1, 'en', 'validation', 'max.string', 'The :attribute must not be greater than :max characters.', '2023-02-20 00:12:21', '2023-02-20 00:12:21'),
	(79, 1, 'en', 'validation', 'max_digits', 'The :attribute must not have more than :max digits.', '2023-02-20 00:12:21', '2023-02-20 00:12:21'),
	(80, 1, 'en', 'validation', 'mimes', 'The :attribute must be a file of type: :values.', '2023-02-20 00:12:21', '2023-02-20 00:12:21'),
	(81, 1, 'en', 'validation', 'mimetypes', 'The :attribute must be a file of type: :values.', '2023-02-20 00:12:21', '2023-02-20 00:12:21'),
	(82, 1, 'en', 'validation', 'min.array', 'The :attribute must have at least :min items.', '2023-02-20 00:12:21', '2023-02-20 00:12:21'),
	(83, 1, 'en', 'validation', 'min.file', 'The :attribute must be at least :min kilobytes.', '2023-02-20 00:12:21', '2023-02-20 00:12:21'),
	(84, 1, 'en', 'validation', 'min.numeric', 'The :attribute must be at least :min.', '2023-02-20 00:12:21', '2023-02-20 00:12:21'),
	(85, 1, 'en', 'validation', 'min.string', 'The :attribute must be at least :min characters.', '2023-02-20 00:12:21', '2023-02-20 00:12:21'),
	(86, 1, 'en', 'validation', 'min_digits', 'The :attribute must have at least :min digits.', '2023-02-20 00:12:21', '2023-02-20 00:12:21'),
	(87, 1, 'en', 'validation', 'missing', 'The :attribute field must be missing.', '2023-02-20 00:12:21', '2023-02-20 00:12:21'),
	(88, 1, 'en', 'validation', 'missing_if', 'The :attribute field must be missing when :other is :value.', '2023-02-20 00:12:21', '2023-02-20 00:12:21'),
	(89, 1, 'en', 'validation', 'missing_unless', 'The :attribute field must be missing unless :other is :value.', '2023-02-20 00:12:21', '2023-02-20 00:12:21'),
	(90, 1, 'en', 'validation', 'missing_with', 'The :attribute field must be missing when :values is present.', '2023-02-20 00:12:21', '2023-02-20 00:12:21'),
	(91, 1, 'en', 'validation', 'missing_with_all', 'The :attribute field must be missing when :values are present.', '2023-02-20 00:12:21', '2023-02-20 00:12:21'),
	(92, 1, 'en', 'validation', 'multiple_of', 'The :attribute must be a multiple of :value.', '2023-02-20 00:12:21', '2023-02-20 00:12:21'),
	(93, 1, 'en', 'validation', 'not_in', 'The selected :attribute is invalid.', '2023-02-20 00:12:21', '2023-02-20 00:12:21'),
	(94, 1, 'en', 'validation', 'not_regex', 'The :attribute format is invalid.', '2023-02-20 00:12:21', '2023-02-20 00:12:21'),
	(95, 1, 'en', 'validation', 'numeric', 'The :attribute must be a number.', '2023-02-20 00:12:21', '2023-02-20 00:12:21'),
	(96, 1, 'en', 'validation', 'password.letters', 'The :attribute must contain at least one letter.', '2023-02-20 00:12:21', '2023-02-20 00:12:21'),
	(97, 1, 'en', 'validation', 'password.mixed', 'The :attribute must contain at least one uppercase and one lowercase letter.', '2023-02-20 00:12:21', '2023-02-20 00:12:21'),
	(98, 1, 'en', 'validation', 'password.numbers', 'The :attribute must contain at least one number.', '2023-02-20 00:12:21', '2023-02-20 00:12:21'),
	(99, 1, 'en', 'validation', 'password.symbols', 'The :attribute must contain at least one symbol.', '2023-02-20 00:12:21', '2023-02-20 00:12:21'),
	(100, 1, 'en', 'validation', 'password.uncompromised', 'The given :attribute has appeared in a data leak. Please choose a different :attribute.', '2023-02-20 00:12:21', '2023-02-20 00:12:21'),
	(101, 1, 'en', 'validation', 'present', 'The :attribute field must be present.', '2023-02-20 00:12:21', '2023-02-20 00:12:21'),
	(102, 1, 'en', 'validation', 'prohibited', 'The :attribute field is prohibited.', '2023-02-20 00:12:21', '2023-02-20 00:12:21'),
	(103, 1, 'en', 'validation', 'prohibited_if', 'The :attribute field is prohibited when :other is :value.', '2023-02-20 00:12:21', '2023-02-20 00:12:21'),
	(104, 1, 'en', 'validation', 'prohibited_unless', 'The :attribute field is prohibited unless :other is in :values.', '2023-02-20 00:12:21', '2023-02-20 00:12:21'),
	(105, 1, 'en', 'validation', 'prohibits', 'The :attribute field prohibits :other from being present.', '2023-02-20 00:12:21', '2023-02-20 00:12:21'),
	(106, 1, 'en', 'validation', 'regex', 'The :attribute format is invalid.', '2023-02-20 00:12:21', '2023-02-20 00:12:21'),
	(107, 1, 'en', 'validation', 'required', 'The :attribute field is required.', '2023-02-20 00:12:21', '2023-02-20 00:12:21'),
	(108, 1, 'en', 'validation', 'required_array_keys', 'The :attribute field must contain entries for: :values.', '2023-02-20 00:12:21', '2023-02-20 00:12:21'),
	(109, 1, 'en', 'validation', 'required_if', 'The :attribute field is required when :other is :value.', '2023-02-20 00:12:21', '2023-02-20 00:12:21'),
	(110, 1, 'en', 'validation', 'required_if_accepted', 'The :attribute field is required when :other is accepted.', '2023-02-20 00:12:21', '2023-02-20 00:12:21'),
	(111, 1, 'en', 'validation', 'required_unless', 'The :attribute field is required unless :other is in :values.', '2023-02-20 00:12:21', '2023-02-20 00:12:21'),
	(112, 1, 'en', 'validation', 'required_with', 'The :attribute field is required when :values is present.', '2023-02-20 00:12:21', '2023-02-20 00:12:21'),
	(113, 1, 'en', 'validation', 'required_with_all', 'The :attribute field is required when :values are present.', '2023-02-20 00:12:21', '2023-02-20 00:12:21'),
	(114, 1, 'en', 'validation', 'required_without', 'The :attribute field is required when :values is not present.', '2023-02-20 00:12:21', '2023-02-20 00:12:21'),
	(115, 1, 'en', 'validation', 'required_without_all', 'The :attribute field is required when none of :values are present.', '2023-02-20 00:12:21', '2023-02-20 00:12:21'),
	(116, 1, 'en', 'validation', 'same', 'The :attribute and :other must match.', '2023-02-20 00:12:21', '2023-02-20 00:12:21'),
	(117, 1, 'en', 'validation', 'size.array', 'The :attribute must contain :size items.', '2023-02-20 00:12:21', '2023-02-20 00:12:21'),
	(118, 1, 'en', 'validation', 'size.file', 'The :attribute must be :size kilobytes.', '2023-02-20 00:12:21', '2023-02-20 00:12:21'),
	(119, 1, 'en', 'validation', 'size.numeric', 'The :attribute must be :size.', '2023-02-20 00:12:21', '2023-02-20 00:12:21'),
	(120, 1, 'en', 'validation', 'size.string', 'The :attribute must be :size characters.', '2023-02-20 00:12:21', '2023-02-20 00:12:21'),
	(121, 1, 'en', 'validation', 'starts_with', 'The :attribute must start with one of the following: :values.', '2023-02-20 00:12:21', '2023-02-20 00:12:21'),
	(122, 1, 'en', 'validation', 'string', 'The :attribute must be a string.', '2023-02-20 00:12:21', '2023-02-20 00:12:21'),
	(123, 1, 'en', 'validation', 'timezone', 'The :attribute must be a valid timezone.', '2023-02-20 00:12:21', '2023-02-20 00:12:21'),
	(124, 1, 'en', 'validation', 'unique', 'The :attribute has already been taken.', '2023-02-20 00:12:21', '2023-02-20 00:12:21'),
	(125, 1, 'en', 'validation', 'uploaded', 'The :attribute failed to upload.', '2023-02-20 00:12:21', '2023-02-20 00:12:21'),
	(126, 1, 'en', 'validation', 'uppercase', 'The :attribute must be uppercase.', '2023-02-20 00:12:21', '2023-02-20 00:12:21'),
	(127, 1, 'en', 'validation', 'url', 'The :attribute must be a valid URL.', '2023-02-20 00:12:21', '2023-02-20 00:12:21'),
	(128, 1, 'en', 'validation', 'ulid', 'The :attribute must be a valid ULID.', '2023-02-20 00:12:21', '2023-02-20 00:12:21'),
	(129, 1, 'en', 'validation', 'uuid', 'The :attribute must be a valid UUID.', '2023-02-20 00:12:21', '2023-02-20 00:12:21'),
	(130, 1, 'en', 'validation', 'custom.attribute-name.rule-name', 'custom-message', '2023-02-20 00:12:21', '2023-02-20 00:12:21'),
	(131, 1, 'en', 'core/acl/api', 'api_clients', 'API Clients', '2023-02-20 00:12:21', '2023-02-20 00:12:21'),
	(132, 1, 'en', 'core/acl/api', 'create_new_client', 'Create new client', '2023-02-20 00:12:21', '2023-02-20 00:12:21'),
	(133, 1, 'en', 'core/acl/api', 'create_new_client_success', 'Create new client successfully!', '2023-02-20 00:12:21', '2023-02-20 00:12:21'),
	(134, 1, 'en', 'core/acl/api', 'edit_client', 'Edit client ":name"', '2023-02-20 00:12:21', '2023-02-20 00:12:21'),
	(135, 1, 'en', 'core/acl/api', 'edit_client_success', 'Updated client successfully!', '2023-02-20 00:12:21', '2023-02-20 00:12:21'),
	(136, 1, 'en', 'core/acl/api', 'delete_success', 'Deleted client successfully!', '2023-02-20 00:12:21', '2023-02-20 00:12:21'),
	(137, 1, 'en', 'core/acl/api', 'confirm_delete_title', 'Confirm delete client ":name"', '2023-02-20 00:12:21', '2023-02-20 00:12:21'),
	(138, 1, 'en', 'core/acl/api', 'confirm_delete_description', 'Do you really want to delete client ":name"?', '2023-02-20 00:12:21', '2023-02-20 00:12:21'),
	(139, 1, 'en', 'core/acl/api', 'cancel_delete', 'No', '2023-02-20 00:12:21', '2023-02-20 00:12:21'),
	(140, 1, 'en', 'core/acl/api', 'continue_delete', 'Yes, let\'s delete it!', '2023-02-20 00:12:21', '2023-02-20 00:12:21'),
	(141, 1, 'en', 'core/acl/api', 'name', 'Name', '2023-02-20 00:12:21', '2023-02-20 00:12:21'),
	(142, 1, 'en', 'core/acl/api', 'cancel', 'Cancel', '2023-02-20 00:12:21', '2023-02-20 00:12:21'),
	(143, 1, 'en', 'core/acl/api', 'save', 'Save', '2023-02-20 00:12:21', '2023-02-20 00:12:21'),
	(144, 1, 'en', 'core/acl/api', 'edit', 'Edit', '2023-02-20 00:12:21', '2023-02-20 00:12:21'),
	(145, 1, 'en', 'core/acl/api', 'delete', 'Delete', '2023-02-20 00:12:21', '2023-02-20 00:12:21'),
	(146, 1, 'en', 'core/acl/api', 'client_id', 'Client ID', '2023-02-20 00:12:21', '2023-02-20 00:12:21'),
	(147, 1, 'en', 'core/acl/api', 'secret', 'Secret', '2023-02-20 00:12:21', '2023-02-20 00:12:21'),
	(148, 1, 'en', 'core/acl/auth', 'login.username', 'Email/Username', '2023-02-20 00:12:21', '2023-02-20 00:12:21'),
	(149, 1, 'en', 'core/acl/auth', 'login.email', 'Email', '2023-02-20 00:12:21', '2023-02-20 00:12:21'),
	(150, 1, 'en', 'core/acl/auth', 'login.password', 'Password', '2023-02-20 00:12:21', '2023-02-20 00:12:21'),
	(151, 1, 'en', 'core/acl/auth', 'login.title', 'User Login', '2023-02-20 00:12:21', '2023-02-20 00:12:21'),
	(152, 1, 'en', 'core/acl/auth', 'login.remember', 'Remember me?', '2023-02-20 00:12:21', '2023-02-20 00:12:21'),
	(153, 1, 'en', 'core/acl/auth', 'login.login', 'Sign in', '2023-02-20 00:12:21', '2023-02-20 00:12:21'),
	(154, 1, 'en', 'core/acl/auth', 'login.placeholder.username', 'Please enter your username', '2023-02-20 00:12:21', '2023-02-20 00:12:21'),
	(155, 1, 'en', 'core/acl/auth', 'login.placeholder.email', 'Please enter your email', '2023-02-20 00:12:21', '2023-02-20 00:12:21'),
	(156, 1, 'en', 'core/acl/auth', 'login.success', 'Login successfully!', '2023-02-20 00:12:21', '2023-02-20 00:12:21'),
	(157, 1, 'en', 'core/acl/auth', 'login.fail', 'Wrong username or password.', '2023-02-20 00:12:21', '2023-02-20 00:12:21'),
	(158, 1, 'en', 'core/acl/auth', 'login.not_active', 'Your account has not been activated yet!', '2023-02-20 00:12:21', '2023-02-20 00:12:21'),
	(159, 1, 'en', 'core/acl/auth', 'login.banned', 'This account is banned.', '2023-02-20 00:12:21', '2023-02-20 00:12:21'),
	(160, 1, 'en', 'core/acl/auth', 'login.logout_success', 'Logout successfully!', '2023-02-20 00:12:21', '2023-02-20 00:12:21'),
	(161, 1, 'en', 'core/acl/auth', 'login.dont_have_account', 'You don\'t have account on this system, please contact administrator for more information!', '2023-02-20 00:12:21', '2023-02-20 00:12:21'),
	(162, 1, 'en', 'core/acl/auth', 'forgot_password.title', 'Forgot Password', '2023-02-20 00:12:21', '2023-02-20 00:12:21'),
	(163, 1, 'en', 'core/acl/auth', 'forgot_password.message', '<p>Have you forgotten your password?</p><p>Please enter your email account. System will send a email with active link to reset your password.</p>', '2023-02-20 00:12:21', '2023-02-20 00:12:21'),
	(164, 1, 'en', 'core/acl/auth', 'forgot_password.submit', 'Submit', '2023-02-20 00:12:21', '2023-02-20 00:12:21'),
	(165, 1, 'en', 'core/acl/auth', 'reset.new_password', 'New password', '2023-02-20 00:12:21', '2023-02-20 00:12:21'),
	(166, 1, 'en', 'core/acl/auth', 'reset.password_confirmation', 'Confirm new password', '2023-02-20 00:12:21', '2023-02-20 00:12:21'),
	(167, 1, 'en', 'core/acl/auth', 'reset.email', 'Email', '2023-02-20 00:12:21', '2023-02-20 00:12:21'),
	(168, 1, 'en', 'core/acl/auth', 'reset.title', 'Reset your password', '2023-02-20 00:12:21', '2023-02-20 00:12:21'),
	(169, 1, 'en', 'core/acl/auth', 'reset.update', 'Update', '2023-02-20 00:12:21', '2023-02-20 00:12:21'),
	(170, 1, 'en', 'core/acl/auth', 'reset.wrong_token', 'This link is invalid or expired. Please try using reset form again.', '2023-02-20 00:12:21', '2023-02-20 00:12:21'),
	(171, 1, 'en', 'core/acl/auth', 'reset.user_not_found', 'This username is not exist.', '2023-02-20 00:12:21', '2023-02-20 00:12:21'),
	(172, 1, 'en', 'core/acl/auth', 'reset.success', 'Reset password successfully!', '2023-02-20 00:12:21', '2023-02-20 00:12:21'),
	(173, 1, 'en', 'core/acl/auth', 'reset.fail', 'Token is invalid, the reset password link has been expired!', '2023-02-20 00:12:21', '2023-02-20 00:12:21'),
	(174, 1, 'en', 'core/acl/auth', 'reset.reset.title', 'Email reset password', '2023-02-20 00:12:21', '2023-02-20 00:12:21'),
	(175, 1, 'en', 'core/acl/auth', 'reset.send.success', 'A email was sent to your email account. Please check and complete this action.', '2023-02-20 00:12:21', '2023-02-20 00:12:21'),
	(176, 1, 'en', 'core/acl/auth', 'reset.send.fail', 'Can not send email in this time. Please try again later.', '2023-02-20 00:12:21', '2023-02-20 00:12:21'),
	(177, 1, 'en', 'core/acl/auth', 'reset.new-password', 'New password', '2023-02-20 00:12:21', '2023-02-20 00:12:21'),
	(178, 1, 'en', 'core/acl/auth', 'email.reminder.title', 'Email reset password', '2023-02-20 00:12:21', '2023-02-20 00:12:21'),
	(179, 1, 'en', 'core/acl/auth', 'password_confirmation', 'Password confirm', '2023-02-20 00:12:21', '2023-02-20 00:12:21'),
	(180, 1, 'en', 'core/acl/auth', 'failed', 'Failed', '2023-02-20 00:12:21', '2023-02-20 00:12:21'),
	(181, 1, 'en', 'core/acl/auth', 'throttle', 'Throttle', '2023-02-20 00:12:21', '2023-02-20 00:12:21'),
	(182, 1, 'en', 'core/acl/auth', 'not_member', 'Not a member yet?', '2023-02-20 00:12:21', '2023-02-20 00:12:21'),
	(183, 1, 'en', 'core/acl/auth', 'register_now', 'Register now', '2023-02-20 00:12:21', '2023-02-20 00:12:21'),
	(184, 1, 'en', 'core/acl/auth', 'lost_your_password', 'Lost your password?', '2023-02-20 00:12:21', '2023-02-20 00:12:21'),
	(185, 1, 'en', 'core/acl/auth', 'login_title', 'Admin', '2023-02-20 00:12:21', '2023-02-20 00:12:21'),
	(186, 1, 'en', 'core/acl/auth', 'login_via_social', 'Login with social networks', '2023-02-20 00:12:21', '2023-02-20 00:12:21'),
	(187, 1, 'en', 'core/acl/auth', 'back_to_login', 'Back to login page', '2023-02-20 00:12:21', '2023-02-20 00:12:21'),
	(188, 1, 'en', 'core/acl/auth', 'sign_in_below', 'Sign In Below', '2023-02-20 00:12:21', '2023-02-20 00:12:21'),
	(189, 1, 'en', 'core/acl/auth', 'languages', 'Languages', '2023-02-20 00:12:21', '2023-02-20 00:12:21'),
	(190, 1, 'en', 'core/acl/auth', 'reset_password', 'Reset Password', '2023-02-20 00:12:21', '2023-02-20 00:12:21'),
	(191, 1, 'en', 'core/acl/auth', 'settings.email.title', 'ACL', '2023-02-20 00:12:21', '2023-02-20 00:12:21'),
	(192, 1, 'en', 'core/acl/auth', 'settings.email.description', 'ACL email configuration', '2023-02-20 00:12:21', '2023-02-20 00:12:21'),
	(193, 1, 'en', 'core/acl/permissions', 'notices.role_in_use', 'Cannot delete this role, it is still in use!', '2023-02-20 00:12:21', '2023-02-20 00:12:21'),
	(194, 1, 'en', 'core/acl/permissions', 'notices.role_delete_belong_user', 'You are not able to delete this role; it belongs to someone else!', '2023-02-20 00:12:21', '2023-02-20 00:12:21'),
	(195, 1, 'en', 'core/acl/permissions', 'notices.role_edit_belong_user', 'You are not able to edit this role; it belongs to someone else!', '2023-02-20 00:12:21', '2023-02-20 00:12:21'),
	(196, 1, 'en', 'core/acl/permissions', 'notices.delete_global_role', 'You are not allowed to delete global roles!', '2023-02-20 00:12:21', '2023-02-20 00:12:21'),
	(197, 1, 'en', 'core/acl/permissions', 'notices.delete_success', 'The selected role was deleted successfully!', '2023-02-20 00:12:21', '2023-02-20 00:12:21'),
	(198, 1, 'en', 'core/acl/permissions', 'notices.modified_success', 'The selected role was modified successfully!', '2023-02-20 00:12:21', '2023-02-20 00:12:21'),
	(199, 1, 'en', 'core/acl/permissions', 'notices.create_success', 'The new role was successfully created', '2023-02-20 00:12:21', '2023-02-20 00:12:21'),
	(200, 1, 'en', 'core/acl/permissions', 'notices.duplicated_success', 'The selected role was duplicated successfully', '2023-02-20 00:12:21', '2023-02-20 00:12:21'),
	(201, 1, 'en', 'core/acl/permissions', 'notices.no_select', 'Please select at least one record to take this action!', '2023-02-20 00:12:21', '2023-02-20 00:12:21'),
	(202, 1, 'en', 'core/acl/permissions', 'notices.not_found', 'Role not found', '2023-02-20 00:12:21', '2023-02-20 00:12:21'),
	(203, 1, 'en', 'core/acl/permissions', 'name', 'Name', '2023-02-20 00:12:21', '2023-02-20 00:12:21'),
	(204, 1, 'en', 'core/acl/permissions', 'current_role', 'Current Role', '2023-02-20 00:12:21', '2023-02-20 00:12:21'),
	(205, 1, 'en', 'core/acl/permissions', 'no_role_assigned', 'No role assigned', '2023-02-20 00:12:21', '2023-02-20 00:12:21'),
	(206, 1, 'en', 'core/acl/permissions', 'role_assigned', 'Assigned Role', '2023-02-20 00:12:21', '2023-02-20 00:12:21'),
	(207, 1, 'en', 'core/acl/permissions', 'create_role', 'Create New Role', '2023-02-20 00:12:21', '2023-02-20 00:12:21'),
	(208, 1, 'en', 'core/acl/permissions', 'role_name', 'Name', '2023-02-20 00:12:21', '2023-02-20 00:12:21'),
	(209, 1, 'en', 'core/acl/permissions', 'role_description', 'Description', '2023-02-20 00:12:21', '2023-02-20 00:12:21'),
	(210, 1, 'en', 'core/acl/permissions', 'permission_flags', 'Permission Flags', '2023-02-20 00:12:21', '2023-02-20 00:12:21'),
	(211, 1, 'en', 'core/acl/permissions', 'cancel', 'Cancel', '2023-02-20 00:12:21', '2023-02-20 00:12:21'),
	(212, 1, 'en', 'core/acl/permissions', 'reset', 'Reset', '2023-02-20 00:12:21', '2023-02-20 00:12:21'),
	(213, 1, 'en', 'core/acl/permissions', 'save', 'Save', '2023-02-20 00:12:21', '2023-02-20 00:12:21'),
	(214, 1, 'en', 'core/acl/permissions', 'global_role_msg', 'This is a global role and cannot be modified.  You can use the Duplicate button to make a copy of this role that you can then modify.', '2023-02-20 00:12:21', '2023-02-20 00:12:21'),
	(215, 1, 'en', 'core/acl/permissions', 'details', 'Details', '2023-02-20 00:12:21', '2023-02-20 00:12:21'),
	(216, 1, 'en', 'core/acl/permissions', 'duplicate', 'Duplicate', '2023-02-20 00:12:21', '2023-02-20 00:12:21'),
	(217, 1, 'en', 'core/acl/permissions', 'all', 'All Permissions', '2023-02-20 00:12:21', '2023-02-20 00:12:21'),
	(218, 1, 'en', 'core/acl/permissions', 'list_role', 'List Roles', '2023-02-20 00:12:21', '2023-02-20 00:12:21'),
	(219, 1, 'en', 'core/acl/permissions', 'created_on', 'Created On', '2023-02-20 00:12:21', '2023-02-20 00:12:21'),
	(220, 1, 'en', 'core/acl/permissions', 'created_by', 'Created By', '2023-02-20 00:12:21', '2023-02-20 00:12:21'),
	(221, 1, 'en', 'core/acl/permissions', 'actions', 'Actions', '2023-02-20 00:12:21', '2023-02-20 00:12:21'),
	(222, 1, 'en', 'core/acl/permissions', 'role_in_use', 'Cannot delete this role, it is still in use!', '2023-02-20 00:12:21', '2023-02-20 00:12:21'),
	(223, 1, 'en', 'core/acl/permissions', 'role_delete_belong_user', 'You are not able to delete this role; it belongs to someone else!', '2023-02-20 00:12:21', '2023-02-20 00:12:21'),
	(224, 1, 'en', 'core/acl/permissions', 'delete_global_role', 'Can not delete global role', '2023-02-20 00:12:21', '2023-02-20 00:12:21'),
	(225, 1, 'en', 'core/acl/permissions', 'delete_success', 'Delete role successfully', '2023-02-20 00:12:21', '2023-02-20 00:12:21'),
	(226, 1, 'en', 'core/acl/permissions', 'no_select', 'Please select at least one role to take this action!', '2023-02-20 00:12:21', '2023-02-20 00:12:21'),
	(227, 1, 'en', 'core/acl/permissions', 'not_found', 'No role found!', '2023-02-20 00:12:21', '2023-02-20 00:12:21'),
	(228, 1, 'en', 'core/acl/permissions', 'role_edit_belong_user', 'You are not able to edit this role; it belongs to someone else!', '2023-02-20 00:12:21', '2023-02-20 00:12:21'),
	(229, 1, 'en', 'core/acl/permissions', 'modified_success', 'Modified successfully', '2023-02-20 00:12:21', '2023-02-20 00:12:21'),
	(230, 1, 'en', 'core/acl/permissions', 'create_success', 'Create successfully', '2023-02-20 00:12:21', '2023-02-20 00:12:21'),
	(231, 1, 'en', 'core/acl/permissions', 'duplicated_success', 'Duplicated successfully', '2023-02-20 00:12:21', '2023-02-20 00:12:21'),
	(232, 1, 'en', 'core/acl/permissions', 'options', 'Options', '2023-02-20 00:12:21', '2023-02-20 00:12:21'),
	(233, 1, 'en', 'core/acl/permissions', 'access_denied_message', 'You are not allowed to do this action', '2023-02-20 00:12:21', '2023-02-20 00:12:21'),
	(234, 1, 'en', 'core/acl/permissions', 'roles', 'Roles', '2023-02-20 00:12:21', '2023-02-20 00:12:21'),
	(235, 1, 'en', 'core/acl/permissions', 'role_permission', 'Roles and Permissions', '2023-02-20 00:12:21', '2023-02-20 00:12:21'),
	(236, 1, 'en', 'core/acl/permissions', 'user_management', 'User Management', '2023-02-20 00:12:21', '2023-02-20 00:12:21'),
	(237, 1, 'en', 'core/acl/permissions', 'super_user_management', 'Super User Management', '2023-02-20 00:12:21', '2023-02-20 00:12:21'),
	(238, 1, 'en', 'core/acl/permissions', 'action_unauthorized', 'This action is unauthorized.', '2023-02-20 00:12:21', '2023-02-20 00:12:21'),
	(239, 1, 'en', 'core/acl/reminders', 'password', 'Passwords must be at least six characters and match the confirmation.', '2023-02-20 00:12:21', '2023-02-20 00:12:21'),
	(240, 1, 'en', 'core/acl/reminders', 'user', 'We can\'t find a user with that e-mail address.', '2023-02-20 00:12:21', '2023-02-20 00:12:21'),
	(241, 1, 'en', 'core/acl/reminders', 'token', 'This password reset token is invalid.', '2023-02-20 00:12:21', '2023-02-20 00:12:21'),
	(242, 1, 'en', 'core/acl/reminders', 'sent', 'Password reminder sent!', '2023-02-20 00:12:21', '2023-02-20 00:12:21'),
	(243, 1, 'en', 'core/acl/reminders', 'reset', 'Password has been reset!', '2023-02-20 00:12:21', '2023-02-20 00:12:21'),
	(244, 1, 'en', 'core/acl/users', 'delete_user_logged_in', 'Can\'t delete this user. This user is logged on!', '2023-02-20 00:12:21', '2023-02-20 00:12:21'),
	(245, 1, 'en', 'core/acl/users', 'no_select', 'Please select at least one record to take this action!', '2023-02-20 00:12:21', '2023-02-20 00:12:21'),
	(246, 1, 'en', 'core/acl/users', 'lock_user_logged_in', 'Can\'t lock this user. This user is logged on!', '2023-02-20 00:12:21', '2023-02-20 00:12:21'),
	(247, 1, 'en', 'core/acl/users', 'update_success', 'Update status successfully!', '2023-02-20 00:12:21', '2023-02-20 00:12:21'),
	(248, 1, 'en', 'core/acl/users', 'save_setting_failed', 'Something went wrong when save your setting', '2023-02-20 00:12:21', '2023-02-20 00:12:21'),
	(249, 1, 'en', 'core/acl/users', 'not_found', 'User not found', '2023-02-20 00:12:21', '2023-02-20 00:12:21'),
	(250, 1, 'en', 'core/acl/users', 'email_exist', 'That email address already belongs to an existing account', '2023-02-20 00:12:21', '2023-02-20 00:12:21'),
	(251, 1, 'en', 'core/acl/users', 'username_exist', 'That username address already belongs to an existing account', '2023-02-20 00:12:21', '2023-02-20 00:12:21'),
	(252, 1, 'en', 'core/acl/users', 'update_profile_success', 'Your profile changes were successfully saved', '2023-02-20 00:12:21', '2023-02-20 00:12:21'),
	(253, 1, 'en', 'core/acl/users', 'password_update_success', 'Password successfully changed', '2023-02-20 00:12:21', '2023-02-20 00:12:21'),
	(254, 1, 'en', 'core/acl/users', 'current_password_not_valid', 'Current password is not valid', '2023-02-20 00:12:21', '2023-02-20 00:12:21'),
	(255, 1, 'en', 'core/acl/users', 'user_exist_in', 'User is already a member', '2023-02-20 00:12:21', '2023-02-20 00:12:21'),
	(256, 1, 'en', 'core/acl/users', 'email', 'Email', '2023-02-20 00:12:21', '2023-02-20 00:12:21'),
	(257, 1, 'en', 'core/acl/users', 'role', 'Role', '2023-02-20 00:12:21', '2023-02-20 00:12:21'),
	(258, 1, 'en', 'core/acl/users', 'username', 'Username', '2023-02-20 00:12:21', '2023-02-20 00:12:21'),
	(259, 1, 'en', 'core/acl/users', 'last_name', 'Last Name', '2023-02-20 00:12:21', '2023-02-20 00:12:21'),
	(260, 1, 'en', 'core/acl/users', 'first_name', 'First Name', '2023-02-20 00:12:21', '2023-02-20 00:12:21'),
	(261, 1, 'en', 'core/acl/users', 'message', 'Message', '2023-02-20 00:12:21', '2023-02-20 00:12:21'),
	(262, 1, 'en', 'core/acl/users', 'cancel_btn', 'Cancel', '2023-02-20 00:12:21', '2023-02-20 00:12:21'),
	(263, 1, 'en', 'core/acl/users', 'change_password', 'Change password', '2023-02-20 00:12:21', '2023-02-20 00:12:21'),
	(264, 1, 'en', 'core/acl/users', 'current_password', 'Current password', '2023-02-20 00:12:21', '2023-02-20 00:12:21'),
	(265, 1, 'en', 'core/acl/users', 'new_password', 'New Password', '2023-02-20 00:12:21', '2023-02-20 00:12:21'),
	(266, 1, 'en', 'core/acl/users', 'confirm_new_password', 'Confirm New Password', '2023-02-20 00:12:21', '2023-02-20 00:12:21'),
	(267, 1, 'en', 'core/acl/users', 'password', 'Password', '2023-02-20 00:12:21', '2023-02-20 00:12:21'),
	(268, 1, 'en', 'core/acl/users', 'save', 'Save', '2023-02-20 00:12:21', '2023-02-20 00:12:21'),
	(269, 1, 'en', 'core/acl/users', 'cannot_delete', 'User could not be deleted', '2023-02-20 00:12:21', '2023-02-20 00:12:21'),
	(270, 1, 'en', 'core/acl/users', 'deleted', 'User deleted', '2023-02-20 00:12:21', '2023-02-20 00:12:21'),
	(271, 1, 'en', 'core/acl/users', 'last_login', 'Last Login', '2023-02-20 00:12:21', '2023-02-20 00:12:21'),
	(272, 1, 'en', 'core/acl/users', 'error_update_profile_image', 'Error when update profile image', '2023-02-20 00:12:21', '2023-02-20 00:12:21'),
	(273, 1, 'en', 'core/acl/users', 'email_reminder_template', '<h3>Hello :name</h3><p>The system has received a request to restore the password for your account, to complete this task please click the link below.</p><p><a href=":link">Reset password now</a></p><p>If not you ask recover password, please ignore this email.</p><p>This email is valid for 60 minutes after receiving the email.</p>', '2023-02-20 00:12:21', '2023-02-20 00:12:21'),
	(274, 1, 'en', 'core/acl/users', 'change_profile_image', 'Change Profile Image', '2023-02-20 00:12:21', '2023-02-20 00:12:21'),
	(275, 1, 'en', 'core/acl/users', 'new_image', 'New Image', '2023-02-20 00:12:21', '2023-02-20 00:12:21'),
	(276, 1, 'en', 'core/acl/users', 'loading', 'Loading', '2023-02-20 00:12:21', '2023-02-20 00:12:21'),
	(277, 1, 'en', 'core/acl/users', 'close', 'Close', '2023-02-20 00:12:21', '2023-02-20 00:12:21'),
	(278, 1, 'en', 'core/acl/users', 'update', 'Update', '2023-02-20 00:12:21', '2023-02-20 00:12:21'),
	(279, 1, 'en', 'core/acl/users', 'read_image_failed', 'Failed to read the image file', '2023-02-20 00:12:21', '2023-02-20 00:12:21'),
	(280, 1, 'en', 'core/acl/users', 'users', 'Users', '2023-02-20 00:12:21', '2023-02-20 00:12:21'),
	(281, 1, 'en', 'core/acl/users', 'update_avatar_success', 'Update profile image successfully!', '2023-02-20 00:12:21', '2023-02-20 00:12:21'),
	(282, 1, 'en', 'core/acl/users', 'info.title', 'User profile', '2023-02-20 00:12:21', '2023-02-20 00:12:21'),
	(283, 1, 'en', 'core/acl/users', 'info.first_name', 'First Name', '2023-02-20 00:12:21', '2023-02-20 00:12:21'),
	(284, 1, 'en', 'core/acl/users', 'info.last_name', 'Last Name', '2023-02-20 00:12:21', '2023-02-20 00:12:21'),
	(285, 1, 'en', 'core/acl/users', 'total_users', 'Total users', '2023-02-20 00:12:21', '2023-02-20 00:12:21'),
	(286, 1, 'en', 'core/acl/users', 'statuses.activated', 'Activated', '2023-02-20 00:12:21', '2023-02-20 00:12:21'),
	(287, 1, 'en', 'core/acl/users', 'statuses.deactivated', 'Deactivated', '2023-02-20 00:12:21', '2023-02-20 00:12:21'),
	(288, 1, 'en', 'core/acl/users', 'make_super', 'Make super', '2023-02-20 00:12:21', '2023-02-20 00:12:21'),
	(289, 1, 'en', 'core/acl/users', 'remove_super', 'Remove super', '2023-02-20 00:12:21', '2023-02-20 00:12:21'),
	(290, 1, 'en', 'core/acl/users', 'is_super', 'Is super?', '2023-02-20 00:12:21', '2023-02-20 00:12:21'),
	(291, 1, 'en', 'core/acl/users', 'email_placeholder', 'Ex: example@gmail.com', '2023-02-20 00:12:21', '2023-02-20 00:12:21'),
	(292, 1, 'en', 'core/acl/users', 'password_confirmation', 'Re-type password', '2023-02-20 00:12:21', '2023-02-20 00:12:21'),
	(293, 1, 'en', 'core/acl/users', 'select_role', 'Select role', '2023-02-20 00:12:21', '2023-02-20 00:12:21'),
	(294, 1, 'en', 'core/acl/users', 'create_new_user', 'Create a new user', '2023-02-20 00:12:21', '2023-02-20 00:12:21'),
	(295, 1, 'en', 'core/acl/users', 'cannot_delete_super_user', 'Permission denied. Cannot delete a super user!', '2023-02-20 00:12:21', '2023-02-20 00:12:21'),
	(296, 1, 'en', 'core/acl/users', 'assigned_role', 'Assigned Role', '2023-02-20 00:12:21', '2023-02-20 00:12:21'),
	(297, 1, 'en', 'core/acl/users', 'no_role_assigned', 'No role assigned', '2023-02-20 00:12:21', '2023-02-20 00:12:21'),
	(298, 1, 'en', 'core/acl/users', 'view_user_profile', 'View user\'s profile', '2023-02-20 00:12:21', '2023-02-20 00:12:21'),
	(299, 1, 'vi', 'core/acl/auth', 'login.username', 'Email/Tên truy cập', '2023-02-20 00:12:21', '2023-02-20 00:12:21'),
	(300, 1, 'vi', 'core/acl/auth', 'login.password', 'Mật khẩu', '2023-02-20 00:12:21', '2023-02-20 00:12:21'),
	(301, 1, 'vi', 'core/acl/auth', 'login.title', 'Đăng nhập vào quản trị', '2023-02-20 00:12:21', '2023-02-20 00:12:21'),
	(302, 1, 'vi', 'core/acl/auth', 'login.remember', 'Nhớ mật khẩu?', '2023-02-20 00:12:21', '2023-02-20 00:12:21'),
	(303, 1, 'vi', 'core/acl/auth', 'login.login', 'Đăng nhập', '2023-02-20 00:12:21', '2023-02-20 00:12:21'),
	(304, 1, 'vi', 'core/acl/auth', 'login.placeholder.username', 'Vui lòng nhập tên truy cập', '2023-02-20 00:12:21', '2023-02-20 00:12:21'),
	(305, 1, 'vi', 'core/acl/auth', 'login.placeholder.email', 'Vui lòng nhập email', '2023-02-20 00:12:21', '2023-02-20 00:12:21'),
	(306, 1, 'vi', 'core/acl/auth', 'login.success', 'Đăng nhập thành công!', '2023-02-20 00:12:21', '2023-02-20 00:12:21'),
	(307, 1, 'vi', 'core/acl/auth', 'login.fail', 'Sai tên truy cập hoặc mật khẩu.', '2023-02-20 00:12:21', '2023-02-20 00:12:21'),
	(308, 1, 'vi', 'core/acl/auth', 'login.not_active', 'Tài khoản của bạn chưa được kích hoạt!', '2023-02-20 00:12:21', '2023-02-20 00:12:21'),
	(309, 1, 'vi', 'core/acl/auth', 'login.banned', 'Tài khoản này đã bị khóa.', '2023-02-20 00:12:21', '2023-02-20 00:12:21'),
	(310, 1, 'vi', 'core/acl/auth', 'login.logout_success', 'Đăng xuất thành công!', '2023-02-20 00:12:21', '2023-02-20 00:12:21'),
	(311, 1, 'vi', 'core/acl/auth', 'login.dont_have_account', 'Bạn không có tài khoản trong hệ thống, vui lòng liên hệ quản trị viên!', '2023-02-20 00:12:21', '2023-02-20 00:12:21'),
	(312, 1, 'vi', 'core/acl/auth', 'login.email', 'Email', '2023-02-20 00:12:21', '2023-02-20 00:12:21'),
	(313, 1, 'vi', 'core/acl/auth', 'forgot_password.title', 'Quên mật khẩu', '2023-02-20 00:12:21', '2023-02-20 00:12:21'),
	(314, 1, 'vi', 'core/acl/auth', 'forgot_password.message', '<p>Quên mật khẩu?</p><p>Vui lòng nhập email đăng nhập tài khoản của bạn để hệ thống gửi liên kết khôi phục mật khẩu.</p>', '2023-02-20 00:12:21', '2023-02-20 00:12:21'),
	(315, 1, 'vi', 'core/acl/auth', 'forgot_password.submit', 'Hoàn tất', '2023-02-20 00:12:21', '2023-02-20 00:12:21'),
	(316, 1, 'vi', 'core/acl/auth', 'reset.new_password', 'Mật khẩu mới', '2023-02-20 00:12:21', '2023-02-20 00:12:21'),
	(317, 1, 'vi', 'core/acl/auth', 'reset.title', 'Khôi phục mật khẩu', '2023-02-20 00:12:21', '2023-02-20 00:12:21'),
	(318, 1, 'vi', 'core/acl/auth', 'reset.update', 'Cập nhật', '2023-02-20 00:12:21', '2023-02-20 00:12:21'),
	(319, 1, 'vi', 'core/acl/auth', 'reset.wrong_token', 'Liên kết này không chính xác hoặc đã hết hiệu lực, vui lòng yêu cầu khôi phục mật khẩu lại!', '2023-02-20 00:12:21', '2023-02-20 00:12:21'),
	(320, 1, 'vi', 'core/acl/auth', 'reset.user_not_found', 'Tên đăng nhập không tồn tại.', '2023-02-20 00:12:21', '2023-02-20 00:12:21'),
	(321, 1, 'vi', 'core/acl/auth', 'reset.success', 'Khôi phục mật khẩu thành công!', '2023-02-20 00:12:21', '2023-02-20 00:12:21'),
	(322, 1, 'vi', 'core/acl/auth', 'reset.fail', 'Token không hợp lệ hoặc liên kết khôi phục mật khẩu đã hết thời gian hiệu lực!', '2023-02-20 00:12:21', '2023-02-20 00:12:21'),
	(323, 1, 'vi', 'core/acl/auth', 'reset.reset.title', 'Email khôi phục mật khẩu', '2023-02-20 00:12:21', '2023-02-20 00:12:21'),
	(324, 1, 'vi', 'core/acl/auth', 'reset.send.success', 'Một email khôi phục mật khẩu đã được gửi tới email của bạn, vui lòng kiểm tra và hoàn tất yêu cầu.', '2023-02-20 00:12:21', '2023-02-20 00:12:21'),
	(325, 1, 'vi', 'core/acl/auth', 'reset.send.fail', 'Không thể gửi email trong lúc này. Vui lòng thực hiện lại sau.', '2023-02-20 00:12:21', '2023-02-20 00:12:21'),
	(326, 1, 'vi', 'core/acl/auth', 'reset.new-password', 'Mật khẩu mới', '2023-02-20 00:12:21', '2023-02-20 00:12:21'),
	(327, 1, 'vi', 'core/acl/auth', 'reset.email', 'Email', '2023-02-20 00:12:21', '2023-02-20 00:12:21'),
	(328, 1, 'vi', 'core/acl/auth', 'reset.password_confirmation', 'Xác nhận mật khẩu mới', '2023-02-20 00:12:21', '2023-02-20 00:12:21'),
	(329, 1, 'vi', 'core/acl/auth', 'email.reminder.title', 'Email khôi phục mật khẩu', '2023-02-20 00:12:21', '2023-02-20 00:12:21'),
	(330, 1, 'vi', 'core/acl/auth', 'failed', 'Không thành công', '2023-02-20 00:12:21', '2023-02-20 00:12:21'),
	(331, 1, 'vi', 'core/acl/auth', 'throttle', 'Throttle', '2023-02-20 00:12:21', '2023-02-20 00:12:21'),
	(332, 1, 'vi', 'core/acl/auth', 'back_to_login', 'Quay lại trang đăng nhập', '2023-02-20 00:12:21', '2023-02-20 00:12:21'),
	(333, 1, 'vi', 'core/acl/auth', 'login_title', 'Đăng nhập vào quản trị', '2023-02-20 00:12:21', '2023-02-20 00:12:21'),
	(334, 1, 'vi', 'core/acl/auth', 'login_via_social', 'Đăng nhập thông qua mạng xã hội', '2023-02-20 00:12:21', '2023-02-20 00:12:21'),
	(335, 1, 'vi', 'core/acl/auth', 'lost_your_password', 'Quên mật khẩu?', '2023-02-20 00:12:21', '2023-02-20 00:12:21'),
	(336, 1, 'vi', 'core/acl/auth', 'not_member', 'Chưa là thành viên?', '2023-02-20 00:12:21', '2023-02-20 00:12:21'),
	(337, 1, 'vi', 'core/acl/auth', 'register_now', 'Đăng ký ngay', '2023-02-20 00:12:21', '2023-02-20 00:12:21'),
	(338, 1, 'vi', 'core/acl/auth', 'languages', 'Ngôn ngữ', '2023-02-20 00:12:21', '2023-02-20 00:12:21'),
	(339, 1, 'vi', 'core/acl/auth', 'password_confirmation', 'Xác nhận mật khẩu', '2023-02-20 00:12:21', '2023-02-20 00:12:21'),
	(340, 1, 'vi', 'core/acl/auth', 'reset_password', 'Khôi phục mật khẩu', '2023-02-20 00:12:21', '2023-02-20 00:12:21'),
	(341, 1, 'vi', 'core/acl/auth', 'sign_in_below', 'Đăng nhập', '2023-02-20 00:12:21', '2023-02-20 00:12:21'),
	(342, 1, 'vi', 'core/acl/permissions', 'notices.role_in_use', 'Không thể xóa quyền người dùng này vì nó đang được sử dụng!', '2023-02-20 00:12:21', '2023-02-20 00:12:21'),
	(343, 1, 'vi', 'core/acl/permissions', 'notices.role_delete_belong_user', 'Không thể xóa quyền hạn này vì nó thuộc về người khác!', '2023-02-20 00:12:21', '2023-02-20 00:12:21'),
	(344, 1, 'vi', 'core/acl/permissions', 'notices.role_edit_belong_user', 'Bạn không được phép sửa quyền này vì nó thuộc về người khác', '2023-02-20 00:12:21', '2023-02-20 00:12:21'),
	(345, 1, 'vi', 'core/acl/permissions', 'notices.delete_global_role', 'Bạn không thể xóa quyền người dùng hệ thống!', '2023-02-20 00:12:21', '2023-02-20 00:12:21'),
	(346, 1, 'vi', 'core/acl/permissions', 'notices.delete_success', 'Quyền người dùng đã được xóa!', '2023-02-20 00:12:21', '2023-02-20 00:12:21'),
	(347, 1, 'vi', 'core/acl/permissions', 'notices.modified_success', 'Quyền người dùng đã được cập nhật thành công!', '2023-02-20 00:12:21', '2023-02-20 00:12:21'),
	(348, 1, 'vi', 'core/acl/permissions', 'notices.create_success', 'Quyền người dùng mới đã được tạo thành công!', '2023-02-20 00:12:21', '2023-02-20 00:12:21'),
	(349, 1, 'vi', 'core/acl/permissions', 'notices.duplicated_success', 'Quyền người dùng đã được sao chép thành công!', '2023-02-20 00:12:21', '2023-02-20 00:12:21'),
	(350, 1, 'vi', 'core/acl/permissions', 'notices.no_select', 'Hãy chọn ít nhất một quyền người dùng để thực hiện hành động này!', '2023-02-20 00:12:21', '2023-02-20 00:12:21'),
	(351, 1, 'vi', 'core/acl/permissions', 'notices.not_found', 'Không tìm thấy quyền người dùng này', '2023-02-20 00:12:21', '2023-02-20 00:12:21'),
	(352, 1, 'vi', 'core/acl/permissions', 'name', 'Tên', '2023-02-20 00:12:21', '2023-02-20 00:12:21'),
	(353, 1, 'vi', 'core/acl/permissions', 'current_role', 'Quyền hiện tại', '2023-02-20 00:12:21', '2023-02-20 00:12:21'),
	(354, 1, 'vi', 'core/acl/permissions', 'no_role_assigned', 'Không có quyền hạn nào', '2023-02-20 00:12:21', '2023-02-20 00:12:21'),
	(355, 1, 'vi', 'core/acl/permissions', 'role_assigned', 'Quyền đã được gán', '2023-02-20 00:12:21', '2023-02-20 00:12:21'),
	(356, 1, 'vi', 'core/acl/permissions', 'create_role', 'Tạo quyền mới', '2023-02-20 00:12:21', '2023-02-20 00:12:21'),
	(357, 1, 'vi', 'core/acl/permissions', 'role_name', 'Tên', '2023-02-20 00:12:21', '2023-02-20 00:12:21'),
	(358, 1, 'vi', 'core/acl/permissions', 'role_description', 'Mô tả', '2023-02-20 00:12:21', '2023-02-20 00:12:21'),
	(359, 1, 'vi', 'core/acl/permissions', 'permission_flags', 'Cờ đánh dấu quyền hạn', '2023-02-20 00:12:21', '2023-02-20 00:12:21'),
	(360, 1, 'vi', 'core/acl/permissions', 'cancel', 'Hủy bỏ', '2023-02-20 00:12:21', '2023-02-20 00:12:21'),
	(361, 1, 'vi', 'core/acl/permissions', 'reset', 'Làm lại', '2023-02-20 00:12:21', '2023-02-20 00:12:21'),
	(362, 1, 'vi', 'core/acl/permissions', 'save', 'Lưu', '2023-02-20 00:12:21', '2023-02-20 00:12:21'),
	(363, 1, 'vi', 'core/acl/permissions', 'global_role_msg', 'Đây là một phân quyền toàn cục và không thể thay đổi.  Bạn có thể sử dụng nút "Nhân bản" để tạo một bản sao chép cho phân quyền này và chỉnh sửa.', '2023-02-20 00:12:21', '2023-02-20 00:12:21'),
	(364, 1, 'vi', 'core/acl/permissions', 'details', 'Chi tiết', '2023-02-20 00:12:21', '2023-02-20 00:12:21'),
	(365, 1, 'vi', 'core/acl/permissions', 'duplicate', 'Nhân bản', '2023-02-20 00:12:21', '2023-02-20 00:12:21'),
	(366, 1, 'vi', 'core/acl/permissions', 'all', 'Tất cả phân quyền', '2023-02-20 00:12:21', '2023-02-20 00:12:21'),
	(367, 1, 'vi', 'core/acl/permissions', 'list_role', 'Danh sách quyền', '2023-02-20 00:12:21', '2023-02-20 00:12:21'),
	(368, 1, 'vi', 'core/acl/permissions', 'created_on', 'Ngày tạo', '2023-02-20 00:12:21', '2023-02-20 00:12:21'),
	(369, 1, 'vi', 'core/acl/permissions', 'created_by', 'Được tạo bởi', '2023-02-20 00:12:21', '2023-02-20 00:12:21'),
	(370, 1, 'vi', 'core/acl/permissions', 'actions', 'Tác vụ', '2023-02-20 00:12:21', '2023-02-20 00:12:21'),
	(371, 1, 'vi', 'core/acl/permissions', 'create_success', 'Tạo thành công!', '2023-02-20 00:12:21', '2023-02-20 00:12:21'),
	(372, 1, 'vi', 'core/acl/permissions', 'delete_global_role', 'Không thể xóa quyền hệ thống', '2023-02-20 00:12:21', '2023-02-20 00:12:21'),
	(373, 1, 'vi', 'core/acl/permissions', 'delete_success', 'Xóa quyền thành công', '2023-02-20 00:12:21', '2023-02-20 00:12:21'),
	(374, 1, 'vi', 'core/acl/permissions', 'duplicated_success', 'Nhân bản thành công', '2023-02-20 00:12:21', '2023-02-20 00:12:21'),
	(375, 1, 'vi', 'core/acl/permissions', 'modified_success', 'Sửa thành công', '2023-02-20 00:12:21', '2023-02-20 00:12:21'),
	(376, 1, 'vi', 'core/acl/permissions', 'no_select', 'Hãy chọn ít nhất một quyền để thực hiện hành động này!', '2023-02-20 00:12:21', '2023-02-20 00:12:21'),
	(377, 1, 'vi', 'core/acl/permissions', 'not_found', 'Không tìm thấy quyền thành viên nào!', '2023-02-20 00:12:21', '2023-02-20 00:12:21'),
	(378, 1, 'vi', 'core/acl/permissions', 'options', 'Tùy chọn', '2023-02-20 00:12:21', '2023-02-20 00:12:21'),
	(379, 1, 'vi', 'core/acl/permissions', 'role_delete_belong_user', 'Không thể xóa quyền hạn này vì nó thuộc về người khác!', '2023-02-20 00:12:21', '2023-02-20 00:12:21'),
	(380, 1, 'vi', 'core/acl/permissions', 'role_edit_belong_user', 'Bạn không được phép sửa quyền này vì nó thuộc về người khác', '2023-02-20 00:12:21', '2023-02-20 00:12:21'),
	(381, 1, 'vi', 'core/acl/permissions', 'role_in_use', 'Không thể xóa quyền người dùng này vì nó đang được sử dụng!', '2023-02-20 00:12:21', '2023-02-20 00:12:21'),
	(382, 1, 'vi', 'core/acl/permissions', 'access_denied_message', 'Bạn không có quyền sử dụng chức năng này!', '2023-02-20 00:12:21', '2023-02-20 00:12:21'),
	(383, 1, 'vi', 'core/acl/permissions', 'roles', 'Quyền', '2023-02-20 00:12:21', '2023-02-20 00:12:21'),
	(384, 1, 'vi', 'core/acl/permissions', 'role_permission', 'Nhóm và phân quyền', '2023-02-20 00:12:21', '2023-02-20 00:12:21'),
	(385, 1, 'vi', 'core/acl/permissions', 'user_management', 'Quản lý người dùng hệ thống', '2023-02-20 00:12:21', '2023-02-20 00:12:21'),
	(386, 1, 'vi', 'core/acl/permissions', 'super_user_management', 'Quản lý người dùng cấp cao', '2023-02-20 00:12:21', '2023-02-20 00:12:21'),
	(387, 1, 'vi', 'core/acl/permissions', 'action_unauthorized', 'Hành động này không được phép', '2023-02-20 00:12:21', '2023-02-20 00:12:21'),
	(388, 1, 'vi', 'core/acl/reminders', 'password', 'Mật khẩu phải ít nhất 6 kí tự và trùng khớp với mật khẩu xác nhận.', '2023-02-20 00:12:21', '2023-02-20 00:12:21'),
	(389, 1, 'vi', 'core/acl/reminders', 'user', 'Hệ thống không thể tìm thấy tài khoản với email này.', '2023-02-20 00:12:21', '2023-02-20 00:12:21'),
	(390, 1, 'vi', 'core/acl/reminders', 'token', 'Mã khôi phục mật khẩu này không hợp lệ.', '2023-02-20 00:12:21', '2023-02-20 00:12:21'),
	(391, 1, 'vi', 'core/acl/reminders', 'sent', 'Liên kết khôi phục mật khẩu đã được gửi!', '2023-02-20 00:12:21', '2023-02-20 00:12:21'),
	(392, 1, 'vi', 'core/acl/reminders', 'reset', 'Mật khẩu đã được thay đổi!', '2023-02-20 00:12:21', '2023-02-20 00:12:21'),
	(393, 1, 'vi', 'core/acl/users', 'delete_user_logged_in', 'Không thể xóa người dùng đang đăng nhập hệ thống!', '2023-02-20 00:12:21', '2023-02-20 00:12:21'),
	(394, 1, 'vi', 'core/acl/users', 'no_select', 'Hãy chọn ít nhất một trường để thực hiện hành động này!', '2023-02-20 00:12:21', '2023-02-20 00:12:21'),
	(395, 1, 'vi', 'core/acl/users', 'lock_user_logged_in', 'Không thể khóa người dùng đang đăng nhập hệ thống!', '2023-02-20 00:12:21', '2023-02-20 00:12:21'),
	(396, 1, 'vi', 'core/acl/users', 'update_success', 'Cập nhật trạng thái thành công!', '2023-02-20 00:12:21', '2023-02-20 00:12:21'),
	(397, 1, 'vi', 'core/acl/users', 'save_setting_failed', 'Có lỗi xảy ra trong quá trình lưu cài đặt của người dùng', '2023-02-20 00:12:21', '2023-02-20 00:12:21'),
	(398, 1, 'vi', 'core/acl/users', 'not_found', 'Không tìm thấy người dùng', '2023-02-20 00:12:21', '2023-02-20 00:12:21'),
	(399, 1, 'vi', 'core/acl/users', 'email_exist', 'Email này đã được sử dụng bởi người dùng khác trong hệ thống', '2023-02-20 00:12:21', '2023-02-20 00:12:21'),
	(400, 1, 'vi', 'core/acl/users', 'username_exist', 'Tên đăng nhập này đã được sử dụng bởi người dùng khác trong hệ thống', '2023-02-20 00:12:21', '2023-02-20 00:12:21'),
	(401, 1, 'vi', 'core/acl/users', 'update_profile_success', 'Thông tin tài khoản của bạn đã được cập nhật thành công', '2023-02-20 00:12:21', '2023-02-20 00:12:21'),
	(402, 1, 'vi', 'core/acl/users', 'password_update_success', 'Cập nhật mật khẩu thành công', '2023-02-20 00:12:21', '2023-02-20 00:12:21'),
	(403, 1, 'vi', 'core/acl/users', 'current_password_not_valid', 'Mật khẩu hiện tại không chính xác', '2023-02-20 00:12:21', '2023-02-20 00:12:21'),
	(404, 1, 'vi', 'core/acl/users', 'user_exist_in', 'Người dùng đã là thành viên', '2023-02-20 00:12:21', '2023-02-20 00:12:21'),
	(405, 1, 'vi', 'core/acl/users', 'email', 'Email', '2023-02-20 00:12:21', '2023-02-20 00:12:21'),
	(406, 1, 'vi', 'core/acl/users', 'username', 'Tên đăng nhập', '2023-02-20 00:12:21', '2023-02-20 00:12:21'),
	(407, 1, 'vi', 'core/acl/users', 'role', 'Phân quyền', '2023-02-20 00:12:21', '2023-02-20 00:12:21'),
	(408, 1, 'vi', 'core/acl/users', 'first_name', 'Họ', '2023-02-20 00:12:21', '2023-02-20 00:12:21'),
	(409, 1, 'vi', 'core/acl/users', 'last_name', 'Tên', '2023-02-20 00:12:21', '2023-02-20 00:12:21'),
	(410, 1, 'vi', 'core/acl/users', 'message', 'Thông điệp', '2023-02-20 00:12:21', '2023-02-20 00:12:21'),
	(411, 1, 'vi', 'core/acl/users', 'cancel_btn', 'Hủy bỏ', '2023-02-20 00:12:22', '2023-02-20 00:12:22'),
	(412, 1, 'vi', 'core/acl/users', 'password', 'Mật khẩu', '2023-02-20 00:12:22', '2023-02-20 00:12:22'),
	(413, 1, 'vi', 'core/acl/users', 'new_password', 'Mật khẩu mới', '2023-02-20 00:12:22', '2023-02-20 00:12:22'),
	(414, 1, 'vi', 'core/acl/users', 'save', 'Lưu', '2023-02-20 00:12:22', '2023-02-20 00:12:22'),
	(415, 1, 'vi', 'core/acl/users', 'confirm_new_password', 'Xác nhận mật khẩu mới', '2023-02-20 00:12:22', '2023-02-20 00:12:22'),
	(416, 1, 'vi', 'core/acl/users', 'deleted', 'Xóa thành viên thành công', '2023-02-20 00:12:22', '2023-02-20 00:12:22'),
	(417, 1, 'vi', 'core/acl/users', 'cannot_delete', 'Không thể xóa thành viên', '2023-02-20 00:12:22', '2023-02-20 00:12:22'),
	(418, 1, 'vi', 'core/acl/users', 'last_login', 'Lần cuối đăng nhập', '2023-02-20 00:12:22', '2023-02-20 00:12:22'),
	(419, 1, 'vi', 'core/acl/users', 'error_update_profile_image', 'Có lỗi trong quá trình đổi ảnh đại diện', '2023-02-20 00:12:22', '2023-02-20 00:12:22'),
	(420, 1, 'vi', 'core/acl/users', 'email_reminder_template', '<h3>Xin chào :name</h3><p>Hệ thống vừa nhận được yêu cầu khôi phục mật khẩu cho tài khoản của bạn, để hoàn tất tác vụ này vui lòng click vào đường link bên dưới.</p><p><a href=":link">Khôi phục mật khẩu</a></p><p>Nếu không phải bạn yêu cầu khôi phục mật khẩu, vui lòng bỏ qua email này.</p><p>Email này có giá trị trong vòng 60 phút kể từ lúc nhận được email.</p>', '2023-02-20 00:12:22', '2023-02-20 00:12:22'),
	(421, 1, 'vi', 'core/acl/users', 'change_profile_image', 'Thay đổi ảnh đại diện', '2023-02-20 00:12:22', '2023-02-20 00:12:22'),
	(422, 1, 'vi', 'core/acl/users', 'new_image', 'Ảnh mới', '2023-02-20 00:12:22', '2023-02-20 00:12:22'),
	(423, 1, 'vi', 'core/acl/users', 'loading', 'Đang tải', '2023-02-20 00:12:22', '2023-02-20 00:12:22'),
	(424, 1, 'vi', 'core/acl/users', 'close', 'Đóng', '2023-02-20 00:12:22', '2023-02-20 00:12:22'),
	(425, 1, 'vi', 'core/acl/users', 'update', 'Cập nhật', '2023-02-20 00:12:22', '2023-02-20 00:12:22'),
	(426, 1, 'vi', 'core/acl/users', 'read_image_failed', 'Không đọc được nội dung của hình ảnh', '2023-02-20 00:12:22', '2023-02-20 00:12:22'),
	(427, 1, 'vi', 'core/acl/users', 'update_avatar_success', 'Cập nhật ảnh đại diện thành công!', '2023-02-20 00:12:22', '2023-02-20 00:12:22'),
	(428, 1, 'vi', 'core/acl/users', 'users', 'Quản trị viên', '2023-02-20 00:12:22', '2023-02-20 00:12:22'),
	(429, 1, 'vi', 'core/acl/users', 'info.title', 'Thông tin người dùng', '2023-02-20 00:12:22', '2023-02-20 00:12:22'),
	(430, 1, 'vi', 'core/acl/users', 'info.first_name', 'Họ', '2023-02-20 00:12:22', '2023-02-20 00:12:22'),
	(431, 1, 'vi', 'core/acl/users', 'info.last_name', 'Tên', '2023-02-20 00:12:22', '2023-02-20 00:12:22'),
	(432, 1, 'vi', 'core/acl/users', 'statuses.activated', 'Đang hoạt động', '2023-02-20 00:12:22', '2023-02-20 00:12:22'),
	(433, 1, 'vi', 'core/acl/users', 'statuses.deactivated', 'Đã khoá', '2023-02-20 00:12:22', '2023-02-20 00:12:22'),
	(434, 1, 'vi', 'core/acl/users', 'change_password', 'Thay đổi mật khẩu', '2023-02-20 00:12:22', '2023-02-20 00:12:22'),
	(435, 1, 'vi', 'core/acl/users', 'current_password', 'Mật khẩu hiện tại', '2023-02-20 00:12:22', '2023-02-20 00:12:22'),
	(436, 1, 'vi', 'core/acl/users', 'make_super', 'Thiết lập quyền cao nhất', '2023-02-20 00:12:22', '2023-02-20 00:12:22'),
	(437, 1, 'vi', 'core/acl/users', 'remove_super', 'Loại bỏ quyền cao nhất', '2023-02-20 00:12:22', '2023-02-20 00:12:22'),
	(438, 1, 'vi', 'core/acl/users', 'is_super', 'Quyền cao nhất?', '2023-02-20 00:12:22', '2023-02-20 00:12:22'),
	(439, 1, 'vi', 'core/acl/users', 'email_placeholder', 'Ex: example@gmail.com', '2023-02-20 00:12:22', '2023-02-20 00:12:22'),
	(440, 1, 'vi', 'core/acl/users', 'password_confirmation', 'Nhập lại mật khẩu', '2023-02-20 00:12:22', '2023-02-20 00:12:22'),
	(441, 1, 'vi', 'core/acl/users', 'select_role', 'Chọn nhóm', '2023-02-20 00:12:22', '2023-02-20 00:12:22'),
	(442, 1, 'vi', 'core/acl/users', 'create_new_user', 'Tạo tài khoản quản trị viên mới', '2023-02-20 00:12:22', '2023-02-20 00:12:22'),
	(443, 1, 'vi', 'core/acl/users', 'cannot_delete_super_user', 'Vượt quyền hạn, không thể xoá quản trị viên cấp cao nhất!', '2023-02-20 00:12:22', '2023-02-20 00:12:22'),
	(444, 1, 'vi', 'core/acl/users', 'assigned_role', 'Cấp quyền', '2023-02-20 00:12:22', '2023-02-20 00:12:22'),
	(445, 1, 'vi', 'core/acl/users', 'total_users', 'Tổng số người dùng', '2023-02-20 00:12:22', '2023-02-20 00:12:22'),
	(446, 1, 'vi', 'core/acl/users', 'view_user_profile', 'Xem thông tin người dùng', '2023-02-20 00:12:22', '2023-02-20 00:12:22'),
	(447, 1, 'vi', 'core/acl/users', 'no_role_assigned', 'Chưa có quyền nào', '2023-02-20 00:12:22', '2023-02-20 00:12:22'),
	(448, 1, 'en', 'core/base/base', 'yes', 'Yes', '2023-02-20 00:12:22', '2023-02-20 00:12:22'),
	(449, 1, 'en', 'core/base/base', 'no', 'No', '2023-02-20 00:12:22', '2023-02-20 00:12:22'),
	(450, 1, 'en', 'core/base/base', 'is_default', 'Is default?', '2023-02-20 00:12:22', '2023-02-20 00:12:22'),
	(451, 1, 'en', 'core/base/base', 'proc_close_disabled_error', 'Function proc_close() is disabled. Please contact your hosting provider to enable\n    it. Or you can add to .env: CAN_EXECUTE_COMMAND=false to disable this feature.', '2023-02-20 00:12:22', '2023-02-20 00:12:22'),
	(452, 1, 'en', 'core/base/base', 'email_template.header', 'Email template header', '2023-02-20 00:12:22', '2023-02-20 00:12:22'),
	(453, 1, 'en', 'core/base/base', 'email_template.footer', 'Email template footer', '2023-02-20 00:12:22', '2023-02-20 00:12:22'),
	(454, 1, 'en', 'core/base/base', 'email_template.site_title', 'Site title', '2023-02-20 00:12:22', '2023-02-20 00:12:22'),
	(455, 1, 'en', 'core/base/base', 'email_template.site_url', 'Site URL', '2023-02-20 00:12:22', '2023-02-20 00:12:22'),
	(456, 1, 'en', 'core/base/base', 'email_template.site_logo', 'Site Logo', '2023-02-20 00:12:22', '2023-02-20 00:12:22'),
	(457, 1, 'en', 'core/base/base', 'email_template.date_time', 'Current date time', '2023-02-20 00:12:22', '2023-02-20 00:12:22'),
	(458, 1, 'en', 'core/base/base', 'email_template.date_year', 'Current year', '2023-02-20 00:12:22', '2023-02-20 00:12:22'),
	(459, 1, 'en', 'core/base/base', 'email_template.site_admin_email', 'Site admin email', '2023-02-20 00:12:22', '2023-02-20 00:12:22'),
	(460, 1, 'en', 'core/base/base', 'change_image', 'Change image', '2023-02-20 00:12:22', '2023-02-20 00:12:22'),
	(461, 1, 'en', 'core/base/base', 'delete_image', 'Delete image', '2023-02-20 00:12:22', '2023-02-20 00:12:22'),
	(462, 1, 'en', 'core/base/base', 'preview_image', 'Preview image', '2023-02-20 00:12:22', '2023-02-20 00:12:22'),
	(463, 1, 'en', 'core/base/base', 'image', 'Image', '2023-02-20 00:12:22', '2023-02-20 00:12:22'),
	(464, 1, 'en', 'core/base/base', 'using_button', 'Using button', '2023-02-20 00:12:22', '2023-02-20 00:12:22'),
	(465, 1, 'en', 'core/base/base', 'select_image', 'Select image', '2023-02-20 00:12:22', '2023-02-20 00:12:22'),
	(466, 1, 'en', 'core/base/base', 'to_add_more_image', 'to add more images', '2023-02-20 00:12:22', '2023-02-20 00:12:22'),
	(467, 1, 'en', 'core/base/base', 'add_image', 'Add image', '2023-02-20 00:12:22', '2023-02-20 00:12:22'),
	(468, 1, 'en', 'core/base/base', 'tools', 'Tools', '2023-02-20 00:12:22', '2023-02-20 00:12:22'),
	(469, 1, 'en', 'core/base/cache', 'cache_management', 'Cache management', '2023-02-20 00:12:22', '2023-02-20 00:12:22'),
	(470, 1, 'en', 'core/base/cache', 'cache_commands', 'Clear cache commands', '2023-02-20 00:12:22', '2023-02-20 00:12:22'),
	(471, 1, 'en', 'core/base/cache', 'commands.clear_cms_cache.title', 'Clear all CMS cache', '2023-02-20 00:12:22', '2023-02-20 00:12:22'),
	(472, 1, 'en', 'core/base/cache', 'commands.clear_cms_cache.description', 'Clear CMS caching: database caching, static blocks... Run this command when you don\'t see the changes after updating data.', '2023-02-20 00:12:22', '2023-02-20 00:12:22'),
	(473, 1, 'en', 'core/base/cache', 'commands.clear_cms_cache.success_msg', 'Cache cleaned', '2023-02-20 00:12:22', '2023-02-20 00:12:22'),
	(474, 1, 'en', 'core/base/cache', 'commands.refresh_compiled_views.title', 'Refresh compiled views', '2023-02-20 00:12:22', '2023-02-20 00:12:22'),
	(475, 1, 'en', 'core/base/cache', 'commands.refresh_compiled_views.description', 'Clear compiled views to make views up to date.', '2023-02-20 00:12:22', '2023-02-20 00:12:22'),
	(476, 1, 'en', 'core/base/cache', 'commands.refresh_compiled_views.success_msg', 'Cache view refreshed', '2023-02-20 00:12:22', '2023-02-20 00:12:22'),
	(477, 1, 'en', 'core/base/cache', 'commands.clear_config_cache.title', 'Clear config cache', '2023-02-20 00:12:22', '2023-02-20 00:12:22'),
	(478, 1, 'en', 'core/base/cache', 'commands.clear_config_cache.description', 'You might need to refresh the config caching when you change something on production environment.', '2023-02-20 00:12:22', '2023-02-20 00:12:22'),
	(479, 1, 'en', 'core/base/cache', 'commands.clear_config_cache.success_msg', 'Config cache cleaned', '2023-02-20 00:12:22', '2023-02-20 00:12:22'),
	(480, 1, 'en', 'core/base/cache', 'commands.clear_route_cache.title', 'Clear route cache', '2023-02-20 00:12:22', '2023-02-20 00:12:22'),
	(481, 1, 'en', 'core/base/cache', 'commands.clear_route_cache.description', 'Clear cache routing.', '2023-02-20 00:12:22', '2023-02-20 00:12:22'),
	(482, 1, 'en', 'core/base/cache', 'commands.clear_route_cache.success_msg', 'The route cache has been cleaned', '2023-02-20 00:12:22', '2023-02-20 00:12:22'),
	(483, 1, 'en', 'core/base/cache', 'commands.clear_log.title', 'Clear log', '2023-02-20 00:12:22', '2023-02-20 00:12:22'),
	(484, 1, 'en', 'core/base/cache', 'commands.clear_log.description', 'Clear system log files', '2023-02-20 00:12:22', '2023-02-20 00:12:22'),
	(485, 1, 'en', 'core/base/cache', 'commands.clear_log.success_msg', 'The system log has been cleaned', '2023-02-20 00:12:22', '2023-02-20 00:12:22'),
	(486, 1, 'en', 'core/base/enums', 'statuses.draft', 'Draft', '2023-02-20 00:12:22', '2023-02-20 00:12:22'),
	(487, 1, 'en', 'core/base/enums', 'statuses.pending', 'Pending', '2023-02-20 00:12:22', '2023-02-20 00:12:22'),
	(488, 1, 'en', 'core/base/enums', 'statuses.published', 'Published', '2023-02-20 00:12:22', '2023-02-20 00:12:22'),
	(489, 1, 'en', 'core/base/errors', '401_title', 'Permission Denied', '2023-02-20 00:12:22', '2023-02-20 00:12:22'),
	(490, 1, 'en', 'core/base/errors', '401_msg', '<li>You have not been granted access to the section by the administrator.</li>\n	                <li>You may have the wrong account type.</li>\n	                <li>You are not authorized to view the requested resource.</li>\n	                <li>Your subscription may have expired.</li>', '2023-02-20 00:12:22', '2023-02-20 00:12:22'),
	(491, 1, 'en', 'core/base/errors', '404_title', 'Page could not be found', '2023-02-20 00:12:22', '2023-02-20 00:12:22'),
	(492, 1, 'en', 'core/base/errors', '404_msg', '<li>The page you requested does not exist.</li>\n	                <li>The link you clicked is no longer.</li>\n	                <li>The page may have moved to a new location.</li>\n	                <li>An error may have occurred.</li>\n	                <li>You are not authorized to view the requested resource.</li>', '2023-02-20 00:12:22', '2023-02-20 00:12:22'),
	(493, 1, 'en', 'core/base/errors', '500_title', 'Page could not be loaded', '2023-02-20 00:12:22', '2023-02-20 00:12:22'),
	(494, 1, 'en', 'core/base/errors', '500_msg', '<li>The page you requested does not exist.</li>\n	                <li>The link you clicked is no longer.</li>\n	                <li>The page may have moved to a new location.</li>\n	                <li>An error may have occurred.</li>\n	                <li>You are not authorized to view the requested resource.</li>', '2023-02-20 00:12:22', '2023-02-20 00:12:22'),
	(495, 1, 'en', 'core/base/errors', 'reasons', 'This may have occurred because of several reasons', '2023-02-20 00:12:22', '2023-02-20 00:12:22'),
	(496, 1, 'en', 'core/base/errors', 'try_again', 'Please try again in a few minutes, or alternatively return to the homepage by <a href="https://wowy.test/admin">clicking here</a>.', '2023-02-20 00:12:22', '2023-02-20 00:12:22'),
	(497, 1, 'en', 'core/base/errors', 'not_found', 'Not Found', '2023-02-20 00:12:22', '2023-02-20 00:12:22'),
	(498, 1, 'en', 'core/base/forms', 'choose_image', 'Choose image', '2023-02-20 00:12:22', '2023-02-20 00:12:22'),
	(499, 1, 'en', 'core/base/forms', 'actions', 'Actions', '2023-02-20 00:12:22', '2023-02-20 00:12:22'),
	(500, 1, 'en', 'core/base/forms', 'save', 'Save', '2023-02-20 00:12:22', '2023-02-20 00:12:22'),
	(501, 1, 'en', 'core/base/forms', 'save_and_continue', 'Save & Edit', '2023-02-20 00:12:22', '2023-02-20 00:12:22'),
	(502, 1, 'en', 'core/base/forms', 'image', 'Image', '2023-02-20 00:12:22', '2023-02-20 00:12:22'),
	(503, 1, 'en', 'core/base/forms', 'image_placeholder', 'Insert path of image or click upload button', '2023-02-20 00:12:22', '2023-02-20 00:12:22'),
	(504, 1, 'en', 'core/base/forms', 'create', 'Create', '2023-02-20 00:12:22', '2023-02-20 00:12:22'),
	(505, 1, 'en', 'core/base/forms', 'edit', 'Edit', '2023-02-20 00:12:22', '2023-02-20 00:12:22'),
	(506, 1, 'en', 'core/base/forms', 'permalink', 'Permalink', '2023-02-20 00:12:22', '2023-02-20 00:12:22'),
	(507, 1, 'en', 'core/base/forms', 'ok', 'OK', '2023-02-20 00:12:22', '2023-02-20 00:12:22'),
	(508, 1, 'en', 'core/base/forms', 'cancel', 'Cancel', '2023-02-20 00:12:22', '2023-02-20 00:12:22'),
	(509, 1, 'en', 'core/base/forms', 'character_remain', 'character(s) remain', '2023-02-20 00:12:22', '2023-02-20 00:12:22'),
	(510, 1, 'en', 'core/base/forms', 'template', 'Template', '2023-02-20 00:12:22', '2023-02-20 00:12:22'),
	(511, 1, 'en', 'core/base/forms', 'choose_file', 'Choose file', '2023-02-20 00:12:22', '2023-02-20 00:12:22'),
	(512, 1, 'en', 'core/base/forms', 'file', 'File', '2023-02-20 00:12:22', '2023-02-20 00:12:22'),
	(513, 1, 'en', 'core/base/forms', 'content', 'Content', '2023-02-20 00:12:22', '2023-02-20 00:12:22'),
	(514, 1, 'en', 'core/base/forms', 'description', 'Description', '2023-02-20 00:12:22', '2023-02-20 00:12:22'),
	(515, 1, 'en', 'core/base/forms', 'name', 'Name', '2023-02-20 00:12:22', '2023-02-20 00:12:22'),
	(516, 1, 'en', 'core/base/forms', 'slug', 'Slug', '2023-02-20 00:12:22', '2023-02-20 00:12:22'),
	(517, 1, 'en', 'core/base/forms', 'title', 'Title', '2023-02-20 00:12:22', '2023-02-20 00:12:22'),
	(518, 1, 'en', 'core/base/forms', 'value', 'Value', '2023-02-20 00:12:22', '2023-02-20 00:12:22'),
	(519, 1, 'en', 'core/base/forms', 'name_placeholder', 'Name', '2023-02-20 00:12:22', '2023-02-20 00:12:22'),
	(520, 1, 'en', 'core/base/forms', 'alias_placeholder', 'Alias', '2023-02-20 00:12:22', '2023-02-20 00:12:22'),
	(521, 1, 'en', 'core/base/forms', 'description_placeholder', 'Short description', '2023-02-20 00:12:22', '2023-02-20 00:12:22'),
	(522, 1, 'en', 'core/base/forms', 'parent', 'Parent', '2023-02-20 00:12:22', '2023-02-20 00:12:22'),
	(523, 1, 'en', 'core/base/forms', 'icon', 'Icon', '2023-02-20 00:12:22', '2023-02-20 00:12:22'),
	(524, 1, 'en', 'core/base/forms', 'icon_placeholder', 'Ex: fa fa-home', '2023-02-20 00:12:22', '2023-02-20 00:12:22'),
	(525, 1, 'en', 'core/base/forms', 'order_by', 'Order by', '2023-02-20 00:12:22', '2023-02-20 00:12:22'),
	(526, 1, 'en', 'core/base/forms', 'order_by_placeholder', 'Order by', '2023-02-20 00:12:22', '2023-02-20 00:12:22'),
	(527, 1, 'en', 'core/base/forms', 'is_featured', 'Is featured?', '2023-02-20 00:12:22', '2023-02-20 00:12:22'),
	(528, 1, 'en', 'core/base/forms', 'is_default', 'Is default?', '2023-02-20 00:12:22', '2023-02-20 00:12:22'),
	(529, 1, 'en', 'core/base/forms', 'update', 'Update', '2023-02-20 00:12:22', '2023-02-20 00:12:22'),
	(530, 1, 'en', 'core/base/forms', 'publish', 'Publish', '2023-02-20 00:12:22', '2023-02-20 00:12:22'),
	(531, 1, 'en', 'core/base/forms', 'remove_image', 'Remove image', '2023-02-20 00:12:22', '2023-02-20 00:12:22'),
	(532, 1, 'en', 'core/base/forms', 'remove_file', 'Remove file', '2023-02-20 00:12:22', '2023-02-20 00:12:22'),
	(533, 1, 'en', 'core/base/forms', 'order', 'Order', '2023-02-20 00:12:22', '2023-02-20 00:12:22'),
	(534, 1, 'en', 'core/base/forms', 'alias', 'Alias', '2023-02-20 00:12:22', '2023-02-20 00:12:22'),
	(535, 1, 'en', 'core/base/forms', 'basic_information', 'Basic information', '2023-02-20 00:12:22', '2023-02-20 00:12:22'),
	(536, 1, 'en', 'core/base/forms', 'short_code', 'Shortcode', '2023-02-20 00:12:22', '2023-02-20 00:12:22'),
	(537, 1, 'en', 'core/base/forms', 'add_short_code', 'Add a shortcode', '2023-02-20 00:12:22', '2023-02-20 00:12:22'),
	(538, 1, 'en', 'core/base/forms', 'add', 'Add', '2023-02-20 00:12:22', '2023-02-20 00:12:22'),
	(539, 1, 'en', 'core/base/forms', 'link', 'Link', '2023-02-20 00:12:22', '2023-02-20 00:12:22'),
	(540, 1, 'en', 'core/base/forms', 'show_hide_editor', 'Show/Hide Editor', '2023-02-20 00:12:22', '2023-02-20 00:12:22'),
	(541, 1, 'en', 'core/base/forms', 'basic_info_title', 'Basic information', '2023-02-20 00:12:22', '2023-02-20 00:12:22'),
	(542, 1, 'en', 'core/base/forms', 'expand_all', 'Expand all', '2023-02-20 00:12:22', '2023-02-20 00:12:22'),
	(543, 1, 'en', 'core/base/forms', 'collapse_all', 'Collapse all', '2023-02-20 00:12:22', '2023-02-20 00:12:22'),
	(544, 1, 'en', 'core/base/forms', 'view_new_tab', 'Open in new tab', '2023-02-20 00:12:22', '2023-02-20 00:12:22'),
	(545, 1, 'en', 'core/base/forms', 'view_preview_image', 'View preview image', '2023-02-20 00:12:22', '2023-02-20 00:12:22'),
	(546, 1, 'en', 'core/base/layouts', 'platform_admin', 'Platform Administration', '2023-02-20 00:12:22', '2023-02-20 00:12:22'),
	(547, 1, 'en', 'core/base/layouts', 'dashboard', 'Dashboard', '2023-02-20 00:12:22', '2023-02-20 00:12:22'),
	(548, 1, 'en', 'core/base/layouts', 'widgets', 'Widgets', '2023-02-20 00:12:22', '2023-02-20 00:12:22'),
	(549, 1, 'en', 'core/base/layouts', 'plugins', 'Plugins', '2023-02-20 00:12:22', '2023-02-20 00:12:22'),
	(550, 1, 'en', 'core/base/layouts', 'settings', 'Settings', '2023-02-20 00:12:22', '2023-02-20 00:12:22'),
	(551, 1, 'en', 'core/base/layouts', 'setting_general', 'General', '2023-02-20 00:12:22', '2023-02-20 00:12:22'),
	(552, 1, 'en', 'core/base/layouts', 'setting_email', 'Email', '2023-02-20 00:12:22', '2023-02-20 00:12:22'),
	(553, 1, 'en', 'core/base/layouts', 'system_information', 'System information', '2023-02-20 00:12:22', '2023-02-20 00:12:22'),
	(554, 1, 'en', 'core/base/layouts', 'theme', 'Theme', '2023-02-20 00:12:22', '2023-02-20 00:12:22'),
	(555, 1, 'en', 'core/base/layouts', 'copyright', 'Copyright :year &copy; :company. Version: <span>:version</span>', '2023-02-20 00:12:22', '2023-02-20 00:12:22'),
	(556, 1, 'en', 'core/base/layouts', 'profile', 'Profile', '2023-02-20 00:12:22', '2023-02-20 00:12:22'),
	(557, 1, 'en', 'core/base/layouts', 'logout', 'Logout', '2023-02-20 00:12:22', '2023-02-20 00:12:22'),
	(558, 1, 'en', 'core/base/layouts', 'no_search_result', 'No results found, please try with different keywords.', '2023-02-20 00:12:22', '2023-02-20 00:12:22'),
	(559, 1, 'en', 'core/base/layouts', 'home', 'Home', '2023-02-20 00:12:22', '2023-02-20 00:12:22'),
	(560, 1, 'en', 'core/base/layouts', 'search', 'Search', '2023-02-20 00:12:22', '2023-02-20 00:12:22'),
	(561, 1, 'en', 'core/base/layouts', 'add_new', 'Add new', '2023-02-20 00:12:22', '2023-02-20 00:12:22'),
	(562, 1, 'en', 'core/base/layouts', 'n_a', 'N/A', '2023-02-20 00:12:22', '2023-02-20 00:12:22'),
	(563, 1, 'en', 'core/base/layouts', 'page_loaded_time', 'Page loaded in', '2023-02-20 00:12:22', '2023-02-20 00:12:22'),
	(564, 1, 'en', 'core/base/layouts', 'view_website', 'View website', '2023-02-20 00:12:22', '2023-02-20 00:12:22'),
	(565, 1, 'en', 'core/base/mail', 'send-fail', 'Send email failed', '2023-02-20 00:12:22', '2023-02-20 00:12:22'),
	(566, 1, 'en', 'core/base/notices', 'create_success_message', 'Created successfully', '2023-02-20 00:12:22', '2023-02-20 00:12:22'),
	(567, 1, 'en', 'core/base/notices', 'update_success_message', 'Updated successfully', '2023-02-20 00:12:22', '2023-02-20 00:12:22'),
	(568, 1, 'en', 'core/base/notices', 'delete_success_message', 'Deleted successfully', '2023-02-20 00:12:22', '2023-02-20 00:12:22'),
	(569, 1, 'en', 'core/base/notices', 'success_header', 'Success!', '2023-02-20 00:12:22', '2023-02-20 00:12:22'),
	(570, 1, 'en', 'core/base/notices', 'error_header', 'Error!', '2023-02-20 00:12:22', '2023-02-20 00:12:22'),
	(571, 1, 'en', 'core/base/notices', 'no_select', 'Please select at least one record to perform this action!', '2023-02-20 00:12:22', '2023-02-20 00:12:22'),
	(572, 1, 'en', 'core/base/notices', 'processing_request', 'We are processing your request.', '2023-02-20 00:12:22', '2023-02-20 00:12:22'),
	(573, 1, 'en', 'core/base/notices', 'error', 'Error!', '2023-02-20 00:12:22', '2023-02-20 00:12:22'),
	(574, 1, 'en', 'core/base/notices', 'success', 'Success!', '2023-02-20 00:12:22', '2023-02-20 00:12:22'),
	(575, 1, 'en', 'core/base/notices', 'info', 'Info!', '2023-02-20 00:12:22', '2023-02-20 00:12:22'),
	(576, 1, 'en', 'core/base/notices', 'enum.validate_message', 'The :attribute value you have entered is invalid.', '2023-02-20 00:12:22', '2023-02-20 00:12:22'),
	(577, 1, 'en', 'core/base/system', 'no_select', 'Please select at least one record to take this action!', '2023-02-20 00:12:22', '2023-02-20 00:12:22'),
	(578, 1, 'en', 'core/base/system', 'cannot_find_user', 'Unable to find specified user', '2023-02-20 00:12:22', '2023-02-20 00:12:22'),
	(579, 1, 'en', 'core/base/system', 'supper_revoked', 'Super user access revoked', '2023-02-20 00:12:22', '2023-02-20 00:12:22'),
	(580, 1, 'en', 'core/base/system', 'cannot_revoke_yourself', 'Can not revoke supper user access permission yourself!', '2023-02-20 00:12:22', '2023-02-20 00:12:22'),
	(581, 1, 'en', 'core/base/system', 'cant_remove_supper', 'You don\'t has permission to remove this super user', '2023-02-20 00:12:22', '2023-02-20 00:12:22'),
	(582, 1, 'en', 'core/base/system', 'cant_find_user_with_email', 'Unable to find user with specified email address', '2023-02-20 00:12:22', '2023-02-20 00:12:22'),
	(583, 1, 'en', 'core/base/system', 'supper_granted', 'Super user access granted', '2023-02-20 00:12:22', '2023-02-20 00:12:22'),
	(584, 1, 'en', 'core/base/system', 'delete_log_success', 'Delete log file successfully!', '2023-02-20 00:12:22', '2023-02-20 00:12:22'),
	(585, 1, 'en', 'core/base/system', 'get_member_success', 'Member list retrieved successfully', '2023-02-20 00:12:22', '2023-02-20 00:12:22'),
	(586, 1, 'en', 'core/base/system', 'error_occur', 'The following errors occurred', '2023-02-20 00:12:22', '2023-02-20 00:12:22'),
	(587, 1, 'en', 'core/base/system', 'user_management', 'User Management', '2023-02-20 00:12:22', '2023-02-20 00:12:22'),
	(588, 1, 'en', 'core/base/system', 'user_management_description', 'Manage users.', '2023-02-20 00:12:22', '2023-02-20 00:12:22'),
	(589, 1, 'en', 'core/base/system', 'role_and_permission', 'Roles and Permissions', '2023-02-20 00:12:22', '2023-02-20 00:12:22'),
	(590, 1, 'en', 'core/base/system', 'role_and_permission_description', 'Manage the available roles.', '2023-02-20 00:12:22', '2023-02-20 00:12:22'),
	(591, 1, 'en', 'core/base/system', 'user.list_super', 'List Super Users', '2023-02-20 00:12:22', '2023-02-20 00:12:22'),
	(592, 1, 'en', 'core/base/system', 'user.email', 'Email', '2023-02-20 00:12:22', '2023-02-20 00:12:22'),
	(593, 1, 'en', 'core/base/system', 'user.last_login', 'Last Login', '2023-02-20 00:12:22', '2023-02-20 00:12:22'),
	(594, 1, 'en', 'core/base/system', 'user.username', 'Username', '2023-02-20 00:12:22', '2023-02-20 00:12:22'),
	(595, 1, 'en', 'core/base/system', 'user.add_user', 'Add Super User', '2023-02-20 00:12:22', '2023-02-20 00:12:22'),
	(596, 1, 'en', 'core/base/system', 'user.cancel', 'Cancel', '2023-02-20 00:12:22', '2023-02-20 00:12:22'),
	(597, 1, 'en', 'core/base/system', 'user.create', 'Create', '2023-02-20 00:12:22', '2023-02-20 00:12:22'),
	(598, 1, 'en', 'core/base/system', 'options.features', 'Feature Access Control', '2023-02-20 00:12:22', '2023-02-20 00:12:22'),
	(599, 1, 'en', 'core/base/system', 'options.feature_description', 'Manage the available.', '2023-02-20 00:12:22', '2023-02-20 00:12:22'),
	(600, 1, 'en', 'core/base/system', 'options.manage_super', 'Super User Management', '2023-02-20 00:12:22', '2023-02-20 00:12:22'),
	(601, 1, 'en', 'core/base/system', 'options.manage_super_description', 'Add/remove super users.', '2023-02-20 00:12:22', '2023-02-20 00:12:22'),
	(602, 1, 'en', 'core/base/system', 'options.info', 'System information', '2023-02-20 00:12:22', '2023-02-20 00:12:22'),
	(603, 1, 'en', 'core/base/system', 'options.info_description', 'All information about current system configuration.', '2023-02-20 00:12:22', '2023-02-20 00:12:22'),
	(604, 1, 'en', 'core/base/system', 'info.title', 'System information', '2023-02-20 00:12:22', '2023-02-20 00:12:22'),
	(605, 1, 'en', 'core/base/system', 'info.cache', 'Cache', '2023-02-20 00:12:22', '2023-02-20 00:12:22'),
	(606, 1, 'en', 'core/base/system', 'info.locale', 'Active locale', '2023-02-20 00:12:22', '2023-02-20 00:12:22'),
	(607, 1, 'en', 'core/base/system', 'info.environment', 'Environment', '2023-02-20 00:12:22', '2023-02-20 00:12:22'),
	(608, 1, 'en', 'core/base/system', 'disabled_in_demo_mode', 'You cannot do it in demo mode!', '2023-02-20 00:12:22', '2023-02-20 00:12:22'),
	(609, 1, 'en', 'core/base/system', 'report_description', 'Please share this information for troubleshooting', '2023-02-20 00:12:22', '2023-02-20 00:12:22'),
	(610, 1, 'en', 'core/base/system', 'get_system_report', 'Get System Report', '2023-02-20 00:12:22', '2023-02-20 00:12:22'),
	(611, 1, 'en', 'core/base/system', 'system_environment', 'System Environment', '2023-02-20 00:12:22', '2023-02-20 00:12:22'),
	(612, 1, 'en', 'core/base/system', 'framework_version', 'Framework Version', '2023-02-20 00:12:22', '2023-02-20 00:12:22'),
	(613, 1, 'en', 'core/base/system', 'timezone', 'Timezone', '2023-02-20 00:12:22', '2023-02-20 00:12:22'),
	(614, 1, 'en', 'core/base/system', 'debug_mode', 'Debug Mode', '2023-02-20 00:12:22', '2023-02-20 00:12:22'),
	(615, 1, 'en', 'core/base/system', 'storage_dir_writable', 'Storage Dir Writable', '2023-02-20 00:12:22', '2023-02-20 00:12:22'),
	(616, 1, 'en', 'core/base/system', 'cache_dir_writable', 'Cache Dir Writable', '2023-02-20 00:12:22', '2023-02-20 00:12:22'),
	(617, 1, 'en', 'core/base/system', 'app_size', 'App Size', '2023-02-20 00:12:22', '2023-02-20 00:12:22'),
	(618, 1, 'en', 'core/base/system', 'server_environment', 'Server Environment', '2023-02-20 00:12:22', '2023-02-20 00:12:22'),
	(619, 1, 'en', 'core/base/system', 'php_version', 'PHP Version', '2023-02-20 00:12:22', '2023-02-20 00:12:22'),
	(620, 1, 'en', 'core/base/system', 'php_version_error', 'PHP must be >= :version', '2023-02-20 00:12:22', '2023-02-20 00:12:22'),
	(621, 1, 'en', 'core/base/system', 'server_software', 'Server Software', '2023-02-20 00:12:22', '2023-02-20 00:12:22'),
	(622, 1, 'en', 'core/base/system', 'server_os', 'Server OS', '2023-02-20 00:12:22', '2023-02-20 00:12:22'),
	(623, 1, 'en', 'core/base/system', 'database', 'Database', '2023-02-20 00:12:22', '2023-02-20 00:12:22'),
	(624, 1, 'en', 'core/base/system', 'ssl_installed', 'SSL Installed', '2023-02-20 00:12:22', '2023-02-20 00:12:22'),
	(625, 1, 'en', 'core/base/system', 'cache_driver', 'Cache Driver', '2023-02-20 00:12:22', '2023-02-20 00:12:22'),
	(626, 1, 'en', 'core/base/system', 'session_driver', 'Session Driver', '2023-02-20 00:12:22', '2023-02-20 00:12:22'),
	(627, 1, 'en', 'core/base/system', 'queue_connection', 'Queue Connection', '2023-02-20 00:12:22', '2023-02-20 00:12:22'),
	(628, 1, 'en', 'core/base/system', 'mbstring_ext', 'Mbstring Ext', '2023-02-20 00:12:22', '2023-02-20 00:12:22'),
	(629, 1, 'en', 'core/base/system', 'openssl_ext', 'OpenSSL Ext', '2023-02-20 00:12:22', '2023-02-20 00:12:22'),
	(630, 1, 'en', 'core/base/system', 'pdo_ext', 'PDO Ext', '2023-02-20 00:12:22', '2023-02-20 00:12:22'),
	(631, 1, 'en', 'core/base/system', 'curl_ext', 'CURL Ext', '2023-02-20 00:12:22', '2023-02-20 00:12:22'),
	(632, 1, 'en', 'core/base/system', 'exif_ext', 'Exif Ext', '2023-02-20 00:12:22', '2023-02-20 00:12:22'),
	(633, 1, 'en', 'core/base/system', 'file_info_ext', 'File info Ext', '2023-02-20 00:12:22', '2023-02-20 00:12:22'),
	(634, 1, 'en', 'core/base/system', 'tokenizer_ext', 'Tokenizer Ext', '2023-02-20 00:12:22', '2023-02-20 00:12:22'),
	(635, 1, 'en', 'core/base/system', 'extra_stats', 'Extra Stats', '2023-02-20 00:12:22', '2023-02-20 00:12:22'),
	(636, 1, 'en', 'core/base/system', 'installed_packages', 'Installed packages and their version numbers', '2023-02-20 00:12:22', '2023-02-20 00:12:22'),
	(637, 1, 'en', 'core/base/system', 'extra_information', 'Extra Information', '2023-02-20 00:12:22', '2023-02-20 00:12:22'),
	(638, 1, 'en', 'core/base/system', 'copy_report', 'Copy Report', '2023-02-20 00:12:22', '2023-02-20 00:12:22'),
	(639, 1, 'en', 'core/base/system', 'package_name', 'Package Name', '2023-02-20 00:12:22', '2023-02-20 00:12:22'),
	(640, 1, 'en', 'core/base/system', 'dependency_name', 'Dependency Name', '2023-02-20 00:12:22', '2023-02-20 00:12:22'),
	(641, 1, 'en', 'core/base/system', 'version', 'Version', '2023-02-20 00:12:22', '2023-02-20 00:12:22'),
	(642, 1, 'en', 'core/base/system', 'cms_version', 'CMS Version', '2023-02-20 00:12:22', '2023-02-20 00:12:22'),
	(643, 1, 'en', 'core/base/system', 'imagick_or_gd_ext', 'Imagick/GD Ext', '2023-02-20 00:12:22', '2023-02-20 00:12:22'),
	(644, 1, 'en', 'core/base/system', 'updater', 'System Updater', '2023-02-20 00:12:22', '2023-02-20 00:12:22'),
	(645, 1, 'en', 'core/base/system', 'zip', 'Zip Ext', '2023-02-20 00:12:22', '2023-02-20 00:12:22'),
	(646, 1, 'en', 'core/base/system', 'memory_limit', 'Memory limit', '2023-02-20 00:12:22', '2023-02-20 00:12:22'),
	(647, 1, 'en', 'core/base/system', 'max_execution_time', 'Max execution time (s)', '2023-02-20 00:12:22', '2023-02-20 00:12:22'),
	(648, 1, 'en', 'core/base/system', 'php_version_warning', 'You are using an out of date PHP version (:version). Please upgrade PHP version on your server to >= 8.0.2 for better security and performance!', '2023-02-20 00:12:22', '2023-02-20 00:12:22'),
	(649, 1, 'en', 'core/base/system', 'upgrade_php_version_required', 'You are using an unsupported PHP version (:version). You need to upgrade PHP version on your server to greater than or equal to 8.0.2 before upgrading to this version!', '2023-02-20 00:12:22', '2023-02-20 00:12:22'),
	(650, 1, 'en', 'core/base/tables', 'id', 'ID', '2023-02-20 00:12:22', '2023-02-20 00:12:22'),
	(651, 1, 'en', 'core/base/tables', 'name', 'Name', '2023-02-20 00:12:22', '2023-02-20 00:12:22'),
	(652, 1, 'en', 'core/base/tables', 'slug', 'Slug', '2023-02-20 00:12:22', '2023-02-20 00:12:22'),
	(653, 1, 'en', 'core/base/tables', 'title', 'Title', '2023-02-20 00:12:22', '2023-02-20 00:12:22'),
	(654, 1, 'en', 'core/base/tables', 'order_by', 'Order By', '2023-02-20 00:12:22', '2023-02-20 00:12:22'),
	(655, 1, 'en', 'core/base/tables', 'order', 'Order', '2023-02-20 00:12:22', '2023-02-20 00:12:22'),
	(656, 1, 'en', 'core/base/tables', 'status', 'Status', '2023-02-20 00:12:22', '2023-02-20 00:12:22'),
	(657, 1, 'en', 'core/base/tables', 'created_at', 'Created At', '2023-02-20 00:12:22', '2023-02-20 00:12:22'),
	(658, 1, 'en', 'core/base/tables', 'updated_at', 'Updated At', '2023-02-20 00:12:22', '2023-02-20 00:12:22'),
	(659, 1, 'en', 'core/base/tables', 'description', 'Description', '2023-02-20 00:12:22', '2023-02-20 00:12:22'),
	(660, 1, 'en', 'core/base/tables', 'operations', 'Operations', '2023-02-20 00:12:22', '2023-02-20 00:12:22'),
	(661, 1, 'en', 'core/base/tables', 'url', 'URL', '2023-02-20 00:12:22', '2023-02-20 00:12:22'),
	(662, 1, 'en', 'core/base/tables', 'author', 'Author', '2023-02-20 00:12:22', '2023-02-20 00:12:22'),
	(663, 1, 'en', 'core/base/tables', 'notes', 'Notes', '2023-02-20 00:12:22', '2023-02-20 00:12:22'),
	(664, 1, 'en', 'core/base/tables', 'column', 'Column', '2023-02-20 00:12:22', '2023-02-20 00:12:22'),
	(665, 1, 'en', 'core/base/tables', 'origin', 'Origin', '2023-02-20 00:12:22', '2023-02-20 00:12:22'),
	(666, 1, 'en', 'core/base/tables', 'after_change', 'After changes', '2023-02-20 00:12:22', '2023-02-20 00:12:22'),
	(667, 1, 'en', 'core/base/tables', 'views', 'Views', '2023-02-20 00:12:22', '2023-02-20 00:12:22'),
	(668, 1, 'en', 'core/base/tables', 'browser', 'Browser', '2023-02-20 00:12:22', '2023-02-20 00:12:22'),
	(669, 1, 'en', 'core/base/tables', 'session', 'Session', '2023-02-20 00:12:22', '2023-02-20 00:12:22'),
	(670, 1, 'en', 'core/base/tables', 'activated', 'activated', '2023-02-20 00:12:22', '2023-02-20 00:12:22'),
	(671, 1, 'en', 'core/base/tables', 'deactivated', 'deactivated', '2023-02-20 00:12:22', '2023-02-20 00:12:22'),
	(672, 1, 'en', 'core/base/tables', 'is_featured', 'Is featured', '2023-02-20 00:12:22', '2023-02-20 00:12:22'),
	(673, 1, 'en', 'core/base/tables', 'edit', 'Edit', '2023-02-20 00:12:22', '2023-02-20 00:12:22'),
	(674, 1, 'en', 'core/base/tables', 'delete', 'Delete', '2023-02-20 00:12:22', '2023-02-20 00:12:22'),
	(675, 1, 'en', 'core/base/tables', 'restore', 'Restore', '2023-02-20 00:12:22', '2023-02-20 00:12:22'),
	(676, 1, 'en', 'core/base/tables', 'activate', 'Activate', '2023-02-20 00:12:22', '2023-02-20 00:12:22'),
	(677, 1, 'en', 'core/base/tables', 'deactivate', 'Deactivate', '2023-02-20 00:12:22', '2023-02-20 00:12:22'),
	(678, 1, 'en', 'core/base/tables', 'excel', 'Excel', '2023-02-20 00:12:22', '2023-02-20 00:12:22'),
	(679, 1, 'en', 'core/base/tables', 'export', 'Export', '2023-02-20 00:12:22', '2023-02-20 00:12:22'),
	(680, 1, 'en', 'core/base/tables', 'csv', 'CSV', '2023-02-20 00:12:22', '2023-02-20 00:12:22'),
	(681, 1, 'en', 'core/base/tables', 'pdf', 'PDF', '2023-02-20 00:12:22', '2023-02-20 00:12:22'),
	(682, 1, 'en', 'core/base/tables', 'print', 'Print', '2023-02-20 00:12:22', '2023-02-20 00:12:22'),
	(683, 1, 'en', 'core/base/tables', 'reset', 'Reset', '2023-02-20 00:12:22', '2023-02-20 00:12:22'),
	(684, 1, 'en', 'core/base/tables', 'reload', 'Reload', '2023-02-20 00:12:22', '2023-02-20 00:12:22'),
	(685, 1, 'en', 'core/base/tables', 'display', 'Display', '2023-02-20 00:12:22', '2023-02-20 00:12:22'),
	(686, 1, 'en', 'core/base/tables', 'all', 'All', '2023-02-20 00:12:22', '2023-02-20 00:12:22'),
	(687, 1, 'en', 'core/base/tables', 'add_new', 'Add New', '2023-02-20 00:12:22', '2023-02-20 00:12:22'),
	(688, 1, 'en', 'core/base/tables', 'action', 'Actions', '2023-02-20 00:12:22', '2023-02-20 00:12:22'),
	(689, 1, 'en', 'core/base/tables', 'delete_entry', 'Delete', '2023-02-20 00:12:22', '2023-02-20 00:12:22'),
	(690, 1, 'en', 'core/base/tables', 'view', 'View Detail', '2023-02-20 00:12:22', '2023-02-20 00:12:22'),
	(691, 1, 'en', 'core/base/tables', 'save', 'Save', '2023-02-20 00:12:22', '2023-02-20 00:12:22'),
	(692, 1, 'en', 'core/base/tables', 'show_from', 'Show from', '2023-02-20 00:12:22', '2023-02-20 00:12:22'),
	(693, 1, 'en', 'core/base/tables', 'to', 'to', '2023-02-20 00:12:22', '2023-02-20 00:12:22'),
	(694, 1, 'en', 'core/base/tables', 'in', 'in', '2023-02-20 00:12:22', '2023-02-20 00:12:22'),
	(695, 1, 'en', 'core/base/tables', 'records', 'records', '2023-02-20 00:12:22', '2023-02-20 00:12:22'),
	(696, 1, 'en', 'core/base/tables', 'no_data', 'No data to display', '2023-02-20 00:12:22', '2023-02-20 00:12:22'),
	(697, 1, 'en', 'core/base/tables', 'no_record', 'No record', '2023-02-20 00:12:22', '2023-02-20 00:12:22'),
	(698, 1, 'en', 'core/base/tables', 'confirm_delete', 'Confirm delete', '2023-02-20 00:12:22', '2023-02-20 00:12:22'),
	(699, 1, 'en', 'core/base/tables', 'confirm_delete_msg', 'Do you really want to delete this record?', '2023-02-20 00:12:22', '2023-02-20 00:12:22'),
	(700, 1, 'en', 'core/base/tables', 'confirm_delete_many_msg', 'Do you really want to delete selected record(s)?', '2023-02-20 00:12:22', '2023-02-20 00:12:22'),
	(701, 1, 'en', 'core/base/tables', 'cancel', 'Cancel', '2023-02-20 00:12:22', '2023-02-20 00:12:22'),
	(702, 1, 'en', 'core/base/tables', 'template', 'Template', '2023-02-20 00:12:22', '2023-02-20 00:12:22'),
	(703, 1, 'en', 'core/base/tables', 'email', 'Email', '2023-02-20 00:12:22', '2023-02-20 00:12:22'),
	(704, 1, 'en', 'core/base/tables', 'last_login', 'Last login', '2023-02-20 00:12:22', '2023-02-20 00:12:22'),
	(705, 1, 'en', 'core/base/tables', 'shortcode', 'Shortcode', '2023-02-20 00:12:22', '2023-02-20 00:12:22'),
	(706, 1, 'en', 'core/base/tables', 'image', 'Image', '2023-02-20 00:12:22', '2023-02-20 00:12:22'),
	(707, 1, 'en', 'core/base/tables', 'bulk_changes', 'Bulk changes', '2023-02-20 00:12:22', '2023-02-20 00:12:22'),
	(708, 1, 'en', 'core/base/tables', 'submit', 'Submit', '2023-02-20 00:12:22', '2023-02-20 00:12:22'),
	(709, 1, 'en', 'core/base/tables', 'please_select_record', 'Please select at least one record to perform this action!', '2023-02-20 00:12:22', '2023-02-20 00:12:22'),
	(710, 1, 'en', 'core/base/tabs', 'detail', 'Detail', '2023-02-20 00:12:22', '2023-02-20 00:12:22'),
	(711, 1, 'en', 'core/base/tabs', 'file', 'Files', '2023-02-20 00:12:22', '2023-02-20 00:12:22'),
	(712, 1, 'en', 'core/base/tabs', 'record_note', 'Record Note', '2023-02-20 00:12:22', '2023-02-20 00:12:22'),
	(713, 1, 'en', 'core/base/tabs', 'revision', 'Revision History', '2023-02-20 00:12:22', '2023-02-20 00:12:22'),
	(714, 1, 'vi', 'core/base/base', 'yes', 'Có', '2023-02-20 00:12:22', '2023-02-20 00:12:22'),
	(715, 1, 'vi', 'core/base/base', 'no', 'Không', '2023-02-20 00:12:22', '2023-02-20 00:12:22'),
	(716, 1, 'vi', 'core/base/base', 'is_default', 'Mặc định?', '2023-02-20 00:12:22', '2023-02-20 00:12:22'),
	(717, 1, 'vi', 'core/base/base', 'proc_close_disabled_error', 'Hàm proc_close() đã bị tắt. Vui lòng liên hệ nhà cung cấp hosting để mở hàm này. Hoặc có thể thêm vào .env: CAN_EXECUTE_COMMAND=false để tắt tính năng này.', '2023-02-20 00:12:22', '2023-02-20 00:12:22'),
	(718, 1, 'vi', 'core/base/base', 'add_image', 'Thêm ảnh', '2023-02-20 00:12:22', '2023-02-20 00:12:22'),
	(719, 1, 'vi', 'core/base/base', 'change_image', 'Đổi ảnh', '2023-02-20 00:12:22', '2023-02-20 00:12:22'),
	(720, 1, 'vi', 'core/base/base', 'delete_image', 'Xóa ảnh', '2023-02-20 00:12:22', '2023-02-20 00:12:22'),
	(721, 1, 'vi', 'core/base/base', 'email_template.date_time', 'Ngày giờ hiện tại', '2023-02-20 00:12:22', '2023-02-20 00:12:22'),
	(722, 1, 'vi', 'core/base/base', 'email_template.date_year', 'Năm hiện tại', '2023-02-20 00:12:22', '2023-02-20 00:12:22'),
	(723, 1, 'vi', 'core/base/base', 'email_template.footer', 'Mẫu chân trang email', '2023-02-20 00:12:22', '2023-02-20 00:12:22'),
	(724, 1, 'vi', 'core/base/base', 'email_template.header', 'Mẫu đầu trang email', '2023-02-20 00:12:22', '2023-02-20 00:12:22'),
	(725, 1, 'vi', 'core/base/base', 'email_template.site_admin_email', 'Email quản trị viên', '2023-02-20 00:12:22', '2023-02-20 00:12:22'),
	(726, 1, 'vi', 'core/base/base', 'email_template.site_logo', 'Logo của trang', '2023-02-20 00:12:22', '2023-02-20 00:12:22'),
	(727, 1, 'vi', 'core/base/base', 'email_template.site_title', 'Tiêu đề trang', '2023-02-20 00:12:22', '2023-02-20 00:12:22'),
	(728, 1, 'vi', 'core/base/base', 'email_template.site_url', 'URL trang', '2023-02-20 00:12:22', '2023-02-20 00:12:22'),
	(729, 1, 'vi', 'core/base/base', 'image', 'Hình ảnh', '2023-02-20 00:12:22', '2023-02-20 00:12:22'),
	(730, 1, 'vi', 'core/base/base', 'preview_image', 'Ảnh xem trước', '2023-02-20 00:12:22', '2023-02-20 00:12:22'),
	(731, 1, 'vi', 'core/base/base', 'select_image', 'Chọn ảnh', '2023-02-20 00:12:22', '2023-02-20 00:12:22'),
	(732, 1, 'vi', 'core/base/base', 'to_add_more_image', 'để thêm hình ảnh', '2023-02-20 00:12:22', '2023-02-20 00:12:22'),
	(733, 1, 'vi', 'core/base/base', 'using_button', 'Sử dụng nút', '2023-02-20 00:12:22', '2023-02-20 00:12:22'),
	(734, 1, 'vi', 'core/base/cache', 'cache_management', 'Quản lý bộ nhớ đệm', '2023-02-20 00:12:22', '2023-02-20 00:12:22'),
	(735, 1, 'vi', 'core/base/cache', 'cache_commands', 'Các lệnh xoá bộ nhớ đệm cơ bản', '2023-02-20 00:12:22', '2023-02-20 00:12:22'),
	(736, 1, 'vi', 'core/base/cache', 'commands.clear_cms_cache.title', 'Xóa tất cả bộ đệm hiện có của ứng dụng', '2023-02-20 00:12:22', '2023-02-20 00:12:22'),
	(737, 1, 'vi', 'core/base/cache', 'commands.clear_cms_cache.description', 'Xóa các bộ nhớ đệm của ứng dụng: cơ sở dữ liệu, nội dung tĩnh... Chạy lệnh này khi bạn thử cập nhật dữ liệu nhưng giao diện không thay đổi', '2023-02-20 00:12:22', '2023-02-20 00:12:22'),
	(738, 1, 'vi', 'core/base/cache', 'commands.clear_cms_cache.success_msg', 'Bộ đệm đã được xóa', '2023-02-20 00:12:22', '2023-02-20 00:12:22'),
	(739, 1, 'vi', 'core/base/cache', 'commands.refresh_compiled_views.title', 'Làm mới bộ đệm giao diện', '2023-02-20 00:12:22', '2023-02-20 00:12:22'),
	(740, 1, 'vi', 'core/base/cache', 'commands.refresh_compiled_views.description', 'Làm mới bộ đệm giao diện giúp phần giao diện luôn mới nhất', '2023-02-20 00:12:22', '2023-02-20 00:12:22'),
	(741, 1, 'vi', 'core/base/cache', 'commands.refresh_compiled_views.success_msg', 'Bộ đệm giao diện đã được làm mới', '2023-02-20 00:12:22', '2023-02-20 00:12:22'),
	(742, 1, 'vi', 'core/base/cache', 'commands.clear_config_cache.title', 'Xóa bộ nhớ đệm của phần cấu hình', '2023-02-20 00:12:22', '2023-02-20 00:12:22'),
	(743, 1, 'vi', 'core/base/cache', 'commands.clear_config_cache.description', 'Bạn cần làm mới bộ đệm cấu hình khi bạn tạo ra sự thay đổi nào đó ở môi trường thành phẩm.', '2023-02-20 00:12:22', '2023-02-20 00:12:22'),
	(744, 1, 'vi', 'core/base/cache', 'commands.clear_config_cache.success_msg', 'Bộ đệm cấu hình đã được xóa', '2023-02-20 00:12:22', '2023-02-20 00:12:22'),
	(745, 1, 'vi', 'core/base/cache', 'commands.clear_route_cache.title', 'Xoá cache đường dẫn', '2023-02-20 00:12:22', '2023-02-20 00:12:22'),
	(746, 1, 'vi', 'core/base/cache', 'commands.clear_route_cache.description', 'Cần thực hiện thao tác này khi thấy không xuất hiện đường dẫn mới.', '2023-02-20 00:12:22', '2023-02-20 00:12:22'),
	(747, 1, 'vi', 'core/base/cache', 'commands.clear_route_cache.success_msg', 'Bộ đệm điều hướng đã bị xóa', '2023-02-20 00:12:22', '2023-02-20 00:12:22'),
	(748, 1, 'vi', 'core/base/cache', 'commands.clear_log.description', 'Xoá lịch sử lỗi', '2023-02-20 00:12:22', '2023-02-20 00:12:22'),
	(749, 1, 'vi', 'core/base/cache', 'commands.clear_log.success_msg', 'Lịch sử lỗi đã được làm sạch', '2023-02-20 00:12:22', '2023-02-20 00:12:22'),
	(750, 1, 'vi', 'core/base/cache', 'commands.clear_log.title', 'Xoá lịch sử lỗi', '2023-02-20 00:12:22', '2023-02-20 00:12:22'),
	(751, 1, 'vi', 'core/base/enums', 'statuses.draft', 'Bản nháp', '2023-02-20 00:12:22', '2023-02-20 00:12:22'),
	(752, 1, 'vi', 'core/base/enums', 'statuses.pending', 'Đang chờ xử lý', '2023-02-20 00:12:22', '2023-02-20 00:12:22'),
	(753, 1, 'vi', 'core/base/enums', 'statuses.published', 'Đã xuất bản', '2023-02-20 00:12:22', '2023-02-20 00:12:22'),
	(754, 1, 'vi', 'core/base/errors', '401_title', 'Bạn không có quyền truy cập trang này', '2023-02-20 00:12:22', '2023-02-20 00:12:22'),
	(755, 1, 'vi', 'core/base/errors', '401_msg', '<li>Bạn không được cấp quyền truy cập bởi quản trị viên.</li>\n	                <li>Bạn sử dụng sai loại tài khoản.</li>\n	                <li>Bạn không được cấp quyền để có thể truy cập trang này</li>', '2023-02-20 00:12:22', '2023-02-20 00:12:22'),
	(756, 1, 'vi', 'core/base/errors', '404_title', 'Không tìm thấy trang yêu cầu', '2023-02-20 00:12:22', '2023-02-20 00:12:22'),
	(757, 1, 'vi', 'core/base/errors', '404_msg', '<li>Trang bạn yêu cầu không tồn tại.</li>\n	                <li>Liên kết bạn vừa nhấn không còn được sử dụng.</li>\n	                <li>Trang này có thể đã được chuyển sang vị trí khác.</li>\n	                <li>Có thể có lỗi xảy ra.</li>\n	                <li>Bạn không được cấp quyền để có thể truy cập trang này</li>', '2023-02-20 00:12:22', '2023-02-20 00:12:22'),
	(758, 1, 'vi', 'core/base/errors', '500_title', 'Không thể tải trang', '2023-02-20 00:12:22', '2023-02-20 00:12:22'),
	(759, 1, 'vi', 'core/base/errors', '500_msg', '<li>Trang bạn yêu cầu không tồn tại.</li>\n	                <li>Liên kết bạn vừa nhấn không còn được sử dụng.</li>\n	                <li>Trang này có thể đã được chuyển sang vị trí khác.</li>\n	                <li>Có thể có lỗi xảy ra.</li>\n	                <li>Bạn không được cấp quyền để có thể truy cập trang này</li>', '2023-02-20 00:12:22', '2023-02-20 00:12:22'),
	(760, 1, 'vi', 'core/base/errors', 'reasons', 'Điều này có thể xảy ra vì nhiều lý do.', '2023-02-20 00:12:22', '2023-02-20 00:12:22'),
	(761, 1, 'vi', 'core/base/errors', 'try_again', 'Vui lòng thử lại trong vài phút, hoặc quay trở lại trang chủ bằng cách <a href="http://cms.local/admin"> nhấn vào đây </a>.', '2023-02-20 00:12:22', '2023-02-20 00:12:22'),
	(762, 1, 'vi', 'core/base/errors', 'not_found', 'Không tìm thấy', '2023-02-20 00:12:22', '2023-02-20 00:12:22'),
	(763, 1, 'vi', 'core/base/forms', 'choose_image', 'Chọn ảnh', '2023-02-20 00:12:22', '2023-02-20 00:12:22'),
	(764, 1, 'vi', 'core/base/forms', 'actions', 'Tác vụ', '2023-02-20 00:12:22', '2023-02-20 00:12:22'),
	(765, 1, 'vi', 'core/base/forms', 'save', 'Lưu', '2023-02-20 00:12:22', '2023-02-20 00:12:22'),
	(766, 1, 'vi', 'core/base/forms', 'save_and_continue', 'Lưu & chỉnh sửa', '2023-02-20 00:12:22', '2023-02-20 00:12:22'),
	(767, 1, 'vi', 'core/base/forms', 'image', 'Hình ảnh', '2023-02-20 00:12:22', '2023-02-20 00:12:22'),
	(768, 1, 'vi', 'core/base/forms', 'image_placeholder', 'Chèn đường dẫn hình ảnh hoặc nhấn nút để chọn hình', '2023-02-20 00:12:22', '2023-02-20 00:12:22'),
	(769, 1, 'vi', 'core/base/forms', 'create', 'Tạo mới', '2023-02-20 00:12:22', '2023-02-20 00:12:22'),
	(770, 1, 'vi', 'core/base/forms', 'edit', 'Sửa', '2023-02-20 00:12:22', '2023-02-20 00:12:22'),
	(771, 1, 'vi', 'core/base/forms', 'permalink', 'Đường dẫn', '2023-02-20 00:12:22', '2023-02-20 00:12:22'),
	(772, 1, 'vi', 'core/base/forms', 'ok', 'OK', '2023-02-20 00:12:22', '2023-02-20 00:12:22'),
	(773, 1, 'vi', 'core/base/forms', 'cancel', 'Hủy bỏ', '2023-02-20 00:12:22', '2023-02-20 00:12:22'),
	(774, 1, 'vi', 'core/base/forms', 'character_remain', 'kí tự còn lại', '2023-02-20 00:12:22', '2023-02-20 00:12:22'),
	(775, 1, 'vi', 'core/base/forms', 'template', 'Template', '2023-02-20 00:12:22', '2023-02-20 00:12:22'),
	(776, 1, 'vi', 'core/base/forms', 'choose_file', 'Chọn tập tin', '2023-02-20 00:12:22', '2023-02-20 00:12:22'),
	(777, 1, 'vi', 'core/base/forms', 'file', 'Tập tin', '2023-02-20 00:12:22', '2023-02-20 00:12:22'),
	(778, 1, 'vi', 'core/base/forms', 'content', 'Nội dung', '2023-02-20 00:12:22', '2023-02-20 00:12:22'),
	(779, 1, 'vi', 'core/base/forms', 'description', 'Mô tả', '2023-02-20 00:12:22', '2023-02-20 00:12:22'),
	(780, 1, 'vi', 'core/base/forms', 'name', 'Tên', '2023-02-20 00:12:22', '2023-02-20 00:12:22'),
	(781, 1, 'vi', 'core/base/forms', 'name_placeholder', 'Nhập tên', '2023-02-20 00:12:22', '2023-02-20 00:12:22'),
	(782, 1, 'vi', 'core/base/forms', 'description_placeholder', 'Mô tả ngắn', '2023-02-20 00:12:22', '2023-02-20 00:12:22'),
	(783, 1, 'vi', 'core/base/forms', 'parent', 'Cha', '2023-02-20 00:12:22', '2023-02-20 00:12:22'),
	(784, 1, 'vi', 'core/base/forms', 'icon', 'Biểu tượng', '2023-02-20 00:12:22', '2023-02-20 00:12:22'),
	(785, 1, 'vi', 'core/base/forms', 'order_by', 'Sắp xếp', '2023-02-20 00:12:22', '2023-02-20 00:12:22'),
	(786, 1, 'vi', 'core/base/forms', 'order_by_placeholder', 'Sắp xếp', '2023-02-20 00:12:22', '2023-02-20 00:12:22'),
	(787, 1, 'vi', 'core/base/forms', 'slug', 'Slug', '2023-02-20 00:12:22', '2023-02-20 00:12:22'),
	(788, 1, 'vi', 'core/base/forms', 'is_featured', 'Nổi bật?', '2023-02-20 00:12:22', '2023-02-20 00:12:22'),
	(789, 1, 'vi', 'core/base/forms', 'is_default', 'Mặc định?', '2023-02-20 00:12:22', '2023-02-20 00:12:22'),
	(790, 1, 'vi', 'core/base/forms', 'icon_placeholder', 'Ví dụ: fa fa-home', '2023-02-20 00:12:22', '2023-02-20 00:12:22'),
	(791, 1, 'vi', 'core/base/forms', 'update', 'Cập nhật', '2023-02-20 00:12:22', '2023-02-20 00:12:22'),
	(792, 1, 'vi', 'core/base/forms', 'publish', 'Xuất bản', '2023-02-20 00:12:22', '2023-02-20 00:12:22'),
	(793, 1, 'vi', 'core/base/forms', 'remove_image', 'Xoá ảnh', '2023-02-20 00:12:22', '2023-02-20 00:12:22'),
	(794, 1, 'vi', 'core/base/forms', 'add', 'Thêm', '2023-02-20 00:12:22', '2023-02-20 00:12:22'),
	(795, 1, 'vi', 'core/base/forms', 'add_short_code', 'Thêm shortcode', '2023-02-20 00:12:22', '2023-02-20 00:12:22'),
	(796, 1, 'vi', 'core/base/forms', 'alias', 'Mã thay thế', '2023-02-20 00:12:22', '2023-02-20 00:12:22'),
	(797, 1, 'vi', 'core/base/forms', 'alias_placeholder', 'Mã thay thế', '2023-02-20 00:12:22', '2023-02-20 00:12:22'),
	(798, 1, 'vi', 'core/base/forms', 'basic_information', 'Thông tin cơ bản', '2023-02-20 00:12:22', '2023-02-20 00:12:22'),
	(799, 1, 'vi', 'core/base/forms', 'link', 'Liên kết', '2023-02-20 00:12:22', '2023-02-20 00:12:22'),
	(800, 1, 'vi', 'core/base/forms', 'order', 'Thứ tự', '2023-02-20 00:12:22', '2023-02-20 00:12:22'),
	(801, 1, 'vi', 'core/base/forms', 'short_code', 'Shortcode', '2023-02-20 00:12:22', '2023-02-20 00:12:22'),
	(802, 1, 'vi', 'core/base/forms', 'title', 'Tiêu đề', '2023-02-20 00:12:22', '2023-02-20 00:12:22'),
	(803, 1, 'vi', 'core/base/forms', 'value', 'Giá trị', '2023-02-20 00:12:22', '2023-02-20 00:12:22'),
	(804, 1, 'vi', 'core/base/forms', 'show_hide_editor', 'Ẩn/Hiện trình soạn thảo', '2023-02-20 00:12:22', '2023-02-20 00:12:22'),
	(805, 1, 'vi', 'core/base/forms', 'basic_info_title', 'Thông tin cơ bản', '2023-02-20 00:12:22', '2023-02-20 00:12:22'),
	(806, 1, 'vi', 'core/base/forms', 'remove_file', 'Xóa tập tin', '2023-02-20 00:12:22', '2023-02-20 00:12:22'),
	(807, 1, 'vi', 'core/base/layouts', 'platform_admin', 'Quản trị hệ thống', '2023-02-20 00:12:22', '2023-02-20 00:12:22'),
	(808, 1, 'vi', 'core/base/layouts', 'dashboard', 'Bảng điều khiển', '2023-02-20 00:12:22', '2023-02-20 00:12:22'),
	(809, 1, 'vi', 'core/base/layouts', 'widgets', 'Tiện ích', '2023-02-20 00:12:22', '2023-02-20 00:12:22'),
	(810, 1, 'vi', 'core/base/layouts', 'plugins', 'Tiện ích mở rộng', '2023-02-20 00:12:22', '2023-02-20 00:12:22'),
	(811, 1, 'vi', 'core/base/layouts', 'settings', 'Cài đặt', '2023-02-20 00:12:22', '2023-02-20 00:12:22'),
	(812, 1, 'vi', 'core/base/layouts', 'setting_general', 'Cơ bản', '2023-02-20 00:12:22', '2023-02-20 00:12:22'),
	(813, 1, 'vi', 'core/base/layouts', 'system_information', 'Thông tin hệ thống', '2023-02-20 00:12:22', '2023-02-20 00:12:22'),
	(814, 1, 'vi', 'core/base/layouts', 'theme', 'Giao diện', '2023-02-20 00:12:22', '2023-02-20 00:12:22'),
	(815, 1, 'vi', 'core/base/layouts', 'copyright', 'Bản quyền :year &copy; :company. Phiên bản: <span>:version</span>', '2023-02-20 00:12:22', '2023-02-20 00:12:22'),
	(816, 1, 'vi', 'core/base/layouts', 'profile', 'Thông tin cá nhân', '2023-02-20 00:12:22', '2023-02-20 00:12:22'),
	(817, 1, 'vi', 'core/base/layouts', 'logout', 'Đăng xuất', '2023-02-20 00:12:22', '2023-02-20 00:12:22'),
	(818, 1, 'vi', 'core/base/layouts', 'no_search_result', 'Không có kết quả tìm kiếm, hãy thử lại với từ khóa khác.', '2023-02-20 00:12:22', '2023-02-20 00:12:22'),
	(819, 1, 'vi', 'core/base/layouts', 'home', 'Trang chủ', '2023-02-20 00:12:22', '2023-02-20 00:12:22'),
	(820, 1, 'vi', 'core/base/layouts', 'search', 'Tìm kiếm', '2023-02-20 00:12:22', '2023-02-20 00:12:22'),
	(821, 1, 'vi', 'core/base/layouts', 'add_new', 'Thêm mới', '2023-02-20 00:12:22', '2023-02-20 00:12:22'),
	(822, 1, 'vi', 'core/base/layouts', 'n_a', 'N/A', '2023-02-20 00:12:22', '2023-02-20 00:12:22'),
	(823, 1, 'vi', 'core/base/layouts', 'page_loaded_time', 'Trang tải xong trong', '2023-02-20 00:12:22', '2023-02-20 00:12:22'),
	(824, 1, 'vi', 'core/base/layouts', 'view_website', 'Xem trang ngoài', '2023-02-20 00:12:22', '2023-02-20 00:12:22'),
	(825, 1, 'vi', 'core/base/layouts', 'setting_email', 'Email', '2023-02-20 00:12:22', '2023-02-20 00:12:22'),
	(826, 1, 'vi', 'core/base/mail', 'send-fail', 'Gửi email không thành công', '2023-02-20 00:12:22', '2023-02-20 00:12:22'),
	(827, 1, 'vi', 'core/base/notices', 'create_success_message', 'Tạo thành công', '2023-02-20 00:12:22', '2023-02-20 00:12:22'),
	(828, 1, 'vi', 'core/base/notices', 'update_success_message', 'Cập nhật thành công', '2023-02-20 00:12:22', '2023-02-20 00:12:22'),
	(829, 1, 'vi', 'core/base/notices', 'delete_success_message', 'Xóa thành công', '2023-02-20 00:12:22', '2023-02-20 00:12:22'),
	(830, 1, 'vi', 'core/base/notices', 'success_header', 'Thành công!', '2023-02-20 00:12:22', '2023-02-20 00:12:22'),
	(831, 1, 'vi', 'core/base/notices', 'error_header', 'Lỗi!', '2023-02-20 00:12:22', '2023-02-20 00:12:22'),
	(832, 1, 'vi', 'core/base/notices', 'no_select', 'Chọn ít nhất 1 trường để thực hiện hành động này!', '2023-02-20 00:12:22', '2023-02-20 00:12:22'),
	(833, 1, 'vi', 'core/base/notices', 'processing_request', 'Hệ thống đang xử lý yêu cầu.', '2023-02-20 00:12:22', '2023-02-20 00:12:22'),
	(834, 1, 'vi', 'core/base/notices', 'error', 'Lỗi!', '2023-02-20 00:12:22', '2023-02-20 00:12:22'),
	(835, 1, 'vi', 'core/base/notices', 'success', 'Thành công!', '2023-02-20 00:12:22', '2023-02-20 00:12:22'),
	(836, 1, 'vi', 'core/base/notices', 'info', 'Thông tin!', '2023-02-20 00:12:22', '2023-02-20 00:12:22'),
	(837, 1, 'vi', 'core/base/notices', 'enum.validate_message', 'Giá trị của :attribute không hợp lệ', '2023-02-20 00:12:22', '2023-02-20 00:12:22'),
	(838, 1, 'vi', 'core/base/system', 'no_select', 'Hãy chọn ít nhất 1 trường để thực hiện hành động này!', '2023-02-20 00:12:22', '2023-02-20 00:12:22'),
	(839, 1, 'vi', 'core/base/system', 'cannot_find_user', 'Không thể tải được thông tin người dùng', '2023-02-20 00:12:22', '2023-02-20 00:12:22'),
	(840, 1, 'vi', 'core/base/system', 'supper_revoked', 'Quyền quản trị viên cao nhất đã được gỡ bỏ', '2023-02-20 00:12:22', '2023-02-20 00:12:22'),
	(841, 1, 'vi', 'core/base/system', 'cannot_revoke_yourself', 'Không thể gỡ bỏ quyền quản trị cấp cao của chính bạn!', '2023-02-20 00:12:22', '2023-02-20 00:12:22'),
	(842, 1, 'vi', 'core/base/system', 'cant_remove_supper', 'Bạn không có quyền xóa quản trị viên cấp cao', '2023-02-20 00:12:22', '2023-02-20 00:12:22'),
	(843, 1, 'vi', 'core/base/system', 'cant_find_user_with_email', 'Không thể tìm thấy người dùng với email này', '2023-02-20 00:12:22', '2023-02-20 00:12:22'),
	(844, 1, 'vi', 'core/base/system', 'supper_granted', 'Quyền quản trị cao nhất đã được gán', '2023-02-20 00:12:22', '2023-02-20 00:12:22'),
	(845, 1, 'vi', 'core/base/system', 'delete_log_success', 'Xóa tập tin log thành công!', '2023-02-20 00:12:22', '2023-02-20 00:12:22'),
	(846, 1, 'vi', 'core/base/system', 'get_member_success', 'Hiển thị danh sách thành viên thành công', '2023-02-20 00:12:22', '2023-02-20 00:12:22'),
	(847, 1, 'vi', 'core/base/system', 'error_occur', 'Có lỗi dưới đây', '2023-02-20 00:12:22', '2023-02-20 00:12:22'),
	(848, 1, 'vi', 'core/base/system', 'role_and_permission', 'Phân quyền hệ thống', '2023-02-20 00:12:22', '2023-02-20 00:12:22'),
	(849, 1, 'vi', 'core/base/system', 'role_and_permission_description', 'Quản lý những phân quyền trong hệ thống', '2023-02-20 00:12:22', '2023-02-20 00:12:22'),
	(850, 1, 'vi', 'core/base/system', 'user.list_super', 'Danh sách quản trị viên cấp cao', '2023-02-20 00:12:22', '2023-02-20 00:12:22'),
	(851, 1, 'vi', 'core/base/system', 'user.username', 'Tên đăng nhập', '2023-02-20 00:12:22', '2023-02-20 00:12:22'),
	(852, 1, 'vi', 'core/base/system', 'user.email', 'Email', '2023-02-20 00:12:22', '2023-02-20 00:12:22'),
	(853, 1, 'vi', 'core/base/system', 'user.last_login', 'Đăng nhập lần cuối	', '2023-02-20 00:12:22', '2023-02-20 00:12:22'),
	(854, 1, 'vi', 'core/base/system', 'user.add_user', 'Thêm quản trị viên cấp cao', '2023-02-20 00:12:22', '2023-02-20 00:12:22'),
	(855, 1, 'vi', 'core/base/system', 'user.cancel', 'Hủy bỏ', '2023-02-20 00:12:22', '2023-02-20 00:12:22'),
	(856, 1, 'vi', 'core/base/system', 'user.create', 'Thêm', '2023-02-20 00:12:22', '2023-02-20 00:12:22'),
	(857, 1, 'vi', 'core/base/system', 'options.features', 'Kiểm soát truy cập các tính năng', '2023-02-20 00:12:22', '2023-02-20 00:12:22'),
	(858, 1, 'vi', 'core/base/system', 'options.feature_description', 'Bật/tắt các tính năng.', '2023-02-20 00:12:22', '2023-02-20 00:12:22'),
	(859, 1, 'vi', 'core/base/system', 'options.manage_super', 'Quản lý quản trị viên cấp cao', '2023-02-20 00:12:22', '2023-02-20 00:12:22'),
	(860, 1, 'vi', 'core/base/system', 'options.manage_super_description', 'Thêm/xóa quản trị viên cấp cao', '2023-02-20 00:12:22', '2023-02-20 00:12:22'),
	(861, 1, 'vi', 'core/base/system', 'options.info', 'Thông tin hệ thống', '2023-02-20 00:12:22', '2023-02-20 00:12:22'),
	(862, 1, 'vi', 'core/base/system', 'options.info_description', 'Những thông tin về cấu hình hiện tại của hệ thống.', '2023-02-20 00:12:22', '2023-02-20 00:12:22'),
	(863, 1, 'vi', 'core/base/system', 'info.title', 'Thông tin hệ thống', '2023-02-20 00:12:22', '2023-02-20 00:12:22'),
	(864, 1, 'vi', 'core/base/system', 'info.cache', 'Bộ nhớ đệm', '2023-02-20 00:12:22', '2023-02-20 00:12:22'),
	(865, 1, 'vi', 'core/base/system', 'info.environment', 'Môi trường', '2023-02-20 00:12:22', '2023-02-20 00:12:22'),
	(866, 1, 'vi', 'core/base/system', 'info.locale', 'Ngôn ngữ hệ thống', '2023-02-20 00:12:22', '2023-02-20 00:12:22'),
	(867, 1, 'vi', 'core/base/system', 'user_management', 'Quản lý thành viên', '2023-02-20 00:12:22', '2023-02-20 00:12:22'),
	(868, 1, 'vi', 'core/base/system', 'user_management_description', 'Quản lý người dùng trong hệ thống', '2023-02-20 00:12:22', '2023-02-20 00:12:22'),
	(869, 1, 'vi', 'core/base/system', 'app_size', 'Kích thước ứng dụng', '2023-02-20 00:12:22', '2023-02-20 00:12:22'),
	(870, 1, 'vi', 'core/base/system', 'cache_dir_writable', 'Có thể ghi bộ nhớ đệm', '2023-02-20 00:12:22', '2023-02-20 00:12:22'),
	(871, 1, 'vi', 'core/base/system', 'cache_driver', 'Loại lưu trữ bộ nhớ đệm', '2023-02-20 00:12:22', '2023-02-20 00:12:22'),
	(872, 1, 'vi', 'core/base/system', 'copy_report', 'Sao chép báo cáo', '2023-02-20 00:12:22', '2023-02-20 00:12:22'),
	(873, 1, 'vi', 'core/base/system', 'curl_ext', 'CURL Ext', '2023-02-20 00:12:22', '2023-02-20 00:12:22'),
	(874, 1, 'vi', 'core/base/system', 'database', 'Hệ thống dữ liệu', '2023-02-20 00:12:22', '2023-02-20 00:12:22'),
	(875, 1, 'vi', 'core/base/system', 'debug_mode', 'Chế độ sửa lỗi', '2023-02-20 00:12:22', '2023-02-20 00:12:22'),
	(876, 1, 'vi', 'core/base/system', 'dependency_name', 'Tên gói', '2023-02-20 00:12:22', '2023-02-20 00:12:22'),
	(877, 1, 'vi', 'core/base/system', 'exif_ext', 'Exif Ext', '2023-02-20 00:12:22', '2023-02-20 00:12:22'),
	(878, 1, 'vi', 'core/base/system', 'extra_information', 'Thông tin mở rộng', '2023-02-20 00:12:22', '2023-02-20 00:12:22'),
	(879, 1, 'vi', 'core/base/system', 'extra_stats', 'Thống kê thêm', '2023-02-20 00:12:22', '2023-02-20 00:12:22'),
	(880, 1, 'vi', 'core/base/system', 'file_info_ext', 'File info Ext', '2023-02-20 00:12:22', '2023-02-20 00:12:22'),
	(881, 1, 'vi', 'core/base/system', 'framework_version', 'Phiên bản framework', '2023-02-20 00:12:22', '2023-02-20 00:12:22'),
	(882, 1, 'vi', 'core/base/system', 'get_system_report', 'Lấy thông tin hệ thống', '2023-02-20 00:12:22', '2023-02-20 00:12:22'),
	(883, 1, 'vi', 'core/base/system', 'installed_packages', 'Các gói đã cài đặt và phiên bản', '2023-02-20 00:12:22', '2023-02-20 00:12:22'),
	(884, 1, 'vi', 'core/base/system', 'mbstring_ext', 'Mbstring Ext', '2023-02-20 00:12:22', '2023-02-20 00:12:22'),
	(885, 1, 'vi', 'core/base/system', 'openssl_ext', 'OpenSSL Ext', '2023-02-20 00:12:22', '2023-02-20 00:12:22'),
	(886, 1, 'vi', 'core/base/system', 'package_name', 'Tên gói', '2023-02-20 00:12:22', '2023-02-20 00:12:22'),
	(887, 1, 'vi', 'core/base/system', 'pdo_ext', 'PDO Ext', '2023-02-20 00:12:22', '2023-02-20 00:12:22'),
	(888, 1, 'vi', 'core/base/system', 'php_version', 'Phiên bản PHP', '2023-02-20 00:12:22', '2023-02-20 00:12:22'),
	(889, 1, 'vi', 'core/base/system', 'report_description', 'Vui lòng chia sẻ thông tin này nhằm mục đích điều tra nguyên nhân gây lỗi', '2023-02-20 00:12:22', '2023-02-20 00:12:22'),
	(890, 1, 'vi', 'core/base/system', 'server_environment', 'Môi trường máy chủ', '2023-02-20 00:12:22', '2023-02-20 00:12:22'),
	(891, 1, 'vi', 'core/base/system', 'server_os', 'Hệ điều hành của máy chủ', '2023-02-20 00:12:22', '2023-02-20 00:12:22'),
	(892, 1, 'vi', 'core/base/system', 'server_software', 'Phần mềm', '2023-02-20 00:12:22', '2023-02-20 00:12:22'),
	(893, 1, 'vi', 'core/base/system', 'session_driver', 'Loại lưu trữ phiên làm việc', '2023-02-20 00:12:22', '2023-02-20 00:12:22'),
	(894, 1, 'vi', 'core/base/system', 'ssl_installed', 'Đã cài đặt chứng chỉ SSL', '2023-02-20 00:12:22', '2023-02-20 00:12:22'),
	(895, 1, 'vi', 'core/base/system', 'storage_dir_writable', 'Có thể lưu trữ dữ liệu tạm', '2023-02-20 00:12:22', '2023-02-20 00:12:22'),
	(896, 1, 'vi', 'core/base/system', 'system_environment', 'Môi trường hệ thống', '2023-02-20 00:12:22', '2023-02-20 00:12:22'),
	(897, 1, 'vi', 'core/base/system', 'timezone', 'Múi giờ', '2023-02-20 00:12:22', '2023-02-20 00:12:22'),
	(898, 1, 'vi', 'core/base/system', 'tokenizer_ext', 'Tokenizer Ext', '2023-02-20 00:12:22', '2023-02-20 00:12:22'),
	(899, 1, 'vi', 'core/base/system', 'version', 'Phiên bản', '2023-02-20 00:12:22', '2023-02-20 00:12:22'),
	(900, 1, 'vi', 'core/base/system', 'cms_version', 'Phiên bản CMS', '2023-02-20 00:12:22', '2023-02-20 00:12:22'),
	(901, 1, 'vi', 'core/base/system', 'queue_connection', 'Queue Connection', '2023-02-20 00:12:22', '2023-02-20 00:12:22'),
	(902, 1, 'vi', 'core/base/system', 'disabled_in_demo_mode', 'Bạn không thể thực hiện hành động này ở chế độ demo!', '2023-02-20 00:12:22', '2023-02-20 00:12:22'),
	(903, 1, 'vi', 'core/base/system', 'imagick_or_gd_ext', 'Imagick/GD Ext', '2023-02-20 00:12:22', '2023-02-20 00:12:22'),
	(904, 1, 'vi', 'core/base/system', 'php_version_error', 'Phiên bản PHP phải >= :version', '2023-02-20 00:12:22', '2023-02-20 00:12:22'),
	(905, 1, 'vi', 'core/base/system', 'updater', 'Nâng cấp hệ thống', '2023-02-20 00:12:22', '2023-02-20 00:12:22'),
	(906, 1, 'vi', 'core/base/tables', 'id', 'ID', '2023-02-20 00:12:22', '2023-02-20 00:12:22'),
	(907, 1, 'vi', 'core/base/tables', 'name', 'Tên', '2023-02-20 00:12:22', '2023-02-20 00:12:22'),
	(908, 1, 'vi', 'core/base/tables', 'order_by', 'Thứ tự', '2023-02-20 00:12:22', '2023-02-20 00:12:22'),
	(909, 1, 'vi', 'core/base/tables', 'status', 'Trạng thái', '2023-02-20 00:12:22', '2023-02-20 00:12:22'),
	(910, 1, 'vi', 'core/base/tables', 'created_at', 'Ngày tạo', '2023-02-20 00:12:22', '2023-02-20 00:12:22'),
	(911, 1, 'vi', 'core/base/tables', 'updated_at', 'Ngày cập nhật', '2023-02-20 00:12:22', '2023-02-20 00:12:22'),
	(912, 1, 'vi', 'core/base/tables', 'operations', 'Tác vụ', '2023-02-20 00:12:22', '2023-02-20 00:12:22'),
	(913, 1, 'vi', 'core/base/tables', 'url', 'URL', '2023-02-20 00:12:22', '2023-02-20 00:12:22'),
	(914, 1, 'vi', 'core/base/tables', 'author', 'Người tạo', '2023-02-20 00:12:22', '2023-02-20 00:12:22'),
	(915, 1, 'vi', 'core/base/tables', 'column', 'Cột', '2023-02-20 00:12:22', '2023-02-20 00:12:22'),
	(916, 1, 'vi', 'core/base/tables', 'origin', 'Bản cũ', '2023-02-20 00:12:22', '2023-02-20 00:12:22'),
	(917, 1, 'vi', 'core/base/tables', 'after_change', 'Sau khi thay đổi', '2023-02-20 00:12:22', '2023-02-20 00:12:22'),
	(918, 1, 'vi', 'core/base/tables', 'notes', 'Ghi chú', '2023-02-20 00:12:22', '2023-02-20 00:12:22'),
	(919, 1, 'vi', 'core/base/tables', 'activated', 'kích hoạt', '2023-02-20 00:12:22', '2023-02-20 00:12:22'),
	(920, 1, 'vi', 'core/base/tables', 'browser', 'Trình duyệt', '2023-02-20 00:12:22', '2023-02-20 00:12:22'),
	(921, 1, 'vi', 'core/base/tables', 'deactivated', 'hủy kích hoạt', '2023-02-20 00:12:22', '2023-02-20 00:12:22'),
	(922, 1, 'vi', 'core/base/tables', 'description', 'Mô tả', '2023-02-20 00:12:22', '2023-02-20 00:12:22'),
	(923, 1, 'vi', 'core/base/tables', 'session', 'Phiên', '2023-02-20 00:12:22', '2023-02-20 00:12:22'),
	(924, 1, 'vi', 'core/base/tables', 'views', 'Lượt xem', '2023-02-20 00:12:22', '2023-02-20 00:12:22'),
	(925, 1, 'vi', 'core/base/tables', 'restore', 'Khôi phục', '2023-02-20 00:12:22', '2023-02-20 00:12:22'),
	(926, 1, 'vi', 'core/base/tables', 'edit', 'Sửa', '2023-02-20 00:12:22', '2023-02-20 00:12:22'),
	(927, 1, 'vi', 'core/base/tables', 'delete', 'Xóa', '2023-02-20 00:12:22', '2023-02-20 00:12:22'),
	(928, 1, 'vi', 'core/base/tables', 'action', 'Hành động', '2023-02-20 00:12:22', '2023-02-20 00:12:22'),
	(929, 1, 'vi', 'core/base/tables', 'activate', 'Kích hoạt', '2023-02-20 00:12:22', '2023-02-20 00:12:22'),
	(930, 1, 'vi', 'core/base/tables', 'add_new', 'Thêm mới', '2023-02-20 00:12:22', '2023-02-20 00:12:22'),
	(931, 1, 'vi', 'core/base/tables', 'all', 'Tất cả', '2023-02-20 00:12:22', '2023-02-20 00:12:22'),
	(932, 1, 'vi', 'core/base/tables', 'cancel', 'Hủy bỏ', '2023-02-20 00:12:22', '2023-02-20 00:12:22'),
	(933, 1, 'vi', 'core/base/tables', 'confirm_delete', 'Xác nhận xóa', '2023-02-20 00:12:22', '2023-02-20 00:12:22'),
	(934, 1, 'vi', 'core/base/tables', 'confirm_delete_msg', 'Bạn có chắc chắn muốn xóa bản ghi này?', '2023-02-20 00:12:22', '2023-02-20 00:12:22'),
	(935, 1, 'vi', 'core/base/tables', 'csv', 'CSV', '2023-02-20 00:12:22', '2023-02-20 00:12:22'),
	(936, 1, 'vi', 'core/base/tables', 'deactivate', 'Hủy kích hoạt', '2023-02-20 00:12:22', '2023-02-20 00:12:22'),
	(937, 1, 'vi', 'core/base/tables', 'delete_entry', 'Xóa bản ghi', '2023-02-20 00:12:22', '2023-02-20 00:12:22'),
	(938, 1, 'vi', 'core/base/tables', 'display', 'Hiển thị', '2023-02-20 00:12:22', '2023-02-20 00:12:22'),
	(939, 1, 'vi', 'core/base/tables', 'excel', 'Excel', '2023-02-20 00:12:22', '2023-02-20 00:12:22'),
	(940, 1, 'vi', 'core/base/tables', 'export', 'Xuất bản', '2023-02-20 00:12:22', '2023-02-20 00:12:22'),
	(941, 1, 'vi', 'core/base/tables', 'in', 'trong tổng số', '2023-02-20 00:12:22', '2023-02-20 00:12:22'),
	(942, 1, 'vi', 'core/base/tables', 'no_data', 'Không có dữ liệu để hiển thị', '2023-02-20 00:12:22', '2023-02-20 00:12:22'),
	(943, 1, 'vi', 'core/base/tables', 'no_record', 'Không có dữ liệu', '2023-02-20 00:12:22', '2023-02-20 00:12:22'),
	(944, 1, 'vi', 'core/base/tables', 'pdf', 'PDF', '2023-02-20 00:12:22', '2023-02-20 00:12:22'),
	(945, 1, 'vi', 'core/base/tables', 'print', 'In', '2023-02-20 00:12:22', '2023-02-20 00:12:22'),
	(946, 1, 'vi', 'core/base/tables', 'records', 'bản ghi', '2023-02-20 00:12:22', '2023-02-20 00:12:22'),
	(947, 1, 'vi', 'core/base/tables', 'reload', 'Tải lại', '2023-02-20 00:12:22', '2023-02-20 00:12:22'),
	(948, 1, 'vi', 'core/base/tables', 'reset', 'Làm mới', '2023-02-20 00:12:22', '2023-02-20 00:12:22'),
	(949, 1, 'vi', 'core/base/tables', 'save', 'Lưu', '2023-02-20 00:12:22', '2023-02-20 00:12:22'),
	(950, 1, 'vi', 'core/base/tables', 'show_from', 'Hiển thị từ', '2023-02-20 00:12:22', '2023-02-20 00:12:22'),
	(951, 1, 'vi', 'core/base/tables', 'template', 'Giao diện', '2023-02-20 00:12:22', '2023-02-20 00:12:22'),
	(952, 1, 'vi', 'core/base/tables', 'to', 'đến', '2023-02-20 00:12:22', '2023-02-20 00:12:22'),
	(953, 1, 'vi', 'core/base/tables', 'view', 'Xem chi tiết', '2023-02-20 00:12:22', '2023-02-20 00:12:22'),
	(954, 1, 'vi', 'core/base/tables', 'email', 'Email', '2023-02-20 00:12:22', '2023-02-20 00:12:22'),
	(955, 1, 'vi', 'core/base/tables', 'image', 'Hình ảnh', '2023-02-20 00:12:22', '2023-02-20 00:12:22'),
	(956, 1, 'vi', 'core/base/tables', 'is_featured', 'Nổi bật', '2023-02-20 00:12:22', '2023-02-20 00:12:22'),
	(957, 1, 'vi', 'core/base/tables', 'last_login', 'Lần cuối đăng nhập', '2023-02-20 00:12:22', '2023-02-20 00:12:22'),
	(958, 1, 'vi', 'core/base/tables', 'order', 'Thứ tự', '2023-02-20 00:12:22', '2023-02-20 00:12:22'),
	(959, 1, 'vi', 'core/base/tables', 'shortcode', 'Shortcode', '2023-02-20 00:12:22', '2023-02-20 00:12:22'),
	(960, 1, 'vi', 'core/base/tables', 'slug', 'Slug', '2023-02-20 00:12:22', '2023-02-20 00:12:22'),
	(961, 1, 'vi', 'core/base/tables', 'title', 'Tiêu đề', '2023-02-20 00:12:22', '2023-02-20 00:12:22'),
	(962, 1, 'vi', 'core/base/tables', 'bulk_changes', 'Thay đổi hàng loạt', '2023-02-20 00:12:22', '2023-02-20 00:12:22'),
	(963, 1, 'vi', 'core/base/tables', 'confirm_delete_many_msg', 'Bạn có chắc chắn muốn xóa những bản ghi này?', '2023-02-20 00:12:22', '2023-02-20 00:12:22'),
	(964, 1, 'vi', 'core/base/tables', 'submit', 'Hoàn tất', '2023-02-20 00:12:22', '2023-02-20 00:12:22'),
	(965, 1, 'vi', 'core/base/tables', 'please_select_record', 'Vui lòng chọn ít nhất 1 bản ghi để thực hiện hành động này!', '2023-02-20 00:12:22', '2023-02-20 00:12:22'),
	(966, 1, 'vi', 'core/base/tabs', 'detail', 'Chi tiết', '2023-02-20 00:12:22', '2023-02-20 00:12:22'),
	(967, 1, 'vi', 'core/base/tabs', 'file', 'Tập tin', '2023-02-20 00:12:22', '2023-02-20 00:12:22'),
	(968, 1, 'vi', 'core/base/tabs', 'record_note', 'Ghi chú', '2023-02-20 00:12:22', '2023-02-20 00:12:22'),
	(969, 1, 'vi', 'core/base/tabs', 'revision', 'Lịch sử thay đổi', '2023-02-20 00:12:22', '2023-02-20 00:12:22'),
	(970, 1, 'en', 'core/dashboard/dashboard', 'update_position_success', 'Update widget position successfully!', '2023-02-20 00:12:22', '2023-02-20 00:12:22'),
	(971, 1, 'en', 'core/dashboard/dashboard', 'hide_success', 'Update widget successfully!', '2023-02-20 00:12:22', '2023-02-20 00:12:22'),
	(972, 1, 'en', 'core/dashboard/dashboard', 'confirm_hide', 'Are you sure?', '2023-02-20 00:12:22', '2023-02-20 00:12:22'),
	(973, 1, 'en', 'core/dashboard/dashboard', 'hide_message', 'Do you really want to hide this widget? It will be disappear on Dashboard!', '2023-02-20 00:12:22', '2023-02-20 00:12:22'),
	(974, 1, 'en', 'core/dashboard/dashboard', 'confirm_hide_btn', 'Yes, hide this widget', '2023-02-20 00:12:22', '2023-02-20 00:12:22'),
	(975, 1, 'en', 'core/dashboard/dashboard', 'cancel_hide_btn', 'Cancel', '2023-02-20 00:12:22', '2023-02-20 00:12:22'),
	(976, 1, 'en', 'core/dashboard/dashboard', 'collapse_expand', 'Collapse/Expand', '2023-02-20 00:12:22', '2023-02-20 00:12:22'),
	(977, 1, 'en', 'core/dashboard/dashboard', 'hide', 'Hide', '2023-02-20 00:12:22', '2023-02-20 00:12:22'),
	(978, 1, 'en', 'core/dashboard/dashboard', 'reload', 'Reload', '2023-02-20 00:12:22', '2023-02-20 00:12:22'),
	(979, 1, 'en', 'core/dashboard/dashboard', 'save_setting_success', 'Save widget settings successfully!', '2023-02-20 00:12:22', '2023-02-20 00:12:22'),
	(980, 1, 'en', 'core/dashboard/dashboard', 'widget_not_exists', 'Widget is not exits!', '2023-02-20 00:12:22', '2023-02-20 00:12:22'),
	(981, 1, 'en', 'core/dashboard/dashboard', 'manage_widgets', 'Manage Widgets', '2023-02-20 00:12:22', '2023-02-20 00:12:22'),
	(982, 1, 'en', 'core/dashboard/dashboard', 'fullscreen', 'Full screen', '2023-02-20 00:12:22', '2023-02-20 00:12:22'),
	(983, 1, 'en', 'core/dashboard/dashboard', 'title', 'Dashboard', '2023-02-20 00:12:22', '2023-02-20 00:12:22'),
	(984, 1, 'en', 'core/dashboard/dashboard', 'predefined_ranges.today', 'Today', '2023-02-20 00:12:22', '2023-02-20 00:12:22'),
	(985, 1, 'en', 'core/dashboard/dashboard', 'predefined_ranges.yesterday', 'Yesterday', '2023-02-20 00:12:22', '2023-02-20 00:12:22'),
	(986, 1, 'en', 'core/dashboard/dashboard', 'predefined_ranges.this_week', 'This Week', '2023-02-20 00:12:22', '2023-02-20 00:12:22'),
	(987, 1, 'en', 'core/dashboard/dashboard', 'predefined_ranges.last_7_days', 'Last 7 Days', '2023-02-20 00:12:22', '2023-02-20 00:12:22'),
	(988, 1, 'en', 'core/dashboard/dashboard', 'predefined_ranges.this_month', 'This Month', '2023-02-20 00:12:22', '2023-02-20 00:12:22'),
	(989, 1, 'en', 'core/dashboard/dashboard', 'predefined_ranges.last_30_days', 'Last 30 Days', '2023-02-20 00:12:22', '2023-02-20 00:12:22'),
	(990, 1, 'en', 'core/dashboard/dashboard', 'predefined_ranges.this_year', 'This Year', '2023-02-20 00:12:22', '2023-02-20 00:12:22'),
	(991, 1, 'vi', 'core/dashboard/dashboard', 'cancel_hide_btn', 'Hủy bỏ', '2023-02-20 00:12:22', '2023-02-20 00:12:22'),
	(992, 1, 'vi', 'core/dashboard/dashboard', 'collapse_expand', 'Mở rộng', '2023-02-20 00:12:22', '2023-02-20 00:12:22'),
	(993, 1, 'vi', 'core/dashboard/dashboard', 'confirm_hide', 'Bạn có chắc?', '2023-02-20 00:12:22', '2023-02-20 00:12:22'),
	(994, 1, 'vi', 'core/dashboard/dashboard', 'confirm_hide_btn', 'Vâng, ẩn tiện ích này', '2023-02-20 00:12:22', '2023-02-20 00:12:22'),
	(995, 1, 'vi', 'core/dashboard/dashboard', 'hide', 'Ẩn', '2023-02-20 00:12:22', '2023-02-20 00:12:22'),
	(996, 1, 'vi', 'core/dashboard/dashboard', 'hide_message', 'Bạn có chắc chắn muốn ẩn tiện ích này? Nó sẽ không được hiển thị trên trang chủ nữa!', '2023-02-20 00:12:22', '2023-02-20 00:12:22'),
	(997, 1, 'vi', 'core/dashboard/dashboard', 'hide_success', 'Ẩn tiện ích thành công!', '2023-02-20 00:12:22', '2023-02-20 00:12:22'),
	(998, 1, 'vi', 'core/dashboard/dashboard', 'manage_widgets', 'Quản lý tiện ích', '2023-02-20 00:12:22', '2023-02-20 00:12:22'),
	(999, 1, 'vi', 'core/dashboard/dashboard', 'reload', 'Làm mới', '2023-02-20 00:12:22', '2023-02-20 00:12:22'),
	(1000, 1, 'vi', 'core/dashboard/dashboard', 'save_setting_success', 'Lưu tiện ích thành công', '2023-02-20 00:12:22', '2023-02-20 00:12:22'),
	(1001, 1, 'vi', 'core/dashboard/dashboard', 'update_position_success', 'Cập nhật vị trí tiện ích thành công!', '2023-02-20 00:12:22', '2023-02-20 00:12:22'),
	(1002, 1, 'vi', 'core/dashboard/dashboard', 'widget_not_exists', 'Tiện ích này không tồn tại!', '2023-02-20 00:12:22', '2023-02-20 00:12:22'),
	(1003, 1, 'vi', 'core/dashboard/dashboard', 'fullscreen', 'Toàn màn hình', '2023-02-20 00:12:22', '2023-02-20 00:12:22'),
	(1004, 1, 'vi', 'core/dashboard/dashboard', 'title', 'Trang quản trị', '2023-02-20 00:12:22', '2023-02-20 00:12:22'),
	(1005, 1, 'en', 'core/media/media', 'filter', 'Filter', '2023-02-20 00:12:22', '2023-02-20 00:12:22'),
	(1006, 1, 'en', 'core/media/media', 'everything', 'Everything', '2023-02-20 00:12:22', '2023-02-20 00:12:22'),
	(1007, 1, 'en', 'core/media/media', 'image', 'Image', '2023-02-20 00:12:22', '2023-02-20 00:12:22'),
	(1008, 1, 'en', 'core/media/media', 'video', 'Video', '2023-02-20 00:12:22', '2023-02-20 00:12:22'),
	(1009, 1, 'en', 'core/media/media', 'document', 'Document', '2023-02-20 00:12:22', '2023-02-20 00:12:22'),
	(1010, 1, 'en', 'core/media/media', 'view_in', 'View in', '2023-02-20 00:12:22', '2023-02-20 00:12:22'),
	(1011, 1, 'en', 'core/media/media', 'all_media', 'All media', '2023-02-20 00:12:22', '2023-02-20 00:12:22'),
	(1012, 1, 'en', 'core/media/media', 'trash', 'Trash', '2023-02-20 00:12:22', '2023-02-20 00:12:22'),
	(1013, 1, 'en', 'core/media/media', 'recent', 'Recent', '2023-02-20 00:12:22', '2023-02-20 00:12:22'),
	(1014, 1, 'en', 'core/media/media', 'favorites', 'Favorites', '2023-02-20 00:12:22', '2023-02-20 00:12:22'),
	(1015, 1, 'en', 'core/media/media', 'upload', 'Upload', '2023-02-20 00:12:22', '2023-02-20 00:12:22'),
	(1016, 1, 'en', 'core/media/media', 'create_folder', 'Create folder', '2023-02-20 00:12:22', '2023-02-20 00:12:22'),
	(1017, 1, 'en', 'core/media/media', 'refresh', 'Refresh', '2023-02-20 00:12:22', '2023-02-20 00:12:22'),
	(1018, 1, 'en', 'core/media/media', 'empty_trash', 'Empty trash', '2023-02-20 00:12:22', '2023-02-20 00:12:22'),
	(1019, 1, 'en', 'core/media/media', 'search_file_and_folder', 'Search in current folder', '2023-02-20 00:12:22', '2023-02-20 00:12:22'),
	(1020, 1, 'en', 'core/media/media', 'sort', 'Sort', '2023-02-20 00:12:22', '2023-02-20 00:12:22'),
	(1021, 1, 'en', 'core/media/media', 'file_name_asc', 'File name - ASC', '2023-02-20 00:12:22', '2023-02-20 00:12:22'),
	(1022, 1, 'en', 'core/media/media', 'file_name_desc', 'File name - DESC', '2023-02-20 00:12:22', '2023-02-20 00:12:22'),
	(1023, 1, 'en', 'core/media/media', 'uploaded_date_asc', 'Uploaded date - ASC', '2023-02-20 00:12:22', '2023-02-20 00:12:22'),
	(1024, 1, 'en', 'core/media/media', 'uploaded_date_desc', 'Uploaded date - DESC', '2023-02-20 00:12:22', '2023-02-20 00:12:22'),
	(1025, 1, 'en', 'core/media/media', 'size_asc', 'Size - ASC', '2023-02-20 00:12:22', '2023-02-20 00:12:22'),
	(1026, 1, 'en', 'core/media/media', 'size_desc', 'Size - DESC', '2023-02-20 00:12:22', '2023-02-20 00:12:22'),
	(1027, 1, 'en', 'core/media/media', 'actions', 'Actions', '2023-02-20 00:12:22', '2023-02-20 00:12:22'),
	(1028, 1, 'en', 'core/media/media', 'nothing_is_selected', 'Nothing is selected', '2023-02-20 00:12:22', '2023-02-20 00:12:22'),
	(1029, 1, 'en', 'core/media/media', 'insert', 'Insert', '2023-02-20 00:12:22', '2023-02-20 00:12:22'),
	(1030, 1, 'en', 'core/media/media', 'folder_name', 'Folder name', '2023-02-20 00:12:22', '2023-02-20 00:12:22'),
	(1031, 1, 'en', 'core/media/media', 'create', 'Create', '2023-02-20 00:12:22', '2023-02-20 00:12:22'),
	(1032, 1, 'en', 'core/media/media', 'rename', 'Rename', '2023-02-20 00:12:22', '2023-02-20 00:12:22'),
	(1033, 1, 'en', 'core/media/media', 'close', 'Close', '2023-02-20 00:12:22', '2023-02-20 00:12:22'),
	(1034, 1, 'en', 'core/media/media', 'save_changes', 'Save changes', '2023-02-20 00:12:22', '2023-02-20 00:12:22'),
	(1035, 1, 'en', 'core/media/media', 'move_to_trash', 'Move items to trash', '2023-02-20 00:12:22', '2023-02-20 00:12:22'),
	(1036, 1, 'en', 'core/media/media', 'confirm_trash', 'Are you sure you want to move these items to trash?', '2023-02-20 00:12:22', '2023-02-20 00:12:22'),
	(1037, 1, 'en', 'core/media/media', 'confirm', 'Confirm', '2023-02-20 00:12:22', '2023-02-20 00:12:22'),
	(1038, 1, 'en', 'core/media/media', 'confirm_delete', 'Delete item(s)', '2023-02-20 00:12:22', '2023-02-20 00:12:22'),
	(1039, 1, 'en', 'core/media/media', 'confirm_delete_description', 'Your request cannot rollback. Are you sure you wanna delete these items?', '2023-02-20 00:12:22', '2023-02-20 00:12:22'),
	(1040, 1, 'en', 'core/media/media', 'empty_trash_title', 'Empty trash', '2023-02-20 00:12:22', '2023-02-20 00:12:22'),
	(1041, 1, 'en', 'core/media/media', 'empty_trash_description', 'Your request cannot rollback. Are you sure you wanna remove all items in trash?', '2023-02-20 00:12:22', '2023-02-20 00:12:22'),
	(1042, 1, 'en', 'core/media/media', 'up_level', 'Up one level', '2023-02-20 00:12:22', '2023-02-20 00:12:22'),
	(1043, 1, 'en', 'core/media/media', 'upload_progress', 'Upload progress', '2023-02-20 00:12:22', '2023-02-20 00:12:22'),
	(1044, 1, 'en', 'core/media/media', 'folder_created', 'Folder is created successfully!', '2023-02-20 00:12:22', '2023-02-20 00:12:22'),
	(1045, 1, 'en', 'core/media/media', 'gallery', 'Media gallery', '2023-02-20 00:12:22', '2023-02-20 00:12:22'),
	(1046, 1, 'en', 'core/media/media', 'trash_error', 'Error when delete selected item(s)', '2023-02-20 00:12:22', '2023-02-20 00:12:22'),
	(1047, 1, 'en', 'core/media/media', 'trash_success', 'Moved selected item(s) to trash successfully!', '2023-02-20 00:12:22', '2023-02-20 00:12:22'),
	(1048, 1, 'en', 'core/media/media', 'restore_error', 'Error when restore selected item(s)', '2023-02-20 00:12:22', '2023-02-20 00:12:22'),
	(1049, 1, 'en', 'core/media/media', 'restore_success', 'Restore selected item(s) successfully!', '2023-02-20 00:12:22', '2023-02-20 00:12:22'),
	(1050, 1, 'en', 'core/media/media', 'copy_success', 'Copied selected item(s) successfully!', '2023-02-20 00:12:22', '2023-02-20 00:12:22'),
	(1051, 1, 'en', 'core/media/media', 'delete_success', 'Deleted selected item(s) successfully!', '2023-02-20 00:12:22', '2023-02-20 00:12:22'),
	(1052, 1, 'en', 'core/media/media', 'favorite_success', 'Favorite selected item(s) successfully!', '2023-02-20 00:12:22', '2023-02-20 00:12:22'),
	(1053, 1, 'en', 'core/media/media', 'remove_favorite_success', 'Remove selected item(s) from favorites successfully!', '2023-02-20 00:12:22', '2023-02-20 00:12:22'),
	(1054, 1, 'en', 'core/media/media', 'rename_error', 'Error when rename item(s)', '2023-02-20 00:12:22', '2023-02-20 00:12:22'),
	(1055, 1, 'en', 'core/media/media', 'rename_success', 'Rename selected item(s) successfully!', '2023-02-20 00:12:22', '2023-02-20 00:12:22'),
	(1056, 1, 'en', 'core/media/media', 'empty_trash_success', 'Empty trash successfully!', '2023-02-20 00:12:22', '2023-02-20 00:12:22'),
	(1057, 1, 'en', 'core/media/media', 'invalid_action', 'Invalid action!', '2023-02-20 00:12:22', '2023-02-20 00:12:22'),
	(1058, 1, 'en', 'core/media/media', 'file_not_exists', 'File is not exists!', '2023-02-20 00:12:22', '2023-02-20 00:12:22'),
	(1059, 1, 'en', 'core/media/media', 'download_file_error', 'Error when downloading files!', '2023-02-20 00:12:22', '2023-02-20 00:12:22'),
	(1060, 1, 'en', 'core/media/media', 'missing_zip_archive_extension', 'Please enable ZipArchive extension to download file!', '2023-02-20 00:12:22', '2023-02-20 00:12:22'),
	(1061, 1, 'en', 'core/media/media', 'can_not_download_file', 'Can not download this file!', '2023-02-20 00:12:22', '2023-02-20 00:12:22'),
	(1062, 1, 'en', 'core/media/media', 'invalid_request', 'Invalid request!', '2023-02-20 00:12:22', '2023-02-20 00:12:22'),
	(1063, 1, 'en', 'core/media/media', 'add_success', 'Add item successfully!', '2023-02-20 00:12:22', '2023-02-20 00:12:22'),
	(1064, 1, 'en', 'core/media/media', 'file_too_big', 'File too big. Max file upload is :size bytes', '2023-02-20 00:12:22', '2023-02-20 00:12:22'),
	(1065, 1, 'en', 'core/media/media', 'file_too_big_readable_size', 'File too big. Max file upload is :size.', '2023-02-20 00:12:22', '2023-02-20 00:12:22'),
	(1066, 1, 'en', 'core/media/media', 'can_not_detect_file_type', 'File type is not allowed or can not detect file type!', '2023-02-20 00:12:22', '2023-02-20 00:12:22'),
	(1067, 1, 'en', 'core/media/media', 'upload_failed', 'The file is NOT uploaded completely. The server allows max upload file size is :size . Please check your file size OR try to upload again in case of having network errors', '2023-02-20 00:12:22', '2023-02-20 00:12:22'),
	(1068, 1, 'en', 'core/media/media', 'menu_name', 'Media', '2023-02-20 00:12:22', '2023-02-20 00:12:22'),
	(1069, 1, 'en', 'core/media/media', 'add', 'Add media', '2023-02-20 00:12:22', '2023-02-20 00:12:22'),
	(1070, 1, 'en', 'core/media/media', 'javascript.name', 'Name', '2023-02-20 00:12:22', '2023-02-20 00:12:22'),
	(1071, 1, 'en', 'core/media/media', 'javascript.url', 'URL', '2023-02-20 00:12:22', '2023-02-20 00:12:22'),
	(1072, 1, 'en', 'core/media/media', 'javascript.full_url', 'Full URL', '2023-02-20 00:12:22', '2023-02-20 00:12:22'),
	(1073, 1, 'en', 'core/media/media', 'javascript.size', 'Size', '2023-02-20 00:12:22', '2023-02-20 00:12:22'),
	(1074, 1, 'en', 'core/media/media', 'javascript.mime_type', 'Type', '2023-02-20 00:12:22', '2023-02-20 00:12:22'),
	(1075, 1, 'en', 'core/media/media', 'javascript.created_at', 'Uploaded at', '2023-02-20 00:12:22', '2023-02-20 00:12:22'),
	(1076, 1, 'en', 'core/media/media', 'javascript.updated_at', 'Modified at', '2023-02-20 00:12:22', '2023-02-20 00:12:22'),
	(1077, 1, 'en', 'core/media/media', 'javascript.nothing_selected', 'Nothing is selected', '2023-02-20 00:12:22', '2023-02-20 00:12:22'),
	(1078, 1, 'en', 'core/media/media', 'javascript.visit_link', 'Open link', '2023-02-20 00:12:22', '2023-02-20 00:12:22'),
	(1079, 1, 'en', 'core/media/media', 'javascript.no_item.all_media.icon', 'fas fa-cloud-upload-alt', '2023-02-20 00:12:22', '2023-02-20 00:12:22'),
	(1080, 1, 'en', 'core/media/media', 'javascript.no_item.all_media.title', 'Drop files and folders here', '2023-02-20 00:12:22', '2023-02-20 00:12:22'),
	(1081, 1, 'en', 'core/media/media', 'javascript.no_item.all_media.message', 'Or use the upload button above', '2023-02-20 00:12:22', '2023-02-20 00:12:22'),
	(1082, 1, 'en', 'core/media/media', 'javascript.no_item.trash.icon', 'fas fa-trash-alt', '2023-02-20 00:12:22', '2023-02-20 00:12:22'),
	(1083, 1, 'en', 'core/media/media', 'javascript.no_item.trash.title', 'There is nothing in your trash currently', '2023-02-20 00:12:22', '2023-02-20 00:12:22'),
	(1084, 1, 'en', 'core/media/media', 'javascript.no_item.trash.message', 'Delete files to move them to trash automatically. Delete files from trash to remove them permanently', '2023-02-20 00:12:22', '2023-02-20 00:12:22'),
	(1085, 1, 'en', 'core/media/media', 'javascript.no_item.favorites.icon', 'fas fa-star', '2023-02-20 00:12:22', '2023-02-20 00:12:22'),
	(1086, 1, 'en', 'core/media/media', 'javascript.no_item.favorites.title', 'You have not added anything to your favorites yet', '2023-02-20 00:12:22', '2023-02-20 00:12:22'),
	(1087, 1, 'en', 'core/media/media', 'javascript.no_item.favorites.message', 'Add files to favorites to easily find them later', '2023-02-20 00:12:22', '2023-02-20 00:12:22'),
	(1088, 1, 'en', 'core/media/media', 'javascript.no_item.recent.icon', 'far fa-clock', '2023-02-20 00:12:22', '2023-02-20 00:12:22'),
	(1089, 1, 'en', 'core/media/media', 'javascript.no_item.recent.title', 'You did not opened anything yet', '2023-02-20 00:12:22', '2023-02-20 00:12:22'),
	(1090, 1, 'en', 'core/media/media', 'javascript.no_item.recent.message', 'All recent files that you opened will be appeared here', '2023-02-20 00:12:22', '2023-02-20 00:12:22'),
	(1091, 1, 'en', 'core/media/media', 'javascript.no_item.default.icon', 'fas fa-sync', '2023-02-20 00:12:22', '2023-02-20 00:12:22'),
	(1092, 1, 'en', 'core/media/media', 'javascript.no_item.default.title', 'No items', '2023-02-20 00:12:22', '2023-02-20 00:12:22'),
	(1093, 1, 'en', 'core/media/media', 'javascript.no_item.default.message', 'This directory has no item', '2023-02-20 00:12:22', '2023-02-20 00:12:22'),
	(1094, 1, 'en', 'core/media/media', 'javascript.clipboard.success', 'These file links has been copied to clipboard', '2023-02-20 00:12:22', '2023-02-20 00:12:22'),
	(1095, 1, 'en', 'core/media/media', 'javascript.message.error_header', 'Error', '2023-02-20 00:12:22', '2023-02-20 00:12:22'),
	(1096, 1, 'en', 'core/media/media', 'javascript.message.success_header', 'Success', '2023-02-20 00:12:22', '2023-02-20 00:12:22'),
	(1097, 1, 'en', 'core/media/media', 'javascript.download.error', 'No files selected or cannot download these files', '2023-02-20 00:12:22', '2023-02-20 00:12:22'),
	(1098, 1, 'en', 'core/media/media', 'javascript.actions_list.basic.preview', 'Preview', '2023-02-20 00:12:22', '2023-02-20 00:12:22'),
	(1099, 1, 'en', 'core/media/media', 'javascript.actions_list.file.copy_link', 'Copy link', '2023-02-20 00:12:22', '2023-02-20 00:12:22'),
	(1100, 1, 'en', 'core/media/media', 'javascript.actions_list.file.rename', 'Rename', '2023-02-20 00:12:22', '2023-02-20 00:12:22'),
	(1101, 1, 'en', 'core/media/media', 'javascript.actions_list.file.make_copy', 'Make a copy', '2023-02-20 00:12:22', '2023-02-20 00:12:22'),
	(1102, 1, 'en', 'core/media/media', 'javascript.actions_list.user.favorite', 'Add to favorite', '2023-02-20 00:12:23', '2023-02-20 00:12:23'),
	(1103, 1, 'en', 'core/media/media', 'javascript.actions_list.user.remove_favorite', 'Remove favorite', '2023-02-20 00:12:23', '2023-02-20 00:12:23'),
	(1104, 1, 'en', 'core/media/media', 'javascript.actions_list.other.download', 'Download', '2023-02-20 00:12:23', '2023-02-20 00:12:23'),
	(1105, 1, 'en', 'core/media/media', 'javascript.actions_list.other.trash', 'Move to trash', '2023-02-20 00:12:23', '2023-02-20 00:12:23'),
	(1106, 1, 'en', 'core/media/media', 'javascript.actions_list.other.delete', 'Delete permanently', '2023-02-20 00:12:23', '2023-02-20 00:12:23'),
	(1107, 1, 'en', 'core/media/media', 'javascript.actions_list.other.restore', 'Restore', '2023-02-20 00:12:23', '2023-02-20 00:12:23'),
	(1108, 1, 'en', 'core/media/media', 'javascript.change_image', 'Change image', '2023-02-20 00:12:23', '2023-02-20 00:12:23'),
	(1109, 1, 'en', 'core/media/media', 'javascript.delete_image', 'Delete image', '2023-02-20 00:12:23', '2023-02-20 00:12:23'),
	(1110, 1, 'en', 'core/media/media', 'javascript.choose_image', 'Choose image', '2023-02-20 00:12:23', '2023-02-20 00:12:23'),
	(1111, 1, 'en', 'core/media/media', 'javascript.preview_image', 'Preview image', '2023-02-20 00:12:23', '2023-02-20 00:12:23'),
	(1112, 1, 'en', 'core/media/media', 'name_invalid', 'The folder name has invalid character(s).', '2023-02-20 00:12:23', '2023-02-20 00:12:23'),
	(1113, 1, 'en', 'core/media/media', 'url_invalid', 'Please provide a valid URL', '2023-02-20 00:12:23', '2023-02-20 00:12:23'),
	(1114, 1, 'en', 'core/media/media', 'path_invalid', 'Please provide a valid path', '2023-02-20 00:12:23', '2023-02-20 00:12:23'),
	(1115, 1, 'en', 'core/media/media', 'download_link', 'Download', '2023-02-20 00:12:23', '2023-02-20 00:12:23'),
	(1116, 1, 'en', 'core/media/media', 'url', 'URL', '2023-02-20 00:12:23', '2023-02-20 00:12:23'),
	(1117, 1, 'en', 'core/media/media', 'download_explain', 'Enter one URL per line.', '2023-02-20 00:12:23', '2023-02-20 00:12:23'),
	(1118, 1, 'en', 'core/media/media', 'downloading', 'Downloading...', '2023-02-20 00:12:23', '2023-02-20 00:12:23'),
	(1119, 1, 'vi', 'core/media/media', 'filter', 'Lọc', '2023-02-20 00:12:23', '2023-02-20 00:12:23'),
	(1120, 1, 'vi', 'core/media/media', 'everything', 'Tất cả', '2023-02-20 00:12:23', '2023-02-20 00:12:23'),
	(1121, 1, 'vi', 'core/media/media', 'image', 'Hình ảnh', '2023-02-20 00:12:23', '2023-02-20 00:12:23'),
	(1122, 1, 'vi', 'core/media/media', 'video', 'Phim', '2023-02-20 00:12:23', '2023-02-20 00:12:23'),
	(1123, 1, 'vi', 'core/media/media', 'document', 'Tài liệu', '2023-02-20 00:12:23', '2023-02-20 00:12:23'),
	(1124, 1, 'vi', 'core/media/media', 'view_in', 'Chế độ xem', '2023-02-20 00:12:23', '2023-02-20 00:12:23'),
	(1125, 1, 'vi', 'core/media/media', 'all_media', 'Tất cả tập tin', '2023-02-20 00:12:23', '2023-02-20 00:12:23'),
	(1126, 1, 'vi', 'core/media/media', 'trash', 'Thùng rác', '2023-02-20 00:12:23', '2023-02-20 00:12:23'),
	(1127, 1, 'vi', 'core/media/media', 'recent', 'Gần đây', '2023-02-20 00:12:23', '2023-02-20 00:12:23'),
	(1128, 1, 'vi', 'core/media/media', 'favorites', 'Được gắn dấu sao', '2023-02-20 00:12:23', '2023-02-20 00:12:23'),
	(1129, 1, 'vi', 'core/media/media', 'upload', 'Tải lên', '2023-02-20 00:12:23', '2023-02-20 00:12:23'),
	(1130, 1, 'vi', 'core/media/media', 'create_folder', 'Tạo thư mục', '2023-02-20 00:12:23', '2023-02-20 00:12:23'),
	(1131, 1, 'vi', 'core/media/media', 'refresh', 'Làm mới', '2023-02-20 00:12:23', '2023-02-20 00:12:23'),
	(1132, 1, 'vi', 'core/media/media', 'empty_trash', 'Dọn thùng rác', '2023-02-20 00:12:23', '2023-02-20 00:12:23'),
	(1133, 1, 'vi', 'core/media/media', 'search_file_and_folder', 'Tìm kiếm tập tin và thư mục', '2023-02-20 00:12:23', '2023-02-20 00:12:23'),
	(1134, 1, 'vi', 'core/media/media', 'sort', 'Sắp xếp', '2023-02-20 00:12:23', '2023-02-20 00:12:23'),
	(1135, 1, 'vi', 'core/media/media', 'file_name_asc', 'Tên tập tin - ASC', '2023-02-20 00:12:23', '2023-02-20 00:12:23'),
	(1136, 1, 'vi', 'core/media/media', 'file_name_desc', 'Tên tập tin - DESC', '2023-02-20 00:12:23', '2023-02-20 00:12:23'),
	(1137, 1, 'vi', 'core/media/media', 'uploaded_date_asc', 'Ngày tải lên - ASC', '2023-02-20 00:12:23', '2023-02-20 00:12:23'),
	(1138, 1, 'vi', 'core/media/media', 'uploaded_date_desc', 'Ngày tải lên - DESC', '2023-02-20 00:12:23', '2023-02-20 00:12:23'),
	(1139, 1, 'vi', 'core/media/media', 'size_asc', 'Kích thước - ASC', '2023-02-20 00:12:23', '2023-02-20 00:12:23'),
	(1140, 1, 'vi', 'core/media/media', 'size_desc', 'Kích thước - DESC', '2023-02-20 00:12:23', '2023-02-20 00:12:23'),
	(1141, 1, 'vi', 'core/media/media', 'actions', 'Hành động', '2023-02-20 00:12:23', '2023-02-20 00:12:23'),
	(1142, 1, 'vi', 'core/media/media', 'nothing_is_selected', 'Không có tập tin nào được chọn', '2023-02-20 00:12:23', '2023-02-20 00:12:23'),
	(1143, 1, 'vi', 'core/media/media', 'insert', 'Chèn', '2023-02-20 00:12:23', '2023-02-20 00:12:23'),
	(1144, 1, 'vi', 'core/media/media', 'folder_name', 'Tên thư mục', '2023-02-20 00:12:23', '2023-02-20 00:12:23'),
	(1145, 1, 'vi', 'core/media/media', 'create', 'Tạo', '2023-02-20 00:12:23', '2023-02-20 00:12:23'),
	(1146, 1, 'vi', 'core/media/media', 'rename', 'Đổi tên', '2023-02-20 00:12:23', '2023-02-20 00:12:23'),
	(1147, 1, 'vi', 'core/media/media', 'close', 'Đóng', '2023-02-20 00:12:23', '2023-02-20 00:12:23'),
	(1148, 1, 'vi', 'core/media/media', 'save_changes', 'Lưu thay đổi', '2023-02-20 00:12:23', '2023-02-20 00:12:23'),
	(1149, 1, 'vi', 'core/media/media', 'move_to_trash', 'Đưa vào thùng rác', '2023-02-20 00:12:23', '2023-02-20 00:12:23'),
	(1150, 1, 'vi', 'core/media/media', 'confirm_trash', 'Bạn có chắc chắn muốn bỏ những tập tin này vào thùng rác?', '2023-02-20 00:12:23', '2023-02-20 00:12:23'),
	(1151, 1, 'vi', 'core/media/media', 'confirm', 'Xác nhận', '2023-02-20 00:12:23', '2023-02-20 00:12:23'),
	(1152, 1, 'vi', 'core/media/media', 'confirm_delete', 'Xóa tập tin', '2023-02-20 00:12:23', '2023-02-20 00:12:23'),
	(1153, 1, 'vi', 'core/media/media', 'confirm_delete_description', 'Hành động này không thể khôi phục. Bạn có chắc chắn muốn xóa các tập tin này?', '2023-02-20 00:12:23', '2023-02-20 00:12:23'),
	(1154, 1, 'vi', 'core/media/media', 'empty_trash_title', 'Dọn sạch thùng rác', '2023-02-20 00:12:23', '2023-02-20 00:12:23'),
	(1155, 1, 'vi', 'core/media/media', 'empty_trash_description', 'Hành động này không thể khôi phục. Bạn có chắc chắn muốn dọn sạch thùng rác?', '2023-02-20 00:12:23', '2023-02-20 00:12:23'),
	(1156, 1, 'vi', 'core/media/media', 'up_level', 'Quay lại một cấp', '2023-02-20 00:12:23', '2023-02-20 00:12:23'),
	(1157, 1, 'vi', 'core/media/media', 'upload_progress', 'Tiến trình tải lên', '2023-02-20 00:12:23', '2023-02-20 00:12:23'),
	(1158, 1, 'vi', 'core/media/media', 'folder_created', 'Tạo thư mục thành công!', '2023-02-20 00:12:23', '2023-02-20 00:12:23'),
	(1159, 1, 'vi', 'core/media/media', 'gallery', 'Thư viện tập tin', '2023-02-20 00:12:23', '2023-02-20 00:12:23'),
	(1160, 1, 'vi', 'core/media/media', 'trash_error', 'Có lỗi khi xóa tập tin/thư mục', '2023-02-20 00:12:23', '2023-02-20 00:12:23'),
	(1161, 1, 'vi', 'core/media/media', 'trash_success', 'Xóa tập tin/thư mục thành công!', '2023-02-20 00:12:23', '2023-02-20 00:12:23'),
	(1162, 1, 'vi', 'core/media/media', 'restore_error', 'Có lỗi trong quá trình khôi phục', '2023-02-20 00:12:23', '2023-02-20 00:12:23'),
	(1163, 1, 'vi', 'core/media/media', 'restore_success', 'Khôi phục thành công!', '2023-02-20 00:12:23', '2023-02-20 00:12:23'),
	(1164, 1, 'vi', 'core/media/media', 'copy_success', 'Sao chép thành công!', '2023-02-20 00:12:23', '2023-02-20 00:12:23'),
	(1165, 1, 'vi', 'core/media/media', 'delete_success', 'Xóa thành công!', '2023-02-20 00:12:23', '2023-02-20 00:12:23'),
	(1166, 1, 'vi', 'core/media/media', 'favorite_success', 'Thêm dấu sao thành công!', '2023-02-20 00:12:23', '2023-02-20 00:12:23'),
	(1167, 1, 'vi', 'core/media/media', 'remove_favorite_success', 'Bỏ dấu sao thành công!', '2023-02-20 00:12:23', '2023-02-20 00:12:23'),
	(1168, 1, 'vi', 'core/media/media', 'rename_error', 'Có lỗi trong quá trình đổi tên', '2023-02-20 00:12:23', '2023-02-20 00:12:23'),
	(1169, 1, 'vi', 'core/media/media', 'rename_success', 'Đổi tên thành công!', '2023-02-20 00:12:23', '2023-02-20 00:12:23'),
	(1170, 1, 'vi', 'core/media/media', 'invalid_action', 'Hành động không hợp lệ!', '2023-02-20 00:12:23', '2023-02-20 00:12:23'),
	(1171, 1, 'vi', 'core/media/media', 'file_not_exists', 'Tập tin không tồn tại!', '2023-02-20 00:12:23', '2023-02-20 00:12:23'),
	(1172, 1, 'vi', 'core/media/media', 'download_file_error', 'Có lỗi trong quá trình tải xuống tập tin!', '2023-02-20 00:12:23', '2023-02-20 00:12:23'),
	(1173, 1, 'vi', 'core/media/media', 'missing_zip_archive_extension', 'Hãy bật ZipArchive extension để tải tập tin!', '2023-02-20 00:12:23', '2023-02-20 00:12:23'),
	(1174, 1, 'vi', 'core/media/media', 'can_not_download_file', 'Không thể tải tập tin!', '2023-02-20 00:12:23', '2023-02-20 00:12:23'),
	(1175, 1, 'vi', 'core/media/media', 'invalid_request', 'Yêu cầu không hợp lệ!', '2023-02-20 00:12:23', '2023-02-20 00:12:23'),
	(1176, 1, 'vi', 'core/media/media', 'add_success', 'Thêm thành công!', '2023-02-20 00:12:23', '2023-02-20 00:12:23'),
	(1177, 1, 'vi', 'core/media/media', 'file_too_big', 'Tập tin quá lớn. Giới hạn tải lên là :size bytes', '2023-02-20 00:12:23', '2023-02-20 00:12:23'),
	(1178, 1, 'vi', 'core/media/media', 'can_not_detect_file_type', 'Loại tập tin không hợp lệ hoặc không thể xác định loại tập tin!', '2023-02-20 00:12:23', '2023-02-20 00:12:23'),
	(1179, 1, 'vi', 'core/media/media', 'upload_failed', 'The file is NOT uploaded completely. The server allows max upload file size is :size . Please check your file size OR try to upload again in case of having network errors', '2023-02-20 00:12:23', '2023-02-20 00:12:23'),
	(1180, 1, 'vi', 'core/media/media', 'menu_name', 'Quản lý tập tin', '2023-02-20 00:12:23', '2023-02-20 00:12:23'),
	(1181, 1, 'vi', 'core/media/media', 'add', 'Thêm tập tin', '2023-02-20 00:12:23', '2023-02-20 00:12:23'),
	(1182, 1, 'vi', 'core/media/media', 'javascript.name', 'Tên', '2023-02-20 00:12:23', '2023-02-20 00:12:23'),
	(1183, 1, 'vi', 'core/media/media', 'javascript.url', 'Đường dẫn', '2023-02-20 00:12:23', '2023-02-20 00:12:23'),
	(1184, 1, 'vi', 'core/media/media', 'javascript.full_url', 'Đường dẫn tuyệt đối', '2023-02-20 00:12:23', '2023-02-20 00:12:23'),
	(1185, 1, 'vi', 'core/media/media', 'javascript.size', 'Kích thước', '2023-02-20 00:12:23', '2023-02-20 00:12:23'),
	(1186, 1, 'vi', 'core/media/media', 'javascript.mime_type', 'Loại', '2023-02-20 00:12:23', '2023-02-20 00:12:23'),
	(1187, 1, 'vi', 'core/media/media', 'javascript.created_at', 'Được tải lên lúc', '2023-02-20 00:12:23', '2023-02-20 00:12:23'),
	(1188, 1, 'vi', 'core/media/media', 'javascript.updated_at', 'Được chỉnh sửa lúc', '2023-02-20 00:12:23', '2023-02-20 00:12:23'),
	(1189, 1, 'vi', 'core/media/media', 'javascript.nothing_selected', 'Bạn chưa chọn tập tin nào', '2023-02-20 00:12:23', '2023-02-20 00:12:23'),
	(1190, 1, 'vi', 'core/media/media', 'javascript.visit_link', 'Mở liên kết', '2023-02-20 00:12:23', '2023-02-20 00:12:23'),
	(1191, 1, 'vi', 'core/media/media', 'javascript.no_item.all_media.icon', 'fas fa-cloud-upload-alt', '2023-02-20 00:12:23', '2023-02-20 00:12:23'),
	(1192, 1, 'vi', 'core/media/media', 'javascript.no_item.all_media.title', 'Bạn có thể kéo thả tập tin vào đây để tải lên', '2023-02-20 00:12:23', '2023-02-20 00:12:23'),
	(1193, 1, 'vi', 'core/media/media', 'javascript.no_item.all_media.message', 'Hoặc có thể bấm nút Tải lên ở phía trên', '2023-02-20 00:12:23', '2023-02-20 00:12:23'),
	(1194, 1, 'vi', 'core/media/media', 'javascript.no_item.trash.icon', 'fas fa-trash-alt', '2023-02-20 00:12:23', '2023-02-20 00:12:23'),
	(1195, 1, 'vi', 'core/media/media', 'javascript.no_item.trash.title', 'Hiện tại không có tập tin nào trong thùng rác', '2023-02-20 00:12:23', '2023-02-20 00:12:23'),
	(1196, 1, 'vi', 'core/media/media', 'javascript.no_item.trash.message', 'Xóa tập tin sẽ đem tập tin lưu vào thùng rác. Xóa tập tin trong thùng rác sẽ xóa vĩnh viễn.', '2023-02-20 00:12:23', '2023-02-20 00:12:23'),
	(1197, 1, 'vi', 'core/media/media', 'javascript.no_item.favorites.icon', 'fas fa-star', '2023-02-20 00:12:23', '2023-02-20 00:12:23'),
	(1198, 1, 'vi', 'core/media/media', 'javascript.no_item.favorites.title', 'Bạn chưa đặt tập tin nào vào mục yêu thích', '2023-02-20 00:12:23', '2023-02-20 00:12:23'),
	(1199, 1, 'vi', 'core/media/media', 'javascript.no_item.favorites.message', 'Thêm tập tin vào mục yêu thích để tìm kiếm chúng dễ dàng sau này.', '2023-02-20 00:12:23', '2023-02-20 00:12:23'),
	(1200, 1, 'vi', 'core/media/media', 'javascript.no_item.recent.icon', 'far fa-clock', '2023-02-20 00:12:23', '2023-02-20 00:12:23'),
	(1201, 1, 'vi', 'core/media/media', 'javascript.no_item.recent.title', 'Bạn chưa mở tập tin nào.', '2023-02-20 00:12:23', '2023-02-20 00:12:23'),
	(1202, 1, 'vi', 'core/media/media', 'javascript.no_item.recent.message', 'Mục này hiển thị các tập tin bạn đã xem gần đây.', '2023-02-20 00:12:23', '2023-02-20 00:12:23'),
	(1203, 1, 'vi', 'core/media/media', 'javascript.no_item.default.icon', 'fas fa-sync', '2023-02-20 00:12:23', '2023-02-20 00:12:23'),
	(1204, 1, 'vi', 'core/media/media', 'javascript.no_item.default.title', 'Thư mục trống', '2023-02-20 00:12:23', '2023-02-20 00:12:23'),
	(1205, 1, 'vi', 'core/media/media', 'javascript.no_item.default.message', 'Thư mục này chưa có tập tin nào', '2023-02-20 00:12:23', '2023-02-20 00:12:23'),
	(1206, 1, 'vi', 'core/media/media', 'javascript.clipboard.success', 'Đường dẫn của các tập tin đã được sao chép vào clipboard', '2023-02-20 00:12:23', '2023-02-20 00:12:23'),
	(1207, 1, 'vi', 'core/media/media', 'javascript.message.error_header', 'Lỗi', '2023-02-20 00:12:23', '2023-02-20 00:12:23'),
	(1208, 1, 'vi', 'core/media/media', 'javascript.message.success_header', 'Thành công', '2023-02-20 00:12:23', '2023-02-20 00:12:23'),
	(1209, 1, 'vi', 'core/media/media', 'javascript.download.error', 'Bạn chưa chọn tập tin nào hoặc tập tin này không cho phép tải về', '2023-02-20 00:12:23', '2023-02-20 00:12:23'),
	(1210, 1, 'vi', 'core/media/media', 'javascript.actions_list.basic.preview', 'Xem trước', '2023-02-20 00:12:23', '2023-02-20 00:12:23'),
	(1211, 1, 'vi', 'core/media/media', 'javascript.actions_list.file.copy_link', 'Sao chép đường dẫn', '2023-02-20 00:12:23', '2023-02-20 00:12:23'),
	(1212, 1, 'vi', 'core/media/media', 'javascript.actions_list.file.rename', 'Đổi tên', '2023-02-20 00:12:23', '2023-02-20 00:12:23'),
	(1213, 1, 'vi', 'core/media/media', 'javascript.actions_list.file.make_copy', 'Nhân bản', '2023-02-20 00:12:23', '2023-02-20 00:12:23'),
	(1214, 1, 'vi', 'core/media/media', 'javascript.actions_list.user.favorite', 'Yêu thích', '2023-02-20 00:12:23', '2023-02-20 00:12:23'),
	(1215, 1, 'vi', 'core/media/media', 'javascript.actions_list.user.remove_favorite', 'Xóa khỏi mục yêu thích', '2023-02-20 00:12:23', '2023-02-20 00:12:23'),
	(1216, 1, 'vi', 'core/media/media', 'javascript.actions_list.other.download', 'Tải xuống', '2023-02-20 00:12:23', '2023-02-20 00:12:23'),
	(1217, 1, 'vi', 'core/media/media', 'javascript.actions_list.other.trash', 'Chuyển vào thùng rác', '2023-02-20 00:12:23', '2023-02-20 00:12:23'),
	(1218, 1, 'vi', 'core/media/media', 'javascript.actions_list.other.delete', 'Xóa hoàn toàn', '2023-02-20 00:12:23', '2023-02-20 00:12:23'),
	(1219, 1, 'vi', 'core/media/media', 'javascript.actions_list.other.restore', 'Khôi phục', '2023-02-20 00:12:23', '2023-02-20 00:12:23'),
	(1220, 1, 'vi', 'core/media/media', 'empty_trash_success', 'Dọn sạch thùng rác thành công', '2023-02-20 00:12:23', '2023-02-20 00:12:23'),
	(1221, 1, 'vi', 'core/media/media', 'name_invalid', 'Tên thư mục chứa ký tự không hợp lệ', '2023-02-20 00:12:23', '2023-02-20 00:12:23'),
	(1222, 1, 'vi', 'core/media/media', 'path_invalid', 'Vui lòng cung cấp 1 đường dẫn hợp lệ', '2023-02-20 00:12:23', '2023-02-20 00:12:23'),
	(1223, 1, 'vi', 'core/media/media', 'url_invalid', 'Vui lòng cung cấp 1 đường dẫn hợp lệ', '2023-02-20 00:12:23', '2023-02-20 00:12:23'),
	(1224, 1, 'vi', 'core/media/media', 'download_explain', 'Mỗi URL trên 1 dòng', '2023-02-20 00:12:23', '2023-02-20 00:12:23'),
	(1225, 1, 'vi', 'core/media/media', 'download_link', 'Tải xuống', '2023-02-20 00:12:23', '2023-02-20 00:12:23'),
	(1226, 1, 'vi', 'core/media/media', 'downloading', 'Đang tải xuống', '2023-02-20 00:12:23', '2023-02-20 00:12:23'),
	(1227, 1, 'en', 'core/setting/setting', 'title', 'Settings', '2023-02-20 00:12:23', '2023-02-20 00:12:23'),
	(1228, 1, 'en', 'core/setting/setting', 'email_setting_title', 'Email settings', '2023-02-20 00:12:23', '2023-02-20 00:12:23'),
	(1229, 1, 'en', 'core/setting/setting', 'general.theme', 'Theme', '2023-02-20 00:12:23', '2023-02-20 00:12:23'),
	(1230, 1, 'en', 'core/setting/setting', 'general.description', 'Setting site information', '2023-02-20 00:12:23', '2023-02-20 00:12:23'),
	(1231, 1, 'en', 'core/setting/setting', 'general.title', 'General', '2023-02-20 00:12:23', '2023-02-20 00:12:23'),
	(1232, 1, 'en', 'core/setting/setting', 'general.general_block', 'General Information', '2023-02-20 00:12:23', '2023-02-20 00:12:23'),
	(1233, 1, 'en', 'core/setting/setting', 'general.rich_editor', 'Rich Editor', '2023-02-20 00:12:23', '2023-02-20 00:12:23'),
	(1234, 1, 'en', 'core/setting/setting', 'general.site_title', 'Site title', '2023-02-20 00:12:23', '2023-02-20 00:12:23'),
	(1235, 1, 'en', 'core/setting/setting', 'general.admin_email', 'Admin Email', '2023-02-20 00:12:23', '2023-02-20 00:12:23'),
	(1236, 1, 'en', 'core/setting/setting', 'general.seo_block', 'SEO Configuration', '2023-02-20 00:12:23', '2023-02-20 00:12:23'),
	(1237, 1, 'en', 'core/setting/setting', 'general.seo_title', 'SEO Title', '2023-02-20 00:12:23', '2023-02-20 00:12:23'),
	(1238, 1, 'en', 'core/setting/setting', 'general.seo_description', 'SEO Description', '2023-02-20 00:12:23', '2023-02-20 00:12:23'),
	(1239, 1, 'en', 'core/setting/setting', 'general.webmaster_tools_block', 'Google Webmaster Tools', '2023-02-20 00:12:23', '2023-02-20 00:12:23'),
	(1240, 1, 'en', 'core/setting/setting', 'general.placeholder.site_title', 'Site Title (maximum 120 characters)', '2023-02-20 00:12:23', '2023-02-20 00:12:23'),
	(1241, 1, 'en', 'core/setting/setting', 'general.placeholder.admin_email', 'Admin Email', '2023-02-20 00:12:23', '2023-02-20 00:12:23'),
	(1242, 1, 'en', 'core/setting/setting', 'general.placeholder.seo_title', 'SEO Title (maximum 120 characters)', '2023-02-20 00:12:23', '2023-02-20 00:12:23'),
	(1243, 1, 'en', 'core/setting/setting', 'general.placeholder.seo_description', 'SEO Description (maximum 120 characters)', '2023-02-20 00:12:23', '2023-02-20 00:12:23'),
	(1244, 1, 'en', 'core/setting/setting', 'general.placeholder.google_analytics', 'Google Analytics', '2023-02-20 00:12:23', '2023-02-20 00:12:23'),
	(1245, 1, 'en', 'core/setting/setting', 'general.cache_admin_menu', 'Cache admin menu?', '2023-02-20 00:12:23', '2023-02-20 00:12:23'),
	(1246, 1, 'en', 'core/setting/setting', 'general.enable_send_error_reporting_via_email', 'Enable to send error reporting via email?', '2023-02-20 00:12:23', '2023-02-20 00:12:23'),
	(1247, 1, 'en', 'core/setting/setting', 'general.time_zone', 'Timezone', '2023-02-20 00:12:23', '2023-02-20 00:12:23'),
	(1248, 1, 'en', 'core/setting/setting', 'general.default_admin_theme', 'Default admin theme', '2023-02-20 00:12:23', '2023-02-20 00:12:23'),
	(1249, 1, 'en', 'core/setting/setting', 'general.enable_change_admin_theme', 'Enable change admin theme?', '2023-02-20 00:12:23', '2023-02-20 00:12:23'),
	(1250, 1, 'en', 'core/setting/setting', 'general.enable', 'Enable', '2023-02-20 00:12:23', '2023-02-20 00:12:23'),
	(1251, 1, 'en', 'core/setting/setting', 'general.disable', 'Disable', '2023-02-20 00:12:23', '2023-02-20 00:12:23'),
	(1252, 1, 'en', 'core/setting/setting', 'general.enable_cache', 'Enable cache?', '2023-02-20 00:12:23', '2023-02-20 00:12:23'),
	(1253, 1, 'en', 'core/setting/setting', 'general.cache_time', 'Cache time (minutes)', '2023-02-20 00:12:23', '2023-02-20 00:12:23'),
	(1254, 1, 'en', 'core/setting/setting', 'general.enable_cache_site_map', 'Enable cache site map?', '2023-02-20 00:12:23', '2023-02-20 00:12:23'),
	(1255, 1, 'en', 'core/setting/setting', 'general.cache_time_site_map', 'Cache Time Site map (minutes)', '2023-02-20 00:12:23', '2023-02-20 00:12:23'),
	(1256, 1, 'en', 'core/setting/setting', 'general.admin_logo', 'Admin logo', '2023-02-20 00:12:23', '2023-02-20 00:12:23'),
	(1257, 1, 'en', 'core/setting/setting', 'general.admin_favicon', 'Admin favicon', '2023-02-20 00:12:23', '2023-02-20 00:12:23'),
	(1258, 1, 'en', 'core/setting/setting', 'general.admin_title', 'Admin title', '2023-02-20 00:12:23', '2023-02-20 00:12:23'),
	(1259, 1, 'en', 'core/setting/setting', 'general.admin_title_placeholder', 'Title show to tab of browser', '2023-02-20 00:12:23', '2023-02-20 00:12:23'),
	(1260, 1, 'en', 'core/setting/setting', 'general.cache_block', 'Cache', '2023-02-20 00:12:23', '2023-02-20 00:12:23'),
	(1261, 1, 'en', 'core/setting/setting', 'general.admin_appearance_title', 'Admin appearance', '2023-02-20 00:12:23', '2023-02-20 00:12:23'),
	(1262, 1, 'en', 'core/setting/setting', 'general.admin_appearance_description', 'Setting admin appearance such as editor, language...', '2023-02-20 00:12:23', '2023-02-20 00:12:23'),
	(1263, 1, 'en', 'core/setting/setting', 'general.seo_block_description', 'Setting site title, site meta description, site keyword for optimize SEO', '2023-02-20 00:12:23', '2023-02-20 00:12:23'),
	(1264, 1, 'en', 'core/setting/setting', 'general.webmaster_tools_description', 'Google Webmaster Tools (GWT) is free software that helps you manage the technical side of your website', '2023-02-20 00:12:23', '2023-02-20 00:12:23'),
	(1265, 1, 'en', 'core/setting/setting', 'general.cache_description', 'Config cache for system for optimize speed', '2023-02-20 00:12:23', '2023-02-20 00:12:23'),
	(1266, 1, 'en', 'core/setting/setting', 'general.yes', 'Yes', '2023-02-20 00:12:23', '2023-02-20 00:12:23'),
	(1267, 1, 'en', 'core/setting/setting', 'general.no', 'No', '2023-02-20 00:12:23', '2023-02-20 00:12:23'),
	(1268, 1, 'en', 'core/setting/setting', 'general.show_on_front', 'Your homepage displays', '2023-02-20 00:12:23', '2023-02-20 00:12:23'),
	(1269, 1, 'en', 'core/setting/setting', 'general.select', '— Select —', '2023-02-20 00:12:23', '2023-02-20 00:12:23'),
	(1270, 1, 'en', 'core/setting/setting', 'general.show_site_name', 'Show site name after page title, separate with "-"?', '2023-02-20 00:12:23', '2023-02-20 00:12:23'),
	(1271, 1, 'en', 'core/setting/setting', 'general.locale', 'Site language', '2023-02-20 00:12:23', '2023-02-20 00:12:23'),
	(1272, 1, 'en', 'core/setting/setting', 'general.locale_direction', 'Front site language direction', '2023-02-20 00:12:23', '2023-02-20 00:12:23'),
	(1273, 1, 'en', 'core/setting/setting', 'general.admin_locale_direction', 'Admin language direction', '2023-02-20 00:12:23', '2023-02-20 00:12:23'),
	(1274, 1, 'en', 'core/setting/setting', 'general.admin_login_screen_backgrounds', 'Login screen backgrounds (~1366x768)', '2023-02-20 00:12:23', '2023-02-20 00:12:23'),
	(1275, 1, 'en', 'core/setting/setting', 'general.minutes', 'minutes', '2023-02-20 00:12:23', '2023-02-20 00:12:23'),
	(1276, 1, 'en', 'core/setting/setting', 'email.subject', 'Subject', '2023-02-20 00:12:23', '2023-02-20 00:12:23'),
	(1277, 1, 'en', 'core/setting/setting', 'email.content', 'Content', '2023-02-20 00:12:23', '2023-02-20 00:12:23'),
	(1278, 1, 'en', 'core/setting/setting', 'email.title', 'Setting for email template', '2023-02-20 00:12:23', '2023-02-20 00:12:23'),
	(1279, 1, 'en', 'core/setting/setting', 'email.description', 'Email template using HTML & system variables.', '2023-02-20 00:12:23', '2023-02-20 00:12:23'),
	(1280, 1, 'en', 'core/setting/setting', 'email.reset_to_default', 'Reset to default', '2023-02-20 00:12:23', '2023-02-20 00:12:23'),
	(1281, 1, 'en', 'core/setting/setting', 'email.back', 'Back to settings', '2023-02-20 00:12:23', '2023-02-20 00:12:23'),
	(1282, 1, 'en', 'core/setting/setting', 'email.reset_success', 'Reset back to default successfully', '2023-02-20 00:12:23', '2023-02-20 00:12:23'),
	(1283, 1, 'en', 'core/setting/setting', 'email.confirm_reset', 'Confirm reset email template?', '2023-02-20 00:12:23', '2023-02-20 00:12:23'),
	(1284, 1, 'en', 'core/setting/setting', 'email.confirm_message', 'Do you really want to reset this email template to default?', '2023-02-20 00:12:23', '2023-02-20 00:12:23'),
	(1285, 1, 'en', 'core/setting/setting', 'email.continue', 'Continue', '2023-02-20 00:12:23', '2023-02-20 00:12:23'),
	(1286, 1, 'en', 'core/setting/setting', 'email.sender_name', 'Sender name', '2023-02-20 00:12:23', '2023-02-20 00:12:23'),
	(1287, 1, 'en', 'core/setting/setting', 'email.sender_name_placeholder', 'Name', '2023-02-20 00:12:23', '2023-02-20 00:12:23'),
	(1288, 1, 'en', 'core/setting/setting', 'email.sender_email', 'Sender email', '2023-02-20 00:12:23', '2023-02-20 00:12:23'),
	(1289, 1, 'en', 'core/setting/setting', 'email.mailer', 'Mailer', '2023-02-20 00:12:23', '2023-02-20 00:12:23'),
	(1290, 1, 'en', 'core/setting/setting', 'email.port', 'Port', '2023-02-20 00:12:23', '2023-02-20 00:12:23'),
	(1291, 1, 'en', 'core/setting/setting', 'email.port_placeholder', 'Ex: 587', '2023-02-20 00:12:23', '2023-02-20 00:12:23'),
	(1292, 1, 'en', 'core/setting/setting', 'email.host', 'Host', '2023-02-20 00:12:23', '2023-02-20 00:12:23'),
	(1293, 1, 'en', 'core/setting/setting', 'email.host_placeholder', 'Ex: smtp.gmail.com', '2023-02-20 00:12:23', '2023-02-20 00:12:23'),
	(1294, 1, 'en', 'core/setting/setting', 'email.username', 'Username', '2023-02-20 00:12:23', '2023-02-20 00:12:23'),
	(1295, 1, 'en', 'core/setting/setting', 'email.username_placeholder', 'Username to login to mail server', '2023-02-20 00:12:23', '2023-02-20 00:12:23'),
	(1296, 1, 'en', 'core/setting/setting', 'email.password', 'Password', '2023-02-20 00:12:23', '2023-02-20 00:12:23'),
	(1297, 1, 'en', 'core/setting/setting', 'email.password_placeholder', 'Password to login to mail server', '2023-02-20 00:12:23', '2023-02-20 00:12:23'),
	(1298, 1, 'en', 'core/setting/setting', 'email.encryption', 'Encryption', '2023-02-20 00:12:23', '2023-02-20 00:12:23'),
	(1299, 1, 'en', 'core/setting/setting', 'email.mail_gun_domain', 'Domain', '2023-02-20 00:12:23', '2023-02-20 00:12:23'),
	(1300, 1, 'en', 'core/setting/setting', 'email.mail_gun_domain_placeholder', 'Domain', '2023-02-20 00:12:23', '2023-02-20 00:12:23'),
	(1301, 1, 'en', 'core/setting/setting', 'email.mail_gun_secret', 'Secret', '2023-02-20 00:12:23', '2023-02-20 00:12:23'),
	(1302, 1, 'en', 'core/setting/setting', 'email.mail_gun_secret_placeholder', 'Secret', '2023-02-20 00:12:23', '2023-02-20 00:12:23'),
	(1303, 1, 'en', 'core/setting/setting', 'email.mail_gun_endpoint', 'Endpoint', '2023-02-20 00:12:23', '2023-02-20 00:12:23'),
	(1304, 1, 'en', 'core/setting/setting', 'email.mail_gun_endpoint_placeholder', 'Endpoint', '2023-02-20 00:12:23', '2023-02-20 00:12:23'),
	(1305, 1, 'en', 'core/setting/setting', 'email.log_channel', 'Log channel', '2023-02-20 00:12:23', '2023-02-20 00:12:23'),
	(1306, 1, 'en', 'core/setting/setting', 'email.sendmail_path', 'Sendmail Path', '2023-02-20 00:12:23', '2023-02-20 00:12:23'),
	(1307, 1, 'en', 'core/setting/setting', 'email.encryption_placeholder', 'Encryption: ssl or tls', '2023-02-20 00:12:23', '2023-02-20 00:12:23'),
	(1308, 1, 'en', 'core/setting/setting', 'email.ses_key', 'Key', '2023-02-20 00:12:23', '2023-02-20 00:12:23'),
	(1309, 1, 'en', 'core/setting/setting', 'email.ses_key_placeholder', 'Key', '2023-02-20 00:12:23', '2023-02-20 00:12:23'),
	(1310, 1, 'en', 'core/setting/setting', 'email.ses_secret', 'Secret', '2023-02-20 00:12:23', '2023-02-20 00:12:23'),
	(1311, 1, 'en', 'core/setting/setting', 'email.ses_secret_placeholder', 'Secret', '2023-02-20 00:12:23', '2023-02-20 00:12:23'),
	(1312, 1, 'en', 'core/setting/setting', 'email.ses_region', 'Region', '2023-02-20 00:12:23', '2023-02-20 00:12:23'),
	(1313, 1, 'en', 'core/setting/setting', 'email.ses_region_placeholder', 'Region', '2023-02-20 00:12:23', '2023-02-20 00:12:23'),
	(1314, 1, 'en', 'core/setting/setting', 'email.postmark_token', 'Token', '2023-02-20 00:12:23', '2023-02-20 00:12:23'),
	(1315, 1, 'en', 'core/setting/setting', 'email.postmark_token_placeholder', 'Token', '2023-02-20 00:12:23', '2023-02-20 00:12:23'),
	(1316, 1, 'en', 'core/setting/setting', 'email.template_title', 'Email templates', '2023-02-20 00:12:23', '2023-02-20 00:12:23'),
	(1317, 1, 'en', 'core/setting/setting', 'email.template_description', 'Base templates for all emails', '2023-02-20 00:12:23', '2023-02-20 00:12:23'),
	(1318, 1, 'en', 'core/setting/setting', 'email.template_header', 'Email template header', '2023-02-20 00:12:23', '2023-02-20 00:12:23'),
	(1319, 1, 'en', 'core/setting/setting', 'email.template_header_description', 'Template for header of emails', '2023-02-20 00:12:23', '2023-02-20 00:12:23'),
	(1320, 1, 'en', 'core/setting/setting', 'email.template_footer', 'Email template footer', '2023-02-20 00:12:23', '2023-02-20 00:12:23'),
	(1321, 1, 'en', 'core/setting/setting', 'email.template_footer_description', 'Template for footer of emails', '2023-02-20 00:12:23', '2023-02-20 00:12:23'),
	(1322, 1, 'en', 'core/setting/setting', 'email.default', 'Default', '2023-02-20 00:12:23', '2023-02-20 00:12:23'),
	(1323, 1, 'en', 'core/setting/setting', 'email.using_queue_to_send_mail', 'Using queue job to send emails (Must to setup Queue first https://laravel.com/docs/queues#supervisor-configuration)', '2023-02-20 00:12:23', '2023-02-20 00:12:23'),
	(1324, 1, 'en', 'core/setting/setting', 'media.title', 'Media', '2023-02-20 00:12:23', '2023-02-20 00:12:23'),
	(1325, 1, 'en', 'core/setting/setting', 'media.driver', 'Driver', '2023-02-20 00:12:23', '2023-02-20 00:12:23'),
	(1326, 1, 'en', 'core/setting/setting', 'media.description', 'Settings for media', '2023-02-20 00:12:23', '2023-02-20 00:12:23'),
	(1327, 1, 'en', 'core/setting/setting', 'media.aws_access_key_id', 'AWS Access Key ID', '2023-02-20 00:12:23', '2023-02-20 00:12:23'),
	(1328, 1, 'en', 'core/setting/setting', 'media.aws_secret_key', 'AWS Secret Key', '2023-02-20 00:12:23', '2023-02-20 00:12:23'),
	(1329, 1, 'en', 'core/setting/setting', 'media.aws_default_region', 'AWS Default Region', '2023-02-20 00:12:23', '2023-02-20 00:12:23'),
	(1330, 1, 'en', 'core/setting/setting', 'media.aws_bucket', 'AWS Bucket', '2023-02-20 00:12:23', '2023-02-20 00:12:23'),
	(1331, 1, 'en', 'core/setting/setting', 'media.aws_url', 'AWS URL', '2023-02-20 00:12:23', '2023-02-20 00:12:23'),
	(1332, 1, 'en', 'core/setting/setting', 'media.aws_endpoint', 'AWS Endpoint (Optional)', '2023-02-20 00:12:23', '2023-02-20 00:12:23'),
	(1333, 1, 'en', 'core/setting/setting', 'media.do_spaces_access_key_id', 'DO Spaces Access Key ID', '2023-02-20 00:12:23', '2023-02-20 00:12:23'),
	(1334, 1, 'en', 'core/setting/setting', 'media.do_spaces_secret_key', 'DO Spaces Secret Key', '2023-02-20 00:12:23', '2023-02-20 00:12:23'),
	(1335, 1, 'en', 'core/setting/setting', 'media.do_spaces_default_region', 'DO Spaces Default Region', '2023-02-20 00:12:23', '2023-02-20 00:12:23'),
	(1336, 1, 'en', 'core/setting/setting', 'media.do_spaces_bucket', 'DO Spaces Bucket', '2023-02-20 00:12:23', '2023-02-20 00:12:23'),
	(1337, 1, 'en', 'core/setting/setting', 'media.do_spaces_endpoint', 'DO Spaces Endpoint', '2023-02-20 00:12:23', '2023-02-20 00:12:23'),
	(1338, 1, 'en', 'core/setting/setting', 'media.do_spaces_cdn_enabled', 'Is DO Spaces CDN enabled?', '2023-02-20 00:12:23', '2023-02-20 00:12:23'),
	(1339, 1, 'en', 'core/setting/setting', 'media.media_do_spaces_cdn_custom_domain', 'Do Spaces CDN custom domain', '2023-02-20 00:12:23', '2023-02-20 00:12:23'),
	(1340, 1, 'en', 'core/setting/setting', 'media.media_do_spaces_cdn_custom_domain_placeholder', 'https://your-custom-domain.com', '2023-02-20 00:12:23', '2023-02-20 00:12:23'),
	(1341, 1, 'en', 'core/setting/setting', 'media.wasabi_access_key_id', 'Wasabi Access Key ID', '2023-02-20 00:12:23', '2023-02-20 00:12:23'),
	(1342, 1, 'en', 'core/setting/setting', 'media.wasabi_secret_key', 'Wasabi Secret Key', '2023-02-20 00:12:23', '2023-02-20 00:12:23'),
	(1343, 1, 'en', 'core/setting/setting', 'media.wasabi_default_region', 'Wasabi Default Region', '2023-02-20 00:12:23', '2023-02-20 00:12:23'),
	(1344, 1, 'en', 'core/setting/setting', 'media.wasabi_bucket', 'Wasabi Bucket', '2023-02-20 00:12:23', '2023-02-20 00:12:23'),
	(1345, 1, 'en', 'core/setting/setting', 'media.wasabi_root', 'Wasabi Root', '2023-02-20 00:12:23', '2023-02-20 00:12:23'),
	(1346, 1, 'en', 'core/setting/setting', 'media.default_placeholder_image', 'Default placeholder image', '2023-02-20 00:12:23', '2023-02-20 00:12:23'),
	(1347, 1, 'en', 'core/setting/setting', 'media.enable_chunk', 'Enable chunk size upload?', '2023-02-20 00:12:23', '2023-02-20 00:12:23'),
	(1348, 1, 'en', 'core/setting/setting', 'media.chunk_size', 'Chunk size (Bytes)', '2023-02-20 00:12:23', '2023-02-20 00:12:23'),
	(1349, 1, 'en', 'core/setting/setting', 'media.chunk_size_placeholder', 'Default: 1048576 ~ 1MB', '2023-02-20 00:12:23', '2023-02-20 00:12:23'),
	(1350, 1, 'en', 'core/setting/setting', 'media.max_file_size', 'Chunk max file size (MB)', '2023-02-20 00:12:23', '2023-02-20 00:12:23'),
	(1351, 1, 'en', 'core/setting/setting', 'media.max_file_size_placeholder', 'Default: 1048576 ~ 1GB', '2023-02-20 00:12:23', '2023-02-20 00:12:23'),
	(1352, 1, 'en', 'core/setting/setting', 'media.enable_watermark', 'Enable watermark?', '2023-02-20 00:12:23', '2023-02-20 00:12:23'),
	(1353, 1, 'en', 'core/setting/setting', 'media.watermark_source', 'Watermark image', '2023-02-20 00:12:23', '2023-02-20 00:12:23'),
	(1354, 1, 'en', 'core/setting/setting', 'media.watermark_size', 'Size of watermark (%)', '2023-02-20 00:12:23', '2023-02-20 00:12:23'),
	(1355, 1, 'en', 'core/setting/setting', 'media.watermark_size_placeholder', 'Default: 10 (%)', '2023-02-20 00:12:23', '2023-02-20 00:12:23'),
	(1356, 1, 'en', 'core/setting/setting', 'media.watermark_opacity', 'Watermark Opacity (%)', '2023-02-20 00:12:23', '2023-02-20 00:12:23'),
	(1357, 1, 'en', 'core/setting/setting', 'media.watermark_opacity_placeholder', 'Default: 70 (%)', '2023-02-20 00:12:23', '2023-02-20 00:12:23'),
	(1358, 1, 'en', 'core/setting/setting', 'media.watermark_position', 'Watermark position', '2023-02-20 00:12:23', '2023-02-20 00:12:23'),
	(1359, 1, 'en', 'core/setting/setting', 'media.watermark_position_x', 'Watermark position X', '2023-02-20 00:12:23', '2023-02-20 00:12:23'),
	(1360, 1, 'en', 'core/setting/setting', 'media.watermark_position_y', 'Watermark position Y', '2023-02-20 00:12:23', '2023-02-20 00:12:23'),
	(1361, 1, 'en', 'core/setting/setting', 'media.watermark_position_top_left', 'Top left', '2023-02-20 00:12:23', '2023-02-20 00:12:23'),
	(1362, 1, 'en', 'core/setting/setting', 'media.watermark_position_top_right', 'Top right', '2023-02-20 00:12:23', '2023-02-20 00:12:23'),
	(1363, 1, 'en', 'core/setting/setting', 'media.watermark_position_bottom_left', 'Bottom left', '2023-02-20 00:12:23', '2023-02-20 00:12:23'),
	(1364, 1, 'en', 'core/setting/setting', 'media.watermark_position_bottom_right', 'Bottom right', '2023-02-20 00:12:23', '2023-02-20 00:12:23'),
	(1365, 1, 'en', 'core/setting/setting', 'media.watermark_position_center', 'Center', '2023-02-20 00:12:23', '2023-02-20 00:12:23'),
	(1366, 1, 'en', 'core/setting/setting', 'media.turn_off_automatic_url_translation_into_latin', 'Turn off automatic URL translation into Latin?', '2023-02-20 00:12:23', '2023-02-20 00:12:23'),
	(1367, 1, 'en', 'core/setting/setting', 'media.bunnycdn_hostname', 'Hostname', '2023-02-20 00:12:23', '2023-02-20 00:12:23'),
	(1368, 1, 'en', 'core/setting/setting', 'media.bunnycdn_zone', 'Zone Name (The name of your storage zone)', '2023-02-20 00:12:23', '2023-02-20 00:12:23'),
	(1369, 1, 'en', 'core/setting/setting', 'media.bunnycdn_key', 'FTP & API Access Password (The storage zone API Access Password)', '2023-02-20 00:12:23', '2023-02-20 00:12:23'),
	(1370, 1, 'en', 'core/setting/setting', 'media.bunnycdn_region', 'Region (The storage zone region)', '2023-02-20 00:12:23', '2023-02-20 00:12:23'),
	(1371, 1, 'en', 'core/setting/setting', 'media.optional', 'Optional', '2023-02-20 00:12:23', '2023-02-20 00:12:23'),
	(1372, 1, 'en', 'core/setting/setting', 'media.sizes', 'Media thumbnails sizes', '2023-02-20 00:12:23', '2023-02-20 00:12:23'),
	(1373, 1, 'en', 'core/setting/setting', 'media.media_sizes_helper', 'Set width or height to 0 if you just want to crop by width or height. Need to click on "Generate thumbnails" to apply changes.', '2023-02-20 00:12:23', '2023-02-20 00:12:23'),
	(1374, 1, 'en', 'core/setting/setting', 'media.width', 'Width', '2023-02-20 00:12:23', '2023-02-20 00:12:23'),
	(1375, 1, 'en', 'core/setting/setting', 'media.height', 'Height', '2023-02-20 00:12:23', '2023-02-20 00:12:23'),
	(1376, 1, 'en', 'core/setting/setting', 'media.default_size_value', 'Default: :size', '2023-02-20 00:12:23', '2023-02-20 00:12:23'),
	(1377, 1, 'en', 'core/setting/setting', 'media.all', 'All', '2023-02-20 00:12:23', '2023-02-20 00:12:23'),
	(1378, 1, 'en', 'core/setting/setting', 'media.media_folders_can_add_watermark', 'Add watermark for images in folders:', '2023-02-20 00:12:23', '2023-02-20 00:12:23'),
	(1379, 1, 'en', 'core/setting/setting', 'media.max_upload_filesize', 'Max upload filesize (MB)', '2023-02-20 00:12:23', '2023-02-20 00:12:23'),
	(1380, 1, 'en', 'core/setting/setting', 'media.max_upload_filesize_placeholder', 'Default: :size, must less than :size.', '2023-02-20 00:12:23', '2023-02-20 00:12:23'),
	(1381, 1, 'en', 'core/setting/setting', 'media.max_upload_filesize_helper', 'Your server allows to upload files maximum :size, you can change this value to limit upload filesize.', '2023-02-20 00:12:23', '2023-02-20 00:12:23'),
	(1382, 1, 'en', 'core/setting/setting', 'license.purchase_code', 'Purchase code', '2023-02-20 00:12:23', '2023-02-20 00:12:23'),
	(1383, 1, 'en', 'core/setting/setting', 'license.buyer', 'Buyer', '2023-02-20 00:12:23', '2023-02-20 00:12:23'),
	(1384, 1, 'en', 'core/setting/setting', 'field_type_not_exists', 'This field type does not exist', '2023-02-20 00:12:23', '2023-02-20 00:12:23'),
	(1385, 1, 'en', 'core/setting/setting', 'save_settings', 'Save settings', '2023-02-20 00:12:23', '2023-02-20 00:12:23'),
	(1386, 1, 'en', 'core/setting/setting', 'template', 'Template', '2023-02-20 00:12:23', '2023-02-20 00:12:23'),
	(1387, 1, 'en', 'core/setting/setting', 'description', 'Description', '2023-02-20 00:12:23', '2023-02-20 00:12:23'),
	(1388, 1, 'en', 'core/setting/setting', 'enable', 'Enable', '2023-02-20 00:12:23', '2023-02-20 00:12:23'),
	(1389, 1, 'en', 'core/setting/setting', 'send', 'Send', '2023-02-20 00:12:23', '2023-02-20 00:12:23'),
	(1390, 1, 'en', 'core/setting/setting', 'test_email_description', 'To send test email, please make sure you are updated configuration to send mail!', '2023-02-20 00:12:23', '2023-02-20 00:12:23'),
	(1391, 1, 'en', 'core/setting/setting', 'test_email_input_placeholder', 'Enter the email which you want to send test email.', '2023-02-20 00:12:23', '2023-02-20 00:12:23'),
	(1392, 1, 'en', 'core/setting/setting', 'test_email_modal_title', 'Send a test email', '2023-02-20 00:12:23', '2023-02-20 00:12:23'),
	(1393, 1, 'en', 'core/setting/setting', 'test_send_mail', 'Send test mail', '2023-02-20 00:12:23', '2023-02-20 00:12:23'),
	(1394, 1, 'en', 'core/setting/setting', 'test_email_send_success', 'Send email successfully!', '2023-02-20 00:12:23', '2023-02-20 00:12:23'),
	(1395, 1, 'en', 'core/setting/setting', 'locale_direction_ltr', 'Left to Right', '2023-02-20 00:12:23', '2023-02-20 00:12:23'),
	(1396, 1, 'en', 'core/setting/setting', 'locale_direction_rtl', 'Right to Left', '2023-02-20 00:12:23', '2023-02-20 00:12:23'),
	(1397, 1, 'en', 'core/setting/setting', 'saving', 'Saving...', '2023-02-20 00:12:23', '2023-02-20 00:12:23'),
	(1398, 1, 'en', 'core/setting/setting', 'emails_warning', 'You can add up to :count emails', '2023-02-20 00:12:23', '2023-02-20 00:12:23'),
	(1399, 1, 'en', 'core/setting/setting', 'email_add_more', 'Add more', '2023-02-20 00:12:23', '2023-02-20 00:12:23'),
	(1400, 1, 'en', 'core/setting/setting', 'generate', 'Generate', '2023-02-20 00:12:23', '2023-02-20 00:12:23'),
	(1401, 1, 'en', 'core/setting/setting', 'generate_thumbnails', 'Generate thumbnails', '2023-02-20 00:12:23', '2023-02-20 00:12:23'),
	(1402, 1, 'en', 'core/setting/setting', 'generate_thumbnails_success', 'Generate thumbnails successfully. :count files are generated!', '2023-02-20 00:12:23', '2023-02-20 00:12:23'),
	(1403, 1, 'en', 'core/setting/setting', 'generate_thumbnails_error', 'We are unable to regenerate thumbnail for these files :count files!', '2023-02-20 00:12:23', '2023-02-20 00:12:23'),
	(1404, 1, 'en', 'core/setting/setting', 'generate_thumbnails_description', 'Are you sure you want to re-generate thumbnails for all images? It will take time so please DO NOT leave this page, wait until it is finished.', '2023-02-20 00:12:23', '2023-02-20 00:12:23'),
	(1405, 1, 'en', 'core/setting/setting', 'enable_chunk_description', 'Chunk size upload is used to upload large file size.', '2023-02-20 00:12:23', '2023-02-20 00:12:23'),
	(1406, 1, 'en', 'core/setting/setting', 'watermark_description', 'WARNING: Watermark is just added to new uploaded images, it won\'t be added to existing images. Disable watermark won\'t remove watermark from existing images.', '2023-02-20 00:12:23', '2023-02-20 00:12:23'),
	(1407, 1, 'vi', 'core/setting/setting', 'title', 'Cài đặt', '2023-02-20 00:12:23', '2023-02-20 00:12:23'),
	(1408, 1, 'vi', 'core/setting/setting', 'general.theme', 'Giao diện', '2023-02-20 00:12:23', '2023-02-20 00:12:23'),
	(1409, 1, 'vi', 'core/setting/setting', 'general.description', 'Cấu hình những thông tin cài đặt website.', '2023-02-20 00:12:23', '2023-02-20 00:12:23'),
	(1410, 1, 'vi', 'core/setting/setting', 'general.title', 'Thông tin chung', '2023-02-20 00:12:23', '2023-02-20 00:12:23'),
	(1411, 1, 'vi', 'core/setting/setting', 'general.general_block', 'Thông tin chung', '2023-02-20 00:12:23', '2023-02-20 00:12:23'),
	(1412, 1, 'vi', 'core/setting/setting', 'general.site_title', 'Tên trang', '2023-02-20 00:12:23', '2023-02-20 00:12:23'),
	(1413, 1, 'vi', 'core/setting/setting', 'general.admin_email', 'Email quản trị viên', '2023-02-20 00:12:23', '2023-02-20 00:12:23'),
	(1414, 1, 'vi', 'core/setting/setting', 'general.seo_block', 'Cấu hình SEO', '2023-02-20 00:12:23', '2023-02-20 00:12:23'),
	(1415, 1, 'vi', 'core/setting/setting', 'general.seo_title', 'Tiêu đề SEO', '2023-02-20 00:12:23', '2023-02-20 00:12:23'),
	(1416, 1, 'vi', 'core/setting/setting', 'general.seo_description', 'Mô tả SEO', '2023-02-20 00:12:23', '2023-02-20 00:12:23'),
	(1417, 1, 'vi', 'core/setting/setting', 'general.webmaster_tools_block', 'Google Webmaster Tools', '2023-02-20 00:12:23', '2023-02-20 00:12:23'),
	(1418, 1, 'vi', 'core/setting/setting', 'general.placeholder.site_title', 'Tên trang (tối đa 120 kí tự)', '2023-02-20 00:12:23', '2023-02-20 00:12:23'),
	(1419, 1, 'vi', 'core/setting/setting', 'general.placeholder.admin_email', 'Admin Email', '2023-02-20 00:12:23', '2023-02-20 00:12:23'),
	(1420, 1, 'vi', 'core/setting/setting', 'general.placeholder.google_analytics', 'Ví dụ: UA-42767940-2', '2023-02-20 00:12:23', '2023-02-20 00:12:23'),
	(1421, 1, 'vi', 'core/setting/setting', 'general.placeholder.seo_title', 'Tiêu đề SEO (tối đa 120 kí tự)', '2023-02-20 00:12:23', '2023-02-20 00:12:23'),
	(1422, 1, 'vi', 'core/setting/setting', 'general.placeholder.seo_description', 'Mô tả SEO (tối đa 120 kí tự)', '2023-02-20 00:12:23', '2023-02-20 00:12:23'),
	(1423, 1, 'vi', 'core/setting/setting', 'general.enable_change_admin_theme', 'Cho phép thay đổi giao diện quản trị?', '2023-02-20 00:12:23', '2023-02-20 00:12:23'),
	(1424, 1, 'vi', 'core/setting/setting', 'general.enable', 'Bật', '2023-02-20 00:12:23', '2023-02-20 00:12:23'),
	(1425, 1, 'vi', 'core/setting/setting', 'general.disable', 'Tắt', '2023-02-20 00:12:23', '2023-02-20 00:12:23'),
	(1426, 1, 'vi', 'core/setting/setting', 'general.enable_cache', 'Bật bộ nhớ đệm?', '2023-02-20 00:12:23', '2023-02-20 00:12:23'),
	(1427, 1, 'vi', 'core/setting/setting', 'general.cache_time', 'Thời gian lưu bộ nhớ đệm (phút)', '2023-02-20 00:12:23', '2023-02-20 00:12:23'),
	(1428, 1, 'vi', 'core/setting/setting', 'general.cache_time_site_map', 'Thời gian lưu sơ đồ trang trong bộ nhớ đệm', '2023-02-20 00:12:23', '2023-02-20 00:12:23'),
	(1429, 1, 'vi', 'core/setting/setting', 'general.admin_logo', 'Logo trang quản trị', '2023-02-20 00:12:23', '2023-02-20 00:12:23'),
	(1430, 1, 'vi', 'core/setting/setting', 'general.admin_title', 'Tiêu đề trang quản trị', '2023-02-20 00:12:23', '2023-02-20 00:12:23'),
	(1431, 1, 'vi', 'core/setting/setting', 'general.admin_title_placeholder', 'Tiêu đề hiển thị trên thẻ trình duyệt', '2023-02-20 00:12:23', '2023-02-20 00:12:23'),
	(1432, 1, 'vi', 'core/setting/setting', 'general.rich_editor', 'Bộ soạn thảo văn bản', '2023-02-20 00:12:23', '2023-02-20 00:12:23'),
	(1433, 1, 'vi', 'core/setting/setting', 'general.cache_block', 'Bộ nhớ đệm', '2023-02-20 00:12:23', '2023-02-20 00:12:23'),
	(1434, 1, 'vi', 'core/setting/setting', 'general.yes', 'Bật', '2023-02-20 00:12:23', '2023-02-20 00:12:23'),
	(1435, 1, 'vi', 'core/setting/setting', 'general.no', 'Tắt', '2023-02-20 00:12:23', '2023-02-20 00:12:23'),
	(1436, 1, 'vi', 'core/setting/setting', 'general.locale', 'Ngôn ngữ', '2023-02-20 00:12:23', '2023-02-20 00:12:23'),
	(1437, 1, 'vi', 'core/setting/setting', 'general.admin_appearance_description', 'Setting admin appearance such as editor, language...', '2023-02-20 00:12:23', '2023-02-20 00:12:23'),
	(1438, 1, 'vi', 'core/setting/setting', 'general.admin_appearance_title', 'Admin appearance', '2023-02-20 00:12:23', '2023-02-20 00:12:23'),
	(1439, 1, 'vi', 'core/setting/setting', 'general.admin_login_screen_backgrounds', 'Login screen backgrounds (~1366x768)', '2023-02-20 00:12:23', '2023-02-20 00:12:23'),
	(1440, 1, 'vi', 'core/setting/setting', 'general.admin_favicon', 'Admin favicon', '2023-02-20 00:12:23', '2023-02-20 00:12:23'),
	(1441, 1, 'vi', 'core/setting/setting', 'general.cache_admin_menu', 'Cache admin menu?', '2023-02-20 00:12:23', '2023-02-20 00:12:23'),
	(1442, 1, 'vi', 'core/setting/setting', 'general.cache_description', 'Config cache for system for optimize speed', '2023-02-20 00:12:23', '2023-02-20 00:12:23'),
	(1443, 1, 'vi', 'core/setting/setting', 'general.default_admin_theme', 'Default admin theme', '2023-02-20 00:12:23', '2023-02-20 00:12:23'),
	(1444, 1, 'vi', 'core/setting/setting', 'general.enable_send_error_reporting_via_email', 'Enable to send error reporting via email?', '2023-02-20 00:12:23', '2023-02-20 00:12:23'),
	(1445, 1, 'vi', 'core/setting/setting', 'general.locale_direction', 'Hướng chữ viết', '2023-02-20 00:12:23', '2023-02-20 00:12:23'),
	(1446, 1, 'vi', 'core/setting/setting', 'general.select', '-- Lựa chọn --', '2023-02-20 00:12:23', '2023-02-20 00:12:23'),
	(1447, 1, 'vi', 'core/setting/setting', 'general.seo_block_description', 'Setting site title, site meta description, site keyword for optimize SEO', '2023-02-20 00:12:23', '2023-02-20 00:12:23'),
	(1448, 1, 'vi', 'core/setting/setting', 'general.show_on_front', 'Thiết lập trang chủ', '2023-02-20 00:12:23', '2023-02-20 00:12:23'),
	(1449, 1, 'vi', 'core/setting/setting', 'general.show_site_name', 'Hiển thị tên trang web sau tiêu đề trang, tách biệt bằng "-"?', '2023-02-20 00:12:23', '2023-02-20 00:12:23'),
	(1450, 1, 'vi', 'core/setting/setting', 'general.time_zone', 'Múi giờ', '2023-02-20 00:12:23', '2023-02-20 00:12:23'),
	(1451, 1, 'vi', 'core/setting/setting', 'general.webmaster_tools_description', 'Công cụ quản trị trang web của Google (GWT) là phần mềm miễn phí giúp bạn quản lý khía cạnh kỹ thuật của trang web của mình', '2023-02-20 00:12:23', '2023-02-20 00:12:23'),
	(1452, 1, 'vi', 'core/setting/setting', 'email.subject', 'Tiêu đề', '2023-02-20 00:12:23', '2023-02-20 00:12:23'),
	(1453, 1, 'vi', 'core/setting/setting', 'email.content', 'Nội dung', '2023-02-20 00:12:23', '2023-02-20 00:12:23'),
	(1454, 1, 'vi', 'core/setting/setting', 'email.title', 'Cấu hình email template', '2023-02-20 00:12:23', '2023-02-20 00:12:23'),
	(1455, 1, 'vi', 'core/setting/setting', 'email.description', 'Cấu trúc file template sử dụng HTML và các biến trong hệ thống.', '2023-02-20 00:12:23', '2023-02-20 00:12:23'),
	(1456, 1, 'vi', 'core/setting/setting', 'email.reset_to_default', 'Khôi phục về mặc định', '2023-02-20 00:12:23', '2023-02-20 00:12:23'),
	(1457, 1, 'vi', 'core/setting/setting', 'email.back', 'Trở lại trang cài đặt', '2023-02-20 00:12:23', '2023-02-20 00:12:23'),
	(1458, 1, 'vi', 'core/setting/setting', 'email.reset_success', 'Khôi phục mặc định thành công', '2023-02-20 00:12:23', '2023-02-20 00:12:23'),
	(1459, 1, 'vi', 'core/setting/setting', 'email.confirm_reset', 'Xác nhận khôi phục mặc định?', '2023-02-20 00:12:23', '2023-02-20 00:12:23'),
	(1460, 1, 'vi', 'core/setting/setting', 'email.confirm_message', 'Bạn có chắc chắn muốn khôi phục về bản mặc định?', '2023-02-20 00:12:23', '2023-02-20 00:12:23'),
	(1461, 1, 'vi', 'core/setting/setting', 'email.continue', 'Tiếp tục', '2023-02-20 00:12:23', '2023-02-20 00:12:23'),
	(1462, 1, 'vi', 'core/setting/setting', 'email.sender_name', 'Tên người gửi', '2023-02-20 00:12:23', '2023-02-20 00:12:23'),
	(1463, 1, 'vi', 'core/setting/setting', 'email.sender_name_placeholder', 'Tên', '2023-02-20 00:12:23', '2023-02-20 00:12:23'),
	(1464, 1, 'vi', 'core/setting/setting', 'email.sender_email', 'Email của người gửi', '2023-02-20 00:12:23', '2023-02-20 00:12:23'),
	(1465, 1, 'vi', 'core/setting/setting', 'email.mailer', 'Loại', '2023-02-20 00:12:23', '2023-02-20 00:12:23'),
	(1466, 1, 'vi', 'core/setting/setting', 'email.port', 'Cổng', '2023-02-20 00:12:23', '2023-02-20 00:12:23'),
	(1467, 1, 'vi', 'core/setting/setting', 'email.port_placeholder', 'Ví dụ: 587', '2023-02-20 00:12:23', '2023-02-20 00:12:23'),
	(1468, 1, 'vi', 'core/setting/setting', 'email.host', 'Máy chủ', '2023-02-20 00:12:23', '2023-02-20 00:12:23'),
	(1469, 1, 'vi', 'core/setting/setting', 'email.host_placeholder', 'Ví dụ: smtp.gmail.com', '2023-02-20 00:12:23', '2023-02-20 00:12:23'),
	(1470, 1, 'vi', 'core/setting/setting', 'email.username', 'Tên đăng nhập', '2023-02-20 00:12:23', '2023-02-20 00:12:23'),
	(1471, 1, 'vi', 'core/setting/setting', 'email.username_placeholder', 'Tên đăng nhập vào máy chủ mail', '2023-02-20 00:12:23', '2023-02-20 00:12:23'),
	(1472, 1, 'vi', 'core/setting/setting', 'email.password', 'Mật khẩu', '2023-02-20 00:12:23', '2023-02-20 00:12:23'),
	(1473, 1, 'vi', 'core/setting/setting', 'email.password_placeholder', 'Mật khẩu đăng nhập vào máy chủ mail', '2023-02-20 00:12:23', '2023-02-20 00:12:23'),
	(1474, 1, 'vi', 'core/setting/setting', 'email.encryption', 'Mã hoá', '2023-02-20 00:12:23', '2023-02-20 00:12:23'),
	(1475, 1, 'vi', 'core/setting/setting', 'email.mail_gun_domain', 'Tên miền', '2023-02-20 00:12:23', '2023-02-20 00:12:23'),
	(1476, 1, 'vi', 'core/setting/setting', 'email.mail_gun_domain_placeholder', 'Tên miền', '2023-02-20 00:12:23', '2023-02-20 00:12:23'),
	(1477, 1, 'vi', 'core/setting/setting', 'email.mail_gun_secret', 'Chuỗi bí mật', '2023-02-20 00:12:23', '2023-02-20 00:12:23'),
	(1478, 1, 'vi', 'core/setting/setting', 'email.mail_gun_secret_placeholder', 'Chuỗi bí mật', '2023-02-20 00:12:24', '2023-02-20 00:12:24'),
	(1479, 1, 'vi', 'core/setting/setting', 'email.template_title', 'Mẫu giao diện email', '2023-02-20 00:12:24', '2023-02-20 00:12:24'),
	(1480, 1, 'vi', 'core/setting/setting', 'email.template_description', 'Giao diện mặc định cho tất cả email', '2023-02-20 00:12:24', '2023-02-20 00:12:24'),
	(1481, 1, 'vi', 'core/setting/setting', 'email.template_header', 'Mẫu cho phần trên của email', '2023-02-20 00:12:24', '2023-02-20 00:12:24'),
	(1482, 1, 'vi', 'core/setting/setting', 'email.template_header_description', 'Phần trên của tất cả email', '2023-02-20 00:12:24', '2023-02-20 00:12:24'),
	(1483, 1, 'vi', 'core/setting/setting', 'email.template_footer', 'Mẫu cho phần dưới của email', '2023-02-20 00:12:24', '2023-02-20 00:12:24'),
	(1484, 1, 'vi', 'core/setting/setting', 'email.template_footer_description', 'Phần dưới của tất cả email', '2023-02-20 00:12:24', '2023-02-20 00:12:24'),
	(1485, 1, 'vi', 'core/setting/setting', 'email.default', 'Mặc định', '2023-02-20 00:12:24', '2023-02-20 00:12:24'),
	(1486, 1, 'vi', 'core/setting/setting', 'email.mail_gun_endpoint', 'Endpoint', '2023-02-20 00:12:24', '2023-02-20 00:12:24'),
	(1487, 1, 'vi', 'core/setting/setting', 'email.mail_gun_endpoint_placeholder', 'Endpoint', '2023-02-20 00:12:24', '2023-02-20 00:12:24'),
	(1488, 1, 'vi', 'core/setting/setting', 'email.postmark_token', 'Token', '2023-02-20 00:12:24', '2023-02-20 00:12:24'),
	(1489, 1, 'vi', 'core/setting/setting', 'email.postmark_token_placeholder', 'Token', '2023-02-20 00:12:24', '2023-02-20 00:12:24'),
	(1490, 1, 'vi', 'core/setting/setting', 'email.encryption_placeholder', 'Kiểu mã hóa: ssl hoặc tls', '2023-02-20 00:12:24', '2023-02-20 00:12:24'),
	(1491, 1, 'vi', 'core/setting/setting', 'email.log_channel', 'Phương thức log', '2023-02-20 00:12:24', '2023-02-20 00:12:24'),
	(1492, 1, 'vi', 'core/setting/setting', 'email.sendmail_path', 'Sendmail Path', '2023-02-20 00:12:24', '2023-02-20 00:12:24'),
	(1493, 1, 'vi', 'core/setting/setting', 'email.ses_key', 'Key', '2023-02-20 00:12:24', '2023-02-20 00:12:24'),
	(1494, 1, 'vi', 'core/setting/setting', 'email.ses_key_placeholder', 'Key', '2023-02-20 00:12:24', '2023-02-20 00:12:24'),
	(1495, 1, 'vi', 'core/setting/setting', 'email.ses_region', 'Region', '2023-02-20 00:12:24', '2023-02-20 00:12:24'),
	(1496, 1, 'vi', 'core/setting/setting', 'email.ses_region_placeholder', 'Region', '2023-02-20 00:12:24', '2023-02-20 00:12:24'),
	(1497, 1, 'vi', 'core/setting/setting', 'email.ses_secret', 'Secret', '2023-02-20 00:12:24', '2023-02-20 00:12:24'),
	(1498, 1, 'vi', 'core/setting/setting', 'email.ses_secret_placeholder', 'Secret', '2023-02-20 00:12:24', '2023-02-20 00:12:24'),
	(1499, 1, 'vi', 'core/setting/setting', 'email.using_queue_to_send_mail', 'Sử dụng job queue để gửi email (Trước tiên phải thiết lập Queue https://laravel.com/docs/queues#supervisor-configuration)', '2023-02-20 00:12:24', '2023-02-20 00:12:24'),
	(1500, 1, 'vi', 'core/setting/setting', 'save_settings', 'Lưu cài đặt', '2023-02-20 00:12:24', '2023-02-20 00:12:24'),
	(1501, 1, 'vi', 'core/setting/setting', 'template', 'Mẫu', '2023-02-20 00:12:24', '2023-02-20 00:12:24'),
	(1502, 1, 'vi', 'core/setting/setting', 'description', 'Mô tả', '2023-02-20 00:12:24', '2023-02-20 00:12:24'),
	(1503, 1, 'vi', 'core/setting/setting', 'enable', 'Bật', '2023-02-20 00:12:24', '2023-02-20 00:12:24'),
	(1504, 1, 'vi', 'core/setting/setting', 'test_send_mail', 'Gửi thử nghiệm', '2023-02-20 00:12:24', '2023-02-20 00:12:24'),
	(1505, 1, 'vi', 'core/setting/setting', 'email_setting_title', 'Cấu hình email', '2023-02-20 00:12:24', '2023-02-20 00:12:24'),
	(1506, 1, 'vi', 'core/setting/setting', 'field_type_not_exists', 'Loại field này không được hỗ trợ', '2023-02-20 00:12:24', '2023-02-20 00:12:24'),
	(1507, 1, 'vi', 'core/setting/setting', 'test_email_description', 'Để gửi email thử nghiệm, hãy đảm bảo rằng bạn đã cập nhật cấu hình để gửi thư!', '2023-02-20 00:12:24', '2023-02-20 00:12:24'),
	(1508, 1, 'vi', 'core/setting/setting', 'test_email_input_placeholder', 'Nhập email mà bạn muốn gửi email thử nghiệm.', '2023-02-20 00:12:24', '2023-02-20 00:12:24'),
	(1509, 1, 'vi', 'core/setting/setting', 'test_email_modal_title', 'Gửi một email thử nghiệm', '2023-02-20 00:12:24', '2023-02-20 00:12:24'),
	(1510, 1, 'vi', 'core/setting/setting', 'test_email_send_success', 'Gửi email thành công!', '2023-02-20 00:12:24', '2023-02-20 00:12:24'),
	(1511, 1, 'vi', 'core/setting/setting', 'send', 'Gửi', '2023-02-20 00:12:24', '2023-02-20 00:12:24'),
	(1512, 1, 'vi', 'core/setting/setting', 'license.buyer', 'Tên đăng nhập', '2023-02-20 00:12:24', '2023-02-20 00:12:24'),
	(1513, 1, 'vi', 'core/setting/setting', 'license.purchase_code', 'Purchase code', '2023-02-20 00:12:24', '2023-02-20 00:12:24'),
	(1514, 1, 'vi', 'core/setting/setting', 'locale_direction_ltr', 'Trái sang phải', '2023-02-20 00:12:24', '2023-02-20 00:12:24'),
	(1515, 1, 'vi', 'core/setting/setting', 'locale_direction_rtl', 'Phải sang trái', '2023-02-20 00:12:24', '2023-02-20 00:12:24'),
	(1516, 1, 'vi', 'core/setting/setting', 'media.aws_access_key_id', 'AWS Access Key ID', '2023-02-20 00:12:24', '2023-02-20 00:12:24'),
	(1517, 1, 'vi', 'core/setting/setting', 'media.aws_bucket', 'AWS Bucket', '2023-02-20 00:12:24', '2023-02-20 00:12:24'),
	(1518, 1, 'vi', 'core/setting/setting', 'media.aws_default_region', 'AWS Default Region', '2023-02-20 00:12:24', '2023-02-20 00:12:24'),
	(1519, 1, 'vi', 'core/setting/setting', 'media.aws_url', 'AWS URL', '2023-02-20 00:12:24', '2023-02-20 00:12:24'),
	(1520, 1, 'vi', 'core/setting/setting', 'media.aws_secret_key', 'AWS Secret Key', '2023-02-20 00:12:24', '2023-02-20 00:12:24'),
	(1521, 1, 'vi', 'core/setting/setting', 'media.chunk_size', 'Chunk size (Bytes)', '2023-02-20 00:12:24', '2023-02-20 00:12:24'),
	(1522, 1, 'vi', 'core/setting/setting', 'media.chunk_size_placeholder', 'Mặc định: 1048576 ~ 1MB', '2023-02-20 00:12:24', '2023-02-20 00:12:24'),
	(1523, 1, 'vi', 'core/setting/setting', 'media.do_spaces_access_key_id', 'DO Spaces Access Key ID', '2023-02-20 00:12:24', '2023-02-20 00:12:24'),
	(1524, 1, 'vi', 'core/setting/setting', 'media.description', 'Cài đặt cho media', '2023-02-20 00:12:24', '2023-02-20 00:12:24'),
	(1525, 1, 'vi', 'core/setting/setting', 'media.do_spaces_bucket', 'DO Spaces Bucket', '2023-02-20 00:12:24', '2023-02-20 00:12:24'),
	(1526, 1, 'vi', 'core/setting/setting', 'media.do_spaces_cdn_enabled', 'Bật DO Spaces CDN?', '2023-02-20 00:12:24', '2023-02-20 00:12:24'),
	(1527, 1, 'vi', 'core/setting/setting', 'media.do_spaces_default_region', 'DO Spaces Default Region', '2023-02-20 00:12:24', '2023-02-20 00:12:24'),
	(1528, 1, 'vi', 'core/setting/setting', 'media.do_spaces_endpoint', 'DO Spaces Endpoint', '2023-02-20 00:12:24', '2023-02-20 00:12:24'),
	(1529, 1, 'vi', 'core/setting/setting', 'media.do_spaces_secret_key', 'DO Spaces Secret Key', '2023-02-20 00:12:24', '2023-02-20 00:12:24'),
	(1530, 1, 'vi', 'core/setting/setting', 'media.driver', 'Driver', '2023-02-20 00:12:24', '2023-02-20 00:12:24'),
	(1531, 1, 'vi', 'core/setting/setting', 'media.enable_chunk', 'Bật chunk size upload?', '2023-02-20 00:12:24', '2023-02-20 00:12:24'),
	(1532, 1, 'vi', 'core/setting/setting', 'media.enable_watermark', 'Bật watermark?', '2023-02-20 00:12:24', '2023-02-20 00:12:24'),
	(1533, 1, 'vi', 'core/setting/setting', 'media.max_file_size', 'Chunk max file size (MB)', '2023-02-20 00:12:24', '2023-02-20 00:12:24'),
	(1534, 1, 'vi', 'core/setting/setting', 'media.max_file_size_placeholder', 'Mặc định: 1048576 ~ 1GB', '2023-02-20 00:12:24', '2023-02-20 00:12:24'),
	(1535, 1, 'vi', 'core/setting/setting', 'media.media_do_spaces_cdn_custom_domain', 'Do Spaces CDN custom domain', '2023-02-20 00:12:24', '2023-02-20 00:12:24'),
	(1536, 1, 'vi', 'core/setting/setting', 'media.media_do_spaces_cdn_custom_domain_placeholder', 'https://ten-mien-cua-ban.com', '2023-02-20 00:12:24', '2023-02-20 00:12:24'),
	(1537, 1, 'vi', 'core/setting/setting', 'media.title', 'Media', '2023-02-20 00:12:24', '2023-02-20 00:12:24'),
	(1538, 1, 'vi', 'core/setting/setting', 'media.watermark_opacity', 'Watermark Opacity (%)', '2023-02-20 00:12:24', '2023-02-20 00:12:24'),
	(1539, 1, 'vi', 'core/setting/setting', 'media.watermark_opacity_placeholder', 'Mặc định: 70 (%)', '2023-02-20 00:12:24', '2023-02-20 00:12:24'),
	(1540, 1, 'vi', 'core/setting/setting', 'media.watermark_position', 'Vị trí watermark', '2023-02-20 00:12:24', '2023-02-20 00:12:24'),
	(1541, 1, 'vi', 'core/setting/setting', 'media.watermark_position_bottom_left', 'Bên trái dưới cùng', '2023-02-20 00:12:24', '2023-02-20 00:12:24'),
	(1542, 1, 'vi', 'core/setting/setting', 'media.watermark_position_bottom_right', 'Bên phải dưới cùng', '2023-02-20 00:12:24', '2023-02-20 00:12:24'),
	(1543, 1, 'vi', 'core/setting/setting', 'media.watermark_position_center', 'Chính giữa', '2023-02-20 00:12:24', '2023-02-20 00:12:24'),
	(1544, 1, 'vi', 'core/setting/setting', 'media.watermark_position_top_left', 'Bên trái trên cùng', '2023-02-20 00:12:24', '2023-02-20 00:12:24'),
	(1545, 1, 'vi', 'core/setting/setting', 'media.watermark_position_top_right', 'Bên phải trên cùng', '2023-02-20 00:12:24', '2023-02-20 00:12:24'),
	(1546, 1, 'vi', 'core/setting/setting', 'media.watermark_position_x', 'Watermark position X', '2023-02-20 00:12:24', '2023-02-20 00:12:24'),
	(1547, 1, 'vi', 'core/setting/setting', 'media.watermark_position_y', 'Watermark position Y', '2023-02-20 00:12:24', '2023-02-20 00:12:24'),
	(1548, 1, 'vi', 'core/setting/setting', 'media.watermark_size', 'Kích thước của watermark (%)', '2023-02-20 00:12:24', '2023-02-20 00:12:24'),
	(1549, 1, 'vi', 'core/setting/setting', 'media.watermark_size_placeholder', 'Mặc định: 10 (%)', '2023-02-20 00:12:24', '2023-02-20 00:12:24'),
	(1550, 1, 'vi', 'core/setting/setting', 'media.watermark_source', 'Hình ảnh watermark', '2023-02-20 00:12:24', '2023-02-20 00:12:24'),
	(1551, 1, 'en', 'core/table/general', 'operations', 'Operations', '2023-02-20 00:12:24', '2023-02-20 00:12:24'),
	(1552, 1, 'en', 'core/table/general', 'loading_data', 'Loading data from server', '2023-02-20 00:12:24', '2023-02-20 00:12:24'),
	(1553, 1, 'en', 'core/table/general', 'display', 'Display', '2023-02-20 00:12:24', '2023-02-20 00:12:24'),
	(1554, 1, 'en', 'core/table/general', 'all', 'All', '2023-02-20 00:12:24', '2023-02-20 00:12:24'),
	(1555, 1, 'en', 'core/table/general', 'edit_entry', 'Edit', '2023-02-20 00:12:24', '2023-02-20 00:12:24'),
	(1556, 1, 'en', 'core/table/general', 'delete_entry', 'Delete', '2023-02-20 00:12:24', '2023-02-20 00:12:24'),
	(1557, 1, 'en', 'core/table/general', 'show_from', 'Showing from', '2023-02-20 00:12:24', '2023-02-20 00:12:24'),
	(1558, 1, 'en', 'core/table/general', 'to', 'to', '2023-02-20 00:12:24', '2023-02-20 00:12:24'),
	(1559, 1, 'en', 'core/table/general', 'in', 'in', '2023-02-20 00:12:24', '2023-02-20 00:12:24'),
	(1560, 1, 'en', 'core/table/general', 'records', 'records', '2023-02-20 00:12:24', '2023-02-20 00:12:24'),
	(1561, 1, 'en', 'core/table/general', 'no_data', 'No data to display', '2023-02-20 00:12:24', '2023-02-20 00:12:24'),
	(1562, 1, 'en', 'core/table/general', 'no_record', 'No record', '2023-02-20 00:12:24', '2023-02-20 00:12:24'),
	(1563, 1, 'en', 'core/table/general', 'loading', 'Loading data from server', '2023-02-20 00:12:24', '2023-02-20 00:12:24'),
	(1564, 1, 'en', 'core/table/general', 'confirm_delete', 'Confirm delete', '2023-02-20 00:12:24', '2023-02-20 00:12:24'),
	(1565, 1, 'en', 'core/table/general', 'confirm_delete_msg', 'Do you really want to delete this record?', '2023-02-20 00:12:24', '2023-02-20 00:12:24'),
	(1566, 1, 'en', 'core/table/general', 'cancel', 'Cancel', '2023-02-20 00:12:24', '2023-02-20 00:12:24'),
	(1567, 1, 'en', 'core/table/general', 'delete', 'Delete', '2023-02-20 00:12:24', '2023-02-20 00:12:24'),
	(1568, 1, 'en', 'core/table/general', 'close', 'Close', '2023-02-20 00:12:24', '2023-02-20 00:12:24'),
	(1569, 1, 'en', 'core/table/general', 'contains', 'Contains', '2023-02-20 00:12:24', '2023-02-20 00:12:24'),
	(1570, 1, 'en', 'core/table/general', 'is_equal_to', 'Is equal to', '2023-02-20 00:12:24', '2023-02-20 00:12:24'),
	(1571, 1, 'en', 'core/table/general', 'greater_than', 'Greater than', '2023-02-20 00:12:24', '2023-02-20 00:12:24'),
	(1572, 1, 'en', 'core/table/general', 'less_than', 'Less than', '2023-02-20 00:12:24', '2023-02-20 00:12:24'),
	(1573, 1, 'en', 'core/table/general', 'value', 'Value', '2023-02-20 00:12:24', '2023-02-20 00:12:24'),
	(1574, 1, 'en', 'core/table/general', 'select_field', 'Select field', '2023-02-20 00:12:24', '2023-02-20 00:12:24'),
	(1575, 1, 'en', 'core/table/general', 'reset', 'Reset', '2023-02-20 00:12:24', '2023-02-20 00:12:24'),
	(1576, 1, 'en', 'core/table/general', 'add_additional_filter', 'Add additional filter', '2023-02-20 00:12:24', '2023-02-20 00:12:24'),
	(1577, 1, 'en', 'core/table/general', 'apply', 'Apply', '2023-02-20 00:12:24', '2023-02-20 00:12:24'),
	(1578, 1, 'en', 'core/table/general', 'filters', 'Filters', '2023-02-20 00:12:24', '2023-02-20 00:12:24'),
	(1579, 1, 'en', 'core/table/general', 'bulk_change', 'Bulk changes', '2023-02-20 00:12:24', '2023-02-20 00:12:24'),
	(1580, 1, 'en', 'core/table/general', 'select_option', 'Select option', '2023-02-20 00:12:24', '2023-02-20 00:12:24'),
	(1581, 1, 'en', 'core/table/general', 'bulk_actions', 'Bulk Actions', '2023-02-20 00:12:24', '2023-02-20 00:12:24'),
	(1582, 1, 'en', 'core/table/general', 'save_bulk_change_success', 'Update data for selected record(s) successfully!', '2023-02-20 00:12:24', '2023-02-20 00:12:24'),
	(1583, 1, 'en', 'core/table/general', 'please_select_record', 'Please select at least one record to perform this action!', '2023-02-20 00:12:24', '2023-02-20 00:12:24'),
	(1584, 1, 'en', 'core/table/general', 'filtered', '(filtered from _MAX_ total records)', '2023-02-20 00:12:24', '2023-02-20 00:12:24'),
	(1585, 1, 'en', 'core/table/general', 'search', 'Search...', '2023-02-20 00:12:24', '2023-02-20 00:12:24'),
	(1586, 1, 'en', 'core/table/table', 'operations', 'Operations', '2023-02-20 00:12:24', '2023-02-20 00:12:24'),
	(1587, 1, 'en', 'core/table/table', 'loading_data', 'Loading data from server', '2023-02-20 00:12:24', '2023-02-20 00:12:24'),
	(1588, 1, 'en', 'core/table/table', 'display', 'Display', '2023-02-20 00:12:24', '2023-02-20 00:12:24'),
	(1589, 1, 'en', 'core/table/table', 'all', 'All', '2023-02-20 00:12:24', '2023-02-20 00:12:24'),
	(1590, 1, 'en', 'core/table/table', 'edit_entry', 'Edit', '2023-02-20 00:12:24', '2023-02-20 00:12:24'),
	(1591, 1, 'en', 'core/table/table', 'delete_entry', 'Delete', '2023-02-20 00:12:24', '2023-02-20 00:12:24'),
	(1592, 1, 'en', 'core/table/table', 'show_from', 'Showing from', '2023-02-20 00:12:24', '2023-02-20 00:12:24'),
	(1593, 1, 'en', 'core/table/table', 'to', 'to', '2023-02-20 00:12:24', '2023-02-20 00:12:24'),
	(1594, 1, 'en', 'core/table/table', 'in', 'in', '2023-02-20 00:12:24', '2023-02-20 00:12:24'),
	(1595, 1, 'en', 'core/table/table', 'records', 'records', '2023-02-20 00:12:24', '2023-02-20 00:12:24'),
	(1596, 1, 'en', 'core/table/table', 'no_data', 'No data to display', '2023-02-20 00:12:24', '2023-02-20 00:12:24'),
	(1597, 1, 'en', 'core/table/table', 'no_record', 'No record', '2023-02-20 00:12:24', '2023-02-20 00:12:24'),
	(1598, 1, 'en', 'core/table/table', 'loading', 'Loading data from server', '2023-02-20 00:12:24', '2023-02-20 00:12:24'),
	(1599, 1, 'en', 'core/table/table', 'confirm_delete', 'Confirm delete', '2023-02-20 00:12:24', '2023-02-20 00:12:24'),
	(1600, 1, 'en', 'core/table/table', 'confirm_delete_msg', 'Do you really want to delete this record?', '2023-02-20 00:12:24', '2023-02-20 00:12:24'),
	(1601, 1, 'en', 'core/table/table', 'cancel', 'Cancel', '2023-02-20 00:12:24', '2023-02-20 00:12:24'),
	(1602, 1, 'en', 'core/table/table', 'delete', 'Delete', '2023-02-20 00:12:24', '2023-02-20 00:12:24'),
	(1603, 1, 'en', 'core/table/table', 'close', 'Close', '2023-02-20 00:12:24', '2023-02-20 00:12:24'),
	(1604, 1, 'en', 'core/table/table', 'contains', 'Contains', '2023-02-20 00:12:24', '2023-02-20 00:12:24'),
	(1605, 1, 'en', 'core/table/table', 'is_equal_to', 'Is equal to', '2023-02-20 00:12:24', '2023-02-20 00:12:24'),
	(1606, 1, 'en', 'core/table/table', 'greater_than', 'Greater than', '2023-02-20 00:12:24', '2023-02-20 00:12:24'),
	(1607, 1, 'en', 'core/table/table', 'less_than', 'Less than', '2023-02-20 00:12:24', '2023-02-20 00:12:24'),
	(1608, 1, 'en', 'core/table/table', 'value', 'Value', '2023-02-20 00:12:24', '2023-02-20 00:12:24'),
	(1609, 1, 'en', 'core/table/table', 'select_field', 'Select field', '2023-02-20 00:12:24', '2023-02-20 00:12:24'),
	(1610, 1, 'en', 'core/table/table', 'reset', 'Reset', '2023-02-20 00:12:24', '2023-02-20 00:12:24'),
	(1611, 1, 'en', 'core/table/table', 'add_additional_filter', 'Add additional filter', '2023-02-20 00:12:24', '2023-02-20 00:12:24'),
	(1612, 1, 'en', 'core/table/table', 'apply', 'Apply', '2023-02-20 00:12:24', '2023-02-20 00:12:24'),
	(1613, 1, 'en', 'core/table/table', 'filters', 'Filters', '2023-02-20 00:12:24', '2023-02-20 00:12:24'),
	(1614, 1, 'en', 'core/table/table', 'bulk_change', 'Bulk changes', '2023-02-20 00:12:24', '2023-02-20 00:12:24'),
	(1615, 1, 'en', 'core/table/table', 'select_option', 'Select option', '2023-02-20 00:12:24', '2023-02-20 00:12:24'),
	(1616, 1, 'en', 'core/table/table', 'bulk_actions', 'Bulk Actions', '2023-02-20 00:12:24', '2023-02-20 00:12:24'),
	(1617, 1, 'en', 'core/table/table', 'save_bulk_change_success', 'Update data for selected record(s) successfully!', '2023-02-20 00:12:24', '2023-02-20 00:12:24'),
	(1618, 1, 'en', 'core/table/table', 'please_select_record', 'Please select at least one record to perform this action!', '2023-02-20 00:12:24', '2023-02-20 00:12:24'),
	(1619, 1, 'en', 'core/table/table', 'filtered', '(filtered from _MAX_ total records)', '2023-02-20 00:12:24', '2023-02-20 00:12:24'),
	(1620, 1, 'en', 'core/table/table', 'search', 'Search...', '2023-02-20 00:12:24', '2023-02-20 00:12:24'),
	(1621, 1, 'vi', 'core/table/general', 'operations', 'Hành động', '2023-02-20 00:12:24', '2023-02-20 00:12:24'),
	(1622, 1, 'vi', 'core/table/general', 'loading_data', 'Đang tải dữ liệu từ hệ thống', '2023-02-20 00:12:24', '2023-02-20 00:12:24'),
	(1623, 1, 'vi', 'core/table/general', 'display', 'Hiển thị', '2023-02-20 00:12:24', '2023-02-20 00:12:24'),
	(1624, 1, 'vi', 'core/table/general', 'all', 'Tất cả', '2023-02-20 00:12:24', '2023-02-20 00:12:24'),
	(1625, 1, 'vi', 'core/table/general', 'edit_entry', 'Sửa', '2023-02-20 00:12:24', '2023-02-20 00:12:24'),
	(1626, 1, 'vi', 'core/table/general', 'delete_entry', 'Xoá', '2023-02-20 00:12:24', '2023-02-20 00:12:24'),
	(1627, 1, 'vi', 'core/table/general', 'show_from', 'Hiển thị từ', '2023-02-20 00:12:24', '2023-02-20 00:12:24'),
	(1628, 1, 'vi', 'core/table/general', 'to', 'đến', '2023-02-20 00:12:24', '2023-02-20 00:12:24'),
	(1629, 1, 'vi', 'core/table/general', 'in', 'trong tổng số', '2023-02-20 00:12:24', '2023-02-20 00:12:24'),
	(1630, 1, 'vi', 'core/table/general', 'records', 'bản ghi', '2023-02-20 00:12:24', '2023-02-20 00:12:24'),
	(1631, 1, 'vi', 'core/table/general', 'no_data', 'Không có dữ liệu để hiển thị', '2023-02-20 00:12:24', '2023-02-20 00:12:24'),
	(1632, 1, 'vi', 'core/table/general', 'no_record', 'không có bản ghi nào', '2023-02-20 00:12:24', '2023-02-20 00:12:24'),
	(1633, 1, 'vi', 'core/table/general', 'loading', 'Đang tải dữ liệu từ hệ thống', '2023-02-20 00:12:24', '2023-02-20 00:12:24'),
	(1634, 1, 'vi', 'core/table/general', 'confirm_delete', 'Xác nhận xoá', '2023-02-20 00:12:24', '2023-02-20 00:12:24'),
	(1635, 1, 'vi', 'core/table/general', 'confirm_delete_msg', 'Bạn có chắc chắn muốn xoá bản ghi này?', '2023-02-20 00:12:24', '2023-02-20 00:12:24'),
	(1636, 1, 'vi', 'core/table/general', 'cancel', 'Huỷ bỏ', '2023-02-20 00:12:24', '2023-02-20 00:12:24'),
	(1637, 1, 'vi', 'core/table/general', 'delete', 'Xoá', '2023-02-20 00:12:24', '2023-02-20 00:12:24'),
	(1638, 1, 'vi', 'core/table/general', 'close', 'Đóng', '2023-02-20 00:12:24', '2023-02-20 00:12:24'),
	(1639, 1, 'vi', 'core/table/general', 'is_equal_to', 'Bằng với', '2023-02-20 00:12:24', '2023-02-20 00:12:24'),
	(1640, 1, 'vi', 'core/table/general', 'greater_than', 'Lớn hơn', '2023-02-20 00:12:24', '2023-02-20 00:12:24'),
	(1641, 1, 'vi', 'core/table/general', 'less_than', 'Nhỏ hơn', '2023-02-20 00:12:24', '2023-02-20 00:12:24'),
	(1642, 1, 'vi', 'core/table/general', 'value', 'Giá trị', '2023-02-20 00:12:24', '2023-02-20 00:12:24'),
	(1643, 1, 'vi', 'core/table/general', 'select_field', 'Chọn trường', '2023-02-20 00:12:24', '2023-02-20 00:12:24'),
	(1644, 1, 'vi', 'core/table/general', 'reset', 'Làm mới', '2023-02-20 00:12:24', '2023-02-20 00:12:24'),
	(1645, 1, 'vi', 'core/table/general', 'add_additional_filter', 'Thêm bộ lọc', '2023-02-20 00:12:24', '2023-02-20 00:12:24'),
	(1646, 1, 'vi', 'core/table/general', 'apply', 'Áp dụng', '2023-02-20 00:12:24', '2023-02-20 00:12:24'),
	(1647, 1, 'vi', 'core/table/general', 'select_option', 'Lựa chọn', '2023-02-20 00:12:24', '2023-02-20 00:12:24'),
	(1648, 1, 'vi', 'core/table/general', 'filters', 'Lọc dữ liệu', '2023-02-20 00:12:24', '2023-02-20 00:12:24'),
	(1649, 1, 'vi', 'core/table/general', 'bulk_change', 'Thay đổi hàng loạt', '2023-02-20 00:12:24', '2023-02-20 00:12:24'),
	(1650, 1, 'vi', 'core/table/general', 'bulk_actions', 'Hành động', '2023-02-20 00:12:24', '2023-02-20 00:12:24'),
	(1651, 1, 'vi', 'core/table/general', 'contains', 'Bao gồm', '2023-02-20 00:12:24', '2023-02-20 00:12:24'),
	(1652, 1, 'vi', 'core/table/general', 'filtered', '(đã được lọc từ _MAX_ bản ghi)', '2023-02-20 00:12:24', '2023-02-20 00:12:24'),
	(1653, 1, 'vi', 'core/table/table', 'operations', 'Hành động', '2023-02-20 00:12:24', '2023-02-20 00:12:24'),
	(1654, 1, 'vi', 'core/table/table', 'loading_data', 'Đang tải dữ liệu từ hệ thống', '2023-02-20 00:12:24', '2023-02-20 00:12:24'),
	(1655, 1, 'vi', 'core/table/table', 'display', 'Hiển thị', '2023-02-20 00:12:24', '2023-02-20 00:12:24'),
	(1656, 1, 'vi', 'core/table/table', 'all', 'Tất cả', '2023-02-20 00:12:24', '2023-02-20 00:12:24'),
	(1657, 1, 'vi', 'core/table/table', 'edit_entry', 'Sửa', '2023-02-20 00:12:24', '2023-02-20 00:12:24'),
	(1658, 1, 'vi', 'core/table/table', 'delete_entry', 'Xoá', '2023-02-20 00:12:24', '2023-02-20 00:12:24'),
	(1659, 1, 'vi', 'core/table/table', 'show_from', 'Hiển thị từ', '2023-02-20 00:12:24', '2023-02-20 00:12:24'),
	(1660, 1, 'vi', 'core/table/table', 'to', 'đến', '2023-02-20 00:12:24', '2023-02-20 00:12:24'),
	(1661, 1, 'vi', 'core/table/table', 'in', 'trong tổng số', '2023-02-20 00:12:24', '2023-02-20 00:12:24'),
	(1662, 1, 'vi', 'core/table/table', 'records', 'bản ghi', '2023-02-20 00:12:24', '2023-02-20 00:12:24'),
	(1663, 1, 'vi', 'core/table/table', 'no_data', 'Không có dữ liệu để hiển thị', '2023-02-20 00:12:24', '2023-02-20 00:12:24'),
	(1664, 1, 'vi', 'core/table/table', 'no_record', 'không có bản ghi nào', '2023-02-20 00:12:24', '2023-02-20 00:12:24'),
	(1665, 1, 'vi', 'core/table/table', 'loading', 'Đang tải dữ liệu từ hệ thống', '2023-02-20 00:12:24', '2023-02-20 00:12:24'),
	(1666, 1, 'vi', 'core/table/table', 'confirm_delete', 'Xác nhận xoá', '2023-02-20 00:12:24', '2023-02-20 00:12:24'),
	(1667, 1, 'vi', 'core/table/table', 'confirm_delete_msg', 'Bạn có chắc chắn muốn xoá bản ghi này?', '2023-02-20 00:12:24', '2023-02-20 00:12:24'),
	(1668, 1, 'vi', 'core/table/table', 'cancel', 'Huỷ bỏ', '2023-02-20 00:12:24', '2023-02-20 00:12:24'),
	(1669, 1, 'vi', 'core/table/table', 'delete', 'Xoá', '2023-02-20 00:12:24', '2023-02-20 00:12:24'),
	(1670, 1, 'vi', 'core/table/table', 'close', 'Đóng', '2023-02-20 00:12:24', '2023-02-20 00:12:24'),
	(1671, 1, 'vi', 'core/table/table', 'is_equal_to', 'Bằng với', '2023-02-20 00:12:24', '2023-02-20 00:12:24'),
	(1672, 1, 'vi', 'core/table/table', 'greater_than', 'Lớn hơn', '2023-02-20 00:12:24', '2023-02-20 00:12:24'),
	(1673, 1, 'vi', 'core/table/table', 'less_than', 'Nhỏ hơn', '2023-02-20 00:12:24', '2023-02-20 00:12:24'),
	(1674, 1, 'vi', 'core/table/table', 'value', 'Giá trị', '2023-02-20 00:12:24', '2023-02-20 00:12:24'),
	(1675, 1, 'vi', 'core/table/table', 'select_field', 'Chọn trường', '2023-02-20 00:12:24', '2023-02-20 00:12:24'),
	(1676, 1, 'vi', 'core/table/table', 'reset', 'Làm mới', '2023-02-20 00:12:24', '2023-02-20 00:12:24'),
	(1677, 1, 'vi', 'core/table/table', 'add_additional_filter', 'Thêm bộ lọc', '2023-02-20 00:12:24', '2023-02-20 00:12:24'),
	(1678, 1, 'vi', 'core/table/table', 'apply', 'Áp dụng', '2023-02-20 00:12:24', '2023-02-20 00:12:24'),
	(1679, 1, 'vi', 'core/table/table', 'select_option', 'Lựa chọn', '2023-02-20 00:12:24', '2023-02-20 00:12:24'),
	(1680, 1, 'vi', 'core/table/table', 'filters', 'Lọc dữ liệu', '2023-02-20 00:12:24', '2023-02-20 00:12:24'),
	(1681, 1, 'vi', 'core/table/table', 'bulk_change', 'Thay đổi hàng loạt', '2023-02-20 00:12:24', '2023-02-20 00:12:24'),
	(1682, 1, 'vi', 'core/table/table', 'bulk_actions', 'Hành động', '2023-02-20 00:12:24', '2023-02-20 00:12:24'),
	(1683, 1, 'vi', 'core/table/table', 'contains', 'Bao gồm', '2023-02-20 00:12:24', '2023-02-20 00:12:24'),
	(1684, 1, 'vi', 'core/table/table', 'filtered', '(đã được lọc từ _MAX_ bản ghi)', '2023-02-20 00:12:24', '2023-02-20 00:12:24'),
	(1685, 1, 'vi', 'core/table/table', 'please_select_record', 'Vui lòng chọn ít nhất 1 bản ghi để thực hiện hành động này!', '2023-02-20 00:12:24', '2023-02-20 00:12:24'),
	(1686, 1, 'vi', 'core/table/table', 'save_bulk_change_success', 'Cập nhật dữ liệu cho các bản ghi thành công!', '2023-02-20 00:12:24', '2023-02-20 00:12:24'),
	(1687, 1, 'vi', 'core/table/table', 'search', 'Tìm kiếm...', '2023-02-20 00:12:24', '2023-02-20 00:12:24'),
	(1688, 1, 'en', 'packages/api/api', 'settings', 'API Settings', '2023-02-20 00:12:24', '2023-02-20 00:12:24'),
	(1689, 1, 'en', 'packages/api/api', 'save_settings', 'Save settings', '2023-02-20 00:12:24', '2023-02-20 00:12:24'),
	(1690, 1, 'en', 'packages/api/api', 'setting_title', 'API settings', '2023-02-20 00:12:24', '2023-02-20 00:12:24'),
	(1691, 1, 'en', 'packages/api/api', 'setting_description', 'Settings for API', '2023-02-20 00:12:24', '2023-02-20 00:12:24'),
	(1692, 1, 'en', 'packages/api/api', 'api_enabled', 'API enabled?', '2023-02-20 00:12:24', '2023-02-20 00:12:24'),
	(1693, 1, 'en', 'packages/get-started/get-started', 'welcome_title', 'Welcome to your admin dashboard!', '2023-02-20 00:12:24', '2023-02-20 00:12:24'),
	(1694, 1, 'en', 'packages/get-started/get-started', 'welcome_description', 'In a few short steps, you can have your new dashboard up and running!', '2023-02-20 00:12:24', '2023-02-20 00:12:24'),
	(1695, 1, 'en', 'packages/get-started/get-started', 'get_started', 'Get Started!', '2023-02-20 00:12:24', '2023-02-20 00:12:24'),
	(1696, 1, 'en', 'packages/get-started/get-started', 'customize_branding_title', 'Customize branding', '2023-02-20 00:12:24', '2023-02-20 00:12:24'),
	(1697, 1, 'en', 'packages/get-started/get-started', 'customize_branding_description', 'Customize your site with colors, logo and subdomain to match your business unique branding and identity.', '2023-02-20 00:12:24', '2023-02-20 00:12:24'),
	(1698, 1, 'en', 'packages/get-started/get-started', 'colors', 'Colors', '2023-02-20 00:12:24', '2023-02-20 00:12:24'),
	(1699, 1, 'en', 'packages/get-started/get-started', 'fonts', 'Fonts', '2023-02-20 00:12:24', '2023-02-20 00:12:24'),
	(1700, 1, 'en', 'packages/get-started/get-started', 'primary_color', 'Primary color', '2023-02-20 00:12:24', '2023-02-20 00:12:24'),
	(1701, 1, 'en', 'packages/get-started/get-started', 'primary_font', 'Primary font', '2023-02-20 00:12:24', '2023-02-20 00:12:24'),
	(1702, 1, 'en', 'packages/get-started/get-started', 'setup_wizard_button', ':link to finish Quick setup Wizard!', '2023-02-20 00:12:24', '2023-02-20 00:12:24'),
	(1703, 1, 'en', 'packages/get-started/get-started', 'click_here', 'Click here', '2023-02-20 00:12:24', '2023-02-20 00:12:24'),
	(1704, 1, 'en', 'packages/get-started/get-started', 'site_title', 'Site title', '2023-02-20 00:12:24', '2023-02-20 00:12:24'),
	(1705, 1, 'en', 'packages/get-started/get-started', 'identify', 'Identify', '2023-02-20 00:12:24', '2023-02-20 00:12:24'),
	(1706, 1, 'en', 'packages/get-started/get-started', 'logo', 'Logo', '2023-02-20 00:12:24', '2023-02-20 00:12:24'),
	(1707, 1, 'en', 'packages/get-started/get-started', 'admin_logo', 'Admin logo', '2023-02-20 00:12:24', '2023-02-20 00:12:24'),
	(1708, 1, 'en', 'packages/get-started/get-started', 'favicon', 'Favicon', '2023-02-20 00:12:24', '2023-02-20 00:12:24'),
	(1709, 1, 'en', 'packages/get-started/get-started', 'admin_favicon', 'Admin favicon', '2023-02-20 00:12:24', '2023-02-20 00:12:24'),
	(1710, 1, 'en', 'packages/get-started/get-started', 'next_step', 'Next step', '2023-02-20 00:12:24', '2023-02-20 00:12:24'),
	(1711, 1, 'en', 'packages/get-started/get-started', 'site_ready_title', 'Your site is ready!', '2023-02-20 00:12:24', '2023-02-20 00:12:24'),
	(1712, 1, 'en', 'packages/get-started/get-started', 'site_ready_description', 'Welcome to your new site! Your website has been created and populated with sample data. You are in the admin area of your site where you can set up everything else needed to complete your site.', '2023-02-20 00:12:24', '2023-02-20 00:12:24'),
	(1713, 1, 'en', 'packages/get-started/get-started', 'finish', 'Finish', '2023-02-20 00:12:24', '2023-02-20 00:12:24'),
	(1714, 1, 'en', 'packages/get-started/get-started', 'exit_wizard_title', 'Are you sure you want to exit the Quick Setup Wizard?', '2023-02-20 00:12:24', '2023-02-20 00:12:24'),
	(1715, 1, 'en', 'packages/get-started/get-started', 'exit_wizard_confirm', 'Yes, I\'ll finish it later', '2023-02-20 00:12:24', '2023-02-20 00:12:24'),
	(1716, 1, 'en', 'packages/get-started/get-started', 'exit_wizard_cancel', 'No, take me back to the wizard', '2023-02-20 00:12:24', '2023-02-20 00:12:24'),
	(1717, 1, 'en', 'packages/get-started/get-started', 'change_default_account_info_title', 'Change default account info', '2023-02-20 00:12:24', '2023-02-20 00:12:24'),
	(1718, 1, 'en', 'packages/get-started/get-started', 'change_default_account_info_description', 'The default account is using a weak password. You need to change it to a complex password for better security.', '2023-02-20 00:12:24', '2023-02-20 00:12:24'),
	(1719, 1, 'en', 'packages/get-started/get-started', 'username', 'Username', '2023-02-20 00:12:24', '2023-02-20 00:12:24'),
	(1720, 1, 'en', 'packages/get-started/get-started', 'email', 'Email', '2023-02-20 00:12:24', '2023-02-20 00:12:24'),
	(1721, 1, 'en', 'packages/get-started/get-started', 'password', 'Password', '2023-02-20 00:12:24', '2023-02-20 00:12:24'),
	(1722, 1, 'en', 'packages/get-started/get-started', 'password_confirmation', 'Password confirmation', '2023-02-20 00:12:24', '2023-02-20 00:12:24'),
	(1723, 1, 'en', 'packages/installer/installer', 'title', 'Installer', '2023-02-20 00:12:24', '2023-02-20 00:12:24'),
	(1724, 1, 'en', 'packages/installer/installer', 'next', 'Next Step', '2023-02-20 00:12:25', '2023-02-20 00:12:25'),
	(1725, 1, 'en', 'packages/installer/installer', 'back', 'Previous', '2023-02-20 00:12:25', '2023-02-20 00:12:25'),
	(1726, 1, 'en', 'packages/installer/installer', 'finish', 'Install', '2023-02-20 00:12:25', '2023-02-20 00:12:25'),
	(1727, 1, 'en', 'packages/installer/installer', 'forms.errorTitle', 'The following errors occurred:', '2023-02-20 00:12:25', '2023-02-20 00:12:25'),
	(1728, 1, 'en', 'packages/installer/installer', 'welcome.templateTitle', 'Welcome', '2023-02-20 00:12:25', '2023-02-20 00:12:25'),
	(1729, 1, 'en', 'packages/installer/installer', 'welcome.title', 'Welcome', '2023-02-20 00:12:25', '2023-02-20 00:12:25'),
	(1730, 1, 'en', 'packages/installer/installer', 'welcome.message', 'Before getting started, we need some information on the database. You will need to know the following items before proceeding.', '2023-02-20 00:12:25', '2023-02-20 00:12:25'),
	(1731, 1, 'en', 'packages/installer/installer', 'welcome.next', 'Let\'s go', '2023-02-20 00:12:25', '2023-02-20 00:12:25'),
	(1732, 1, 'en', 'packages/installer/installer', 'requirements.templateTitle', 'Step 1 | Server Requirements', '2023-02-20 00:12:25', '2023-02-20 00:12:25'),
	(1733, 1, 'en', 'packages/installer/installer', 'requirements.title', 'Server Requirements', '2023-02-20 00:12:25', '2023-02-20 00:12:25'),
	(1734, 1, 'en', 'packages/installer/installer', 'requirements.next', 'Check Permissions', '2023-02-20 00:12:25', '2023-02-20 00:12:25'),
	(1735, 1, 'en', 'packages/installer/installer', 'permissions.templateTitle', 'Step 2 | Permissions', '2023-02-20 00:12:25', '2023-02-20 00:12:25'),
	(1736, 1, 'en', 'packages/installer/installer', 'permissions.title', 'Permissions', '2023-02-20 00:12:25', '2023-02-20 00:12:25'),
	(1737, 1, 'en', 'packages/installer/installer', 'permissions.next', 'Configure Environment', '2023-02-20 00:12:25', '2023-02-20 00:12:25'),
	(1738, 1, 'en', 'packages/installer/installer', 'environment.wizard.templateTitle', 'Environment Settings', '2023-02-20 00:12:25', '2023-02-20 00:12:25'),
	(1739, 1, 'en', 'packages/installer/installer', 'environment.wizard.title', 'Environment Settings', '2023-02-20 00:12:25', '2023-02-20 00:12:25'),
	(1740, 1, 'en', 'packages/installer/installer', 'environment.wizard.form.name_required', 'An environment name is required.', '2023-02-20 00:12:25', '2023-02-20 00:12:25'),
	(1741, 1, 'en', 'packages/installer/installer', 'environment.wizard.form.app_name_label', 'Site title', '2023-02-20 00:12:25', '2023-02-20 00:12:25'),
	(1742, 1, 'en', 'packages/installer/installer', 'environment.wizard.form.app_name_placeholder', 'Site title', '2023-02-20 00:12:25', '2023-02-20 00:12:25'),
	(1743, 1, 'en', 'packages/installer/installer', 'environment.wizard.form.app_url_label', 'URL', '2023-02-20 00:12:25', '2023-02-20 00:12:25'),
	(1744, 1, 'en', 'packages/installer/installer', 'environment.wizard.form.app_url_placeholder', 'URL', '2023-02-20 00:12:25', '2023-02-20 00:12:25'),
	(1745, 1, 'en', 'packages/installer/installer', 'environment.wizard.form.db_connection_label', 'Database Connection', '2023-02-20 00:12:25', '2023-02-20 00:12:25'),
	(1746, 1, 'en', 'packages/installer/installer', 'environment.wizard.form.db_connection_label_mysql', 'MySQL', '2023-02-20 00:12:25', '2023-02-20 00:12:25'),
	(1747, 1, 'en', 'packages/installer/installer', 'environment.wizard.form.db_connection_label_sqlite', 'SQLite', '2023-02-20 00:12:25', '2023-02-20 00:12:25'),
	(1748, 1, 'en', 'packages/installer/installer', 'environment.wizard.form.db_connection_label_pgsql', 'PostgreSQL', '2023-02-20 00:12:25', '2023-02-20 00:12:25'),
	(1749, 1, 'en', 'packages/installer/installer', 'environment.wizard.form.db_host_label', 'Database host', '2023-02-20 00:12:25', '2023-02-20 00:12:25'),
	(1750, 1, 'en', 'packages/installer/installer', 'environment.wizard.form.db_host_placeholder', 'Database host', '2023-02-20 00:12:25', '2023-02-20 00:12:25'),
	(1751, 1, 'en', 'packages/installer/installer', 'environment.wizard.form.db_port_label', 'Database port', '2023-02-20 00:12:25', '2023-02-20 00:12:25'),
	(1752, 1, 'en', 'packages/installer/installer', 'environment.wizard.form.db_port_placeholder', 'Database port', '2023-02-20 00:12:25', '2023-02-20 00:12:25'),
	(1753, 1, 'en', 'packages/installer/installer', 'environment.wizard.form.db_name_label', 'Database name', '2023-02-20 00:12:25', '2023-02-20 00:12:25'),
	(1754, 1, 'en', 'packages/installer/installer', 'environment.wizard.form.db_name_placeholder', 'Database name', '2023-02-20 00:12:25', '2023-02-20 00:12:25'),
	(1755, 1, 'en', 'packages/installer/installer', 'environment.wizard.form.db_username_label', 'Database username', '2023-02-20 00:12:25', '2023-02-20 00:12:25'),
	(1756, 1, 'en', 'packages/installer/installer', 'environment.wizard.form.db_username_placeholder', 'Database username', '2023-02-20 00:12:25', '2023-02-20 00:12:25'),
	(1757, 1, 'en', 'packages/installer/installer', 'environment.wizard.form.db_password_label', 'Database password', '2023-02-20 00:12:25', '2023-02-20 00:12:25'),
	(1758, 1, 'en', 'packages/installer/installer', 'environment.wizard.form.db_password_placeholder', 'Database password', '2023-02-20 00:12:25', '2023-02-20 00:12:25'),
	(1759, 1, 'en', 'packages/installer/installer', 'environment.wizard.form.buttons.install', 'Install', '2023-02-20 00:12:25', '2023-02-20 00:12:25'),
	(1760, 1, 'en', 'packages/installer/installer', 'environment.success', 'Your .env file settings have been saved.', '2023-02-20 00:12:25', '2023-02-20 00:12:25'),
	(1761, 1, 'en', 'packages/installer/installer', 'environment.errors', 'Unable to save the .env file, Please create it manually.', '2023-02-20 00:12:25', '2023-02-20 00:12:25'),
	(1762, 1, 'en', 'packages/installer/installer', 'install', 'Install', '2023-02-20 00:12:25', '2023-02-20 00:12:25'),
	(1763, 1, 'en', 'packages/installer/installer', 'final.title', 'Installation Finished', '2023-02-20 00:12:25', '2023-02-20 00:12:25'),
	(1764, 1, 'en', 'packages/installer/installer', 'final.templateTitle', 'Installation Finished', '2023-02-20 00:12:25', '2023-02-20 00:12:25'),
	(1765, 1, 'en', 'packages/installer/installer', 'final.finished', 'Application has been successfully installed.', '2023-02-20 00:12:25', '2023-02-20 00:12:25'),
	(1766, 1, 'en', 'packages/installer/installer', 'final.exit', 'Click here to exit', '2023-02-20 00:12:25', '2023-02-20 00:12:25'),
	(1767, 1, 'en', 'packages/installer/installer', 'create_account', 'Create account', '2023-02-20 00:12:25', '2023-02-20 00:12:25'),
	(1768, 1, 'en', 'packages/installer/installer', 'first_name', 'First name', '2023-02-20 00:12:25', '2023-02-20 00:12:25'),
	(1769, 1, 'en', 'packages/installer/installer', 'last_name', 'Last name', '2023-02-20 00:12:25', '2023-02-20 00:12:25'),
	(1770, 1, 'en', 'packages/installer/installer', 'username', 'Username', '2023-02-20 00:12:25', '2023-02-20 00:12:25'),
	(1771, 1, 'en', 'packages/installer/installer', 'email', 'Email', '2023-02-20 00:12:25', '2023-02-20 00:12:25'),
	(1772, 1, 'en', 'packages/installer/installer', 'password', 'Password', '2023-02-20 00:12:25', '2023-02-20 00:12:25'),
	(1773, 1, 'en', 'packages/installer/installer', 'password_confirmation', 'Password confirmation', '2023-02-20 00:12:25', '2023-02-20 00:12:25'),
	(1774, 1, 'en', 'packages/installer/installer', 'create', 'Create', '2023-02-20 00:12:25', '2023-02-20 00:12:25'),
	(1775, 1, 'en', 'packages/installer/installer', 'install_success', 'Installed successfully!', '2023-02-20 00:12:25', '2023-02-20 00:12:25'),
	(1776, 1, 'en', 'packages/menu/menu', 'name', 'Menus', '2023-02-20 00:12:25', '2023-02-20 00:12:25'),
	(1777, 1, 'en', 'packages/menu/menu', 'key_name', 'Menu name (key: :key)', '2023-02-20 00:12:25', '2023-02-20 00:12:25'),
	(1778, 1, 'en', 'packages/menu/menu', 'basic_info', 'Basic information', '2023-02-20 00:12:25', '2023-02-20 00:12:25'),
	(1779, 1, 'en', 'packages/menu/menu', 'add_to_menu', 'Add to menu', '2023-02-20 00:12:25', '2023-02-20 00:12:25'),
	(1780, 1, 'en', 'packages/menu/menu', 'custom_link', 'Custom link', '2023-02-20 00:12:25', '2023-02-20 00:12:25'),
	(1781, 1, 'en', 'packages/menu/menu', 'add_link', 'Add link', '2023-02-20 00:12:25', '2023-02-20 00:12:25'),
	(1782, 1, 'en', 'packages/menu/menu', 'structure', 'Menu structure', '2023-02-20 00:12:25', '2023-02-20 00:12:25'),
	(1783, 1, 'en', 'packages/menu/menu', 'remove', 'Remove', '2023-02-20 00:12:25', '2023-02-20 00:12:25'),
	(1784, 1, 'en', 'packages/menu/menu', 'cancel', 'Cancel', '2023-02-20 00:12:25', '2023-02-20 00:12:25'),
	(1785, 1, 'en', 'packages/menu/menu', 'title', 'Title', '2023-02-20 00:12:25', '2023-02-20 00:12:25'),
	(1786, 1, 'en', 'packages/menu/menu', 'icon', 'Icon', '2023-02-20 00:12:25', '2023-02-20 00:12:25'),
	(1787, 1, 'en', 'packages/menu/menu', 'url', 'URL', '2023-02-20 00:12:25', '2023-02-20 00:12:25'),
	(1788, 1, 'en', 'packages/menu/menu', 'target', 'Target', '2023-02-20 00:12:25', '2023-02-20 00:12:25'),
	(1789, 1, 'en', 'packages/menu/menu', 'css_class', 'CSS class', '2023-02-20 00:12:25', '2023-02-20 00:12:25'),
	(1790, 1, 'en', 'packages/menu/menu', 'self_open_link', 'Open link directly', '2023-02-20 00:12:25', '2023-02-20 00:12:25'),
	(1791, 1, 'en', 'packages/menu/menu', 'blank_open_link', 'Open link in new tab', '2023-02-20 00:12:25', '2023-02-20 00:12:25'),
	(1792, 1, 'en', 'packages/menu/menu', 'create', 'Create menu', '2023-02-20 00:12:25', '2023-02-20 00:12:25'),
	(1793, 1, 'en', 'packages/menu/menu', 'edit', 'Edit menu', '2023-02-20 00:12:25', '2023-02-20 00:12:25'),
	(1794, 1, 'en', 'packages/menu/menu', 'menu_settings', 'Menu settings', '2023-02-20 00:12:25', '2023-02-20 00:12:25'),
	(1795, 1, 'en', 'packages/menu/menu', 'display_location', 'Display location', '2023-02-20 00:12:25', '2023-02-20 00:12:25'),
	(1796, 1, 'en', 'packages/menu/menu', 'title_placeholder', 'Title', '2023-02-20 00:12:25', '2023-02-20 00:12:25'),
	(1797, 1, 'en', 'packages/menu/menu', 'icon_placeholder', 'Icon', '2023-02-20 00:12:25', '2023-02-20 00:12:25'),
	(1798, 1, 'en', 'packages/menu/menu', 'url_placeholder', 'URL', '2023-02-20 00:12:25', '2023-02-20 00:12:25'),
	(1799, 1, 'en', 'packages/menu/menu', 'css_class_placeholder', 'CSS class', '2023-02-20 00:12:25', '2023-02-20 00:12:25'),
	(1800, 1, 'en', 'packages/menu/menu', 'menu_id', 'Menu ID', '2023-02-20 00:12:25', '2023-02-20 00:12:25'),
	(1801, 1, 'vi', 'packages/menu/menu', 'name', 'Trình đơn', '2023-02-20 00:12:25', '2023-02-20 00:12:25'),
	(1802, 1, 'vi', 'packages/menu/menu', 'cancel', 'Hủy bỏ', '2023-02-20 00:12:25', '2023-02-20 00:12:25'),
	(1803, 1, 'vi', 'packages/menu/menu', 'add_link', 'Thêm liên kết', '2023-02-20 00:12:25', '2023-02-20 00:12:25'),
	(1804, 1, 'vi', 'packages/menu/menu', 'add_to_menu', 'Thêm vào trình đơn', '2023-02-20 00:12:25', '2023-02-20 00:12:25'),
	(1805, 1, 'vi', 'packages/menu/menu', 'basic_info', 'Thông tin cơ bản', '2023-02-20 00:12:25', '2023-02-20 00:12:25'),
	(1806, 1, 'vi', 'packages/menu/menu', 'blank_open_link', 'Mở liên kết trong tab mới', '2023-02-20 00:12:25', '2023-02-20 00:12:25'),
	(1807, 1, 'vi', 'packages/menu/menu', 'css_class', 'CSS class', '2023-02-20 00:12:25', '2023-02-20 00:12:25'),
	(1808, 1, 'vi', 'packages/menu/menu', 'custom_link', 'Liên kết tùy chọn', '2023-02-20 00:12:25', '2023-02-20 00:12:25'),
	(1809, 1, 'vi', 'packages/menu/menu', 'icon', 'Biểu tượng', '2023-02-20 00:12:25', '2023-02-20 00:12:25'),
	(1810, 1, 'vi', 'packages/menu/menu', 'key_name', 'Tên menu (key::key)', '2023-02-20 00:12:25', '2023-02-20 00:12:25'),
	(1811, 1, 'vi', 'packages/menu/menu', 'remove', 'Xóa', '2023-02-20 00:12:25', '2023-02-20 00:12:25'),
	(1812, 1, 'vi', 'packages/menu/menu', 'self_open_link', 'Mở liên kết trong tab hiện tại', '2023-02-20 00:12:25', '2023-02-20 00:12:25'),
	(1813, 1, 'vi', 'packages/menu/menu', 'structure', 'Cấu trúc trình đơn', '2023-02-20 00:12:25', '2023-02-20 00:12:25'),
	(1814, 1, 'vi', 'packages/menu/menu', 'target', 'Target', '2023-02-20 00:12:25', '2023-02-20 00:12:25'),
	(1815, 1, 'vi', 'packages/menu/menu', 'title', 'Tiêu đề', '2023-02-20 00:12:25', '2023-02-20 00:12:25'),
	(1816, 1, 'vi', 'packages/menu/menu', 'url', 'URL', '2023-02-20 00:12:25', '2023-02-20 00:12:25'),
	(1817, 1, 'vi', 'packages/menu/menu', 'create', 'Tạo trình đơn', '2023-02-20 00:12:25', '2023-02-20 00:12:25'),
	(1818, 1, 'vi', 'packages/menu/menu', 'edit', 'Sửa trình đơn', '2023-02-20 00:12:25', '2023-02-20 00:12:25'),
	(1819, 1, 'vi', 'packages/menu/menu', 'display_location', 'Vị trí hiển thị', '2023-02-20 00:12:25', '2023-02-20 00:12:25'),
	(1820, 1, 'vi', 'packages/menu/menu', 'menu_settings', 'Cấu hình menu', '2023-02-20 00:12:25', '2023-02-20 00:12:25'),
	(1821, 1, 'en', 'packages/optimize/optimize', 'settings.title', 'Optimize page speed', '2023-02-20 00:12:25', '2023-02-20 00:12:25'),
	(1822, 1, 'en', 'packages/optimize/optimize', 'settings.description', 'Minify HTML output, inline CSS, remove comments...', '2023-02-20 00:12:25', '2023-02-20 00:12:25'),
	(1823, 1, 'en', 'packages/optimize/optimize', 'settings.enable', 'Enable optimize page speed?', '2023-02-20 00:12:25', '2023-02-20 00:12:25'),
	(1824, 1, 'en', 'packages/optimize/optimize', 'collapse_white_space', 'Collapse white space', '2023-02-20 00:12:25', '2023-02-20 00:12:25'),
	(1825, 1, 'en', 'packages/optimize/optimize', 'collapse_white_space_description', 'This filter reduces bytes transmitted in an HTML file by removing unnecessary whitespace.', '2023-02-20 00:12:25', '2023-02-20 00:12:25'),
	(1826, 1, 'en', 'packages/optimize/optimize', 'elide_attributes', 'Elide attributes', '2023-02-20 00:12:25', '2023-02-20 00:12:25'),
	(1827, 1, 'en', 'packages/optimize/optimize', 'elide_attributes_description', 'This filter reduces the transfer size of HTML files by removing attributes from tags when the specified value is equal to the default value for that attribute. This can save a modest number of bytes, and may make the document more compressible by canonicalizing the affected tags.', '2023-02-20 00:12:25', '2023-02-20 00:12:25'),
	(1828, 1, 'en', 'packages/optimize/optimize', 'inline_css', 'Inline CSS', '2023-02-20 00:12:25', '2023-02-20 00:12:25'),
	(1829, 1, 'en', 'packages/optimize/optimize', 'inline_css_description', 'This filter transforms the inline "style" attribute of tags into classes by moving the CSS to the header.', '2023-02-20 00:12:25', '2023-02-20 00:12:25'),
	(1830, 1, 'en', 'packages/optimize/optimize', 'insert_dns_prefetch', 'Insert DNS prefetch', '2023-02-20 00:12:25', '2023-02-20 00:12:25'),
	(1831, 1, 'en', 'packages/optimize/optimize', 'insert_dns_prefetch_description', 'This filter injects tags in the HEAD to enable the browser to do DNS prefetching.', '2023-02-20 00:12:25', '2023-02-20 00:12:25'),
	(1832, 1, 'en', 'packages/optimize/optimize', 'remove_comments', 'Remove comments', '2023-02-20 00:12:25', '2023-02-20 00:12:25'),
	(1833, 1, 'en', 'packages/optimize/optimize', 'remove_comments_description', 'This filter eliminates HTML, JS and CSS comments. The filter reduces the transfer size of HTML files by removing the comments. Depending on the HTML file, this filter can significantly reduce the number of bytes transmitted on the network.', '2023-02-20 00:12:25', '2023-02-20 00:12:25'),
	(1834, 1, 'en', 'packages/optimize/optimize', 'trim_urls', 'Trim URLs', '2023-02-20 00:12:25', '2023-02-20 00:12:25'),
	(1835, 1, 'en', 'packages/optimize/optimize', 'trim_urls_description', 'This filter trims URLs by resolving them by making them relative to the base URL for the page.', '2023-02-20 00:12:25', '2023-02-20 00:12:25'),
	(1836, 1, 'en', 'packages/optimize/optimize', 'remove_quotes', 'Remove quotes', '2023-02-20 00:12:25', '2023-02-20 00:12:25'),
	(1837, 1, 'en', 'packages/optimize/optimize', 'remove_quotes_description', 'This filter eliminates unnecessary quotation marks from HTML attributes. While required by the various HTML specifications, browsers permit their omission when the value of an attribute is composed of a certain subset of characters (alphanumerics and some punctuation characters).', '2023-02-20 00:12:25', '2023-02-20 00:12:25'),
	(1838, 1, 'en', 'packages/optimize/optimize', 'defer_javascript', 'Defer javascript', '2023-02-20 00:12:25', '2023-02-20 00:12:25'),
	(1839, 1, 'en', 'packages/optimize/optimize', 'defer_javascript_description', 'Defers the execution of javascript in the HTML. If necessary cancel deferring in some script, use data-pagespeed-no-defer as script attribute to cancel deferring.', '2023-02-20 00:12:25', '2023-02-20 00:12:25'),
	(1840, 1, 'en', 'packages/page/pages', 'create', 'Create new page', '2023-02-20 00:12:25', '2023-02-20 00:12:25'),
	(1841, 1, 'en', 'packages/page/pages', 'edit', 'Edit page', '2023-02-20 00:12:25', '2023-02-20 00:12:25'),
	(1842, 1, 'en', 'packages/page/pages', 'form.name', 'Name', '2023-02-20 00:12:25', '2023-02-20 00:12:25'),
	(1843, 1, 'en', 'packages/page/pages', 'form.name_placeholder', 'Page\'s name (Maximum 120 characters)', '2023-02-20 00:12:25', '2023-02-20 00:12:25'),
	(1844, 1, 'en', 'packages/page/pages', 'form.content', 'Content', '2023-02-20 00:12:25', '2023-02-20 00:12:25'),
	(1845, 1, 'en', 'packages/page/pages', 'form.note', 'Note content', '2023-02-20 00:12:25', '2023-02-20 00:12:25'),
	(1846, 1, 'en', 'packages/page/pages', 'notices.no_select', 'Please select at least one record to take this action!', '2023-02-20 00:12:25', '2023-02-20 00:12:25'),
	(1847, 1, 'en', 'packages/page/pages', 'notices.update_success_message', 'Update successfully', '2023-02-20 00:12:25', '2023-02-20 00:12:25'),
	(1848, 1, 'en', 'packages/page/pages', 'cannot_delete', 'Page could not be deleted', '2023-02-20 00:12:25', '2023-02-20 00:12:25'),
	(1849, 1, 'en', 'packages/page/pages', 'deleted', 'Page deleted', '2023-02-20 00:12:25', '2023-02-20 00:12:25'),
	(1850, 1, 'en', 'packages/page/pages', 'pages', 'Pages', '2023-02-20 00:12:25', '2023-02-20 00:12:25'),
	(1851, 1, 'en', 'packages/page/pages', 'menu', 'Pages', '2023-02-20 00:12:25', '2023-02-20 00:12:25'),
	(1852, 1, 'en', 'packages/page/pages', 'menu_name', 'Pages', '2023-02-20 00:12:25', '2023-02-20 00:12:25'),
	(1853, 1, 'en', 'packages/page/pages', 'edit_this_page', 'Edit this page', '2023-02-20 00:12:25', '2023-02-20 00:12:25'),
	(1854, 1, 'en', 'packages/page/pages', 'total_pages', 'Total pages', '2023-02-20 00:12:25', '2023-02-20 00:12:25'),
	(1855, 1, 'en', 'packages/page/pages', 'settings.show_on_front', 'Your homepage displays', '2023-02-20 00:12:25', '2023-02-20 00:12:25'),
	(1856, 1, 'en', 'packages/page/pages', 'settings.select', '— Select —', '2023-02-20 00:12:25', '2023-02-20 00:12:25'),
	(1857, 1, 'en', 'packages/page/pages', 'front_page', 'Front Page', '2023-02-20 00:12:25', '2023-02-20 00:12:25'),
	(1858, 1, 'vi', 'packages/page/pages', 'create', 'Thêm trang', '2023-02-20 00:12:25', '2023-02-20 00:12:25'),
	(1859, 1, 'vi', 'packages/page/pages', 'edit', 'Sửa trang', '2023-02-20 00:12:25', '2023-02-20 00:12:25'),
	(1860, 1, 'vi', 'packages/page/pages', 'form.name', 'Tiêu đề trang', '2023-02-20 00:12:25', '2023-02-20 00:12:25'),
	(1861, 1, 'vi', 'packages/page/pages', 'form.note', 'Nội dung ghi chú', '2023-02-20 00:12:25', '2023-02-20 00:12:25'),
	(1862, 1, 'vi', 'packages/page/pages', 'form.name_placeholder', 'Tên trang (tối đa 120 kí tự)', '2023-02-20 00:12:25', '2023-02-20 00:12:25'),
	(1863, 1, 'vi', 'packages/page/pages', 'form.content', 'Nội dung', '2023-02-20 00:12:25', '2023-02-20 00:12:25'),
	(1864, 1, 'vi', 'packages/page/pages', 'notices.no_select', 'Chọn ít nhất 1 trang để thực hiện hành động này!', '2023-02-20 00:12:25', '2023-02-20 00:12:25'),
	(1865, 1, 'vi', 'packages/page/pages', 'notices.update_success_message', 'Cập nhật thành công', '2023-02-20 00:12:25', '2023-02-20 00:12:25'),
	(1866, 1, 'vi', 'packages/page/pages', 'deleted', 'Xóa trang thành công', '2023-02-20 00:12:25', '2023-02-20 00:12:25'),
	(1867, 1, 'vi', 'packages/page/pages', 'cannot_delete', 'Không thể xóa trang', '2023-02-20 00:12:25', '2023-02-20 00:12:25'),
	(1868, 1, 'vi', 'packages/page/pages', 'menu', 'Trang', '2023-02-20 00:12:25', '2023-02-20 00:12:25'),
	(1869, 1, 'vi', 'packages/page/pages', 'menu_name', 'Trang', '2023-02-20 00:12:25', '2023-02-20 00:12:25'),
	(1870, 1, 'vi', 'packages/page/pages', 'edit_this_page', 'Sửa trang này', '2023-02-20 00:12:25', '2023-02-20 00:12:25'),
	(1871, 1, 'vi', 'packages/page/pages', 'pages', 'Trang', '2023-02-20 00:12:25', '2023-02-20 00:12:25'),
	(1872, 1, 'vi', 'packages/page/pages', 'front_page', 'Trang chủ', '2023-02-20 00:12:25', '2023-02-20 00:12:25'),
	(1873, 1, 'vi', 'packages/page/pages', 'settings.select', '-- Lựa chọn --', '2023-02-20 00:12:25', '2023-02-20 00:12:25'),
	(1874, 1, 'vi', 'packages/page/pages', 'settings.show_on_front', 'Lựa chọn trang chủ', '2023-02-20 00:12:25', '2023-02-20 00:12:25'),
	(1875, 1, 'vi', 'packages/page/pages', 'total_pages', 'Tổng số trang', '2023-02-20 00:12:25', '2023-02-20 00:12:25'),
	(1876, 1, 'en', 'packages/plugin-management/plugin', 'enabled', 'Enabled', '2023-02-20 00:12:25', '2023-02-20 00:12:25'),
	(1877, 1, 'en', 'packages/plugin-management/plugin', 'deactivated', 'Deactivated', '2023-02-20 00:12:25', '2023-02-20 00:12:25'),
	(1878, 1, 'en', 'packages/plugin-management/plugin', 'activated', 'Activated', '2023-02-20 00:12:25', '2023-02-20 00:12:25'),
	(1879, 1, 'en', 'packages/plugin-management/plugin', 'activate', 'Activate', '2023-02-20 00:12:25', '2023-02-20 00:12:25'),
	(1880, 1, 'en', 'packages/plugin-management/plugin', 'deactivate', 'Deactivate', '2023-02-20 00:12:25', '2023-02-20 00:12:25'),
	(1881, 1, 'en', 'packages/plugin-management/plugin', 'author', 'By', '2023-02-20 00:12:25', '2023-02-20 00:12:25'),
	(1882, 1, 'en', 'packages/plugin-management/plugin', 'update_plugin_status_success', 'Update plugin successfully', '2023-02-20 00:12:25', '2023-02-20 00:12:25'),
	(1883, 1, 'en', 'packages/plugin-management/plugin', 'plugins', 'Plugins', '2023-02-20 00:12:25', '2023-02-20 00:12:25'),
	(1884, 1, 'en', 'packages/plugin-management/plugin', 'missing_required_plugins', 'Please activate plugin(s): :plugins before activate this plugin!', '2023-02-20 00:12:25', '2023-02-20 00:12:25'),
	(1885, 1, 'en', 'packages/plugin-management/plugin', 'remove', 'Remove', '2023-02-20 00:12:25', '2023-02-20 00:12:25'),
	(1886, 1, 'en', 'packages/plugin-management/plugin', 'remove_plugin_success', 'Remove plugin successfully!', '2023-02-20 00:12:25', '2023-02-20 00:12:25'),
	(1887, 1, 'en', 'packages/plugin-management/plugin', 'remove_plugin', 'Remove plugin', '2023-02-20 00:12:25', '2023-02-20 00:12:25'),
	(1888, 1, 'en', 'packages/plugin-management/plugin', 'remove_plugin_confirm_message', 'Do you really want to remove this plugin?', '2023-02-20 00:12:25', '2023-02-20 00:12:25'),
	(1889, 1, 'en', 'packages/plugin-management/plugin', 'remove_plugin_confirm_yes', 'Yes, remove it!', '2023-02-20 00:12:25', '2023-02-20 00:12:25'),
	(1890, 1, 'en', 'packages/plugin-management/plugin', 'total_plugins', 'Total plugins', '2023-02-20 00:12:25', '2023-02-20 00:12:25'),
	(1891, 1, 'en', 'packages/plugin-management/plugin', 'invalid_plugin', 'This plugin is not a valid plugin, please check it again!', '2023-02-20 00:12:25', '2023-02-20 00:12:25'),
	(1892, 1, 'en', 'packages/plugin-management/plugin', 'version', 'Version', '2023-02-20 00:12:25', '2023-02-20 00:12:25'),
	(1893, 1, 'en', 'packages/plugin-management/plugin', 'invalid_json', 'Invalid plugin.json!', '2023-02-20 00:12:25', '2023-02-20 00:12:25'),
	(1894, 1, 'en', 'packages/plugin-management/plugin', 'activate_success', 'Activate plugin successfully!', '2023-02-20 00:12:25', '2023-02-20 00:12:25'),
	(1895, 1, 'en', 'packages/plugin-management/plugin', 'activated_already', 'This plugin is activated already!', '2023-02-20 00:12:25', '2023-02-20 00:12:25'),
	(1896, 1, 'en', 'packages/plugin-management/plugin', 'plugin_not_exist', 'This plugin is not exists.', '2023-02-20 00:12:25', '2023-02-20 00:12:25'),
	(1897, 1, 'en', 'packages/plugin-management/plugin', 'missing_json_file', 'Missing file plugin.json!', '2023-02-20 00:12:25', '2023-02-20 00:12:25'),
	(1898, 1, 'en', 'packages/plugin-management/plugin', 'plugin_invalid', 'Plugin is valid!', '2023-02-20 00:12:25', '2023-02-20 00:12:25'),
	(1899, 1, 'en', 'packages/plugin-management/plugin', 'published_assets_success', 'Publish assets for plugin :name successfully!', '2023-02-20 00:12:25', '2023-02-20 00:12:25'),
	(1900, 1, 'en', 'packages/plugin-management/plugin', 'plugin_removed', 'Plugin has been removed!', '2023-02-20 00:12:25', '2023-02-20 00:12:25'),
	(1901, 1, 'en', 'packages/plugin-management/plugin', 'deactivated_success', 'Deactivate plugin successfully!', '2023-02-20 00:12:25', '2023-02-20 00:12:25'),
	(1902, 1, 'en', 'packages/plugin-management/plugin', 'deactivated_already', 'This plugin is deactivated already!', '2023-02-20 00:12:25', '2023-02-20 00:12:25'),
	(1903, 1, 'en', 'packages/plugin-management/plugin', 'folder_is_not_writeable', 'Cannot write files! Folder :name is not writable. Please chmod to make it writable!', '2023-02-20 00:12:25', '2023-02-20 00:12:25'),
	(1904, 1, 'en', 'packages/plugin-management/plugin', 'plugin_is_not_ready', 'Plugin :name is not ready to use', '2023-02-20 00:12:25', '2023-02-20 00:12:25'),
	(1905, 1, 'vi', 'packages/plugin-management/plugin', 'activate', 'Kích hoạt', '2023-02-20 00:12:25', '2023-02-20 00:12:25'),
	(1906, 1, 'vi', 'packages/plugin-management/plugin', 'author', 'Tác giả', '2023-02-20 00:12:25', '2023-02-20 00:12:25'),
	(1907, 1, 'vi', 'packages/plugin-management/plugin', 'version', 'Phiên bản', '2023-02-20 00:12:25', '2023-02-20 00:12:25'),
	(1908, 1, 'vi', 'packages/plugin-management/plugin', 'activated', 'Đã kích hoạt', '2023-02-20 00:12:25', '2023-02-20 00:12:25'),
	(1909, 1, 'vi', 'packages/plugin-management/plugin', 'deactivate', 'Hủy kích hoạt', '2023-02-20 00:12:25', '2023-02-20 00:12:25'),
	(1910, 1, 'vi', 'packages/plugin-management/plugin', 'deactivated', 'Đã vô hiệu', '2023-02-20 00:12:25', '2023-02-20 00:12:25'),
	(1911, 1, 'vi', 'packages/plugin-management/plugin', 'enabled', 'Kích hoạt', '2023-02-20 00:12:25', '2023-02-20 00:12:25'),
	(1912, 1, 'vi', 'packages/plugin-management/plugin', 'invalid_plugin', 'Gói mở rộng không hợp lệ', '2023-02-20 00:12:25', '2023-02-20 00:12:25'),
	(1913, 1, 'vi', 'packages/plugin-management/plugin', 'update_plugin_status_success', 'Cập nhật trạng thái gói mở rộng thành công', '2023-02-20 00:12:25', '2023-02-20 00:12:25'),
	(1914, 1, 'vi', 'packages/plugin-management/plugin', 'missing_required_plugins', 'Vui lòng kích hoạt các gói mở rộng :plugins trước khi kích hoạt gói này', '2023-02-20 00:12:25', '2023-02-20 00:12:25'),
	(1915, 1, 'vi', 'packages/plugin-management/plugin', 'plugins', 'Gói mở rộng', '2023-02-20 00:12:25', '2023-02-20 00:12:25'),
	(1916, 1, 'vi', 'packages/plugin-management/plugin', 'remove', 'Xoá', '2023-02-20 00:12:25', '2023-02-20 00:12:25'),
	(1917, 1, 'vi', 'packages/plugin-management/plugin', 'remove_plugin_success', 'Xoá thành công!', '2023-02-20 00:12:25', '2023-02-20 00:12:25'),
	(1918, 1, 'vi', 'packages/plugin-management/plugin', 'remove_plugin', 'Xoá gói mở rộng', '2023-02-20 00:12:25', '2023-02-20 00:12:25'),
	(1919, 1, 'vi', 'packages/plugin-management/plugin', 'remove_plugin_confirm_message', 'Bạn có chắc chắn muốn xoá plugin này?', '2023-02-20 00:12:25', '2023-02-20 00:12:25'),
	(1920, 1, 'vi', 'packages/plugin-management/plugin', 'remove_plugin_confirm_yes', 'Có, xoá!', '2023-02-20 00:12:25', '2023-02-20 00:12:25'),
	(1921, 1, 'vi', 'packages/plugin-management/plugin', 'total_plugins', 'Tất cả plugins', '2023-02-20 00:12:25', '2023-02-20 00:12:25'),
	(1922, 1, 'vi', 'packages/plugin-management/plugin', 'activate_success', 'Kích hoạt thành công!', '2023-02-20 00:12:25', '2023-02-20 00:12:25'),
	(1923, 1, 'vi', 'packages/plugin-management/plugin', 'activated_already', 'Gói mở rộng này đã được kích hoạt rồi!', '2023-02-20 00:12:25', '2023-02-20 00:12:25'),
	(1924, 1, 'vi', 'packages/plugin-management/plugin', 'deactivated_already', 'Gói mở rộng này đã được hủy kích hoạt rồi!', '2023-02-20 00:12:25', '2023-02-20 00:12:25'),
	(1925, 1, 'vi', 'packages/plugin-management/plugin', 'deactivated_success', 'Hủy kích hoạt thành công!', '2023-02-20 00:12:25', '2023-02-20 00:12:25'),
	(1926, 1, 'vi', 'packages/plugin-management/plugin', 'invalid_json', 'Sai cấu hình plugin.json!', '2023-02-20 00:12:25', '2023-02-20 00:12:25'),
	(1927, 1, 'vi', 'packages/plugin-management/plugin', 'missing_json_file', 'Thiếu tập tin cấu hình plugin.json!', '2023-02-20 00:12:25', '2023-02-20 00:12:25'),
	(1928, 1, 'vi', 'packages/plugin-management/plugin', 'plugin_invalid', 'Gói mở rộng không hợp lệ!', '2023-02-20 00:12:25', '2023-02-20 00:12:25'),
	(1929, 1, 'vi', 'packages/plugin-management/plugin', 'plugin_not_exist', 'Gói mở rộng không tồn tại', '2023-02-20 00:12:25', '2023-02-20 00:12:25'),
	(1930, 1, 'vi', 'packages/plugin-management/plugin', 'plugin_removed', 'Gói mở rộng đã bị xóa!', '2023-02-20 00:12:25', '2023-02-20 00:12:25'),
	(1931, 1, 'vi', 'packages/plugin-management/plugin', 'published_assets_success', 'Xuất bản assets cho gói mở rộng thành công!', '2023-02-20 00:12:25', '2023-02-20 00:12:25'),
	(1932, 1, 'en', 'packages/seo-helper/seo-helper', 'meta_box_header', 'Search Engine Optimize', '2023-02-20 00:12:25', '2023-02-20 00:12:25'),
	(1933, 1, 'en', 'packages/seo-helper/seo-helper', 'edit_seo_meta', 'Edit SEO meta', '2023-02-20 00:12:25', '2023-02-20 00:12:25'),
	(1934, 1, 'en', 'packages/seo-helper/seo-helper', 'default_description', 'Setup meta title & description to make your site easy to discovered on search engines such as Google', '2023-02-20 00:12:25', '2023-02-20 00:12:25'),
	(1935, 1, 'en', 'packages/seo-helper/seo-helper', 'seo_title', 'SEO Title', '2023-02-20 00:12:25', '2023-02-20 00:12:25'),
	(1936, 1, 'en', 'packages/seo-helper/seo-helper', 'seo_description', 'SEO description', '2023-02-20 00:12:25', '2023-02-20 00:12:25'),
	(1937, 1, 'vi', 'packages/seo-helper/seo-helper', 'meta_box_header', 'Tối ưu hoá bộ máy tìm kiếm (SEO)', '2023-02-20 00:12:25', '2023-02-20 00:12:25'),
	(1938, 1, 'vi', 'packages/seo-helper/seo-helper', 'edit_seo_meta', 'Chỉnh sửa SEO', '2023-02-20 00:12:25', '2023-02-20 00:12:25'),
	(1939, 1, 'vi', 'packages/seo-helper/seo-helper', 'default_description', 'Thiết lập các thẻ mô tả giúp người dùng dễ dàng tìm thấy trên công cụ tìm kiếm như Google.', '2023-02-20 00:12:25', '2023-02-20 00:12:25'),
	(1940, 1, 'vi', 'packages/seo-helper/seo-helper', 'seo_title', 'Tiêu đề trang', '2023-02-20 00:12:25', '2023-02-20 00:12:25'),
	(1941, 1, 'vi', 'packages/seo-helper/seo-helper', 'seo_description', 'Mô tả trang', '2023-02-20 00:12:25', '2023-02-20 00:12:25'),
	(1942, 1, 'en', 'packages/slug/slug', 'permalink_settings', 'Permalink', '2023-02-20 00:12:25', '2023-02-20 00:12:25'),
	(1943, 1, 'en', 'packages/slug/slug', 'settings.title', 'Permalink settings', '2023-02-20 00:12:25', '2023-02-20 00:12:25'),
	(1944, 1, 'en', 'packages/slug/slug', 'settings.description', 'Manage permalink for all modules.', '2023-02-20 00:12:25', '2023-02-20 00:12:25'),
	(1945, 1, 'en', 'packages/slug/slug', 'settings.preview', 'Preview', '2023-02-20 00:12:25', '2023-02-20 00:12:25'),
	(1946, 1, 'en', 'packages/slug/slug', 'settings.turn_off_automatic_url_translation_into_latin', 'Turn off automatic URL translation into Latin?', '2023-02-20 00:12:25', '2023-02-20 00:12:25'),
	(1947, 1, 'en', 'packages/slug/slug', 'preview', 'Preview', '2023-02-20 00:12:25', '2023-02-20 00:12:25'),
	(1948, 1, 'en', 'packages/slug/slug', 'prefix_for', 'Prefix for :name', '2023-02-20 00:12:25', '2023-02-20 00:12:25'),
	(1949, 1, 'vi', 'packages/slug/slug', 'permalink_settings', 'Liên kết cố định', '2023-02-20 00:12:25', '2023-02-20 00:12:25'),
	(1950, 1, 'vi', 'packages/slug/slug', 'preview', 'Xem trước', '2023-02-20 00:12:25', '2023-02-20 00:12:25'),
	(1951, 1, 'vi', 'packages/slug/slug', 'settings.description', 'Quản lý liên kết cố định cho các module.', '2023-02-20 00:12:25', '2023-02-20 00:12:25'),
	(1952, 1, 'vi', 'packages/slug/slug', 'settings.preview', 'Xem trước', '2023-02-20 00:12:25', '2023-02-20 00:12:25'),
	(1953, 1, 'vi', 'packages/slug/slug', 'settings.title', 'Cài đặt liên kết cố định', '2023-02-20 00:12:25', '2023-02-20 00:12:25'),
	(1954, 1, 'en', 'packages/theme/theme', 'name', 'Themes', '2023-02-20 00:12:25', '2023-02-20 00:12:25'),
	(1955, 1, 'en', 'packages/theme/theme', 'theme', 'Theme', '2023-02-20 00:12:25', '2023-02-20 00:12:25'),
	(1956, 1, 'en', 'packages/theme/theme', 'author', 'Author', '2023-02-20 00:12:25', '2023-02-20 00:12:25'),
	(1957, 1, 'en', 'packages/theme/theme', 'version', 'Version', '2023-02-20 00:12:25', '2023-02-20 00:12:25'),
	(1958, 1, 'en', 'packages/theme/theme', 'description', 'Description', '2023-02-20 00:12:25', '2023-02-20 00:12:25'),
	(1959, 1, 'en', 'packages/theme/theme', 'active_success', 'Activate theme :name successfully!', '2023-02-20 00:12:25', '2023-02-20 00:12:25'),
	(1960, 1, 'en', 'packages/theme/theme', 'active', 'Active', '2023-02-20 00:12:25', '2023-02-20 00:12:25'),
	(1961, 1, 'en', 'packages/theme/theme', 'activated', 'Activated', '2023-02-20 00:12:25', '2023-02-20 00:12:25'),
	(1962, 1, 'en', 'packages/theme/theme', 'appearance', 'Appearance', '2023-02-20 00:12:25', '2023-02-20 00:12:25'),
	(1963, 1, 'en', 'packages/theme/theme', 'theme_options', 'Theme options', '2023-02-20 00:12:25', '2023-02-20 00:12:25'),
	(1964, 1, 'en', 'packages/theme/theme', 'save_changes', 'Save Changes', '2023-02-20 00:12:25', '2023-02-20 00:12:25'),
	(1965, 1, 'en', 'packages/theme/theme', 'developer_mode', 'Developer Mode Enabled', '2023-02-20 00:12:25', '2023-02-20 00:12:25'),
	(1966, 1, 'en', 'packages/theme/theme', 'custom_css', 'Custom CSS', '2023-02-20 00:12:25', '2023-02-20 00:12:25'),
	(1967, 1, 'en', 'packages/theme/theme', 'custom_js', 'Custom JS', '2023-02-20 00:12:25', '2023-02-20 00:12:25'),
	(1968, 1, 'en', 'packages/theme/theme', 'custom_header_js', 'Header JS', '2023-02-20 00:12:25', '2023-02-20 00:12:25'),
	(1969, 1, 'en', 'packages/theme/theme', 'custom_header_js_placeholder', 'JS in header of page, wrap it inside &#x3C;script&#x3E;&#x3C;/script&#x3E;', '2023-02-20 00:12:25', '2023-02-20 00:12:25'),
	(1970, 1, 'en', 'packages/theme/theme', 'custom_body_js', 'Body JS', '2023-02-20 00:12:25', '2023-02-20 00:12:25'),
	(1971, 1, 'en', 'packages/theme/theme', 'custom_body_js_placeholder', 'JS in body of page, wrap it inside &#x3C;script&#x3E;&#x3C;/script&#x3E;', '2023-02-20 00:12:25', '2023-02-20 00:12:25'),
	(1972, 1, 'en', 'packages/theme/theme', 'custom_footer_js', 'Footer JS', '2023-02-20 00:12:25', '2023-02-20 00:12:25'),
	(1973, 1, 'en', 'packages/theme/theme', 'custom_footer_js_placeholder', 'JS in footer of page, wrap it inside &#x3C;script&#x3E;&#x3C;/script&#x3E;', '2023-02-20 00:12:25', '2023-02-20 00:12:25'),
	(1974, 1, 'en', 'packages/theme/theme', 'custom_html', 'Custom HTML', '2023-02-20 00:12:25', '2023-02-20 00:12:25'),
	(1975, 1, 'en', 'packages/theme/theme', 'custom_header_html', 'Header HTML', '2023-02-20 00:12:25', '2023-02-20 00:12:25'),
	(1976, 1, 'en', 'packages/theme/theme', 'custom_header_html_placeholder', 'HTML in header of page, no special tags: script, style, iframe...', '2023-02-20 00:12:25', '2023-02-20 00:12:25'),
	(1977, 1, 'en', 'packages/theme/theme', 'custom_body_html', 'Body HTML', '2023-02-20 00:12:25', '2023-02-20 00:12:25'),
	(1978, 1, 'en', 'packages/theme/theme', 'custom_body_html_placeholder', 'HTML in body of page, no special tags: script, style, iframe...', '2023-02-20 00:12:25', '2023-02-20 00:12:25'),
	(1979, 1, 'en', 'packages/theme/theme', 'custom_footer_html', 'Footer HTML', '2023-02-20 00:12:25', '2023-02-20 00:12:25'),
	(1980, 1, 'en', 'packages/theme/theme', 'custom_footer_html_placeholder', 'HTML in footer of page, no special tags: script, style, iframe...', '2023-02-20 00:12:25', '2023-02-20 00:12:25'),
	(1981, 1, 'en', 'packages/theme/theme', 'remove_theme_success', 'Remove theme successfully!', '2023-02-20 00:12:25', '2023-02-20 00:12:25'),
	(1982, 1, 'en', 'packages/theme/theme', 'theme_is_not_existed', 'This theme is not existed!', '2023-02-20 00:12:25', '2023-02-20 00:12:25'),
	(1983, 1, 'en', 'packages/theme/theme', 'remove', 'Remove', '2023-02-20 00:12:25', '2023-02-20 00:12:25'),
	(1984, 1, 'en', 'packages/theme/theme', 'remove_theme', 'Remove theme', '2023-02-20 00:12:25', '2023-02-20 00:12:25'),
	(1985, 1, 'en', 'packages/theme/theme', 'remove_theme_confirm_message', 'Do you really want to remove this theme?', '2023-02-20 00:12:25', '2023-02-20 00:12:25'),
	(1986, 1, 'en', 'packages/theme/theme', 'remove_theme_confirm_yes', 'Yes, remove it!', '2023-02-20 00:12:25', '2023-02-20 00:12:25'),
	(1987, 1, 'en', 'packages/theme/theme', 'total_themes', 'Total themes', '2023-02-20 00:12:25', '2023-02-20 00:12:25'),
	(1988, 1, 'en', 'packages/theme/theme', 'show_admin_bar', 'Show admin bar (When admin logged in, still show admin bar in website)?', '2023-02-20 00:12:25', '2023-02-20 00:12:25'),
	(1989, 1, 'en', 'packages/theme/theme', 'settings.title', 'Theme', '2023-02-20 00:12:25', '2023-02-20 00:12:25'),
	(1990, 1, 'en', 'packages/theme/theme', 'settings.description', 'Setting for theme', '2023-02-20 00:12:25', '2023-02-20 00:12:25'),
	(1991, 1, 'en', 'packages/theme/theme', 'settings.redirect_404_to_homepage', 'Redirect all not found requests to homepage?', '2023-02-20 00:12:25', '2023-02-20 00:12:25'),
	(1992, 1, 'en', 'packages/theme/theme', 'add_new', 'Add new', '2023-02-20 00:12:25', '2023-02-20 00:12:25'),
	(1993, 1, 'en', 'packages/theme/theme', 'theme_activated_already', 'Theme ":name" is activated already!', '2023-02-20 00:12:25', '2023-02-20 00:12:25'),
	(1994, 1, 'en', 'packages/theme/theme', 'missing_json_file', 'Missing file theme.json!', '2023-02-20 00:12:25', '2023-02-20 00:12:25'),
	(1995, 1, 'en', 'packages/theme/theme', 'theme_invalid', 'Theme is valid!', '2023-02-20 00:12:25', '2023-02-20 00:12:25'),
	(1996, 1, 'en', 'packages/theme/theme', 'published_assets_success', 'Publish assets for :themes successfully!', '2023-02-20 00:12:25', '2023-02-20 00:12:25'),
	(1997, 1, 'en', 'packages/theme/theme', 'cannot_remove_theme', 'Cannot remove activated theme, please activate another theme before removing ":name"!', '2023-02-20 00:12:25', '2023-02-20 00:12:25'),
	(1998, 1, 'en', 'packages/theme/theme', 'theme_deleted', 'Theme ":name" has been destroyed.', '2023-02-20 00:12:25', '2023-02-20 00:12:25'),
	(1999, 1, 'en', 'packages/theme/theme', 'removed_assets', 'Remove assets of a theme :name successfully!', '2023-02-20 00:12:25', '2023-02-20 00:12:25'),
	(2000, 1, 'en', 'packages/theme/theme', 'update_custom_css_success', 'Update custom CSS successfully!', '2023-02-20 00:12:25', '2023-02-20 00:12:25'),
	(2001, 1, 'en', 'packages/theme/theme', 'update_custom_js_success', 'Update custom JS successfully!', '2023-02-20 00:12:25', '2023-02-20 00:12:25'),
	(2002, 1, 'en', 'packages/theme/theme', 'update_custom_html_success', 'Update custom HTML successfully!', '2023-02-20 00:12:25', '2023-02-20 00:12:25'),
	(2003, 1, 'en', 'packages/theme/theme', 'go_to_dashboard', 'Go to dashboard', '2023-02-20 00:12:25', '2023-02-20 00:12:25'),
	(2004, 1, 'en', 'packages/theme/theme', 'custom_css_placeholder', 'Using Ctrl + Space to autocomplete.', '2023-02-20 00:12:25', '2023-02-20 00:12:25'),
	(2005, 1, 'en', 'packages/theme/theme', 'theme_option_general', 'General', '2023-02-20 00:12:25', '2023-02-20 00:12:25'),
	(2006, 1, 'en', 'packages/theme/theme', 'theme_option_general_description', 'General settings', '2023-02-20 00:12:25', '2023-02-20 00:12:25'),
	(2007, 1, 'en', 'packages/theme/theme', 'theme_option_seo_open_graph_image', 'SEO default Open Graph image', '2023-02-20 00:12:25', '2023-02-20 00:12:25'),
	(2008, 1, 'en', 'packages/theme/theme', 'theme_option_logo', 'Logo', '2023-02-20 00:12:25', '2023-02-20 00:12:25'),
	(2009, 1, 'en', 'packages/theme/theme', 'theme_option_favicon', 'Favicon', '2023-02-20 00:12:25', '2023-02-20 00:12:25'),
	(2010, 1, 'en', 'packages/theme/theme', 'folder_is_not_writeable', 'Cannot write files! Folder :name is not writable. Please chmod to make it writable!', '2023-02-20 00:12:25', '2023-02-20 00:12:25'),
	(2011, 1, 'vi', 'packages/theme/theme', 'name', 'Giao diện', '2023-02-20 00:12:25', '2023-02-20 00:12:25'),
	(2012, 1, 'vi', 'packages/theme/theme', 'activated', 'Đã kích hoạt', '2023-02-20 00:12:25', '2023-02-20 00:12:25'),
	(2013, 1, 'vi', 'packages/theme/theme', 'active', 'Kích hoạt', '2023-02-20 00:12:25', '2023-02-20 00:12:25'),
	(2014, 1, 'vi', 'packages/theme/theme', 'active_success', 'Kích hoạt giao diện thành công!', '2023-02-20 00:12:25', '2023-02-20 00:12:25'),
	(2015, 1, 'vi', 'packages/theme/theme', 'author', 'Tác giả', '2023-02-20 00:12:25', '2023-02-20 00:12:25'),
	(2016, 1, 'vi', 'packages/theme/theme', 'description', 'Mô tả', '2023-02-20 00:12:25', '2023-02-20 00:12:25'),
	(2017, 1, 'vi', 'packages/theme/theme', 'appearance', 'Hiển thị', '2023-02-20 00:12:25', '2023-02-20 00:12:25'),
	(2018, 1, 'vi', 'packages/theme/theme', 'theme', 'Giao diện', '2023-02-20 00:12:25', '2023-02-20 00:12:25'),
	(2019, 1, 'vi', 'packages/theme/theme', 'theme_options', 'Tuỳ chọn giao diện', '2023-02-20 00:12:25', '2023-02-20 00:12:25'),
	(2020, 1, 'vi', 'packages/theme/theme', 'version', 'Phiên bản', '2023-02-20 00:12:25', '2023-02-20 00:12:25'),
	(2021, 1, 'vi', 'packages/theme/theme', 'save_changes', 'Lưu thay đổi', '2023-02-20 00:12:25', '2023-02-20 00:12:25'),
	(2022, 1, 'vi', 'packages/theme/theme', 'developer_mode', 'Đang kích hoạt chế độ thử nghiệm', '2023-02-20 00:12:25', '2023-02-20 00:12:25'),
	(2023, 1, 'vi', 'packages/theme/theme', 'custom_css', 'Tuỳ chỉnh CSS', '2023-02-20 00:12:25', '2023-02-20 00:12:25'),
	(2024, 1, 'vi', 'packages/theme/theme', 'remove', 'Xóa', '2023-02-20 00:12:25', '2023-02-20 00:12:25'),
	(2025, 1, 'vi', 'packages/theme/theme', 'remove_theme', 'Xóa giao diện', '2023-02-20 00:12:25', '2023-02-20 00:12:25'),
	(2026, 1, 'vi', 'packages/theme/theme', 'remove_theme_confirm_message', 'Bạn có chắc chắn muốn xóa giao diện này?', '2023-02-20 00:12:25', '2023-02-20 00:12:25'),
	(2027, 1, 'vi', 'packages/theme/theme', 'remove_theme_confirm_yes', 'Vâng, xác nhận xóa!', '2023-02-20 00:12:25', '2023-02-20 00:12:25'),
	(2028, 1, 'vi', 'packages/theme/theme', 'remove_theme_success', 'Xóa giao diện thành công!', '2023-02-20 00:12:25', '2023-02-20 00:12:25'),
	(2029, 1, 'vi', 'packages/theme/theme', 'settings.description', 'Cài đặt giao diện', '2023-02-20 00:12:25', '2023-02-20 00:12:25'),
	(2030, 1, 'vi', 'packages/theme/theme', 'settings.title', 'Giao diện', '2023-02-20 00:12:25', '2023-02-20 00:12:25'),
	(2031, 1, 'vi', 'packages/theme/theme', 'show_admin_bar', 'Hiển thị admin bar (khi admin đã đăng nhập, vẫn hiển thị admin bar trên website)?', '2023-02-20 00:12:25', '2023-02-20 00:12:25'),
	(2032, 1, 'vi', 'packages/theme/theme', 'total_themes', 'Tổng số giao diện', '2023-02-20 00:12:25', '2023-02-20 00:12:25'),
	(2033, 1, 'vi', 'packages/theme/theme', 'add_new', 'Thêm mới', '2023-02-20 00:12:25', '2023-02-20 00:12:25'),
	(2034, 1, 'en', 'packages/widget/global', 'name', 'Widgets', '2023-02-20 00:12:25', '2023-02-20 00:12:25'),
	(2035, 1, 'en', 'packages/widget/global', 'create', 'New widget', '2023-02-20 00:12:25', '2023-02-20 00:12:25'),
	(2036, 1, 'en', 'packages/widget/global', 'edit', 'Edit widget', '2023-02-20 00:12:25', '2023-02-20 00:12:25'),
	(2037, 1, 'en', 'packages/widget/global', 'delete', 'Delete', '2023-02-20 00:12:25', '2023-02-20 00:12:25'),
	(2038, 1, 'en', 'packages/widget/global', 'available', 'Available Widgets', '2023-02-20 00:12:25', '2023-02-20 00:12:25'),
	(2039, 1, 'en', 'packages/widget/global', 'instruction', 'To activate a widget drag it to a sidebar or click on it. To deactivate a widget and delete its settings, drag it back.', '2023-02-20 00:12:25', '2023-02-20 00:12:25'),
	(2040, 1, 'en', 'packages/widget/global', 'number_tag_display', 'Number tags will be display', '2023-02-20 00:12:25', '2023-02-20 00:12:25'),
	(2041, 1, 'en', 'packages/widget/global', 'number_post_display', 'Number posts will be display', '2023-02-20 00:12:25', '2023-02-20 00:12:25'),
	(2042, 1, 'en', 'packages/widget/global', 'select_menu', 'Select Menu', '2023-02-20 00:12:25', '2023-02-20 00:12:25'),
	(2043, 1, 'en', 'packages/widget/global', 'widget_text', 'Text', '2023-02-20 00:12:25', '2023-02-20 00:12:25'),
	(2044, 1, 'en', 'packages/widget/global', 'widget_text_description', 'Arbitrary text or HTML.', '2023-02-20 00:12:25', '2023-02-20 00:12:25'),
	(2045, 1, 'en', 'packages/widget/global', 'widget_recent_post', 'Recent Posts', '2023-02-20 00:12:25', '2023-02-20 00:12:25'),
	(2046, 1, 'en', 'packages/widget/global', 'widget_recent_post_description', 'Recent posts widget.', '2023-02-20 00:12:25', '2023-02-20 00:12:25'),
	(2047, 1, 'en', 'packages/widget/global', 'widget_custom_menu', 'Custom Menu', '2023-02-20 00:12:25', '2023-02-20 00:12:25'),
	(2048, 1, 'en', 'packages/widget/global', 'widget_custom_menu_description', 'Add a custom menu to your widget area.', '2023-02-20 00:12:25', '2023-02-20 00:12:25'),
	(2049, 1, 'en', 'packages/widget/global', 'widget_tag', 'Tags', '2023-02-20 00:12:25', '2023-02-20 00:12:25'),
	(2050, 1, 'en', 'packages/widget/global', 'widget_tag_description', 'Popular tags', '2023-02-20 00:12:25', '2023-02-20 00:12:25'),
	(2051, 1, 'en', 'packages/widget/global', 'save_success', 'Save widget successfully!', '2023-02-20 00:12:25', '2023-02-20 00:12:25'),
	(2052, 1, 'en', 'packages/widget/global', 'delete_success', 'Delete widget successfully!', '2023-02-20 00:12:25', '2023-02-20 00:12:25'),
	(2053, 1, 'en', 'packages/widget/widget', 'name', 'Widgets', '2023-02-20 00:12:25', '2023-02-20 00:12:25'),
	(2054, 1, 'en', 'packages/widget/widget', 'create', 'New widget', '2023-02-20 00:12:25', '2023-02-20 00:12:25'),
	(2055, 1, 'en', 'packages/widget/widget', 'edit', 'Edit widget', '2023-02-20 00:12:25', '2023-02-20 00:12:25'),
	(2056, 1, 'en', 'packages/widget/widget', 'delete', 'Delete', '2023-02-20 00:12:25', '2023-02-20 00:12:25'),
	(2057, 1, 'en', 'packages/widget/widget', 'available', 'Available Widgets', '2023-02-20 00:12:25', '2023-02-20 00:12:25'),
	(2058, 1, 'en', 'packages/widget/widget', 'instruction', 'To activate a widget drag it to a sidebar or click on it. To deactivate a widget and delete its settings, drag it back.', '2023-02-20 00:12:25', '2023-02-20 00:12:25'),
	(2059, 1, 'en', 'packages/widget/widget', 'number_tag_display', 'Number tags will be display', '2023-02-20 00:12:25', '2023-02-20 00:12:25'),
	(2060, 1, 'en', 'packages/widget/widget', 'number_post_display', 'Number posts will be display', '2023-02-20 00:12:25', '2023-02-20 00:12:25'),
	(2061, 1, 'en', 'packages/widget/widget', 'select_menu', 'Select Menu', '2023-02-20 00:12:25', '2023-02-20 00:12:25'),
	(2062, 1, 'en', 'packages/widget/widget', 'widget_text', 'Text', '2023-02-20 00:12:25', '2023-02-20 00:12:25'),
	(2063, 1, 'en', 'packages/widget/widget', 'widget_text_description', 'Arbitrary text or HTML.', '2023-02-20 00:12:25', '2023-02-20 00:12:25'),
	(2064, 1, 'en', 'packages/widget/widget', 'widget_recent_post', 'Recent Posts', '2023-02-20 00:12:25', '2023-02-20 00:12:25'),
	(2065, 1, 'en', 'packages/widget/widget', 'widget_recent_post_description', 'Recent posts widget.', '2023-02-20 00:12:25', '2023-02-20 00:12:25'),
	(2066, 1, 'en', 'packages/widget/widget', 'widget_custom_menu', 'Custom Menu', '2023-02-20 00:12:25', '2023-02-20 00:12:25'),
	(2067, 1, 'en', 'packages/widget/widget', 'widget_custom_menu_description', 'Add a custom menu to your widget area.', '2023-02-20 00:12:25', '2023-02-20 00:12:25'),
	(2068, 1, 'en', 'packages/widget/widget', 'widget_tag', 'Tags', '2023-02-20 00:12:25', '2023-02-20 00:12:25'),
	(2069, 1, 'en', 'packages/widget/widget', 'widget_tag_description', 'Popular tags', '2023-02-20 00:12:25', '2023-02-20 00:12:25'),
	(2070, 1, 'en', 'packages/widget/widget', 'save_success', 'Save widget successfully!', '2023-02-20 00:12:25', '2023-02-20 00:12:25'),
	(2071, 1, 'en', 'packages/widget/widget', 'delete_success', 'Delete widget successfully!', '2023-02-20 00:12:25', '2023-02-20 00:12:25'),
	(2072, 1, 'en', 'packages/widget/widget', 'primary_sidebar_name', 'Primary sidebar', '2023-02-20 00:12:25', '2023-02-20 00:12:25'),
	(2073, 1, 'en', 'packages/widget/widget', 'primary_sidebar_description', 'Primary sidebar section', '2023-02-20 00:12:25', '2023-02-20 00:12:25'),
	(2074, 1, 'vi', 'packages/widget/global', 'name', 'Widgets', '2023-02-20 00:12:25', '2023-02-20 00:12:25'),
	(2075, 1, 'vi', 'packages/widget/global', 'create', 'New widget', '2023-02-20 00:12:25', '2023-02-20 00:12:25'),
	(2076, 1, 'vi', 'packages/widget/global', 'edit', 'Edit widget', '2023-02-20 00:12:25', '2023-02-20 00:12:25'),
	(2077, 1, 'vi', 'packages/widget/global', 'available', 'Tiện ích có sẵn', '2023-02-20 00:12:25', '2023-02-20 00:12:25'),
	(2078, 1, 'vi', 'packages/widget/global', 'delete', 'Xóa', '2023-02-20 00:12:25', '2023-02-20 00:12:25'),
	(2079, 1, 'vi', 'packages/widget/global', 'instruction', 'Để kích hoạt tiện ích, hãy kéo nó vào sidebar hoặc nhấn vào nó. Để hủy kích hoạt tiện ích và xóa các thiết lập của tiện ích, kéo nó quay trở lại.', '2023-02-20 00:12:25', '2023-02-20 00:12:25'),
	(2080, 1, 'vi', 'packages/widget/global', 'number_post_display', 'Số bài viết sẽ hiển thị', '2023-02-20 00:12:25', '2023-02-20 00:12:25'),
	(2081, 1, 'vi', 'packages/widget/global', 'number_tag_display', 'Số thẻ sẽ hiển thị', '2023-02-20 00:12:25', '2023-02-20 00:12:25'),
	(2082, 1, 'vi', 'packages/widget/global', 'select_menu', 'Lựa chọn trình đơn', '2023-02-20 00:12:25', '2023-02-20 00:12:25'),
	(2083, 1, 'vi', 'packages/widget/global', 'widget_custom_menu', 'Menu tùy chỉnh', '2023-02-20 00:12:25', '2023-02-20 00:12:25'),
	(2084, 1, 'vi', 'packages/widget/global', 'widget_custom_menu_description', 'Thêm menu tùy chỉnh vào khu vực tiện ích của bạn', '2023-02-20 00:12:25', '2023-02-20 00:12:25'),
	(2085, 1, 'vi', 'packages/widget/global', 'widget_recent_post', 'Bài viết gần đây', '2023-02-20 00:12:25', '2023-02-20 00:12:25'),
	(2086, 1, 'vi', 'packages/widget/global', 'widget_recent_post_description', 'Tiện ích bài viết gần đây', '2023-02-20 00:12:25', '2023-02-20 00:12:25'),
	(2087, 1, 'vi', 'packages/widget/global', 'widget_tag', 'Thẻ', '2023-02-20 00:12:25', '2023-02-20 00:12:25'),
	(2088, 1, 'vi', 'packages/widget/global', 'widget_tag_description', 'Thẻ phổ biến, sử dụng nhiều', '2023-02-20 00:12:25', '2023-02-20 00:12:25'),
	(2089, 1, 'vi', 'packages/widget/global', 'widget_text', 'Văn bản', '2023-02-20 00:12:25', '2023-02-20 00:12:25'),
	(2090, 1, 'vi', 'packages/widget/global', 'widget_text_description', 'Văn bản tùy ý hoặc HTML.', '2023-02-20 00:12:25', '2023-02-20 00:12:25'),
	(2091, 1, 'vi', 'packages/widget/global', 'delete_success', 'Xoá tiện ích thành công', '2023-02-20 00:12:25', '2023-02-20 00:12:25'),
	(2092, 1, 'vi', 'packages/widget/global', 'save_success', 'Lưu tiện ích thành công!', '2023-02-20 00:12:25', '2023-02-20 00:12:25'),
	(2093, 1, 'vi', 'packages/widget/widget', 'name', 'Widgets', '2023-02-20 00:12:25', '2023-02-20 00:12:25'),
	(2094, 1, 'vi', 'packages/widget/widget', 'create', 'New widget', '2023-02-20 00:12:25', '2023-02-20 00:12:25'),
	(2095, 1, 'vi', 'packages/widget/widget', 'edit', 'Edit widget', '2023-02-20 00:12:25', '2023-02-20 00:12:25'),
	(2096, 1, 'vi', 'packages/widget/widget', 'available', 'Tiện ích có sẵn', '2023-02-20 00:12:25', '2023-02-20 00:12:25'),
	(2097, 1, 'vi', 'packages/widget/widget', 'delete', 'Xóa', '2023-02-20 00:12:25', '2023-02-20 00:12:25'),
	(2098, 1, 'vi', 'packages/widget/widget', 'instruction', 'Để kích hoạt tiện ích, hãy kéo nó vào sidebar hoặc nhấn vào nó. Để hủy kích hoạt tiện ích và xóa các thiết lập của tiện ích, kéo nó quay trở lại.', '2023-02-20 00:12:25', '2023-02-20 00:12:25'),
	(2099, 1, 'vi', 'packages/widget/widget', 'number_post_display', 'Số bài viết sẽ hiển thị', '2023-02-20 00:12:25', '2023-02-20 00:12:25'),
	(2100, 1, 'vi', 'packages/widget/widget', 'number_tag_display', 'Số thẻ sẽ hiển thị', '2023-02-20 00:12:25', '2023-02-20 00:12:25'),
	(2101, 1, 'vi', 'packages/widget/widget', 'select_menu', 'Lựa chọn trình đơn', '2023-02-20 00:12:25', '2023-02-20 00:12:25'),
	(2102, 1, 'vi', 'packages/widget/widget', 'widget_custom_menu', 'Menu tùy chỉnh', '2023-02-20 00:12:25', '2023-02-20 00:12:25'),
	(2103, 1, 'vi', 'packages/widget/widget', 'widget_custom_menu_description', 'Thêm menu tùy chỉnh vào khu vực tiện ích của bạn', '2023-02-20 00:12:25', '2023-02-20 00:12:25'),
	(2104, 1, 'vi', 'packages/widget/widget', 'widget_recent_post', 'Bài viết gần đây', '2023-02-20 00:12:25', '2023-02-20 00:12:25'),
	(2105, 1, 'vi', 'packages/widget/widget', 'widget_recent_post_description', 'Tiện ích bài viết gần đây', '2023-02-20 00:12:25', '2023-02-20 00:12:25'),
	(2106, 1, 'vi', 'packages/widget/widget', 'widget_tag', 'Thẻ', '2023-02-20 00:12:25', '2023-02-20 00:12:25'),
	(2107, 1, 'vi', 'packages/widget/widget', 'widget_tag_description', 'Thẻ phổ biến, sử dụng nhiều', '2023-02-20 00:12:25', '2023-02-20 00:12:25'),
	(2108, 1, 'vi', 'packages/widget/widget', 'widget_text', 'Văn bản', '2023-02-20 00:12:25', '2023-02-20 00:12:25'),
	(2109, 1, 'vi', 'packages/widget/widget', 'widget_text_description', 'Văn bản tùy ý hoặc HTML.', '2023-02-20 00:12:25', '2023-02-20 00:12:25'),
	(2110, 1, 'vi', 'packages/widget/widget', 'delete_success', 'Xoá tiện ích thành công', '2023-02-20 00:12:25', '2023-02-20 00:12:25'),
	(2111, 1, 'vi', 'packages/widget/widget', 'save_success', 'Lưu tiện ích thành công!', '2023-02-20 00:12:25', '2023-02-20 00:12:25'),
	(2112, 1, 'en', 'plugins/ads/ads', 'name', 'Ads', '2023-02-20 00:12:26', '2023-02-20 00:12:26'),
	(2113, 1, 'en', 'plugins/ads/ads', 'create', 'New ads', '2023-02-20 00:12:26', '2023-02-20 00:12:26'),
	(2114, 1, 'en', 'plugins/ads/ads', 'edit', 'Edit ads', '2023-02-20 00:12:26', '2023-02-20 00:12:26'),
	(2115, 1, 'en', 'plugins/ads/ads', 'location', 'Location', '2023-02-20 00:12:26', '2023-02-20 00:12:26'),
	(2116, 1, 'en', 'plugins/ads/ads', 'url', 'URL', '2023-02-20 00:12:26', '2023-02-20 00:12:26'),
	(2117, 1, 'en', 'plugins/ads/ads', 'expired_at', 'Expired at', '2023-02-20 00:12:26', '2023-02-20 00:12:26'),
	(2118, 1, 'en', 'plugins/ads/ads', 'key', 'Key', '2023-02-20 00:12:26', '2023-02-20 00:12:26'),
	(2119, 1, 'en', 'plugins/ads/ads', 'shortcode', 'Shortcode', '2023-02-20 00:12:26', '2023-02-20 00:12:26'),
	(2120, 1, 'en', 'plugins/ads/ads', 'clicked', 'Clicked', '2023-02-20 00:12:26', '2023-02-20 00:12:26'),
	(2121, 1, 'en', 'plugins/ads/ads', 'not_set', 'Not set', '2023-02-20 00:12:26', '2023-02-20 00:12:26'),
	(2122, 1, 'en', 'plugins/ads/ads', 'adblock_warning', 'If you are using Adblock browser extension, you need to disable this extension on your site first. It may block your ads if it is enabled on your site! <br /> Tips: Image name SHOULD NOT contain some ads keywords (ad, promotion...)', '2023-02-20 00:12:26', '2023-02-20 00:12:26'),
	(2123, 1, 'en', 'plugins/ads/ads', 'select_ad', 'Select Ad', '2023-02-20 00:12:26', '2023-02-20 00:12:26'),
	(2124, 1, 'en', 'plugins/analytics/analytics', 'sessions', 'Sessions', '2023-02-20 00:12:26', '2023-02-20 00:12:26'),
	(2125, 1, 'en', 'plugins/analytics/analytics', 'visitors', 'Visitors', '2023-02-20 00:12:26', '2023-02-20 00:12:26'),
	(2126, 1, 'en', 'plugins/analytics/analytics', 'pageviews', 'Pageviews', '2023-02-20 00:12:26', '2023-02-20 00:12:26'),
	(2127, 1, 'en', 'plugins/analytics/analytics', 'bounce_rate', 'Bounce Rate', '2023-02-20 00:12:26', '2023-02-20 00:12:26'),
	(2128, 1, 'en', 'plugins/analytics/analytics', 'page_session', 'Pages/Session', '2023-02-20 00:12:26', '2023-02-20 00:12:26'),
	(2129, 1, 'en', 'plugins/analytics/analytics', 'avg_duration', 'Avg. Duration', '2023-02-20 00:12:26', '2023-02-20 00:12:26'),
	(2130, 1, 'en', 'plugins/analytics/analytics', 'percent_new_session', 'Percent new session', '2023-02-20 00:12:26', '2023-02-20 00:12:26'),
	(2131, 1, 'en', 'plugins/analytics/analytics', 'new_users', 'New visitors', '2023-02-20 00:12:26', '2023-02-20 00:12:26'),
	(2132, 1, 'en', 'plugins/analytics/analytics', 'visits', 'visits', '2023-02-20 00:12:26', '2023-02-20 00:12:26'),
	(2133, 1, 'en', 'plugins/analytics/analytics', 'views', 'views', '2023-02-20 00:12:26', '2023-02-20 00:12:26'),
	(2134, 1, 'en', 'plugins/analytics/analytics', 'property_id_not_specified', 'You must provide a valid view id. The document here: <a href="https://docs.botble.com/cms/master/plugin-analytics" target="_blank">https://docs.botble.com/cms/master/plugin-analytics</a>', '2023-02-20 00:12:26', '2023-02-20 00:12:26'),
	(2135, 1, 'en', 'plugins/analytics/analytics', 'credential_is_not_valid', 'Analytics credentials is not valid. The document here: <a href="https://docs.botble.com/cms/master/plugin-analytics" target="_blank">https://docs.botble.com/cms/master/plugin-analytics</a>', '2023-02-20 00:12:26', '2023-02-20 00:12:26'),
	(2136, 1, 'en', 'plugins/analytics/analytics', 'start_date_can_not_before_end_date', 'Start date :start_date cannot be after end date :end_date', '2023-02-20 00:12:26', '2023-02-20 00:12:26'),
	(2137, 1, 'en', 'plugins/analytics/analytics', 'wrong_configuration', 'To view analytics you\'ll need to get a Google Analytics client id and add it to your settings. <br /> You also need JSON credential data. <br /> The document here: <a href="https://docs.botble.com/cms/master/plugin-analytics" target="_blank">https://docs.botble.com/cms/master/plugin-analytics</a>', '2023-02-20 00:12:26', '2023-02-20 00:12:26'),
	(2138, 1, 'en', 'plugins/analytics/analytics', 'settings.title', 'Google Analytics', '2023-02-20 00:12:26', '2023-02-20 00:12:26'),
	(2139, 1, 'en', 'plugins/analytics/analytics', 'settings.description', 'Config Credentials for Google Analytics', '2023-02-20 00:12:26', '2023-02-20 00:12:26'),
	(2140, 1, 'en', 'plugins/analytics/analytics', 'settings.tracking_code', 'Tracking ID', '2023-02-20 00:12:26', '2023-02-20 00:12:26'),
	(2141, 1, 'en', 'plugins/analytics/analytics', 'settings.tracking_code_placeholder', 'Example: GA-12586526-8', '2023-02-20 00:12:26', '2023-02-20 00:12:26'),
	(2142, 1, 'en', 'plugins/analytics/analytics', 'settings.view_id', 'View ID for UA', '2023-02-20 00:12:26', '2023-02-20 00:12:26'),
	(2143, 1, 'en', 'plugins/analytics/analytics', 'settings.view_id_description', 'Google Analytics View ID (UA)', '2023-02-20 00:12:26', '2023-02-20 00:12:26'),
	(2144, 1, 'en', 'plugins/analytics/analytics', 'settings.analytics_property_id', 'Property ID for GA4', '2023-02-20 00:12:26', '2023-02-20 00:12:26'),
	(2145, 1, 'en', 'plugins/analytics/analytics', 'settings.analytics_property_id_description', 'Google Analytics Property ID (GA4)', '2023-02-20 00:12:26', '2023-02-20 00:12:26'),
	(2146, 1, 'en', 'plugins/analytics/analytics', 'settings.json_credential', 'Service Account Credentials', '2023-02-20 00:12:26', '2023-02-20 00:12:26'),
	(2147, 1, 'en', 'plugins/analytics/analytics', 'settings.json_credential_description', 'Service Account Credentials', '2023-02-20 00:12:26', '2023-02-20 00:12:26'),
	(2148, 1, 'en', 'plugins/analytics/analytics', 'settings.type', 'Type', '2023-02-20 00:12:26', '2023-02-20 00:12:26'),
	(2149, 1, 'en', 'plugins/analytics/analytics', 'settings.ua_description', 'Universal Analytics', '2023-02-20 00:12:26', '2023-02-20 00:12:26'),
	(2150, 1, 'en', 'plugins/analytics/analytics', 'settings.ga4_description', 'Google Analytics 4 (GA4)', '2023-02-20 00:12:26', '2023-02-20 00:12:26'),
	(2151, 1, 'en', 'plugins/analytics/analytics', 'widget_analytics_page', 'Top Most Visit Pages', '2023-02-20 00:12:26', '2023-02-20 00:12:26'),
	(2152, 1, 'en', 'plugins/analytics/analytics', 'widget_analytics_browser', 'Top Browsers', '2023-02-20 00:12:26', '2023-02-20 00:12:26'),
	(2153, 1, 'en', 'plugins/analytics/analytics', 'widget_analytics_referrer', 'Top Referrers', '2023-02-20 00:12:26', '2023-02-20 00:12:26'),
	(2154, 1, 'en', 'plugins/analytics/analytics', 'widget_analytics_general', 'Site Analytics', '2023-02-20 00:12:26', '2023-02-20 00:12:26'),
	(2155, 1, 'vi', 'plugins/analytics/analytics', 'avg_duration', 'Trung bình', '2023-02-20 00:12:26', '2023-02-20 00:12:26'),
	(2156, 1, 'vi', 'plugins/analytics/analytics', 'bounce_rate', 'Tỉ lệ thoát', '2023-02-20 00:12:26', '2023-02-20 00:12:26'),
	(2157, 1, 'vi', 'plugins/analytics/analytics', 'page_session', 'Trang/Phiên', '2023-02-20 00:12:26', '2023-02-20 00:12:26'),
	(2158, 1, 'vi', 'plugins/analytics/analytics', 'pageviews', 'Lượt xem', '2023-02-20 00:12:26', '2023-02-20 00:12:26'),
	(2159, 1, 'vi', 'plugins/analytics/analytics', 'sessions', 'Phiên', '2023-02-20 00:12:26', '2023-02-20 00:12:26'),
	(2160, 1, 'vi', 'plugins/analytics/analytics', 'views', 'lượt xem', '2023-02-20 00:12:26', '2023-02-20 00:12:26'),
	(2161, 1, 'vi', 'plugins/analytics/analytics', 'visitors', 'Người truy cập', '2023-02-20 00:12:26', '2023-02-20 00:12:26'),
	(2162, 1, 'vi', 'plugins/analytics/analytics', 'visits', 'lượt ghé thăm', '2023-02-20 00:12:26', '2023-02-20 00:12:26'),
	(2163, 1, 'vi', 'plugins/analytics/analytics', 'credential_is_not_valid', 'Thông tin cài đặt không hợp lệ. Tài liệu hướng dẫn tại đây: <a href="https://docs.botble.com/cms/master/plugin-analytics" target="_blank">https://docs.botble.com/cms/master/plugin-analytics</a>', '2023-02-20 00:12:26', '2023-02-20 00:12:26'),
	(2164, 1, 'vi', 'plugins/analytics/analytics', 'new_users', 'Lượt khách mới', '2023-02-20 00:12:26', '2023-02-20 00:12:26'),
	(2165, 1, 'vi', 'plugins/analytics/analytics', 'percent_new_session', 'Tỉ lệ khách mới', '2023-02-20 00:12:26', '2023-02-20 00:12:26'),
	(2166, 1, 'vi', 'plugins/analytics/analytics', 'start_date_can_not_before_end_date', 'Ngày bắt đầu :start_date không thể sau ngày kết thúc :end_date', '2023-02-20 00:12:26', '2023-02-20 00:12:26'),
	(2167, 1, 'vi', 'plugins/analytics/analytics', 'view_id_not_specified', 'Bạn phải cung cấp View ID hợp lê. Tài liệu hướng dẫn tại đây: <a href="https://docs.botble.com/cms/master/plugin-analytics" target="_blank">https://docs.botble.com/cms/master/plugin-analytics</a>', '2023-02-20 00:12:26', '2023-02-20 00:12:26'),
	(2168, 1, 'vi', 'plugins/analytics/analytics', 'wrong_configuration', 'Để xem dữ liệu thống kê Google Analytics, bạn cần lấy thông tin Client ID và thêm nó vào trong phần cài đặt. Bạn cũng cần thông tin xác thực dạng JSON. Tài liệu hướng dẫn tại đây: <a href="https://docs.botble.com/cms/master/plugin-analytics" target="_blank">https://docs.botble.com/cms/master/plugin-analytics</a>', '2023-02-20 00:12:26', '2023-02-20 00:12:26'),
	(2169, 1, 'vi', 'plugins/analytics/analytics', 'settings.title', 'Google Analytics', '2023-02-20 00:12:26', '2023-02-20 00:12:26'),
	(2170, 1, 'vi', 'plugins/analytics/analytics', 'settings.description', 'Config Credentials for Google Analytics', '2023-02-20 00:12:26', '2023-02-20 00:12:26'),
	(2171, 1, 'vi', 'plugins/analytics/analytics', 'settings.tracking_code', 'Tracking Code', '2023-02-20 00:12:26', '2023-02-20 00:12:26'),
	(2172, 1, 'vi', 'plugins/analytics/analytics', 'settings.tracking_code_placeholder', 'Example: GA-12586526-8', '2023-02-20 00:12:26', '2023-02-20 00:12:26'),
	(2173, 1, 'vi', 'plugins/analytics/analytics', 'settings.view_id', 'View ID', '2023-02-20 00:12:26', '2023-02-20 00:12:26'),
	(2174, 1, 'vi', 'plugins/analytics/analytics', 'settings.view_id_description', 'Google Analytics View ID', '2023-02-20 00:12:26', '2023-02-20 00:12:26'),
	(2175, 1, 'vi', 'plugins/analytics/analytics', 'settings.json_credential', 'Service Account Credentials', '2023-02-20 00:12:26', '2023-02-20 00:12:26'),
	(2176, 1, 'vi', 'plugins/analytics/analytics', 'settings.json_credential_description', 'Service Account Credentials', '2023-02-20 00:12:26', '2023-02-20 00:12:26'),
	(2177, 1, 'vi', 'plugins/analytics/analytics', 'widget_analytics_browser', 'Trình duyệt truy cập nhiều', '2023-02-20 00:12:26', '2023-02-20 00:12:26'),
	(2178, 1, 'vi', 'plugins/analytics/analytics', 'widget_analytics_general', 'Thống kê truy cập', '2023-02-20 00:12:26', '2023-02-20 00:12:26'),
	(2179, 1, 'vi', 'plugins/analytics/analytics', 'widget_analytics_page', 'Trang được xem nhiều nhất', '2023-02-20 00:12:26', '2023-02-20 00:12:26'),
	(2180, 1, 'vi', 'plugins/analytics/analytics', 'widget_analytics_referrer', 'Trang giới thiệu nhiều', '2023-02-20 00:12:26', '2023-02-20 00:12:26'),
	(2181, 1, 'en', 'plugins/audit-log/history', 'name', 'Activities Logs', '2023-02-20 00:12:26', '2023-02-20 00:12:26'),
	(2182, 1, 'en', 'plugins/audit-log/history', 'created', 'created', '2023-02-20 00:12:26', '2023-02-20 00:12:26'),
	(2183, 1, 'en', 'plugins/audit-log/history', 'updated', 'updated', '2023-02-20 00:12:26', '2023-02-20 00:12:26'),
	(2184, 1, 'en', 'plugins/audit-log/history', 'deleted', 'deleted', '2023-02-20 00:12:26', '2023-02-20 00:12:26'),
	(2185, 1, 'en', 'plugins/audit-log/history', 'logged in', 'logged in', '2023-02-20 00:12:26', '2023-02-20 00:12:26'),
	(2186, 1, 'en', 'plugins/audit-log/history', 'logged out', 'logged out', '2023-02-20 00:12:26', '2023-02-20 00:12:26'),
	(2187, 1, 'en', 'plugins/audit-log/history', 'changed password', 'changed password', '2023-02-20 00:12:26', '2023-02-20 00:12:26'),
	(2188, 1, 'en', 'plugins/audit-log/history', 'updated profile', 'updated profile', '2023-02-20 00:12:26', '2023-02-20 00:12:26'),
	(2189, 1, 'en', 'plugins/audit-log/history', 'attached', 'attached', '2023-02-20 00:12:26', '2023-02-20 00:12:26'),
	(2190, 1, 'en', 'plugins/audit-log/history', 'shared', 'shared', '2023-02-20 00:12:26', '2023-02-20 00:12:26'),
	(2191, 1, 'en', 'plugins/audit-log/history', 'to the system', 'to the system', '2023-02-20 00:12:26', '2023-02-20 00:12:26'),
	(2192, 1, 'en', 'plugins/audit-log/history', 'of the system', 'of the system', '2023-02-20 00:12:26', '2023-02-20 00:12:26'),
	(2193, 1, 'en', 'plugins/audit-log/history', 'menu', 'menu', '2023-02-20 00:12:26', '2023-02-20 00:12:26'),
	(2194, 1, 'en', 'plugins/audit-log/history', 'post', 'post', '2023-02-20 00:12:26', '2023-02-20 00:12:26'),
	(2195, 1, 'en', 'plugins/audit-log/history', 'page', 'page', '2023-02-20 00:12:26', '2023-02-20 00:12:26'),
	(2196, 1, 'en', 'plugins/audit-log/history', 'category', 'category', '2023-02-20 00:12:26', '2023-02-20 00:12:26'),
	(2197, 1, 'en', 'plugins/audit-log/history', 'tag', 'tag', '2023-02-20 00:12:26', '2023-02-20 00:12:26'),
	(2198, 1, 'en', 'plugins/audit-log/history', 'user', 'user', '2023-02-20 00:12:26', '2023-02-20 00:12:26'),
	(2199, 1, 'en', 'plugins/audit-log/history', 'contact', 'contact', '2023-02-20 00:12:26', '2023-02-20 00:12:26'),
	(2200, 1, 'en', 'plugins/audit-log/history', 'backup', 'backup', '2023-02-20 00:12:26', '2023-02-20 00:12:26'),
	(2201, 1, 'en', 'plugins/audit-log/history', 'custom-field', 'custom field', '2023-02-20 00:12:26', '2023-02-20 00:12:26'),
	(2202, 1, 'en', 'plugins/audit-log/history', 'widget_audit_logs', 'Activities Logs', '2023-02-20 00:12:26', '2023-02-20 00:12:26'),
	(2203, 1, 'en', 'plugins/audit-log/history', 'action', 'Action', '2023-02-20 00:12:26', '2023-02-20 00:12:26'),
	(2204, 1, 'en', 'plugins/audit-log/history', 'user_agent', 'User Agent', '2023-02-20 00:12:26', '2023-02-20 00:12:26'),
	(2205, 1, 'en', 'plugins/audit-log/history', 'system', 'System', '2023-02-20 00:12:26', '2023-02-20 00:12:26'),
	(2206, 1, 'en', 'plugins/audit-log/history', 'delete_all', 'Delete all records', '2023-02-20 00:12:26', '2023-02-20 00:12:26'),
	(2207, 1, 'vi', 'plugins/audit-log/history', 'name', 'Lịch sử hoạt động', '2023-02-20 00:12:26', '2023-02-20 00:12:26'),
	(2208, 1, 'vi', 'plugins/audit-log/history', 'created', ' đã tạo', '2023-02-20 00:12:26', '2023-02-20 00:12:26'),
	(2209, 1, 'vi', 'plugins/audit-log/history', 'updated', ' đã cập nhật', '2023-02-20 00:12:26', '2023-02-20 00:12:26'),
	(2210, 1, 'vi', 'plugins/audit-log/history', 'deleted', ' đã xóa', '2023-02-20 00:12:26', '2023-02-20 00:12:26'),
	(2211, 1, 'vi', 'plugins/audit-log/history', 'attached', 'đính kèm', '2023-02-20 00:12:26', '2023-02-20 00:12:26'),
	(2212, 1, 'vi', 'plugins/audit-log/history', 'backup', 'sao lưu', '2023-02-20 00:12:26', '2023-02-20 00:12:26'),
	(2213, 1, 'vi', 'plugins/audit-log/history', 'category', 'danh mục', '2023-02-20 00:12:26', '2023-02-20 00:12:26'),
	(2214, 1, 'vi', 'plugins/audit-log/history', 'changed password', 'thay đổi mật khẩu', '2023-02-20 00:12:26', '2023-02-20 00:12:26'),
	(2215, 1, 'vi', 'plugins/audit-log/history', 'contact', 'liên hệ', '2023-02-20 00:12:26', '2023-02-20 00:12:26'),
	(2216, 1, 'vi', 'plugins/audit-log/history', 'custom-field', 'khung mở rộng', '2023-02-20 00:12:26', '2023-02-20 00:12:26'),
	(2217, 1, 'vi', 'plugins/audit-log/history', 'logged in', 'đăng nhập', '2023-02-20 00:12:26', '2023-02-20 00:12:26'),
	(2218, 1, 'vi', 'plugins/audit-log/history', 'logged out', 'đăng xuất', '2023-02-20 00:12:26', '2023-02-20 00:12:26'),
	(2219, 1, 'vi', 'plugins/audit-log/history', 'menu', 'trình đơn', '2023-02-20 00:12:26', '2023-02-20 00:12:26'),
	(2220, 1, 'vi', 'plugins/audit-log/history', 'of the system', 'khỏi hệ thống', '2023-02-20 00:12:26', '2023-02-20 00:12:26'),
	(2221, 1, 'vi', 'plugins/audit-log/history', 'page', 'trang', '2023-02-20 00:12:26', '2023-02-20 00:12:26'),
	(2222, 1, 'vi', 'plugins/audit-log/history', 'post', 'bài viết', '2023-02-20 00:12:26', '2023-02-20 00:12:26'),
	(2223, 1, 'vi', 'plugins/audit-log/history', 'shared', 'đã chia sẻ', '2023-02-20 00:12:26', '2023-02-20 00:12:26'),
	(2224, 1, 'vi', 'plugins/audit-log/history', 'tag', 'thẻ', '2023-02-20 00:12:26', '2023-02-20 00:12:26'),
	(2225, 1, 'vi', 'plugins/audit-log/history', 'to the system', 'vào hệ thống', '2023-02-20 00:12:26', '2023-02-20 00:12:26'),
	(2226, 1, 'vi', 'plugins/audit-log/history', 'updated profile', 'cập nhật tài khoản', '2023-02-20 00:12:26', '2023-02-20 00:12:26'),
	(2227, 1, 'vi', 'plugins/audit-log/history', 'user', 'thành viên', '2023-02-20 00:12:26', '2023-02-20 00:12:26'),
	(2228, 1, 'vi', 'plugins/audit-log/history', 'widget_audit_logs', 'Lịch sử hoạt động', '2023-02-20 00:12:26', '2023-02-20 00:12:26'),
	(2229, 1, 'vi', 'plugins/audit-log/history', 'system', 'Hệ thống', '2023-02-20 00:12:26', '2023-02-20 00:12:26'),
	(2230, 1, 'vi', 'plugins/audit-log/history', 'action', 'Hành động', '2023-02-20 00:12:26', '2023-02-20 00:12:26'),
	(2231, 1, 'vi', 'plugins/audit-log/history', 'delete_all', 'Xóa tất cả bản ghi', '2023-02-20 00:12:26', '2023-02-20 00:12:26'),
	(2232, 1, 'vi', 'plugins/audit-log/history', 'user_agent', 'User Agent', '2023-02-20 00:12:26', '2023-02-20 00:12:26'),
	(2233, 1, 'en', 'plugins/backup/backup', 'name', 'Backup', '2023-02-20 00:12:26', '2023-02-20 00:12:26'),
	(2234, 1, 'en', 'plugins/backup/backup', 'backup_description', 'Backup database and uploads folder.', '2023-02-20 00:12:26', '2023-02-20 00:12:26'),
	(2235, 1, 'en', 'plugins/backup/backup', 'create_backup_success', 'Created backup successfully!', '2023-02-20 00:12:26', '2023-02-20 00:12:26'),
	(2236, 1, 'en', 'plugins/backup/backup', 'delete_backup_success', 'Delete backup successfully!', '2023-02-20 00:12:26', '2023-02-20 00:12:26'),
	(2237, 1, 'en', 'plugins/backup/backup', 'restore_backup_success', 'Restore backup successfully!', '2023-02-20 00:12:26', '2023-02-20 00:12:26'),
	(2238, 1, 'en', 'plugins/backup/backup', 'generate_btn', 'Generate backup', '2023-02-20 00:12:26', '2023-02-20 00:12:26'),
	(2239, 1, 'en', 'plugins/backup/backup', 'create', 'Create a backup', '2023-02-20 00:12:26', '2023-02-20 00:12:26'),
	(2240, 1, 'en', 'plugins/backup/backup', 'restore', 'Restore a backup', '2023-02-20 00:12:26', '2023-02-20 00:12:26'),
	(2241, 1, 'en', 'plugins/backup/backup', 'create_btn', 'Create', '2023-02-20 00:12:26', '2023-02-20 00:12:26'),
	(2242, 1, 'en', 'plugins/backup/backup', 'restore_btn', 'Restore', '2023-02-20 00:12:26', '2023-02-20 00:12:26'),
	(2243, 1, 'en', 'plugins/backup/backup', 'restore_confirm_msg', 'Do you really want to restore this revision?', '2023-02-20 00:12:26', '2023-02-20 00:12:26'),
	(2244, 1, 'en', 'plugins/backup/backup', 'download_uploads_folder', 'Download backup of uploads folder', '2023-02-20 00:12:26', '2023-02-20 00:12:26'),
	(2245, 1, 'en', 'plugins/backup/backup', 'download_database', 'Download backup of database', '2023-02-20 00:12:26', '2023-02-20 00:12:26'),
	(2246, 1, 'en', 'plugins/backup/backup', 'restore_tooltip', 'Restore this backup', '2023-02-20 00:12:26', '2023-02-20 00:12:26'),
	(2247, 1, 'en', 'plugins/backup/backup', 'demo_alert', 'Hi guest, if you see demo site is destroyed, please help me <a href=":link">go here</a> and restore demo site to the latest revision! Thank you so much!', '2023-02-20 00:12:26', '2023-02-20 00:12:26'),
	(2248, 1, 'en', 'plugins/backup/backup', 'menu_name', 'Backups', '2023-02-20 00:12:26', '2023-02-20 00:12:26'),
	(2249, 1, 'en', 'plugins/backup/backup', 'size', 'Size', '2023-02-20 00:12:26', '2023-02-20 00:12:26'),
	(2250, 1, 'en', 'plugins/backup/backup', 'no_backups', 'There is no backup now!', '2023-02-20 00:12:26', '2023-02-20 00:12:26'),
	(2251, 1, 'en', 'plugins/backup/backup', 'proc_open_disabled_error', 'Function <strong>proc_open()</strong> has been disabled so the system cannot backup the database. Please contact your hosting provider to enable it.', '2023-02-20 00:12:26', '2023-02-20 00:12:26'),
	(2252, 1, 'en', 'plugins/backup/backup', 'database_backup_not_existed', 'Backup database is not existed!', '2023-02-20 00:12:26', '2023-02-20 00:12:26'),
	(2253, 1, 'en', 'plugins/backup/backup', 'uploads_folder_backup_not_existed', 'Backup uploads folder is not existed!', '2023-02-20 00:12:26', '2023-02-20 00:12:26'),
	(2254, 1, 'en', 'plugins/backup/backup', 'important_message1', 'This is a simple backup feature, it is a solution for you if your site has < 1GB data and can be used for quickly backup your site.', '2023-02-20 00:12:26', '2023-02-20 00:12:26'),
	(2255, 1, 'en', 'plugins/backup/backup', 'important_message2', 'If you have more than 1GB images/files in local storage, you should use backup feature of your hosting or VPS.', '2023-02-20 00:12:26', '2023-02-20 00:12:26'),
	(2256, 1, 'en', 'plugins/backup/backup', 'important_message3', 'To backup your database, function <strong>proc_open()</strong> or <strong>system()</strong> must be enabled. Contact your hosting provider to enable it if it is disabled.', '2023-02-20 00:12:26', '2023-02-20 00:12:26'),
	(2257, 1, 'en', 'plugins/backup/backup', 'important_message4', 'It is not a full backup, it is just back up uploaded files and your database.', '2023-02-20 00:12:26', '2023-02-20 00:12:26'),
	(2258, 1, 'en', 'plugins/backup/backup', 'cannot_restore_database', 'Cannot restore database. The database backup is missing!', '2023-02-20 00:12:26', '2023-02-20 00:12:26'),
	(2259, 1, 'vi', 'plugins/backup/backup', 'backup_description', 'Sao lưu cơ sở dữ liệu và thư mục /uploads', '2023-02-20 00:12:26', '2023-02-20 00:12:26'),
	(2260, 1, 'vi', 'plugins/backup/backup', 'create', 'Tạo bản sao lưu', '2023-02-20 00:12:26', '2023-02-20 00:12:26'),
	(2261, 1, 'vi', 'plugins/backup/backup', 'create_backup_success', 'Tạo bản sao lưu thành công!', '2023-02-20 00:12:26', '2023-02-20 00:12:26'),
	(2262, 1, 'vi', 'plugins/backup/backup', 'create_btn', 'Tạo', '2023-02-20 00:12:26', '2023-02-20 00:12:26'),
	(2263, 1, 'vi', 'plugins/backup/backup', 'delete_backup_success', 'Xóa bản sao lưu thành công!', '2023-02-20 00:12:26', '2023-02-20 00:12:26'),
	(2264, 1, 'vi', 'plugins/backup/backup', 'generate_btn', 'Tạo sao lưu', '2023-02-20 00:12:26', '2023-02-20 00:12:26'),
	(2265, 1, 'vi', 'plugins/backup/backup', 'name', 'Sao lưu', '2023-02-20 00:12:26', '2023-02-20 00:12:26'),
	(2266, 1, 'vi', 'plugins/backup/backup', 'restore', 'Khôi phục bản sao lưu', '2023-02-20 00:12:26', '2023-02-20 00:12:26'),
	(2267, 1, 'vi', 'plugins/backup/backup', 'restore_backup_success', 'Khôi phục bản sao lưu thành công', '2023-02-20 00:12:26', '2023-02-20 00:12:26'),
	(2268, 1, 'vi', 'plugins/backup/backup', 'restore_btn', 'Khôi phục', '2023-02-20 00:12:26', '2023-02-20 00:12:26'),
	(2269, 1, 'vi', 'plugins/backup/backup', 'restore_confirm_msg', 'Bạn có chắc chắn muốn khôi phục hệ thống về thời điểm tạo bản sao lưu này?', '2023-02-20 00:12:26', '2023-02-20 00:12:26'),
	(2270, 1, 'vi', 'plugins/backup/backup', 'restore_tooltip', 'Khôi phục bản sao lưu này', '2023-02-20 00:12:26', '2023-02-20 00:12:26'),
	(2271, 1, 'vi', 'plugins/backup/backup', 'download_database', 'Tải về bản sao lưu CSDL', '2023-02-20 00:12:26', '2023-02-20 00:12:26'),
	(2272, 1, 'vi', 'plugins/backup/backup', 'download_uploads_folder', 'Tải về bản sao lưu thư mục uploads', '2023-02-20 00:12:26', '2023-02-20 00:12:26'),
	(2273, 1, 'vi', 'plugins/backup/backup', 'menu_name', 'Sao lưu', '2023-02-20 00:12:26', '2023-02-20 00:12:26'),
	(2274, 1, 'vi', 'plugins/backup/backup', 'demo_alert', 'Chào khách, nếu bạn thấy trang demo bị phá hoại, hãy tới <a href=":link">trang sao lưu</a> và khôi phục bản sao lưu cuối cùng. Cảm ơn bạn nhiều!', '2023-02-20 00:12:26', '2023-02-20 00:12:26'),
	(2275, 1, 'en', 'plugins/blog/base', 'menu_name', 'Blog', '2023-02-20 00:12:26', '2023-02-20 00:12:26'),
	(2276, 1, 'en', 'plugins/blog/base', 'blog_page', 'Blog Page', '2023-02-20 00:12:26', '2023-02-20 00:12:26'),
	(2277, 1, 'en', 'plugins/blog/base', 'select', '-- Select --', '2023-02-20 00:12:26', '2023-02-20 00:12:26'),
	(2278, 1, 'en', 'plugins/blog/base', 'blog_page_id', 'Blog page', '2023-02-20 00:12:26', '2023-02-20 00:12:26'),
	(2279, 1, 'en', 'plugins/blog/base', 'number_posts_per_page', 'Number posts per page', '2023-02-20 00:12:26', '2023-02-20 00:12:26'),
	(2280, 1, 'en', 'plugins/blog/base', 'write_some_tags', 'Write some tags', '2023-02-20 00:12:26', '2023-02-20 00:12:26'),
	(2281, 1, 'en', 'plugins/blog/base', 'short_code_name', 'Blog posts', '2023-02-20 00:12:26', '2023-02-20 00:12:26'),
	(2282, 1, 'en', 'plugins/blog/base', 'short_code_description', 'Add blog posts', '2023-02-20 00:12:26', '2023-02-20 00:12:26'),
	(2283, 1, 'en', 'plugins/blog/base', 'number_posts_per_page_in_category', 'Number of posts per page in a category', '2023-02-20 00:12:26', '2023-02-20 00:12:26'),
	(2284, 1, 'en', 'plugins/blog/base', 'number_posts_per_page_in_tag', 'Number of posts per page in a tag', '2023-02-20 00:12:26', '2023-02-20 00:12:26'),
	(2285, 1, 'en', 'plugins/blog/base', 'settings.title', 'Blog', '2023-02-20 00:12:26', '2023-02-20 00:12:26'),
	(2286, 1, 'en', 'plugins/blog/base', 'settings.description', 'Settings for Blog', '2023-02-20 00:12:26', '2023-02-20 00:12:26'),
	(2287, 1, 'en', 'plugins/blog/base', 'settings.enable_blog_post_schema', 'Enable Blog Post Schema?', '2023-02-20 00:12:26', '2023-02-20 00:12:26'),
	(2288, 1, 'en', 'plugins/blog/base', 'settings.enable_blog_post_schema_description', 'Learn more: https://schema.org/Article', '2023-02-20 00:12:26', '2023-02-20 00:12:26'),
	(2289, 1, 'en', 'plugins/blog/base', 'settings.schema_type', 'Schema type', '2023-02-20 00:12:26', '2023-02-20 00:12:26'),
	(2290, 1, 'en', 'plugins/blog/categories', 'create', 'Create new category', '2023-02-20 00:12:26', '2023-02-20 00:12:26'),
	(2291, 1, 'en', 'plugins/blog/categories', 'edit', 'Edit category', '2023-02-20 00:12:26', '2023-02-20 00:12:26'),
	(2292, 1, 'en', 'plugins/blog/categories', 'menu', 'Categories', '2023-02-20 00:12:26', '2023-02-20 00:12:26'),
	(2293, 1, 'en', 'plugins/blog/categories', 'edit_this_category', 'Edit this category', '2023-02-20 00:12:26', '2023-02-20 00:12:26'),
	(2294, 1, 'en', 'plugins/blog/categories', 'menu_name', 'Categories', '2023-02-20 00:12:26', '2023-02-20 00:12:26'),
	(2295, 1, 'en', 'plugins/blog/categories', 'none', 'None', '2023-02-20 00:12:26', '2023-02-20 00:12:26'),
	(2296, 1, 'en', 'plugins/blog/categories', 'total_posts', 'Total posts: :total', '2023-02-20 00:12:26', '2023-02-20 00:12:26'),
	(2297, 1, 'en', 'plugins/blog/member', 'dob', 'Born :date', '2023-02-20 00:12:26', '2023-02-20 00:12:26'),
	(2298, 1, 'en', 'plugins/blog/member', 'draft_posts', 'Draft Posts', '2023-02-20 00:12:26', '2023-02-20 00:12:26'),
	(2299, 1, 'en', 'plugins/blog/member', 'pending_posts', 'Pending Posts', '2023-02-20 00:12:26', '2023-02-20 00:12:26'),
	(2300, 1, 'en', 'plugins/blog/member', 'published_posts', 'Published Posts', '2023-02-20 00:12:26', '2023-02-20 00:12:26'),
	(2301, 1, 'en', 'plugins/blog/member', 'posts', 'Posts', '2023-02-20 00:12:26', '2023-02-20 00:12:26'),
	(2302, 1, 'en', 'plugins/blog/member', 'write_post', 'Write a post', '2023-02-20 00:12:26', '2023-02-20 00:12:26'),
	(2303, 1, 'en', 'plugins/blog/posts', 'create', 'Create new post', '2023-02-20 00:12:26', '2023-02-20 00:12:26'),
	(2304, 1, 'en', 'plugins/blog/posts', 'edit', 'Edit post', '2023-02-20 00:12:26', '2023-02-20 00:12:26'),
	(2305, 1, 'en', 'plugins/blog/posts', 'form.name', 'Name', '2023-02-20 00:12:26', '2023-02-20 00:12:26'),
	(2306, 1, 'en', 'plugins/blog/posts', 'form.name_placeholder', 'Post\'s name (Maximum :c characters)', '2023-02-20 00:12:26', '2023-02-20 00:12:26'),
	(2307, 1, 'en', 'plugins/blog/posts', 'form.description', 'Description', '2023-02-20 00:12:26', '2023-02-20 00:12:26'),
	(2308, 1, 'en', 'plugins/blog/posts', 'form.description_placeholder', 'Short description for post (Maximum :c characters)', '2023-02-20 00:12:26', '2023-02-20 00:12:26'),
	(2309, 1, 'en', 'plugins/blog/posts', 'form.categories', 'Categories', '2023-02-20 00:12:26', '2023-02-20 00:12:26'),
	(2310, 1, 'en', 'plugins/blog/posts', 'form.tags', 'Tags', '2023-02-20 00:12:26', '2023-02-20 00:12:26'),
	(2311, 1, 'en', 'plugins/blog/posts', 'form.tags_placeholder', 'Tags', '2023-02-20 00:12:26', '2023-02-20 00:12:26'),
	(2312, 1, 'en', 'plugins/blog/posts', 'form.content', 'Content', '2023-02-20 00:12:26', '2023-02-20 00:12:26'),
	(2313, 1, 'en', 'plugins/blog/posts', 'form.is_featured', 'Is featured?', '2023-02-20 00:12:26', '2023-02-20 00:12:26'),
	(2314, 1, 'en', 'plugins/blog/posts', 'form.note', 'Note content', '2023-02-20 00:12:26', '2023-02-20 00:12:26'),
	(2315, 1, 'en', 'plugins/blog/posts', 'form.format_type', 'Format', '2023-02-20 00:12:26', '2023-02-20 00:12:26'),
	(2316, 1, 'en', 'plugins/blog/posts', 'cannot_delete', 'Post could not be deleted', '2023-02-20 00:12:26', '2023-02-20 00:12:26'),
	(2317, 1, 'en', 'plugins/blog/posts', 'post_deleted', 'Post deleted', '2023-02-20 00:12:26', '2023-02-20 00:12:26'),
	(2318, 1, 'en', 'plugins/blog/posts', 'posts', 'Posts', '2023-02-20 00:12:26', '2023-02-20 00:12:26'),
	(2319, 1, 'en', 'plugins/blog/posts', 'post', 'Post', '2023-02-20 00:12:26', '2023-02-20 00:12:26'),
	(2320, 1, 'en', 'plugins/blog/posts', 'edit_this_post', 'Edit this post', '2023-02-20 00:12:26', '2023-02-20 00:12:26'),
	(2321, 1, 'en', 'plugins/blog/posts', 'no_new_post_now', 'There is no new post now!', '2023-02-20 00:12:26', '2023-02-20 00:12:26'),
	(2322, 1, 'en', 'plugins/blog/posts', 'menu_name', 'Posts', '2023-02-20 00:12:26', '2023-02-20 00:12:26'),
	(2323, 1, 'en', 'plugins/blog/posts', 'widget_posts_recent', 'Recent Posts', '2023-02-20 00:12:26', '2023-02-20 00:12:26'),
	(2324, 1, 'en', 'plugins/blog/posts', 'categories', 'Categories', '2023-02-20 00:12:26', '2023-02-20 00:12:26'),
	(2325, 1, 'en', 'plugins/blog/posts', 'category', 'Category', '2023-02-20 00:12:26', '2023-02-20 00:12:26'),
	(2326, 1, 'en', 'plugins/blog/posts', 'author', 'Author', '2023-02-20 00:12:26', '2023-02-20 00:12:26'),
	(2327, 1, 'en', 'plugins/blog/settings', 'select', '-- Select --', '2023-02-20 00:12:26', '2023-02-20 00:12:26'),
	(2328, 1, 'en', 'plugins/blog/settings', 'blog_page_id', 'Blog page', '2023-02-20 00:12:26', '2023-02-20 00:12:26'),
	(2329, 1, 'en', 'plugins/blog/tags', 'form.name', 'Name', '2023-02-20 00:12:26', '2023-02-20 00:12:26'),
	(2330, 1, 'en', 'plugins/blog/tags', 'form.name_placeholder', 'Tag\'s name (Maximum 120 characters)', '2023-02-20 00:12:26', '2023-02-20 00:12:26'),
	(2331, 1, 'en', 'plugins/blog/tags', 'form.description', 'Description', '2023-02-20 00:12:26', '2023-02-20 00:12:26'),
	(2332, 1, 'en', 'plugins/blog/tags', 'form.description_placeholder', 'Short description for tag (Maximum 400 characters)', '2023-02-20 00:12:26', '2023-02-20 00:12:26'),
	(2333, 1, 'en', 'plugins/blog/tags', 'form.categories', 'Categories', '2023-02-20 00:12:26', '2023-02-20 00:12:26'),
	(2334, 1, 'en', 'plugins/blog/tags', 'notices.no_select', 'Please select at least one tag to take this action!', '2023-02-20 00:12:26', '2023-02-20 00:12:26'),
	(2335, 1, 'en', 'plugins/blog/tags', 'create', 'Create new tag', '2023-02-20 00:12:26', '2023-02-20 00:12:26'),
	(2336, 1, 'en', 'plugins/blog/tags', 'edit', 'Edit tag', '2023-02-20 00:12:26', '2023-02-20 00:12:26'),
	(2337, 1, 'en', 'plugins/blog/tags', 'cannot_delete', 'Tag could not be deleted', '2023-02-20 00:12:26', '2023-02-20 00:12:26'),
	(2338, 1, 'en', 'plugins/blog/tags', 'deleted', 'Tag deleted', '2023-02-20 00:12:26', '2023-02-20 00:12:26'),
	(2339, 1, 'en', 'plugins/blog/tags', 'menu', 'Tags', '2023-02-20 00:12:26', '2023-02-20 00:12:26'),
	(2340, 1, 'en', 'plugins/blog/tags', 'edit_this_tag', 'Edit this tag', '2023-02-20 00:12:26', '2023-02-20 00:12:26'),
	(2341, 1, 'en', 'plugins/blog/tags', 'menu_name', 'Tags', '2023-02-20 00:12:26', '2023-02-20 00:12:26'),
	(2342, 1, 'vi', 'plugins/blog/base', 'menu_name', 'Blog', '2023-02-20 00:12:26', '2023-02-20 00:12:26'),
	(2343, 1, 'vi', 'plugins/blog/base', 'blog_page', 'Trang Blog', '2023-02-20 00:12:26', '2023-02-20 00:12:26'),
	(2344, 1, 'vi', 'plugins/blog/base', 'select', '-- Lựa chọn --', '2023-02-20 00:12:26', '2023-02-20 00:12:26'),
	(2345, 1, 'vi', 'plugins/blog/base', 'blog_page_id', 'Trang Blog', '2023-02-20 00:12:26', '2023-02-20 00:12:26'),
	(2346, 1, 'vi', 'plugins/blog/categories', 'create', 'Thêm danh mục mới', '2023-02-20 00:12:26', '2023-02-20 00:12:26'),
	(2347, 1, 'vi', 'plugins/blog/categories', 'edit', 'Sửa danh mục', '2023-02-20 00:12:26', '2023-02-20 00:12:26'),
	(2348, 1, 'vi', 'plugins/blog/categories', 'menu', 'Danh mục', '2023-02-20 00:12:26', '2023-02-20 00:12:26'),
	(2349, 1, 'vi', 'plugins/blog/categories', 'edit_this_category', 'Sửa danh mục này', '2023-02-20 00:12:26', '2023-02-20 00:12:26'),
	(2350, 1, 'vi', 'plugins/blog/categories', 'menu_name', 'Danh mục', '2023-02-20 00:12:26', '2023-02-20 00:12:26'),
	(2351, 1, 'vi', 'plugins/blog/categories', 'none', 'Không', '2023-02-20 00:12:26', '2023-02-20 00:12:26'),
	(2352, 1, 'vi', 'plugins/blog/member', 'dob', 'Born :date', '2023-02-20 00:12:26', '2023-02-20 00:12:26'),
	(2353, 1, 'vi', 'plugins/blog/member', 'draft_posts', 'Draft Posts', '2023-02-20 00:12:26', '2023-02-20 00:12:26'),
	(2354, 1, 'vi', 'plugins/blog/member', 'pending_posts', 'Pending Posts', '2023-02-20 00:12:26', '2023-02-20 00:12:26'),
	(2355, 1, 'vi', 'plugins/blog/member', 'published_posts', 'Published Posts', '2023-02-20 00:12:26', '2023-02-20 00:12:26'),
	(2356, 1, 'vi', 'plugins/blog/member', 'posts', 'Posts', '2023-02-20 00:12:26', '2023-02-20 00:12:26'),
	(2357, 1, 'vi', 'plugins/blog/member', 'write_post', 'Write a post', '2023-02-20 00:12:26', '2023-02-20 00:12:26'),
	(2358, 1, 'vi', 'plugins/blog/posts', 'create', 'Thêm bài viết', '2023-02-20 00:12:26', '2023-02-20 00:12:26'),
	(2359, 1, 'vi', 'plugins/blog/posts', 'edit', 'Sửa bài viết', '2023-02-20 00:12:26', '2023-02-20 00:12:26'),
	(2360, 1, 'vi', 'plugins/blog/posts', 'form.name', 'Tên', '2023-02-20 00:12:26', '2023-02-20 00:12:26'),
	(2361, 1, 'vi', 'plugins/blog/posts', 'form.name_placeholder', 'Tên bài viết (Tối đa 120 kí tự)', '2023-02-20 00:12:26', '2023-02-20 00:12:26'),
	(2362, 1, 'vi', 'plugins/blog/posts', 'form.description', 'Mô tả', '2023-02-20 00:12:26', '2023-02-20 00:12:26'),
	(2363, 1, 'vi', 'plugins/blog/posts', 'form.description_placeholder', 'Mô tả ngắn cho bài viết (Tối đa 400 kí tự)', '2023-02-20 00:12:26', '2023-02-20 00:12:26'),
	(2364, 1, 'vi', 'plugins/blog/posts', 'form.categories', 'Chuyên mục', '2023-02-20 00:12:26', '2023-02-20 00:12:26'),
	(2365, 1, 'vi', 'plugins/blog/posts', 'form.tags', 'Từ khóa', '2023-02-20 00:12:26', '2023-02-20 00:12:26'),
	(2366, 1, 'vi', 'plugins/blog/posts', 'form.tags_placeholder', 'Thêm từ khóa', '2023-02-20 00:12:26', '2023-02-20 00:12:26'),
	(2367, 1, 'vi', 'plugins/blog/posts', 'form.content', 'Nội dung', '2023-02-20 00:12:26', '2023-02-20 00:12:26'),
	(2368, 1, 'vi', 'plugins/blog/posts', 'form.is_featured', 'Bài viết nổi bật?', '2023-02-20 00:12:26', '2023-02-20 00:12:26'),
	(2369, 1, 'vi', 'plugins/blog/posts', 'form.note', 'Nội dung ghi chú', '2023-02-20 00:12:26', '2023-02-20 00:12:26'),
	(2370, 1, 'vi', 'plugins/blog/posts', 'form.format_type', 'Định dạng', '2023-02-20 00:12:26', '2023-02-20 00:12:26'),
	(2371, 1, 'vi', 'plugins/blog/posts', 'post_deleted', 'Xóa bài viết thành công', '2023-02-20 00:12:26', '2023-02-20 00:12:26'),
	(2372, 1, 'vi', 'plugins/blog/posts', 'cannot_delete', 'Không thể xóa bài viết', '2023-02-20 00:12:26', '2023-02-20 00:12:26'),
	(2373, 1, 'vi', 'plugins/blog/posts', 'menu_name', 'Bài viết', '2023-02-20 00:12:26', '2023-02-20 00:12:26'),
	(2374, 1, 'vi', 'plugins/blog/posts', 'edit_this_post', 'Sửa bài viết này', '2023-02-20 00:12:26', '2023-02-20 00:12:26'),
	(2375, 1, 'vi', 'plugins/blog/posts', 'no_new_post_now', 'Hiện tại không có bài viết mới!', '2023-02-20 00:12:26', '2023-02-20 00:12:26'),
	(2376, 1, 'vi', 'plugins/blog/posts', 'posts', 'Bài viết', '2023-02-20 00:12:26', '2023-02-20 00:12:26'),
	(2377, 1, 'vi', 'plugins/blog/posts', 'post', 'Bài viết', '2023-02-20 00:12:26', '2023-02-20 00:12:26'),
	(2378, 1, 'vi', 'plugins/blog/posts', 'widget_posts_recent', 'Bài viết gần đây', '2023-02-20 00:12:26', '2023-02-20 00:12:26'),
	(2379, 1, 'vi', 'plugins/blog/posts', 'author', 'Tác giả', '2023-02-20 00:12:26', '2023-02-20 00:12:26'),
	(2380, 1, 'vi', 'plugins/blog/posts', 'categories', 'Danh mục', '2023-02-20 00:12:26', '2023-02-20 00:12:26'),
	(2381, 1, 'vi', 'plugins/blog/posts', 'category', 'Danh mục', '2023-02-20 00:12:26', '2023-02-20 00:12:26'),
	(2382, 1, 'vi', 'plugins/blog/tags', 'create', 'Thêm thẻ mới', '2023-02-20 00:12:26', '2023-02-20 00:12:26'),
	(2383, 1, 'vi', 'plugins/blog/tags', 'edit', 'Sửa thẻ', '2023-02-20 00:12:26', '2023-02-20 00:12:26'),
	(2384, 1, 'vi', 'plugins/blog/tags', 'form.name', 'Tên', '2023-02-20 00:12:26', '2023-02-20 00:12:26'),
	(2385, 1, 'vi', 'plugins/blog/tags', 'form.name_placeholder', 'Tên thẻ (Tối đa 120 kí tự)', '2023-02-20 00:12:26', '2023-02-20 00:12:26'),
	(2386, 1, 'vi', 'plugins/blog/tags', 'form.description', 'Mô tả', '2023-02-20 00:12:26', '2023-02-20 00:12:26'),
	(2387, 1, 'vi', 'plugins/blog/tags', 'form.description_placeholder', 'Mô tả ngắn cho tag (Tối đa 400 kí tự)', '2023-02-20 00:12:26', '2023-02-20 00:12:26'),
	(2388, 1, 'vi', 'plugins/blog/tags', 'form.categories', 'Chuyên mục', '2023-02-20 00:12:26', '2023-02-20 00:12:26'),
	(2389, 1, 'vi', 'plugins/blog/tags', 'notices.no_select', 'Chọn ít nhất 1 bài viết để thực hiện hành động này!', '2023-02-20 00:12:26', '2023-02-20 00:12:26'),
	(2390, 1, 'vi', 'plugins/blog/tags', 'cannot_delete', 'Không thể xóa thẻ', '2023-02-20 00:12:26', '2023-02-20 00:12:26'),
	(2391, 1, 'vi', 'plugins/blog/tags', 'deleted', 'Xóa thẻ thành công', '2023-02-20 00:12:26', '2023-02-20 00:12:26'),
	(2392, 1, 'vi', 'plugins/blog/tags', 'menu_name', 'Thẻ', '2023-02-20 00:12:26', '2023-02-20 00:12:26'),
	(2393, 1, 'vi', 'plugins/blog/tags', 'edit_this_tag', 'Sửa thẻ này', '2023-02-20 00:12:26', '2023-02-20 00:12:26'),
	(2394, 1, 'vi', 'plugins/blog/tags', 'menu', 'Thẻ', '2023-02-20 00:12:26', '2023-02-20 00:12:26'),
	(2395, 1, 'en', 'plugins/captcha/captcha', 'settings.title', 'Captcha', '2023-02-20 00:12:26', '2023-02-20 00:12:26'),
	(2396, 1, 'en', 'plugins/captcha/captcha', 'settings.description', 'Settings for Google Captcha', '2023-02-20 00:12:26', '2023-02-20 00:12:26'),
	(2397, 1, 'en', 'plugins/captcha/captcha', 'settings.captcha_site_key', 'Captcha Site Key', '2023-02-20 00:12:26', '2023-02-20 00:12:26'),
	(2398, 1, 'en', 'plugins/captcha/captcha', 'settings.captcha_secret', 'Captcha Secret', '2023-02-20 00:12:26', '2023-02-20 00:12:26'),
	(2399, 1, 'en', 'plugins/captcha/captcha', 'settings.enable_captcha', 'Enable Captcha?', '2023-02-20 00:12:26', '2023-02-20 00:12:26'),
	(2400, 1, 'en', 'plugins/captcha/captcha', 'settings.helper', 'Go here to get credentials https://www.google.com/recaptcha/admin#list.', '2023-02-20 00:12:26', '2023-02-20 00:12:26'),
	(2401, 1, 'en', 'plugins/captcha/captcha', 'settings.hide_badge', 'Hide recaptcha badge (for v3)', '2023-02-20 00:12:26', '2023-02-20 00:12:26'),
	(2402, 1, 'en', 'plugins/captcha/captcha', 'settings.type', 'Type', '2023-02-20 00:12:26', '2023-02-20 00:12:26'),
	(2403, 1, 'en', 'plugins/captcha/captcha', 'settings.v2_description', 'V2 (Verify requests with a challenge)', '2023-02-20 00:12:26', '2023-02-20 00:12:26'),
	(2404, 1, 'en', 'plugins/captcha/captcha', 'settings.v3_description', 'V3 (Verify requests with a score)', '2023-02-20 00:12:26', '2023-02-20 00:12:26'),
	(2405, 1, 'en', 'plugins/captcha/captcha', 'failed_validate', 'Failed to validate the captcha.', '2023-02-20 00:12:26', '2023-02-20 00:12:26'),
	(2406, 1, 'en', 'plugins/captcha/captcha', 'numbers.0', 'Zero', '2023-02-20 00:12:26', '2023-02-20 00:12:26'),
	(2407, 1, 'en', 'plugins/captcha/captcha', 'numbers.1', 'One', '2023-02-20 00:12:26', '2023-02-20 00:12:26'),
	(2408, 1, 'en', 'plugins/captcha/captcha', 'numbers.2', 'Two', '2023-02-20 00:12:26', '2023-02-20 00:12:26'),
	(2409, 1, 'en', 'plugins/captcha/captcha', 'numbers.3', 'Three', '2023-02-20 00:12:26', '2023-02-20 00:12:26'),
	(2410, 1, 'en', 'plugins/captcha/captcha', 'numbers.4', 'Four', '2023-02-20 00:12:26', '2023-02-20 00:12:26'),
	(2411, 1, 'en', 'plugins/captcha/captcha', 'numbers.5', 'Five', '2023-02-20 00:12:26', '2023-02-20 00:12:26'),
	(2412, 1, 'en', 'plugins/captcha/captcha', 'numbers.6', 'Six', '2023-02-20 00:12:26', '2023-02-20 00:12:26'),
	(2413, 1, 'en', 'plugins/captcha/captcha', 'numbers.7', 'Seven', '2023-02-20 00:12:26', '2023-02-20 00:12:26'),
	(2414, 1, 'en', 'plugins/captcha/captcha', 'numbers.8', 'Eight', '2023-02-20 00:12:26', '2023-02-20 00:12:26'),
	(2415, 1, 'en', 'plugins/captcha/captcha', 'numbers.9', 'Nine', '2023-02-20 00:12:26', '2023-02-20 00:12:26'),
	(2416, 1, 'en', 'plugins/captcha/captcha', 'numbers.10', 'Ten', '2023-02-20 00:12:26', '2023-02-20 00:12:26'),
	(2417, 1, 'en', 'plugins/captcha/captcha', 'numbers.11', 'Eleven', '2023-02-20 00:12:26', '2023-02-20 00:12:26'),
	(2418, 1, 'en', 'plugins/captcha/captcha', 'numbers.12', 'Twelve', '2023-02-20 00:12:26', '2023-02-20 00:12:26'),
	(2419, 1, 'en', 'plugins/captcha/captcha', 'operands.+', 'plus', '2023-02-20 00:12:26', '2023-02-20 00:12:26'),
	(2420, 1, 'en', 'plugins/captcha/captcha', 'operands.-', 'minus', '2023-02-20 00:12:26', '2023-02-20 00:12:26'),
	(2421, 1, 'en', 'plugins/captcha/captcha', 'operands.*', 'times', '2023-02-20 00:12:26', '2023-02-20 00:12:26'),
	(2422, 1, 'en', 'plugins/captcha/captcha', 'operands./', 'divided by', '2023-02-20 00:12:26', '2023-02-20 00:12:26'),
	(2423, 1, 'vi', 'plugins/captcha/captcha', 'settings.title', 'Captcha', '2023-02-20 00:12:26', '2023-02-20 00:12:26'),
	(2424, 1, 'vi', 'plugins/captcha/captcha', 'settings.description', 'Cài đặt cho Google Captcha', '2023-02-20 00:12:26', '2023-02-20 00:12:26'),
	(2425, 1, 'vi', 'plugins/captcha/captcha', 'settings.captcha_site_key', 'Captcha Site Key', '2023-02-20 00:12:26', '2023-02-20 00:12:26'),
	(2426, 1, 'vi', 'plugins/captcha/captcha', 'settings.captcha_secret', 'Captcha Secret', '2023-02-20 00:12:26', '2023-02-20 00:12:26'),
	(2427, 1, 'vi', 'plugins/captcha/captcha', 'settings.enable_captcha', 'Bật Captcha?', '2023-02-20 00:12:26', '2023-02-20 00:12:26'),
	(2428, 1, 'vi', 'plugins/captcha/captcha', 'settings.helper', 'Truy cập https://www.google.com/recaptcha/admin#list để lấy thông tin về Site key và Secret.', '2023-02-20 00:12:26', '2023-02-20 00:12:26'),
	(2429, 1, 'en', 'plugins/contact/contact', 'menu', 'Contact', '2023-02-20 00:12:26', '2023-02-20 00:12:26'),
	(2430, 1, 'en', 'plugins/contact/contact', 'edit', 'View contact', '2023-02-20 00:12:26', '2023-02-20 00:12:26'),
	(2431, 1, 'en', 'plugins/contact/contact', 'tables.phone', 'Phone', '2023-02-20 00:12:26', '2023-02-20 00:12:26'),
	(2432, 1, 'en', 'plugins/contact/contact', 'tables.email', 'Email', '2023-02-20 00:12:26', '2023-02-20 00:12:26'),
	(2433, 1, 'en', 'plugins/contact/contact', 'tables.full_name', 'Full Name', '2023-02-20 00:12:26', '2023-02-20 00:12:26'),
	(2434, 1, 'en', 'plugins/contact/contact', 'tables.time', 'Time', '2023-02-20 00:12:27', '2023-02-20 00:12:27'),
	(2435, 1, 'en', 'plugins/contact/contact', 'tables.address', 'Address', '2023-02-20 00:12:27', '2023-02-20 00:12:27'),
	(2436, 1, 'en', 'plugins/contact/contact', 'tables.subject', 'Subject', '2023-02-20 00:12:27', '2023-02-20 00:12:27'),
	(2437, 1, 'en', 'plugins/contact/contact', 'tables.content', 'Content', '2023-02-20 00:12:27', '2023-02-20 00:12:27'),
	(2438, 1, 'en', 'plugins/contact/contact', 'contact_information', 'Contact information', '2023-02-20 00:12:27', '2023-02-20 00:12:27'),
	(2439, 1, 'en', 'plugins/contact/contact', 'replies', 'Replies', '2023-02-20 00:12:27', '2023-02-20 00:12:27'),
	(2440, 1, 'en', 'plugins/contact/contact', 'email.header', 'Email', '2023-02-20 00:12:27', '2023-02-20 00:12:27'),
	(2441, 1, 'en', 'plugins/contact/contact', 'email.title', 'New contact from your site', '2023-02-20 00:12:27', '2023-02-20 00:12:27'),
	(2442, 1, 'en', 'plugins/contact/contact', 'form.name.required', 'Name is required', '2023-02-20 00:12:27', '2023-02-20 00:12:27'),
	(2443, 1, 'en', 'plugins/contact/contact', 'form.email.required', 'Email is required', '2023-02-20 00:12:27', '2023-02-20 00:12:27'),
	(2444, 1, 'en', 'plugins/contact/contact', 'form.email.email', 'The email address is not valid', '2023-02-20 00:12:27', '2023-02-20 00:12:27'),
	(2445, 1, 'en', 'plugins/contact/contact', 'form.content.required', 'Content is required', '2023-02-20 00:12:27', '2023-02-20 00:12:27'),
	(2446, 1, 'en', 'plugins/contact/contact', 'contact_sent_from', 'This contact information sent from', '2023-02-20 00:12:27', '2023-02-20 00:12:27'),
	(2447, 1, 'en', 'plugins/contact/contact', 'sender', 'Sender', '2023-02-20 00:12:27', '2023-02-20 00:12:27'),
	(2448, 1, 'en', 'plugins/contact/contact', 'sender_email', 'Email', '2023-02-20 00:12:27', '2023-02-20 00:12:27'),
	(2449, 1, 'en', 'plugins/contact/contact', 'sender_address', 'Address', '2023-02-20 00:12:27', '2023-02-20 00:12:27'),
	(2450, 1, 'en', 'plugins/contact/contact', 'sender_phone', 'Phone', '2023-02-20 00:12:27', '2023-02-20 00:12:27'),
	(2451, 1, 'en', 'plugins/contact/contact', 'message_content', 'Message content', '2023-02-20 00:12:27', '2023-02-20 00:12:27'),
	(2452, 1, 'en', 'plugins/contact/contact', 'sent_from', 'Email sent from', '2023-02-20 00:12:27', '2023-02-20 00:12:27'),
	(2453, 1, 'en', 'plugins/contact/contact', 'form_name', 'Name', '2023-02-20 00:12:27', '2023-02-20 00:12:27'),
	(2454, 1, 'en', 'plugins/contact/contact', 'form_email', 'Email', '2023-02-20 00:12:27', '2023-02-20 00:12:27'),
	(2455, 1, 'en', 'plugins/contact/contact', 'form_address', 'Address', '2023-02-20 00:12:27', '2023-02-20 00:12:27'),
	(2456, 1, 'en', 'plugins/contact/contact', 'form_subject', 'Subject', '2023-02-20 00:12:27', '2023-02-20 00:12:27'),
	(2457, 1, 'en', 'plugins/contact/contact', 'form_phone', 'Phone', '2023-02-20 00:12:27', '2023-02-20 00:12:27'),
	(2458, 1, 'en', 'plugins/contact/contact', 'form_message', 'Message', '2023-02-20 00:12:27', '2023-02-20 00:12:27'),
	(2459, 1, 'en', 'plugins/contact/contact', 'required_field', 'The field with (<span style="color: red">*</span>) is required.', '2023-02-20 00:12:27', '2023-02-20 00:12:27'),
	(2460, 1, 'en', 'plugins/contact/contact', 'send_btn', 'Send message', '2023-02-20 00:12:27', '2023-02-20 00:12:27'),
	(2461, 1, 'en', 'plugins/contact/contact', 'new_msg_notice', 'You have <span class="bold">:count</span> New Messages', '2023-02-20 00:12:27', '2023-02-20 00:12:27'),
	(2462, 1, 'en', 'plugins/contact/contact', 'view_all', 'View all', '2023-02-20 00:12:27', '2023-02-20 00:12:27'),
	(2463, 1, 'en', 'plugins/contact/contact', 'statuses.read', 'Read', '2023-02-20 00:12:27', '2023-02-20 00:12:27'),
	(2464, 1, 'en', 'plugins/contact/contact', 'statuses.unread', 'Unread', '2023-02-20 00:12:27', '2023-02-20 00:12:27'),
	(2465, 1, 'en', 'plugins/contact/contact', 'phone', 'Phone', '2023-02-20 00:12:27', '2023-02-20 00:12:27'),
	(2466, 1, 'en', 'plugins/contact/contact', 'address', 'Address', '2023-02-20 00:12:27', '2023-02-20 00:12:27'),
	(2467, 1, 'en', 'plugins/contact/contact', 'message', 'Message', '2023-02-20 00:12:27', '2023-02-20 00:12:27'),
	(2468, 1, 'en', 'plugins/contact/contact', 'settings.email.title', 'Contact', '2023-02-20 00:12:27', '2023-02-20 00:12:27'),
	(2469, 1, 'en', 'plugins/contact/contact', 'settings.email.description', 'Contact email configuration', '2023-02-20 00:12:27', '2023-02-20 00:12:27'),
	(2470, 1, 'en', 'plugins/contact/contact', 'settings.email.templates.notice_title', 'Send notice to administrator', '2023-02-20 00:12:27', '2023-02-20 00:12:27'),
	(2471, 1, 'en', 'plugins/contact/contact', 'settings.email.templates.notice_description', 'Email template to send notice to administrator when system get new contact', '2023-02-20 00:12:27', '2023-02-20 00:12:27'),
	(2472, 1, 'en', 'plugins/contact/contact', 'settings.title', 'Contact', '2023-02-20 00:12:27', '2023-02-20 00:12:27'),
	(2473, 1, 'en', 'plugins/contact/contact', 'settings.description', 'Settings for contact plugin', '2023-02-20 00:12:27', '2023-02-20 00:12:27'),
	(2474, 1, 'en', 'plugins/contact/contact', 'settings.blacklist_keywords', 'Blacklist keywords', '2023-02-20 00:12:27', '2023-02-20 00:12:27'),
	(2475, 1, 'en', 'plugins/contact/contact', 'settings.blacklist_keywords_placeholder', 'keywords...', '2023-02-20 00:12:27', '2023-02-20 00:12:27'),
	(2476, 1, 'en', 'plugins/contact/contact', 'settings.blacklist_keywords_helper', 'Blacklist contact requests if it includes those keywords in the content field (separate by comma).', '2023-02-20 00:12:27', '2023-02-20 00:12:27'),
	(2477, 1, 'en', 'plugins/contact/contact', 'settings.blacklist_email_domains', 'Blacklist email domains', '2023-02-20 00:12:27', '2023-02-20 00:12:27'),
	(2478, 1, 'en', 'plugins/contact/contact', 'settings.blacklist_email_domains_placeholder', 'domain...', '2023-02-20 00:12:27', '2023-02-20 00:12:27'),
	(2479, 1, 'en', 'plugins/contact/contact', 'settings.blacklist_email_domains_helper', 'Blacklist contact requests if the email domain is in blacklist domains (separate by comma).', '2023-02-20 00:12:27', '2023-02-20 00:12:27'),
	(2480, 1, 'en', 'plugins/contact/contact', 'settings.enable_math_captcha', 'Enable math captcha?', '2023-02-20 00:12:27', '2023-02-20 00:12:27'),
	(2481, 1, 'en', 'plugins/contact/contact', 'no_reply', 'No reply yet!', '2023-02-20 00:12:27', '2023-02-20 00:12:27'),
	(2482, 1, 'en', 'plugins/contact/contact', 'reply', 'Reply', '2023-02-20 00:12:27', '2023-02-20 00:12:27'),
	(2483, 1, 'en', 'plugins/contact/contact', 'send', 'Send', '2023-02-20 00:12:27', '2023-02-20 00:12:27'),
	(2484, 1, 'en', 'plugins/contact/contact', 'shortcode_name', 'Contact form', '2023-02-20 00:12:27', '2023-02-20 00:12:27'),
	(2485, 1, 'en', 'plugins/contact/contact', 'shortcode_description', 'Add a contact form', '2023-02-20 00:12:27', '2023-02-20 00:12:27'),
	(2486, 1, 'en', 'plugins/contact/contact', 'shortcode_content_description', 'Add shortcode [contact-form][/contact-form] to editor?', '2023-02-20 00:12:27', '2023-02-20 00:12:27'),
	(2487, 1, 'en', 'plugins/contact/contact', 'message_sent_success', 'Message sent successfully!', '2023-02-20 00:12:27', '2023-02-20 00:12:27'),
	(2488, 1, 'vi', 'plugins/contact/contact', 'menu', 'Liên hệ', '2023-02-20 00:12:27', '2023-02-20 00:12:27'),
	(2489, 1, 'vi', 'plugins/contact/contact', 'edit', 'Xem liên hệ', '2023-02-20 00:12:27', '2023-02-20 00:12:27'),
	(2490, 1, 'vi', 'plugins/contact/contact', 'tables.phone', 'Điện thoại', '2023-02-20 00:12:27', '2023-02-20 00:12:27'),
	(2491, 1, 'vi', 'plugins/contact/contact', 'tables.email', 'Email', '2023-02-20 00:12:27', '2023-02-20 00:12:27'),
	(2492, 1, 'vi', 'plugins/contact/contact', 'tables.full_name', 'Họ tên', '2023-02-20 00:12:27', '2023-02-20 00:12:27'),
	(2493, 1, 'vi', 'plugins/contact/contact', 'tables.time', 'Thời gian', '2023-02-20 00:12:27', '2023-02-20 00:12:27'),
	(2494, 1, 'vi', 'plugins/contact/contact', 'tables.address', 'Địa địa chỉ', '2023-02-20 00:12:27', '2023-02-20 00:12:27'),
	(2495, 1, 'vi', 'plugins/contact/contact', 'tables.subject', 'Tiêu đề', '2023-02-20 00:12:27', '2023-02-20 00:12:27'),
	(2496, 1, 'vi', 'plugins/contact/contact', 'tables.content', 'Nội dung', '2023-02-20 00:12:27', '2023-02-20 00:12:27'),
	(2497, 1, 'vi', 'plugins/contact/contact', 'contact_information', 'Thông tin liên hệ', '2023-02-20 00:12:27', '2023-02-20 00:12:27'),
	(2498, 1, 'vi', 'plugins/contact/contact', 'email.title', 'Thông tin liên hệ mới', '2023-02-20 00:12:27', '2023-02-20 00:12:27'),
	(2499, 1, 'vi', 'plugins/contact/contact', 'email.header', 'Email', '2023-02-20 00:12:27', '2023-02-20 00:12:27'),
	(2500, 1, 'vi', 'plugins/contact/contact', 'form.name.required', 'Tên là bắt buộc', '2023-02-20 00:12:27', '2023-02-20 00:12:27'),
	(2501, 1, 'vi', 'plugins/contact/contact', 'form.email.required', 'Email là bắt buộc', '2023-02-20 00:12:27', '2023-02-20 00:12:27'),
	(2502, 1, 'vi', 'plugins/contact/contact', 'form.email.email', 'Địa chỉ email không hợp lệ', '2023-02-20 00:12:27', '2023-02-20 00:12:27'),
	(2503, 1, 'vi', 'plugins/contact/contact', 'form.content.required', 'Nội dung là bắt buộc', '2023-02-20 00:12:27', '2023-02-20 00:12:27'),
	(2504, 1, 'vi', 'plugins/contact/contact', 'contact_sent_from', 'Liên hệ này được gửi từ', '2023-02-20 00:12:27', '2023-02-20 00:12:27'),
	(2505, 1, 'vi', 'plugins/contact/contact', 'form_address', 'Địa chỉ', '2023-02-20 00:12:27', '2023-02-20 00:12:27'),
	(2506, 1, 'vi', 'plugins/contact/contact', 'form_email', 'Thư điện tử', '2023-02-20 00:12:27', '2023-02-20 00:12:27'),
	(2507, 1, 'vi', 'plugins/contact/contact', 'form_message', 'Thông điệp', '2023-02-20 00:12:27', '2023-02-20 00:12:27'),
	(2508, 1, 'vi', 'plugins/contact/contact', 'form_name', 'Họ tên', '2023-02-20 00:12:27', '2023-02-20 00:12:27'),
	(2509, 1, 'vi', 'plugins/contact/contact', 'form_phone', 'Số điện thoại', '2023-02-20 00:12:27', '2023-02-20 00:12:27'),
	(2510, 1, 'vi', 'plugins/contact/contact', 'message_content', 'Nội dung thông điệp', '2023-02-20 00:12:27', '2023-02-20 00:12:27'),
	(2511, 1, 'vi', 'plugins/contact/contact', 'required_field', 'Những trường có dấu (<span style="color: red">*</span>) là bắt buộc.', '2023-02-20 00:12:27', '2023-02-20 00:12:27'),
	(2512, 1, 'vi', 'plugins/contact/contact', 'send_btn', 'Gửi tin nhắn', '2023-02-20 00:12:27', '2023-02-20 00:12:27'),
	(2513, 1, 'vi', 'plugins/contact/contact', 'sender', 'Người gửi', '2023-02-20 00:12:27', '2023-02-20 00:12:27'),
	(2514, 1, 'vi', 'plugins/contact/contact', 'sender_address', 'Địa chỉ', '2023-02-20 00:12:27', '2023-02-20 00:12:27'),
	(2515, 1, 'vi', 'plugins/contact/contact', 'sender_email', 'Thư điện tử', '2023-02-20 00:12:27', '2023-02-20 00:12:27'),
	(2516, 1, 'vi', 'plugins/contact/contact', 'sender_phone', 'Số điện thoại', '2023-02-20 00:12:27', '2023-02-20 00:12:27'),
	(2517, 1, 'vi', 'plugins/contact/contact', 'sent_from', 'Thư được gửi từ', '2023-02-20 00:12:27', '2023-02-20 00:12:27'),
	(2518, 1, 'vi', 'plugins/contact/contact', 'address', 'Địa chỉ', '2023-02-20 00:12:27', '2023-02-20 00:12:27'),
	(2519, 1, 'vi', 'plugins/contact/contact', 'message', 'Liên hệ', '2023-02-20 00:12:27', '2023-02-20 00:12:27'),
	(2520, 1, 'vi', 'plugins/contact/contact', 'new_msg_notice', 'Bạn có <span class="bold">:count</span> tin nhắn mới', '2023-02-20 00:12:27', '2023-02-20 00:12:27'),
	(2521, 1, 'vi', 'plugins/contact/contact', 'phone', 'Điện thoại', '2023-02-20 00:12:27', '2023-02-20 00:12:27'),
	(2522, 1, 'vi', 'plugins/contact/contact', 'statuses.read', 'Đã đọc', '2023-02-20 00:12:27', '2023-02-20 00:12:27'),
	(2523, 1, 'vi', 'plugins/contact/contact', 'statuses.unread', 'Chưa đọc', '2023-02-20 00:12:27', '2023-02-20 00:12:27'),
	(2524, 1, 'vi', 'plugins/contact/contact', 'view_all', 'Xem tất cả', '2023-02-20 00:12:27', '2023-02-20 00:12:27'),
	(2525, 1, 'vi', 'plugins/contact/contact', 'settings.email.title', 'Liên hệ', '2023-02-20 00:12:27', '2023-02-20 00:12:27'),
	(2526, 1, 'vi', 'plugins/contact/contact', 'settings.email.description', 'Cấu hình thông tin cho mục liên hệ', '2023-02-20 00:12:27', '2023-02-20 00:12:27'),
	(2527, 1, 'vi', 'plugins/contact/contact', 'settings.email.templates.notice_title', 'Thông báo tới admin', '2023-02-20 00:12:27', '2023-02-20 00:12:27'),
	(2528, 1, 'vi', 'plugins/contact/contact', 'settings.email.templates.notice_description', 'Mẫu nội dung email gửi tới admin khi có liên hệ mới', '2023-02-20 00:12:27', '2023-02-20 00:12:27'),
	(2529, 1, 'vi', 'plugins/contact/contact', 'replies', 'Trả lời', '2023-02-20 00:12:27', '2023-02-20 00:12:27'),
	(2530, 1, 'vi', 'plugins/contact/contact', 'form_subject', 'Tiêu đề', '2023-02-20 00:12:27', '2023-02-20 00:12:27'),
	(2531, 1, 'en', 'plugins/cookie-consent/cookie-consent', 'theme_options.name', 'Cookie Consent', '2023-02-20 00:12:27', '2023-02-20 00:12:27'),
	(2532, 1, 'en', 'plugins/cookie-consent/cookie-consent', 'theme_options.description', 'Cookie consent settings', '2023-02-20 00:12:27', '2023-02-20 00:12:27'),
	(2533, 1, 'en', 'plugins/cookie-consent/cookie-consent', 'theme_options.enable', 'Enable cookie consent?', '2023-02-20 00:12:27', '2023-02-20 00:12:27'),
	(2534, 1, 'en', 'plugins/cookie-consent/cookie-consent', 'theme_options.message', 'Message', '2023-02-20 00:12:27', '2023-02-20 00:12:27'),
	(2535, 1, 'en', 'plugins/cookie-consent/cookie-consent', 'theme_options.button_text', 'Button text', '2023-02-20 00:12:27', '2023-02-20 00:12:27'),
	(2536, 1, 'en', 'plugins/cookie-consent/cookie-consent', 'theme_options.max_width', 'Max width (px)', '2023-02-20 00:12:27', '2023-02-20 00:12:27'),
	(2537, 1, 'en', 'plugins/cookie-consent/cookie-consent', 'theme_options.background_color', 'Background color', '2023-02-20 00:12:27', '2023-02-20 00:12:27'),
	(2538, 1, 'en', 'plugins/cookie-consent/cookie-consent', 'theme_options.text_color', 'Text color', '2023-02-20 00:12:27', '2023-02-20 00:12:27'),
	(2539, 1, 'en', 'plugins/cookie-consent/cookie-consent', 'theme_options.learn_more_url', 'Learn more URL', '2023-02-20 00:12:27', '2023-02-20 00:12:27'),
	(2540, 1, 'en', 'plugins/cookie-consent/cookie-consent', 'theme_options.learn_more_text', 'Learn more text', '2023-02-20 00:12:27', '2023-02-20 00:12:27'),
	(2541, 1, 'en', 'plugins/cookie-consent/cookie-consent', 'theme_options.style', 'Style', '2023-02-20 00:12:27', '2023-02-20 00:12:27'),
	(2542, 1, 'en', 'plugins/cookie-consent/cookie-consent', 'theme_options.full_width', 'Full width', '2023-02-20 00:12:27', '2023-02-20 00:12:27'),
	(2543, 1, 'en', 'plugins/cookie-consent/cookie-consent', 'theme_options.minimal', 'Minimal', '2023-02-20 00:12:27', '2023-02-20 00:12:27'),
	(2544, 1, 'en', 'plugins/cookie-consent/cookie-consent', 'message', 'Your experience on this site will be improved by allowing cookies.', '2023-02-20 00:12:27', '2023-02-20 00:12:27'),
	(2545, 1, 'en', 'plugins/cookie-consent/cookie-consent', 'button_text', 'Allow cookies', '2023-02-20 00:12:27', '2023-02-20 00:12:27'),
	(2546, 1, 'en', 'plugins/ecommerce/addresses', 'address', 'Address', '2023-02-20 00:12:27', '2023-02-20 00:12:27'),
	(2547, 1, 'en', 'plugins/ecommerce/addresses', 'addresses', 'Addresses', '2023-02-20 00:12:27', '2023-02-20 00:12:27'),
	(2548, 1, 'en', 'plugins/ecommerce/addresses', 'address_placeholder', 'Enter address', '2023-02-20 00:12:27', '2023-02-20 00:12:27'),
	(2549, 1, 'en', 'plugins/ecommerce/addresses', 'zip', 'Zip code', '2023-02-20 00:12:27', '2023-02-20 00:12:27'),
	(2550, 1, 'en', 'plugins/ecommerce/addresses', 'zip_placeholder', 'Enter zip code', '2023-02-20 00:12:27', '2023-02-20 00:12:27'),
	(2551, 1, 'en', 'plugins/ecommerce/addresses', 'city', 'City', '2023-02-20 00:12:27', '2023-02-20 00:12:27'),
	(2552, 1, 'en', 'plugins/ecommerce/addresses', 'city_placeholder', 'Enter city', '2023-02-20 00:12:27', '2023-02-20 00:12:27'),
	(2553, 1, 'en', 'plugins/ecommerce/addresses', 'state', 'State', '2023-02-20 00:12:27', '2023-02-20 00:12:27'),
	(2554, 1, 'en', 'plugins/ecommerce/addresses', 'state_placeholder', 'Enter state', '2023-02-20 00:12:27', '2023-02-20 00:12:27'),
	(2555, 1, 'en', 'plugins/ecommerce/addresses', 'country', 'Country', '2023-02-20 00:12:27', '2023-02-20 00:12:27'),
	(2556, 1, 'en', 'plugins/ecommerce/addresses', 'use_this_address_as_default', 'Use this address as default', '2023-02-20 00:12:27', '2023-02-20 00:12:27'),
	(2557, 1, 'en', 'plugins/ecommerce/addresses', 'name', 'Full name', '2023-02-20 00:12:27', '2023-02-20 00:12:27'),
	(2558, 1, 'en', 'plugins/ecommerce/addresses', 'name_placeholder', 'Enter name', '2023-02-20 00:12:27', '2023-02-20 00:12:27'),
	(2559, 1, 'en', 'plugins/ecommerce/addresses', 'phone', 'Phone', '2023-02-20 00:12:27', '2023-02-20 00:12:27'),
	(2560, 1, 'en', 'plugins/ecommerce/addresses', 'phone_placeholder', 'Enter phone', '2023-02-20 00:12:27', '2023-02-20 00:12:27'),
	(2561, 1, 'en', 'plugins/ecommerce/addresses', 'email', 'Email', '2023-02-20 00:12:27', '2023-02-20 00:12:27'),
	(2562, 1, 'en', 'plugins/ecommerce/addresses', 'email_placeholder', 'Enter email', '2023-02-20 00:12:27', '2023-02-20 00:12:27'),
	(2563, 1, 'en', 'plugins/ecommerce/addresses', 'select_state', 'Select state...', '2023-02-20 00:12:27', '2023-02-20 00:12:27'),
	(2564, 1, 'en', 'plugins/ecommerce/addresses', 'select_city', 'Select city...', '2023-02-20 00:12:27', '2023-02-20 00:12:27'),
	(2565, 1, 'en', 'plugins/ecommerce/addresses', 'select_country', 'Select country...', '2023-02-20 00:12:27', '2023-02-20 00:12:27'),
	(2566, 1, 'en', 'plugins/ecommerce/addresses', 'add_address', 'Add Address', '2023-02-20 00:12:27', '2023-02-20 00:12:27'),
	(2567, 1, 'en', 'plugins/ecommerce/addresses', 'new_address', 'New address', '2023-02-20 00:12:27', '2023-02-20 00:12:27'),
	(2568, 1, 'en', 'plugins/ecommerce/addresses', 'edit_address', 'Edit address', '2023-02-20 00:12:27', '2023-02-20 00:12:27'),
	(2569, 1, 'en', 'plugins/ecommerce/addresses', 'action', 'Action', '2023-02-20 00:12:27', '2023-02-20 00:12:27'),
	(2570, 1, 'en', 'plugins/ecommerce/addresses', 'add', 'Add', '2023-02-20 00:12:27', '2023-02-20 00:12:27'),
	(2571, 1, 'en', 'plugins/ecommerce/addresses', 'save', 'Save', '2023-02-20 00:12:27', '2023-02-20 00:12:27'),
	(2572, 1, 'en', 'plugins/ecommerce/addresses', 'no_data', 'No data to display', '2023-02-20 00:12:27', '2023-02-20 00:12:27'),
	(2573, 1, 'en', 'plugins/ecommerce/addresses', 'no_option', 'No option', '2023-02-20 00:12:27', '2023-02-20 00:12:27'),
	(2574, 1, 'en', 'plugins/ecommerce/brands', 'name', 'Brands', '2023-02-20 00:12:27', '2023-02-20 00:12:27'),
	(2575, 1, 'en', 'plugins/ecommerce/brands', 'create', 'New brand', '2023-02-20 00:12:27', '2023-02-20 00:12:27'),
	(2576, 1, 'en', 'plugins/ecommerce/brands', 'edit', 'Edit brand', '2023-02-20 00:12:27', '2023-02-20 00:12:27'),
	(2577, 1, 'en', 'plugins/ecommerce/brands', 'form.name', 'Name', '2023-02-20 00:12:27', '2023-02-20 00:12:27'),
	(2578, 1, 'en', 'plugins/ecommerce/brands', 'form.name_placeholder', 'Brand\'s name (Maximum 255 characters)', '2023-02-20 00:12:27', '2023-02-20 00:12:27'),
	(2579, 1, 'en', 'plugins/ecommerce/brands', 'form.description', 'Description', '2023-02-20 00:12:27', '2023-02-20 00:12:27'),
	(2580, 1, 'en', 'plugins/ecommerce/brands', 'form.description_placeholder', 'Short description for brand (Maximum 400 characters)', '2023-02-20 00:12:27', '2023-02-20 00:12:27'),
	(2581, 1, 'en', 'plugins/ecommerce/brands', 'form.website', 'Website', '2023-02-20 00:12:27', '2023-02-20 00:12:27'),
	(2582, 1, 'en', 'plugins/ecommerce/brands', 'form.logo', 'Logo', '2023-02-20 00:12:27', '2023-02-20 00:12:27'),
	(2583, 1, 'en', 'plugins/ecommerce/brands', 'form.is_featured', 'Is featured', '2023-02-20 00:12:27', '2023-02-20 00:12:27'),
	(2584, 1, 'en', 'plugins/ecommerce/brands', 'logo', 'Logo', '2023-02-20 00:12:27', '2023-02-20 00:12:27'),
	(2585, 1, 'en', 'plugins/ecommerce/brands', 'website', 'Website', '2023-02-20 00:12:27', '2023-02-20 00:12:27'),
	(2586, 1, 'en', 'plugins/ecommerce/brands', 'notices.no_select', 'Please select at least one record to take this action!', '2023-02-20 00:12:27', '2023-02-20 00:12:27'),
	(2587, 1, 'en', 'plugins/ecommerce/brands', 'notices.update_success_message', 'Update successfully', '2023-02-20 00:12:27', '2023-02-20 00:12:27'),
	(2588, 1, 'en', 'plugins/ecommerce/brands', 'cannot_delete', 'Brand could not be deleted', '2023-02-20 00:12:27', '2023-02-20 00:12:27'),
	(2589, 1, 'en', 'plugins/ecommerce/brands', 'brand_deleted', 'Brand deleted', '2023-02-20 00:12:27', '2023-02-20 00:12:27'),
	(2590, 1, 'en', 'plugins/ecommerce/brands', 'menu', 'Brands', '2023-02-20 00:12:27', '2023-02-20 00:12:27'),
	(2591, 1, 'en', 'plugins/ecommerce/brands', 'no_brand', 'No brand', '2023-02-20 00:12:27', '2023-02-20 00:12:27'),
	(2592, 1, 'en', 'plugins/ecommerce/brands', 'intro.title', 'Manage brands', '2023-02-20 00:12:27', '2023-02-20 00:12:27'),
	(2593, 1, 'en', 'plugins/ecommerce/brands', 'intro.description', 'Manage product brands such as Nike, Adidas, Bitis ...', '2023-02-20 00:12:27', '2023-02-20 00:12:27'),
	(2594, 1, 'en', 'plugins/ecommerce/brands', 'intro.button_text', 'Create brand', '2023-02-20 00:12:27', '2023-02-20 00:12:27'),
	(2595, 1, 'en', 'plugins/ecommerce/bulk-import', 'name', 'Bulk Import', '2023-02-20 00:12:27', '2023-02-20 00:12:27'),
	(2596, 1, 'en', 'plugins/ecommerce/bulk-import', 'loading_text', 'Importing', '2023-02-20 00:12:27', '2023-02-20 00:12:27'),
	(2597, 1, 'en', 'plugins/ecommerce/bulk-import', 'imported_successfully', 'Imported successfully.', '2023-02-20 00:12:27', '2023-02-20 00:12:27'),
	(2598, 1, 'en', 'plugins/ecommerce/bulk-import', 'please_choose_the_file_mime', 'Please choose the file mime :types', '2023-02-20 00:12:27', '2023-02-20 00:12:27'),
	(2599, 1, 'en', 'plugins/ecommerce/bulk-import', 'please_choose_the_file', 'Please choose the file', '2023-02-20 00:12:27', '2023-02-20 00:12:27'),
	(2600, 1, 'en', 'plugins/ecommerce/bulk-import', 'start_import', 'Start Import', '2023-02-20 00:12:27', '2023-02-20 00:12:27'),
	(2601, 1, 'en', 'plugins/ecommerce/bulk-import', 'note', 'Note!', '2023-02-20 00:12:27', '2023-02-20 00:12:27'),
	(2602, 1, 'en', 'plugins/ecommerce/bulk-import', 'warning_before_importing', 'If this is your first time using this feature, please read the documentation or contact the Administrator for access to the correct functionality!', '2023-02-20 00:12:27', '2023-02-20 00:12:27'),
	(2603, 1, 'en', 'plugins/ecommerce/bulk-import', 'results', 'Result: :success successes, :failed failures', '2023-02-20 00:12:27', '2023-02-20 00:12:27'),
	(2604, 1, 'en', 'plugins/ecommerce/bulk-import', 'failures', 'Failures', '2023-02-20 00:12:27', '2023-02-20 00:12:27'),
	(2605, 1, 'en', 'plugins/ecommerce/bulk-import', 'tables.import', 'Import', '2023-02-20 00:12:27', '2023-02-20 00:12:27'),
	(2606, 1, 'en', 'plugins/ecommerce/bulk-import', 'template', 'Template', '2023-02-20 00:12:27', '2023-02-20 00:12:27'),
	(2607, 1, 'en', 'plugins/ecommerce/bulk-import', 'rules', 'Rules', '2023-02-20 00:12:27', '2023-02-20 00:12:27'),
	(2608, 1, 'en', 'plugins/ecommerce/bulk-import', 'choose_file_with_mime', 'Choose file with mime: (:types)', '2023-02-20 00:12:27', '2023-02-20 00:12:27'),
	(2609, 1, 'en', 'plugins/ecommerce/bulk-import', 'choose_file', 'Choose file', '2023-02-20 00:12:27', '2023-02-20 00:12:27'),
	(2610, 1, 'en', 'plugins/ecommerce/bulk-import', 'menu', 'Import products', '2023-02-20 00:12:27', '2023-02-20 00:12:27'),
	(2611, 1, 'en', 'plugins/ecommerce/bulk-import', 'download-csv-file', 'Download CSV template', '2023-02-20 00:12:27', '2023-02-20 00:12:27'),
	(2612, 1, 'en', 'plugins/ecommerce/bulk-import', 'download-excel-file', 'Download Excel template', '2023-02-20 00:12:27', '2023-02-20 00:12:27'),
	(2613, 1, 'en', 'plugins/ecommerce/bulk-import', 'downloading', 'Downloading...', '2023-02-20 00:12:27', '2023-02-20 00:12:27'),
	(2614, 1, 'en', 'plugins/ecommerce/bulk-import', 'export.template.input_error', 'Input error', '2023-02-20 00:12:27', '2023-02-20 00:12:27'),
	(2615, 1, 'en', 'plugins/ecommerce/bulk-import', 'export.template.number_not_allowed', 'Number is not allowed!', '2023-02-20 00:12:27', '2023-02-20 00:12:27'),
	(2616, 1, 'en', 'plugins/ecommerce/bulk-import', 'export.template.allowed_input', 'Allowed input', '2023-02-20 00:12:27', '2023-02-20 00:12:27'),
	(2617, 1, 'en', 'plugins/ecommerce/bulk-import', 'export.template.prompt_decimal', 'Only numbers or decimals are accepted and greater than or equal to :min.', '2023-02-20 00:12:27', '2023-02-20 00:12:27'),
	(2618, 1, 'en', 'plugins/ecommerce/bulk-import', 'export.template.prompt_whole_number', 'Only numbers are accepted and greater than or equal to :min.', '2023-02-20 00:12:27', '2023-02-20 00:12:27'),
	(2619, 1, 'en', 'plugins/ecommerce/bulk-import', 'export.template.prompt_list', 'Please pick a value from the drop-down list.', '2023-02-20 00:12:27', '2023-02-20 00:12:27'),
	(2620, 1, 'en', 'plugins/ecommerce/bulk-import', 'export.template.pick_from_list', 'Pick from list', '2023-02-20 00:12:27', '2023-02-20 00:12:27'),
	(2621, 1, 'en', 'plugins/ecommerce/bulk-import', 'export.template.value_not_in_list', 'Value is not in list.', '2023-02-20 00:12:27', '2023-02-20 00:12:27'),
	(2622, 1, 'en', 'plugins/ecommerce/bulk-import', 'import_failed_description', 'Import failed, please check the errors below!', '2023-02-20 00:12:27', '2023-02-20 00:12:27'),
	(2623, 1, 'en', 'plugins/ecommerce/bulk-import', 'column', 'Column', '2023-02-20 00:12:27', '2023-02-20 00:12:27'),
	(2624, 1, 'en', 'plugins/ecommerce/bulk-import', 'row', 'Row', '2023-02-20 00:12:27', '2023-02-20 00:12:27'),
	(2625, 1, 'en', 'plugins/ecommerce/bulk-import', 'attribute', 'Attribute', '2023-02-20 00:12:27', '2023-02-20 00:12:27'),
	(2626, 1, 'en', 'plugins/ecommerce/bulk-import', 'errors', 'Errors', '2023-02-20 00:12:27', '2023-02-20 00:12:27'),
	(2627, 1, 'en', 'plugins/ecommerce/bulk-import', 'import_types.name', 'Import type', '2023-02-20 00:12:27', '2023-02-20 00:12:27'),
	(2628, 1, 'en', 'plugins/ecommerce/bulk-import', 'import_types.all', 'All', '2023-02-20 00:12:27', '2023-02-20 00:12:27'),
	(2629, 1, 'en', 'plugins/ecommerce/bulk-import', 'import_types.products', 'Products', '2023-02-20 00:12:27', '2023-02-20 00:12:27'),
	(2630, 1, 'en', 'plugins/ecommerce/bulk-import', 'import_types.variations', 'Variations', '2023-02-20 00:12:27', '2023-02-20 00:12:27'),
	(2631, 1, 'en', 'plugins/ecommerce/currency', 'currencies', 'Currencies', '2023-02-20 00:12:27', '2023-02-20 00:12:27'),
	(2632, 1, 'en', 'plugins/ecommerce/currency', 'setting_description', 'List of currencies using on website', '2023-02-20 00:12:27', '2023-02-20 00:12:27'),
	(2633, 1, 'en', 'plugins/ecommerce/currency', 'name', 'Name', '2023-02-20 00:12:27', '2023-02-20 00:12:27'),
	(2634, 1, 'en', 'plugins/ecommerce/currency', 'symbol', 'Symbol', '2023-02-20 00:12:27', '2023-02-20 00:12:27'),
	(2635, 1, 'en', 'plugins/ecommerce/currency', 'number_of_decimals', 'Number of decimals', '2023-02-20 00:12:27', '2023-02-20 00:12:27'),
	(2636, 1, 'en', 'plugins/ecommerce/currency', 'exchange_rate', 'Exchange rate', '2023-02-20 00:12:27', '2023-02-20 00:12:27'),
	(2637, 1, 'en', 'plugins/ecommerce/currency', 'is_prefix_symbol', 'Position of symbol', '2023-02-20 00:12:27', '2023-02-20 00:12:27'),
	(2638, 1, 'en', 'plugins/ecommerce/currency', 'is_default', 'Is default?', '2023-02-20 00:12:27', '2023-02-20 00:12:27'),
	(2639, 1, 'en', 'plugins/ecommerce/currency', 'remove', 'Remove', '2023-02-20 00:12:27', '2023-02-20 00:12:27'),
	(2640, 1, 'en', 'plugins/ecommerce/currency', 'new_currency', 'Add a new currency', '2023-02-20 00:12:27', '2023-02-20 00:12:27'),
	(2641, 1, 'en', 'plugins/ecommerce/currency', 'save_settings', 'Save settings', '2023-02-20 00:12:27', '2023-02-20 00:12:27'),
	(2642, 1, 'en', 'plugins/ecommerce/currency', 'before_number', 'Before number', '2023-02-20 00:12:27', '2023-02-20 00:12:27'),
	(2643, 1, 'en', 'plugins/ecommerce/currency', 'after_number', 'After number', '2023-02-20 00:12:27', '2023-02-20 00:12:27'),
	(2644, 1, 'en', 'plugins/ecommerce/currency', 'require_at_least_one_currency', 'The system requires at least one currency!', '2023-02-20 00:12:27', '2023-02-20 00:12:27'),
	(2645, 1, 'en', 'plugins/ecommerce/currency', 'enable_auto_detect_visitor_currency', 'Enable auto-detect visitor currency?', '2023-02-20 00:12:27', '2023-02-20 00:12:27'),
	(2646, 1, 'en', 'plugins/ecommerce/currency', 'add_space_between_price_and_currency', 'Add a space between price and currency?', '2023-02-20 00:12:27', '2023-02-20 00:12:27'),
	(2647, 1, 'en', 'plugins/ecommerce/currency', 'invalid_currency_name', 'Invalid currency code, it must be in :currencies.', '2023-02-20 00:12:27', '2023-02-20 00:12:27'),
	(2648, 1, 'en', 'plugins/ecommerce/currency', 'instruction', 'Please check list currency code here: https://en.wikipedia.org/wiki/ISO_4217', '2023-02-20 00:12:27', '2023-02-20 00:12:27'),
	(2649, 1, 'en', 'plugins/ecommerce/currency', 'code', 'Code', '2023-02-20 00:12:27', '2023-02-20 00:12:27'),
	(2650, 1, 'en', 'plugins/ecommerce/customer', 'name', 'Customers', '2023-02-20 00:12:27', '2023-02-20 00:12:27'),
	(2651, 1, 'en', 'plugins/ecommerce/customer', 'create', 'Create a customer', '2023-02-20 00:12:27', '2023-02-20 00:12:27'),
	(2652, 1, 'en', 'plugins/ecommerce/customer', 'edit', 'Edit customer ":name"', '2023-02-20 00:12:27', '2023-02-20 00:12:27'),
	(2653, 1, 'en', 'plugins/ecommerce/customer', 'email', 'Email', '2023-02-20 00:12:27', '2023-02-20 00:12:27'),
	(2654, 1, 'en', 'plugins/ecommerce/customer', 'email_placeholder', 'Ex: example@gmail.com', '2023-02-20 00:12:27', '2023-02-20 00:12:27'),
	(2655, 1, 'en', 'plugins/ecommerce/customer', 'password', 'Password', '2023-02-20 00:12:27', '2023-02-20 00:12:27'),
	(2656, 1, 'en', 'plugins/ecommerce/customer', 'change_password', 'Change password?', '2023-02-20 00:12:27', '2023-02-20 00:12:27'),
	(2657, 1, 'en', 'plugins/ecommerce/customer', 'password_confirmation', 'Password confirmation', '2023-02-20 00:12:27', '2023-02-20 00:12:27'),
	(2658, 1, 'en', 'plugins/ecommerce/customer', 'intro.title', 'Manage customers', '2023-02-20 00:12:27', '2023-02-20 00:12:27'),
	(2659, 1, 'en', 'plugins/ecommerce/customer', 'intro.description', 'When a customer buy your product(s), you will know their order histories.', '2023-02-20 00:12:27', '2023-02-20 00:12:27'),
	(2660, 1, 'en', 'plugins/ecommerce/customer', 'intro.button_text', 'Create customer', '2023-02-20 00:12:27', '2023-02-20 00:12:27'),
	(2661, 1, 'en', 'plugins/ecommerce/customer', 'phone', 'Phone', '2023-02-20 00:12:27', '2023-02-20 00:12:27'),
	(2662, 1, 'en', 'plugins/ecommerce/customer', 'phone_placeholder', 'Phone', '2023-02-20 00:12:27', '2023-02-20 00:12:27'),
	(2663, 1, 'en', 'plugins/ecommerce/customer', 'avatar', 'Avatar', '2023-02-20 00:12:27', '2023-02-20 00:12:27'),
	(2664, 1, 'en', 'plugins/ecommerce/customer', 'dob', 'Date of birth', '2023-02-20 00:12:27', '2023-02-20 00:12:27'),
	(2665, 1, 'en', 'plugins/ecommerce/customer', 'statuses.activated', 'Activated', '2023-02-20 00:12:27', '2023-02-20 00:12:27'),
	(2666, 1, 'en', 'plugins/ecommerce/customer', 'statuses.locked', 'Locked', '2023-02-20 00:12:27', '2023-02-20 00:12:27'),
	(2667, 1, 'en', 'plugins/ecommerce/customer', 'email_verified', 'Email verified?', '2023-02-20 00:12:27', '2023-02-20 00:12:27'),
	(2668, 1, 'en', 'plugins/ecommerce/customer', 'verify_email.confirm_heading', 'Verify email confirmation', '2023-02-20 00:12:27', '2023-02-20 00:12:27'),
	(2669, 1, 'en', 'plugins/ecommerce/customer', 'verify_email.confirm_description', 'Are you sure you want to verify email this customer?', '2023-02-20 00:12:27', '2023-02-20 00:12:27'),
	(2670, 1, 'en', 'plugins/ecommerce/customer', 'verify_email.notification', 'This customer is not verified email yet? :approve_link to verify email.', '2023-02-20 00:12:27', '2023-02-20 00:12:27'),
	(2671, 1, 'en', 'plugins/ecommerce/customer', 'verify_email.approve_here', 'click here', '2023-02-20 00:12:27', '2023-02-20 00:12:27'),
	(2672, 1, 'en', 'plugins/ecommerce/customer', 'verify_email.confirm_button', 'Verify', '2023-02-20 00:12:27', '2023-02-20 00:12:27'),
	(2673, 1, 'en', 'plugins/ecommerce/discount', 'name', 'Discounts', '2023-02-20 00:12:27', '2023-02-20 00:12:27'),
	(2674, 1, 'en', 'plugins/ecommerce/discount', 'create', 'Create discount', '2023-02-20 00:12:27', '2023-02-20 00:12:27'),
	(2675, 1, 'en', 'plugins/ecommerce/discount', 'invalid_coupon', 'This coupon is invalid or expired!', '2023-02-20 00:12:27', '2023-02-20 00:12:27'),
	(2676, 1, 'en', 'plugins/ecommerce/discount', 'cannot_use_same_time_with_other_discount_program', 'Cannot use this coupon in the same time with other discount program!', '2023-02-20 00:12:27', '2023-02-20 00:12:27'),
	(2677, 1, 'en', 'plugins/ecommerce/discount', 'not_used', 'This coupon is not used yet!', '2023-02-20 00:12:27', '2023-02-20 00:12:27'),
	(2678, 1, 'en', 'plugins/ecommerce/discount', 'detail', 'Detail', '2023-02-20 00:12:27', '2023-02-20 00:12:27'),
	(2679, 1, 'en', 'plugins/ecommerce/discount', 'used', 'Used', '2023-02-20 00:12:27', '2023-02-20 00:12:27'),
	(2680, 1, 'en', 'plugins/ecommerce/discount', 'intro.title', 'Manage discount/coupon code', '2023-02-20 00:12:27', '2023-02-20 00:12:27'),
	(2681, 1, 'en', 'plugins/ecommerce/discount', 'intro.description', 'Create coupon code or promotion for your products.', '2023-02-20 00:12:27', '2023-02-20 00:12:27'),
	(2682, 1, 'en', 'plugins/ecommerce/discount', 'intro.button_text', 'Create discount', '2023-02-20 00:12:27', '2023-02-20 00:12:27'),
	(2683, 1, 'en', 'plugins/ecommerce/discount', 'expired', 'Expired', '2023-02-20 00:12:27', '2023-02-20 00:12:27'),
	(2684, 1, 'en', 'plugins/ecommerce/discount', 'discount_promotion', 'Discount promotion', '2023-02-20 00:12:27', '2023-02-20 00:12:27'),
	(2685, 1, 'en', 'plugins/ecommerce/discount', 'can', 'can', '2023-02-20 00:12:27', '2023-02-20 00:12:27'),
	(2686, 1, 'en', 'plugins/ecommerce/discount', 'cannot', 'cannot', '2023-02-20 00:12:27', '2023-02-20 00:12:27'),
	(2687, 1, 'en', 'plugins/ecommerce/discount', 'use_with_promotion', 'be used with promotion', '2023-02-20 00:12:27', '2023-02-20 00:12:27'),
	(2688, 1, 'en', 'plugins/ecommerce/discount', 'create_discount_validate_title_required_if', 'Please enter the name of the promotion', '2023-02-20 00:12:27', '2023-02-20 00:12:27'),
	(2689, 1, 'en', 'plugins/ecommerce/discount', 'create_discount_validate_code_required_if', 'Please enter the promotion code', '2023-02-20 00:12:27', '2023-02-20 00:12:27'),
	(2690, 1, 'en', 'plugins/ecommerce/discount', 'create_discount_validate_value_required', 'Amount must be greater than 0', '2023-02-20 00:12:27', '2023-02-20 00:12:27'),
	(2691, 1, 'en', 'plugins/ecommerce/discount', 'create_discount_validate_target_required', 'No object selected for promotion', '2023-02-20 00:12:27', '2023-02-20 00:12:27'),
	(2692, 1, 'en', 'plugins/ecommerce/discount', 'enums.type-options.amount', 'Amount - Fixed', '2023-02-20 00:12:27', '2023-02-20 00:12:27'),
	(2693, 1, 'en', 'plugins/ecommerce/discount', 'enums.type-options.percentage', 'Discount %', '2023-02-20 00:12:27', '2023-02-20 00:12:27'),
	(2694, 1, 'en', 'plugins/ecommerce/discount', 'enums.type-options.shipping', 'Free shipping', '2023-02-20 00:12:27', '2023-02-20 00:12:27'),
	(2695, 1, 'en', 'plugins/ecommerce/discount', 'enums.type-options.same-price', 'Same price', '2023-02-20 00:12:27', '2023-02-20 00:12:27'),
	(2696, 1, 'en', 'plugins/ecommerce/discount', 'discount', 'Discount', '2023-02-20 00:12:27', '2023-02-20 00:12:27'),
	(2697, 1, 'en', 'plugins/ecommerce/discount', 'create_coupon_code', 'Create coupon code', '2023-02-20 00:12:27', '2023-02-20 00:12:27'),
	(2698, 1, 'en', 'plugins/ecommerce/discount', 'create_discount_promotion', 'Create discount promotion', '2023-02-20 00:12:27', '2023-02-20 00:12:27'),
	(2699, 1, 'en', 'plugins/ecommerce/discount', 'generate_coupon_code', 'Generate coupon code', '2023-02-20 00:12:27', '2023-02-20 00:12:27'),
	(2700, 1, 'en', 'plugins/ecommerce/discount', 'customers_will_enter_this_coupon_code_when_they_checkout', 'Customers will enter this coupon code when they checkout', '2023-02-20 00:12:27', '2023-02-20 00:12:27'),
	(2701, 1, 'en', 'plugins/ecommerce/discount', 'select_type_of_discount', 'Select type of discount', '2023-02-20 00:12:27', '2023-02-20 00:12:27'),
	(2702, 1, 'en', 'plugins/ecommerce/discount', 'coupon_code', 'Coupon code', '2023-02-20 00:12:27', '2023-02-20 00:12:27'),
	(2703, 1, 'en', 'plugins/ecommerce/discount', 'promotion', 'Promotion', '2023-02-20 00:12:27', '2023-02-20 00:12:27'),
	(2704, 1, 'en', 'plugins/ecommerce/discount', 'can_be_used_with_promotion', 'Can be used with promotion', '2023-02-20 00:12:27', '2023-02-20 00:12:27'),
	(2705, 1, 'en', 'plugins/ecommerce/discount', 'unlimited_coupon', 'Unlimited coupon', '2023-02-20 00:12:27', '2023-02-20 00:12:27'),
	(2706, 1, 'en', 'plugins/ecommerce/discount', 'enter_number', 'Enter number', '2023-02-20 00:12:27', '2023-02-20 00:12:27'),
	(2707, 1, 'en', 'plugins/ecommerce/discount', 'coupon_type', 'Coupon type', '2023-02-20 00:12:27', '2023-02-20 00:12:27'),
	(2708, 1, 'en', 'plugins/ecommerce/discount', 'percentage_discount', 'Percentage discount (%)', '2023-02-20 00:12:27', '2023-02-20 00:12:27'),
	(2709, 1, 'en', 'plugins/ecommerce/discount', 'free_shipping', 'Free shipping', '2023-02-20 00:12:27', '2023-02-20 00:12:27'),
	(2710, 1, 'en', 'plugins/ecommerce/discount', 'same_price', 'Same price', '2023-02-20 00:12:27', '2023-02-20 00:12:27'),
	(2711, 1, 'en', 'plugins/ecommerce/discount', 'apply_for', 'apply for', '2023-02-20 00:12:27', '2023-02-20 00:12:27'),
	(2712, 1, 'en', 'plugins/ecommerce/discount', 'all_orders', 'All orders', '2023-02-20 00:12:27', '2023-02-20 00:12:27'),
	(2713, 1, 'en', 'plugins/ecommerce/discount', 'order_amount_from', 'Order amount from', '2023-02-20 00:12:27', '2023-02-20 00:12:27'),
	(2714, 1, 'en', 'plugins/ecommerce/discount', 'product_collection', 'Product collection', '2023-02-20 00:12:27', '2023-02-20 00:12:27'),
	(2715, 1, 'en', 'plugins/ecommerce/discount', 'product', 'Product', '2023-02-20 00:12:27', '2023-02-20 00:12:27'),
	(2716, 1, 'en', 'plugins/ecommerce/discount', 'customer', 'Customer', '2023-02-20 00:12:27', '2023-02-20 00:12:27'),
	(2717, 1, 'en', 'plugins/ecommerce/discount', 'variant', 'Variant', '2023-02-20 00:12:27', '2023-02-20 00:12:27'),
	(2718, 1, 'en', 'plugins/ecommerce/discount', 'search_product', 'Search product', '2023-02-20 00:12:27', '2023-02-20 00:12:27'),
	(2719, 1, 'en', 'plugins/ecommerce/discount', 'no_products_found', 'No products found!', '2023-02-20 00:12:27', '2023-02-20 00:12:27'),
	(2720, 1, 'en', 'plugins/ecommerce/discount', 'search_customer', 'Search customer', '2023-02-20 00:12:27', '2023-02-20 00:12:27'),
	(2721, 1, 'en', 'plugins/ecommerce/discount', 'no_customer_found', 'No customer found!', '2023-02-20 00:12:27', '2023-02-20 00:12:27'),
	(2722, 1, 'en', 'plugins/ecommerce/discount', 'one_time_per_order', 'One time per order', '2023-02-20 00:12:27', '2023-02-20 00:12:27'),
	(2723, 1, 'en', 'plugins/ecommerce/discount', 'one_time_per_product_in_cart', 'One time per product in cart', '2023-02-20 00:12:27', '2023-02-20 00:12:27'),
	(2724, 1, 'en', 'plugins/ecommerce/discount', 'number_of_products', 'Number of products required to apply', '2023-02-20 00:12:27', '2023-02-20 00:12:27'),
	(2725, 1, 'en', 'plugins/ecommerce/discount', 'selected_products', 'Selected products', '2023-02-20 00:12:27', '2023-02-20 00:12:27'),
	(2726, 1, 'en', 'plugins/ecommerce/discount', 'selected_customers', 'Selected customers', '2023-02-20 00:12:27', '2023-02-20 00:12:27'),
	(2727, 1, 'en', 'plugins/ecommerce/discount', 'time', 'Time', '2023-02-20 00:12:27', '2023-02-20 00:12:27'),
	(2728, 1, 'en', 'plugins/ecommerce/discount', 'start_date', 'Start date', '2023-02-20 00:12:27', '2023-02-20 00:12:27'),
	(2729, 1, 'en', 'plugins/ecommerce/discount', 'end_date', 'End date', '2023-02-20 00:12:27', '2023-02-20 00:12:27'),
	(2730, 1, 'en', 'plugins/ecommerce/discount', 'never_expired', 'Never expired', '2023-02-20 00:12:27', '2023-02-20 00:12:27'),
	(2731, 1, 'en', 'plugins/ecommerce/discount', 'save', 'Save', '2023-02-20 00:12:27', '2023-02-20 00:12:27'),
	(2732, 1, 'en', 'plugins/ecommerce/discount', 'enter_promotion_name', 'Enter promotion name', '2023-02-20 00:12:27', '2023-02-20 00:12:27'),
	(2733, 1, 'en', 'plugins/ecommerce/discount', 'enter_coupon_name', 'Enter coupon name', '2023-02-20 00:12:27', '2023-02-20 00:12:27'),
	(2734, 1, 'en', 'plugins/ecommerce/discount', 'cancel', 'Cancel', '2023-02-20 00:12:27', '2023-02-20 00:12:27'),
	(2735, 1, 'en', 'plugins/ecommerce/discount', 'is', 'Is', '2023-02-20 00:12:27', '2023-02-20 00:12:27'),
	(2736, 1, 'en', 'plugins/ecommerce/discount', 'when_shipping_fee_less_than', 'when shipping fee less than', '2023-02-20 00:12:27', '2023-02-20 00:12:27'),
	(2737, 1, 'en', 'plugins/ecommerce/discount', 'minimum_order_amount_error', 'You are under :minimum_amount to apply the coupon, you must add :add_more more items to your cart', '2023-02-20 00:12:27', '2023-02-20 00:12:27'),
	(2738, 1, 'en', 'plugins/ecommerce/discount', 'once_per_customer', 'Once per customer', '2023-02-20 00:12:27', '2023-02-20 00:12:27'),
	(2739, 1, 'en', 'plugins/ecommerce/discount', 'you_need_login_to_use_coupon_code', 'You need to login to use this coupon code', '2023-02-20 00:12:27', '2023-02-20 00:12:27'),
	(2740, 1, 'en', 'plugins/ecommerce/discount', 'you_used_coupon_code', 'You have already used this coupon code', '2023-02-20 00:12:27', '2023-02-20 00:12:27'),
	(2741, 1, 'en', 'plugins/ecommerce/discount', 'customer_used_coupon_code', 'Customers who have used this discount code', '2023-02-20 00:12:27', '2023-02-20 00:12:27'),
	(2742, 1, 'en', 'plugins/ecommerce/ecommerce', 'settings', 'Settings', '2023-02-20 00:12:27', '2023-02-20 00:12:27'),
	(2743, 1, 'en', 'plugins/ecommerce/ecommerce', 'name', 'Ecommerce', '2023-02-20 00:12:27', '2023-02-20 00:12:27'),
	(2744, 1, 'en', 'plugins/ecommerce/ecommerce', 'setting.email.title', 'E-commerce', '2023-02-20 00:12:27', '2023-02-20 00:12:27'),
	(2745, 1, 'en', 'plugins/ecommerce/ecommerce', 'setting.email.description', 'Ecommerce email config', '2023-02-20 00:12:27', '2023-02-20 00:12:27'),
	(2746, 1, 'en', 'plugins/ecommerce/ecommerce', 'setting.email.order_confirm_subject', 'Subject of order confirmation email', '2023-02-20 00:12:28', '2023-02-20 00:12:28'),
	(2747, 1, 'en', 'plugins/ecommerce/ecommerce', 'setting.email.order_confirm_subject_placeholder', 'The subject of email confirmation send to the customer', '2023-02-20 00:12:28', '2023-02-20 00:12:28'),
	(2748, 1, 'en', 'plugins/ecommerce/ecommerce', 'setting.email.order_confirm_content', 'Content of order confirmation email', '2023-02-20 00:12:28', '2023-02-20 00:12:28'),
	(2749, 1, 'en', 'plugins/ecommerce/ecommerce', 'setting.email.order_status_change_subject', 'Subject of email when changing order\'s status', '2023-02-20 00:12:28', '2023-02-20 00:12:28'),
	(2750, 1, 'en', 'plugins/ecommerce/ecommerce', 'setting.email.order_status_change_subject_placeholder', 'Subject of email when changing order\'s status send to customer', '2023-02-20 00:12:28', '2023-02-20 00:12:28'),
	(2751, 1, 'en', 'plugins/ecommerce/ecommerce', 'setting.email.order_status_change_content', 'Content of email when changing order\'s status', '2023-02-20 00:12:28', '2023-02-20 00:12:28'),
	(2752, 1, 'en', 'plugins/ecommerce/ecommerce', 'setting.email.from_email', 'Email from', '2023-02-20 00:12:28', '2023-02-20 00:12:28'),
	(2753, 1, 'en', 'plugins/ecommerce/ecommerce', 'setting.email.from_email_placeholder', 'Email from address to display in mail. Ex: example@gmail.com', '2023-02-20 00:12:28', '2023-02-20 00:12:28'),
	(2754, 1, 'en', 'plugins/ecommerce/ecommerce', 'setting.title', 'Basic information', '2023-02-20 00:12:28', '2023-02-20 00:12:28'),
	(2755, 1, 'en', 'plugins/ecommerce/ecommerce', 'setting.state', 'State', '2023-02-20 00:12:28', '2023-02-20 00:12:28'),
	(2756, 1, 'en', 'plugins/ecommerce/ecommerce', 'setting.city', 'City', '2023-02-20 00:12:28', '2023-02-20 00:12:28'),
	(2757, 1, 'en', 'plugins/ecommerce/ecommerce', 'setting.country', 'Country', '2023-02-20 00:12:28', '2023-02-20 00:12:28'),
	(2758, 1, 'en', 'plugins/ecommerce/ecommerce', 'setting.weight_unit_gram', 'Gram (g)', '2023-02-20 00:12:28', '2023-02-20 00:12:28'),
	(2759, 1, 'en', 'plugins/ecommerce/ecommerce', 'setting.weight_unit_kilogram', 'Kilogram (kg)', '2023-02-20 00:12:28', '2023-02-20 00:12:28'),
	(2760, 1, 'en', 'plugins/ecommerce/ecommerce', 'setting.weight_unit_lb', 'Pound (lb)', '2023-02-20 00:12:28', '2023-02-20 00:12:28'),
	(2761, 1, 'en', 'plugins/ecommerce/ecommerce', 'setting.weight_unit_oz', 'Ounce (oz)', '2023-02-20 00:12:28', '2023-02-20 00:12:28'),
	(2762, 1, 'en', 'plugins/ecommerce/ecommerce', 'setting.height_unit_cm', 'Centimeter (cm)', '2023-02-20 00:12:28', '2023-02-20 00:12:28'),
	(2763, 1, 'en', 'plugins/ecommerce/ecommerce', 'setting.height_unit_m', 'Meter (m)', '2023-02-20 00:12:28', '2023-02-20 00:12:28'),
	(2764, 1, 'en', 'plugins/ecommerce/ecommerce', 'setting.height_unit_inch', 'Inch', '2023-02-20 00:12:28', '2023-02-20 00:12:28'),
	(2765, 1, 'en', 'plugins/ecommerce/ecommerce', 'setting.store_locator_title', 'Store locators', '2023-02-20 00:12:28', '2023-02-20 00:12:28'),
	(2766, 1, 'en', 'plugins/ecommerce/ecommerce', 'setting.store_locator_description', 'All the lists of your chains, main stores, branches, etc. The locations can be used to track sales and to help us configure tax rates to charge when selling products.', '2023-02-20 00:12:28', '2023-02-20 00:12:28'),
	(2767, 1, 'en', 'plugins/ecommerce/ecommerce', 'setting.phone', 'Phone', '2023-02-20 00:12:28', '2023-02-20 00:12:28'),
	(2768, 1, 'en', 'plugins/ecommerce/ecommerce', 'setting.address', 'Address', '2023-02-20 00:12:28', '2023-02-20 00:12:28'),
	(2769, 1, 'en', 'plugins/ecommerce/ecommerce', 'setting.is_primary', 'Primary?', '2023-02-20 00:12:28', '2023-02-20 00:12:28'),
	(2770, 1, 'en', 'plugins/ecommerce/ecommerce', 'setting.add_new', 'Add new', '2023-02-20 00:12:28', '2023-02-20 00:12:28'),
	(2771, 1, 'en', 'plugins/ecommerce/ecommerce', 'setting.or', 'Or', '2023-02-20 00:12:28', '2023-02-20 00:12:28'),
	(2772, 1, 'en', 'plugins/ecommerce/ecommerce', 'setting.change_primary_store', 'change default store locator', '2023-02-20 00:12:28', '2023-02-20 00:12:28'),
	(2773, 1, 'en', 'plugins/ecommerce/ecommerce', 'setting.other_settings', 'Other settings', '2023-02-20 00:12:28', '2023-02-20 00:12:28'),
	(2774, 1, 'en', 'plugins/ecommerce/ecommerce', 'setting.other_settings_description', 'Settings for cart, review...', '2023-02-20 00:12:28', '2023-02-20 00:12:28'),
	(2775, 1, 'en', 'plugins/ecommerce/ecommerce', 'setting.enable_cart', 'Enable shopping cart?', '2023-02-20 00:12:28', '2023-02-20 00:12:28'),
	(2776, 1, 'en', 'plugins/ecommerce/ecommerce', 'setting.enable_tax', 'Enable tax?', '2023-02-20 00:12:28', '2023-02-20 00:12:28'),
	(2777, 1, 'en', 'plugins/ecommerce/ecommerce', 'setting.display_product_price_including_taxes', 'Display product price including taxes?', '2023-02-20 00:12:28', '2023-02-20 00:12:28'),
	(2778, 1, 'en', 'plugins/ecommerce/ecommerce', 'setting.enable_review', 'Enable review?', '2023-02-20 00:12:28', '2023-02-20 00:12:28'),
	(2779, 1, 'en', 'plugins/ecommerce/ecommerce', 'setting.enable_quick_buy_button', 'Enable quick buy button?', '2023-02-20 00:12:28', '2023-02-20 00:12:28'),
	(2780, 1, 'en', 'plugins/ecommerce/ecommerce', 'setting.quick_buy_target', 'Quick buy target page?', '2023-02-20 00:12:28', '2023-02-20 00:12:28'),
	(2781, 1, 'en', 'plugins/ecommerce/ecommerce', 'setting.checkout_page', 'Checkout page', '2023-02-20 00:12:28', '2023-02-20 00:12:28'),
	(2782, 1, 'en', 'plugins/ecommerce/ecommerce', 'setting.cart_page', 'Cart page', '2023-02-20 00:12:28', '2023-02-20 00:12:28'),
	(2783, 1, 'en', 'plugins/ecommerce/ecommerce', 'setting.add_location', 'Add location', '2023-02-20 00:12:28', '2023-02-20 00:12:28'),
	(2784, 1, 'en', 'plugins/ecommerce/ecommerce', 'setting.edit_location', 'Edit location', '2023-02-20 00:12:28', '2023-02-20 00:12:28'),
	(2785, 1, 'en', 'plugins/ecommerce/ecommerce', 'setting.delete_location', 'Delete location', '2023-02-20 00:12:28', '2023-02-20 00:12:28'),
	(2786, 1, 'en', 'plugins/ecommerce/ecommerce', 'setting.change_primary_location', 'Change primary location', '2023-02-20 00:12:28', '2023-02-20 00:12:28'),
	(2787, 1, 'en', 'plugins/ecommerce/ecommerce', 'setting.delete_location_confirmation', 'Are you sure you want to delete this location? This action cannot be undo.', '2023-02-20 00:12:28', '2023-02-20 00:12:28'),
	(2788, 1, 'en', 'plugins/ecommerce/ecommerce', 'setting.save_location', 'Save location', '2023-02-20 00:12:28', '2023-02-20 00:12:28'),
	(2789, 1, 'en', 'plugins/ecommerce/ecommerce', 'setting.accept', 'Accept', '2023-02-20 00:12:28', '2023-02-20 00:12:28'),
	(2790, 1, 'en', 'plugins/ecommerce/ecommerce', 'setting.select_country', 'Select country...', '2023-02-20 00:12:28', '2023-02-20 00:12:28'),
	(2791, 1, 'en', 'plugins/ecommerce/ecommerce', 'setting.zip_code_enabled', 'Enable Zip Code?', '2023-02-20 00:12:28', '2023-02-20 00:12:28'),
	(2792, 1, 'en', 'plugins/ecommerce/ecommerce', 'setting.thousands_separator', 'Thousands separator', '2023-02-20 00:12:28', '2023-02-20 00:12:28'),
	(2793, 1, 'en', 'plugins/ecommerce/ecommerce', 'setting.decimal_separator', 'Decimal separator', '2023-02-20 00:12:28', '2023-02-20 00:12:28'),
	(2794, 1, 'en', 'plugins/ecommerce/ecommerce', 'setting.separator_period', 'Period (.)', '2023-02-20 00:12:28', '2023-02-20 00:12:28'),
	(2795, 1, 'en', 'plugins/ecommerce/ecommerce', 'setting.separator_comma', 'Comma (,)', '2023-02-20 00:12:28', '2023-02-20 00:12:28'),
	(2796, 1, 'en', 'plugins/ecommerce/ecommerce', 'setting.separator_space', 'Space ( )', '2023-02-20 00:12:28', '2023-02-20 00:12:28'),
	(2797, 1, 'en', 'plugins/ecommerce/ecommerce', 'setting.available_countries', 'Available countries', '2023-02-20 00:12:28', '2023-02-20 00:12:28'),
	(2798, 1, 'en', 'plugins/ecommerce/ecommerce', 'setting.all', 'All', '2023-02-20 00:12:28', '2023-02-20 00:12:28'),
	(2799, 1, 'en', 'plugins/ecommerce/ecommerce', 'setting.verify_customer_email', 'Verify customer\'s email?', '2023-02-20 00:12:28', '2023-02-20 00:12:28'),
	(2800, 1, 'en', 'plugins/ecommerce/ecommerce', 'setting.minimum_order_amount', 'Minimum order amount to place an order (:currency).', '2023-02-20 00:12:28', '2023-02-20 00:12:28'),
	(2801, 1, 'en', 'plugins/ecommerce/ecommerce', 'setting.enable_guest_checkout', 'Enable guest checkout?', '2023-02-20 00:12:28', '2023-02-20 00:12:28'),
	(2802, 1, 'en', 'plugins/ecommerce/ecommerce', 'setting.show_number_of_products', 'Show number of products in the product single', '2023-02-20 00:12:28', '2023-02-20 00:12:28'),
	(2803, 1, 'en', 'plugins/ecommerce/ecommerce', 'setting.payment_method_cod_minimum_amount', 'Minimum order amount - :currency (Optional)', '2023-02-20 00:12:28', '2023-02-20 00:12:28'),
	(2804, 1, 'en', 'plugins/ecommerce/ecommerce', 'setting.review.max_file_size', 'Review max file size (MB)', '2023-02-20 00:12:28', '2023-02-20 00:12:28'),
	(2805, 1, 'en', 'plugins/ecommerce/ecommerce', 'setting.review.max_file_number', 'Review max file number', '2023-02-20 00:12:28', '2023-02-20 00:12:28'),
	(2806, 1, 'en', 'plugins/ecommerce/ecommerce', 'setting.using_custom_font_for_invoice', 'Using custom font for invoice?', '2023-02-20 00:12:28', '2023-02-20 00:12:28'),
	(2807, 1, 'en', 'plugins/ecommerce/ecommerce', 'setting.invoice_font_family', 'Invoice font family (Only work for Latin language)', '2023-02-20 00:12:28', '2023-02-20 00:12:28'),
	(2808, 1, 'en', 'plugins/ecommerce/ecommerce', 'setting.enable_invoice_stamp', 'Enable invoice stamp?', '2023-02-20 00:12:28', '2023-02-20 00:12:28'),
	(2809, 1, 'en', 'plugins/ecommerce/ecommerce', 'setting.invoice_support_arabic_language', 'Support Arabic language in invoice?', '2023-02-20 00:12:28', '2023-02-20 00:12:28'),
	(2810, 1, 'en', 'plugins/ecommerce/ecommerce', 'setting.make_phone_field_at_the_checkout_optional', 'Make phone field at the checkout optional?', '2023-02-20 00:12:28', '2023-02-20 00:12:28'),
	(2811, 1, 'en', 'plugins/ecommerce/ecommerce', 'setting.disable_order_invoice_until_order_confirmed', 'Disable order invoice until order confirmed?', '2023-02-20 00:12:28', '2023-02-20 00:12:28'),
	(2812, 1, 'en', 'plugins/ecommerce/ecommerce', 'setting.vat_number', 'VAT number', '2023-02-20 00:12:28', '2023-02-20 00:12:28'),
	(2813, 1, 'en', 'plugins/ecommerce/ecommerce', 'setting.enable_recaptcha_in_register_page', 'Enable Recaptcha in the registration page?', '2023-02-20 00:12:28', '2023-02-20 00:12:28'),
	(2814, 1, 'en', 'plugins/ecommerce/ecommerce', 'setting.enable_recaptcha_in_register_page_description', 'Need to setup Captcha in Admin -> Settings -> General first.', '2023-02-20 00:12:28', '2023-02-20 00:12:28'),
	(2815, 1, 'en', 'plugins/ecommerce/ecommerce', 'setting.show_out_of_stock_products', 'Show out of stock products?', '2023-02-20 00:12:28', '2023-02-20 00:12:28'),
	(2816, 1, 'en', 'plugins/ecommerce/ecommerce', 'setting.default_tax_rate', 'Default tax rate', '2023-02-20 00:12:28', '2023-02-20 00:12:28'),
	(2817, 1, 'en', 'plugins/ecommerce/ecommerce', 'setting.default_tax_rate_description', 'Important: it will be applied if no tax selected in product.', '2023-02-20 00:12:28', '2023-02-20 00:12:28'),
	(2818, 1, 'en', 'plugins/ecommerce/ecommerce', 'setting.how_to_display_product_variation_images', 'How to display product variation images?', '2023-02-20 00:12:28', '2023-02-20 00:12:28'),
	(2819, 1, 'en', 'plugins/ecommerce/ecommerce', 'setting.only_variation_images', 'Only variation images', '2023-02-20 00:12:28', '2023-02-20 00:12:28'),
	(2820, 1, 'en', 'plugins/ecommerce/ecommerce', 'setting.variation_images_and_main_product_images', 'Variation images + main product images', '2023-02-20 00:12:28', '2023-02-20 00:12:28'),
	(2821, 1, 'en', 'plugins/ecommerce/ecommerce', 'setting.load_countries_states_cities_from_location_plugin', 'Load countries, states, cities from plugin location?', '2023-02-20 00:12:28', '2023-02-20 00:12:28'),
	(2822, 1, 'en', 'plugins/ecommerce/ecommerce', 'setting.enable_wishlist', 'Enable wishlist?', '2023-02-20 00:12:28', '2023-02-20 00:12:28'),
	(2823, 1, 'en', 'plugins/ecommerce/ecommerce', 'setting.enable_compare', 'Enable compare?', '2023-02-20 00:12:28', '2023-02-20 00:12:28'),
	(2824, 1, 'en', 'plugins/ecommerce/ecommerce', 'setting.enable_order_tracking', 'Enable order tracking?', '2023-02-20 00:12:28', '2023-02-20 00:12:28'),
	(2825, 1, 'en', 'plugins/ecommerce/ecommerce', 'setting.recently_viewed.enable', 'Enable customer recently viewed products?', '2023-02-20 00:12:28', '2023-02-20 00:12:28'),
	(2826, 1, 'en', 'plugins/ecommerce/ecommerce', 'setting.recently_viewed.max', 'Maximum number of customer recently viewed products', '2023-02-20 00:12:28', '2023-02-20 00:12:28'),
	(2827, 1, 'en', 'plugins/ecommerce/ecommerce', 'setting.recently_viewed.max_helper', 'If you set 0, it will save all products.', '2023-02-20 00:12:28', '2023-02-20 00:12:28'),
	(2828, 1, 'en', 'plugins/ecommerce/ecommerce', 'setting.search_products', 'Search products', '2023-02-20 00:12:28', '2023-02-20 00:12:28'),
	(2829, 1, 'en', 'plugins/ecommerce/ecommerce', 'setting.search_products_description', 'Config rules to search products', '2023-02-20 00:12:28', '2023-02-20 00:12:28'),
	(2830, 1, 'en', 'plugins/ecommerce/ecommerce', 'setting.search_for_an_exact_phrase', 'Search for an exact phrase?', '2023-02-20 00:12:28', '2023-02-20 00:12:28'),
	(2831, 1, 'en', 'plugins/ecommerce/ecommerce', 'setting.search_products_by', 'Search products by:', '2023-02-20 00:12:28', '2023-02-20 00:12:28'),
	(2832, 1, 'en', 'plugins/ecommerce/ecommerce', 'setting.tracking_settings', 'Tracking settings', '2023-02-20 00:12:28', '2023-02-20 00:12:28'),
	(2833, 1, 'en', 'plugins/ecommerce/ecommerce', 'setting.tracking_settings_description', 'Manage tracking: UTM, Facebook, Google Tag Manager...', '2023-02-20 00:12:28', '2023-02-20 00:12:28'),
	(2834, 1, 'en', 'plugins/ecommerce/ecommerce', 'setting.enable_facebook_pixel', 'Enable Facebook Pixel (Meta Pixel)?', '2023-02-20 00:12:28', '2023-02-20 00:12:28'),
	(2835, 1, 'en', 'plugins/ecommerce/ecommerce', 'setting.facebook_pixel_id', 'Facebook Pixel ID', '2023-02-20 00:12:28', '2023-02-20 00:12:28'),
	(2836, 1, 'en', 'plugins/ecommerce/ecommerce', 'setting.facebook_pixel_helper', 'Go to https://developers.facebook.com/docs/meta-pixel to create Facebook Pixel.', '2023-02-20 00:12:28', '2023-02-20 00:12:28'),
	(2837, 1, 'en', 'plugins/ecommerce/ecommerce', 'setting.enable_google_tag_manager', 'Enable Google Tag Manager?', '2023-02-20 00:12:28', '2023-02-20 00:12:28'),
	(2838, 1, 'en', 'plugins/ecommerce/ecommerce', 'setting.google_tag_manager_code', 'Google Tag Mana\n        ger code', '2023-02-20 00:12:28', '2023-02-20 00:12:28'),
	(2839, 1, 'en', 'plugins/ecommerce/ecommerce', 'setting.google_tag_manager_helper', 'Go to https://ads.google.com/aw/conversions to create Google Ads Conversions.', '2023-02-20 00:12:28', '2023-02-20 00:12:28'),
	(2840, 1, 'en', 'plugins/ecommerce/ecommerce', 'setting.webhook', 'Webhook', '2023-02-20 00:12:28', '2023-02-20 00:12:28'),
	(2841, 1, 'en', 'plugins/ecommerce/ecommerce', 'setting.webhook_description', 'Send webhook when order placed.', '2023-02-20 00:12:28', '2023-02-20 00:12:28'),
	(2842, 1, 'en', 'plugins/ecommerce/ecommerce', 'setting.order_placed_webhook_url', 'Order placed webhook URL (method: POST)', '2023-02-20 00:12:28', '2023-02-20 00:12:28'),
	(2843, 1, 'en', 'plugins/ecommerce/ecommerce', 'setting.return_request', 'Return Request', '2023-02-20 00:12:28', '2023-02-20 00:12:28'),
	(2844, 1, 'en', 'plugins/ecommerce/ecommerce', 'setting.return_request_description', 'Number of days a customer can request a return after the order is completed.', '2023-02-20 00:12:28', '2023-02-20 00:12:28'),
	(2845, 1, 'en', 'plugins/ecommerce/ecommerce', 'setting.returnable_days', 'Refundable days', '2023-02-20 00:12:28', '2023-02-20 00:12:28'),
	(2846, 1, 'en', 'plugins/ecommerce/ecommerce', 'setting.billing_address_enabled', 'Enable billing address?', '2023-02-20 00:12:28', '2023-02-20 00:12:28'),
	(2847, 1, 'en', 'plugins/ecommerce/ecommerce', 'setting.activate_custom_return_product_quantity', 'Activate custom return product quantity?', '2023-02-20 00:12:28', '2023-02-20 00:12:28'),
	(2848, 1, 'en', 'plugins/ecommerce/ecommerce', 'setting.allow_partial_return', 'Allow partial return?', '2023-02-20 00:12:28', '2023-02-20 00:12:28'),
	(2849, 1, 'en', 'plugins/ecommerce/ecommerce', 'setting.allow_partial_return_description', 'Customer can return a few products, do not need to return all products in an order.', '2023-02-20 00:12:28', '2023-02-20 00:12:28'),
	(2850, 1, 'en', 'plugins/ecommerce/ecommerce', 'setting.activate_custom_return_product_quantity_description', 'Allow customer to change the quantity of the product they want to return.', '2023-02-20 00:12:28', '2023-02-20 00:12:28'),
	(2851, 1, 'en', 'plugins/ecommerce/ecommerce', 'setting.digital_product', 'Digital product', '2023-02-20 00:12:28', '2023-02-20 00:12:28'),
	(2852, 1, 'en', 'plugins/ecommerce/ecommerce', 'setting.digital_product_title', 'Is enabled to support the digital products?', '2023-02-20 00:12:28', '2023-02-20 00:12:28'),
	(2853, 1, 'en', 'plugins/ecommerce/ecommerce', 'setting.allow_guest_checkout_for_digital_products', 'Allow guest checkout for digital products?', '2023-02-20 00:12:28', '2023-02-20 00:12:28'),
	(2854, 1, 'en', 'plugins/ecommerce/ecommerce', 'setting.company_settings', 'Company settings', '2023-02-20 00:12:28', '2023-02-20 00:12:28'),
	(2855, 1, 'en', 'plugins/ecommerce/ecommerce', 'setting.company_settings_description', 'Settings Company information for invoicing', '2023-02-20 00:12:28', '2023-02-20 00:12:28'),
	(2856, 1, 'en', 'plugins/ecommerce/ecommerce', 'setting.company_name', 'Company name', '2023-02-20 00:12:28', '2023-02-20 00:12:28'),
	(2857, 1, 'en', 'plugins/ecommerce/ecommerce', 'setting.company_address', 'Company address', '2023-02-20 00:12:28', '2023-02-20 00:12:28'),
	(2858, 1, 'en', 'plugins/ecommerce/ecommerce', 'setting.company_zipcode', 'Company zipcode', '2023-02-20 00:12:28', '2023-02-20 00:12:28'),
	(2859, 1, 'en', 'plugins/ecommerce/ecommerce', 'setting.company_email', 'Company email', '2023-02-20 00:12:28', '2023-02-20 00:12:28'),
	(2860, 1, 'en', 'plugins/ecommerce/ecommerce', 'setting.company_phone', 'Company phone', '2023-02-20 00:12:28', '2023-02-20 00:12:28'),
	(2861, 1, 'en', 'plugins/ecommerce/ecommerce', 'setting.company_logo', 'Company logo', '2023-02-20 00:12:28', '2023-02-20 00:12:28'),
	(2862, 1, 'en', 'plugins/ecommerce/ecommerce', 'setting.company_tax_id', 'Company tax ID', '2023-02-20 00:12:28', '2023-02-20 00:12:28'),
	(2863, 1, 'en', 'plugins/ecommerce/ecommerce', 'setting.invoice_code_prefix', 'Invoice code prefix', '2023-02-20 00:12:28', '2023-02-20 00:12:28'),
	(2864, 1, 'en', 'plugins/ecommerce/ecommerce', 'setting.only_allow_customers_purchased_to_review', 'Only customers who have purchased the product can review the product?', '2023-02-20 00:12:28', '2023-02-20 00:12:28'),
	(2865, 1, 'en', 'plugins/ecommerce/ecommerce', 'setting.enable_order_auto_confirmed', 'Auto confirm order?', '2023-02-20 00:12:28', '2023-02-20 00:12:28'),
	(2866, 1, 'en', 'plugins/ecommerce/ecommerce', 'store_address', 'Store address', '2023-02-20 00:12:28', '2023-02-20 00:12:28'),
	(2867, 1, 'en', 'plugins/ecommerce/ecommerce', 'store_phone', 'Store phone', '2023-02-20 00:12:28', '2023-02-20 00:12:28'),
	(2868, 1, 'en', 'plugins/ecommerce/ecommerce', 'order_id', 'Order ID', '2023-02-20 00:12:28', '2023-02-20 00:12:28'),
	(2869, 1, 'en', 'plugins/ecommerce/ecommerce', 'order_token', 'Order token', '2023-02-20 00:12:28', '2023-02-20 00:12:28'),
	(2870, 1, 'en', 'plugins/ecommerce/ecommerce', 'customer_name', 'Customer name', '2023-02-20 00:12:28', '2023-02-20 00:12:28'),
	(2871, 1, 'en', 'plugins/ecommerce/ecommerce', 'customer_email', 'Customer email', '2023-02-20 00:12:28', '2023-02-20 00:12:28'),
	(2872, 1, 'en', 'plugins/ecommerce/ecommerce', 'customer_phone', 'Customer phone', '2023-02-20 00:12:28', '2023-02-20 00:12:28'),
	(2873, 1, 'en', 'plugins/ecommerce/ecommerce', 'customer_address', 'Customer address', '2023-02-20 00:12:28', '2023-02-20 00:12:28'),
	(2874, 1, 'en', 'plugins/ecommerce/ecommerce', 'product_list', 'List products in order', '2023-02-20 00:12:28', '2023-02-20 00:12:28'),
	(2875, 1, 'en', 'plugins/ecommerce/ecommerce', 'order_note', 'Order note', '2023-02-20 00:12:28', '2023-02-20 00:12:28'),
	(2876, 1, 'en', 'plugins/ecommerce/ecommerce', 'payment_detail', 'Payment detail', '2023-02-20 00:12:28', '2023-02-20 00:12:28'),
	(2877, 1, 'en', 'plugins/ecommerce/ecommerce', 'shipping_method', 'Shipping method', '2023-02-20 00:12:28', '2023-02-20 00:12:28'),
	(2878, 1, 'en', 'plugins/ecommerce/ecommerce', 'payment_method', 'Payment method', '2023-02-20 00:12:28', '2023-02-20 00:12:28'),
	(2879, 1, 'en', 'plugins/ecommerce/ecommerce', 'standard_and_format', 'Standard & Format', '2023-02-20 00:12:28', '2023-02-20 00:12:28'),
	(2880, 1, 'en', 'plugins/ecommerce/ecommerce', 'standard_and_format_description', 'Standards and formats are used to calculate things like product prices, shipping weights, and order times.', '2023-02-20 00:12:28', '2023-02-20 00:12:28'),
	(2881, 1, 'en', 'plugins/ecommerce/ecommerce', 'change_order_format', 'Edit order code format (optional)', '2023-02-20 00:12:28', '2023-02-20 00:12:28'),
	(2882, 1, 'en', 'plugins/ecommerce/ecommerce', 'change_order_format_description', 'The default order code starts at: number. You can change the start or end string to create the order code you want, for example "DH-: number" or ": number-A"', '2023-02-20 00:12:28', '2023-02-20 00:12:28'),
	(2883, 1, 'en', 'plugins/ecommerce/ecommerce', 'start_with', 'Start with', '2023-02-20 00:12:28', '2023-02-20 00:12:28'),
	(2884, 1, 'en', 'plugins/ecommerce/ecommerce', 'end_with', 'End with', '2023-02-20 00:12:28', '2023-02-20 00:12:28'),
	(2885, 1, 'en', 'plugins/ecommerce/ecommerce', 'order_will_be_shown', 'Your order code will be shown', '2023-02-20 00:12:28', '2023-02-20 00:12:28'),
	(2886, 1, 'en', 'plugins/ecommerce/ecommerce', 'weight_unit', 'Unit of weight', '2023-02-20 00:12:28', '2023-02-20 00:12:28'),
	(2887, 1, 'en', 'plugins/ecommerce/ecommerce', 'height_unit', 'Unit length / height', '2023-02-20 00:12:28', '2023-02-20 00:12:28'),
	(2888, 1, 'en', 'plugins/ecommerce/ecommerce', 'theme_options.name', 'Ecommerce', '2023-02-20 00:12:28', '2023-02-20 00:12:28'),
	(2889, 1, 'en', 'plugins/ecommerce/ecommerce', 'theme_options.description', 'Theme options for Ecommerce', '2023-02-20 00:12:28', '2023-02-20 00:12:28'),
	(2890, 1, 'en', 'plugins/ecommerce/ecommerce', 'theme_options.number_products_per_page', 'Number of products per page', '2023-02-20 00:12:28', '2023-02-20 00:12:28'),
	(2891, 1, 'en', 'plugins/ecommerce/ecommerce', 'theme_options.number_of_cross_sale_product', 'Number of cross sale products in product detail page', '2023-02-20 00:12:28', '2023-02-20 00:12:28'),
	(2892, 1, 'en', 'plugins/ecommerce/ecommerce', 'theme_options.max_price_filter', 'Maximum price to filter', '2023-02-20 00:12:28', '2023-02-20 00:12:28'),
	(2893, 1, 'en', 'plugins/ecommerce/ecommerce', 'theme_options.logo_in_the_checkout_page', 'Logo in the checkout page (Default is the main logo)', '2023-02-20 00:12:28', '2023-02-20 00:12:28'),
	(2894, 1, 'en', 'plugins/ecommerce/ecommerce', 'basic_settings', 'Basic settings', '2023-02-20 00:12:28', '2023-02-20 00:12:28'),
	(2895, 1, 'en', 'plugins/ecommerce/ecommerce', 'advanced_settings', 'Advanced settings', '2023-02-20 00:12:28', '2023-02-20 00:12:28'),
	(2896, 1, 'en', 'plugins/ecommerce/ecommerce', 'product_review_list', 'Product review list', '2023-02-20 00:12:28', '2023-02-20 00:12:28'),
	(2897, 1, 'en', 'plugins/ecommerce/email', 'customer_new_order_title', 'Order confirmation', '2023-02-20 00:12:28', '2023-02-20 00:12:28'),
	(2898, 1, 'en', 'plugins/ecommerce/email', 'customer_new_order_description', 'Send email confirmation to customer when an order placed', '2023-02-20 00:12:28', '2023-02-20 00:12:28'),
	(2899, 1, 'en', 'plugins/ecommerce/email', 'order_cancellation_title', 'Order cancellation', '2023-02-20 00:12:28', '2023-02-20 00:12:28'),
	(2900, 1, 'en', 'plugins/ecommerce/email', 'order_cancellation_description', 'Send to custom when they cancelled order', '2023-02-20 00:12:28', '2023-02-20 00:12:28'),
	(2901, 1, 'en', 'plugins/ecommerce/email', 'delivery_confirmation_title', 'Delivering confirmation', '2023-02-20 00:12:28', '2023-02-20 00:12:28'),
	(2902, 1, 'en', 'plugins/ecommerce/email', 'delivery_confirmation_description', 'Send to customer when order is delivering', '2023-02-20 00:12:28', '2023-02-20 00:12:28'),
	(2903, 1, 'en', 'plugins/ecommerce/email', 'admin_new_order_title', 'Notice about new order', '2023-02-20 00:12:28', '2023-02-20 00:12:28'),
	(2904, 1, 'en', 'plugins/ecommerce/email', 'admin_new_order_description', 'Send to administrators when an order placed', '2023-02-20 00:12:28', '2023-02-20 00:12:28'),
	(2905, 1, 'en', 'plugins/ecommerce/email', 'order_confirmation_title', 'Order confirmation', '2023-02-20 00:12:28', '2023-02-20 00:12:28'),
	(2906, 1, 'en', 'plugins/ecommerce/email', 'order_confirmation_description', 'Send to customer when they order was confirmed by admins', '2023-02-20 00:12:28', '2023-02-20 00:12:28'),
	(2907, 1, 'en', 'plugins/ecommerce/email', 'payment_confirmation_title', 'Payment confirmation', '2023-02-20 00:12:28', '2023-02-20 00:12:28'),
	(2908, 1, 'en', 'plugins/ecommerce/email', 'payment_confirmation_description', 'Send to customer when their payment was confirmed', '2023-02-20 00:12:28', '2023-02-20 00:12:28'),
	(2909, 1, 'en', 'plugins/ecommerce/email', 'order_recover_title', 'Incomplete order', '2023-02-20 00:12:28', '2023-02-20 00:12:28'),
	(2910, 1, 'en', 'plugins/ecommerce/email', 'order_recover_description', 'Send to custom to remind them about incomplete orders', '2023-02-20 00:12:28', '2023-02-20 00:12:28'),
	(2911, 1, 'en', 'plugins/ecommerce/email', 'view_order', 'View order', '2023-02-20 00:12:29', '2023-02-20 00:12:29'),
	(2912, 1, 'en', 'plugins/ecommerce/email', 'link_go_to_our_shop', 'or <a href=":link">Go to our shop</a>', '2023-02-20 00:12:29', '2023-02-20 00:12:29'),
	(2913, 1, 'en', 'plugins/ecommerce/email', 'order_number', 'Order number: <strong>:order_id</strong>', '2023-02-20 00:12:29', '2023-02-20 00:12:29'),
	(2914, 1, 'en', 'plugins/ecommerce/email', 'order_information', 'Order information:', '2023-02-20 00:12:29', '2023-02-20 00:12:29'),
	(2915, 1, 'en', 'plugins/ecommerce/email', 'order_return_request_title', 'Order return request', '2023-02-20 00:12:29', '2023-02-20 00:12:29'),
	(2916, 1, 'en', 'plugins/ecommerce/email', 'order_return_request_description', 'Send to customer when they return order', '2023-02-20 00:12:29', '2023-02-20 00:12:29'),
	(2917, 1, 'en', 'plugins/ecommerce/export', 'products.name', 'Export products', '2023-02-20 00:12:29', '2023-02-20 00:12:29'),
	(2918, 1, 'en', 'plugins/ecommerce/export', 'products.title', 'Export Products (CSV)', '2023-02-20 00:12:29', '2023-02-20 00:12:29'),
	(2919, 1, 'en', 'plugins/ecommerce/export', 'products.total_products', 'Total products', '2023-02-20 00:12:29', '2023-02-20 00:12:29'),
	(2920, 1, 'en', 'plugins/ecommerce/export', 'products.total_variations', 'Total variations', '2023-02-20 00:12:29', '2023-02-20 00:12:29'),
	(2921, 1, 'en', 'plugins/ecommerce/export', 'start_export', 'Start export', '2023-02-20 00:12:29', '2023-02-20 00:12:29'),
	(2922, 1, 'en', 'plugins/ecommerce/export', 'exporting', 'Exporting...', '2023-02-20 00:12:29', '2023-02-20 00:12:29'),
	(2923, 1, 'en', 'plugins/ecommerce/export', 'export', 'Export', '2023-02-20 00:12:29', '2023-02-20 00:12:29'),
	(2924, 1, 'en', 'plugins/ecommerce/flash-sale', 'name', 'Flash sales', '2023-02-20 00:12:29', '2023-02-20 00:12:29'),
	(2925, 1, 'en', 'plugins/ecommerce/flash-sale', 'create', 'New flash sale', '2023-02-20 00:12:29', '2023-02-20 00:12:29'),
	(2926, 1, 'en', 'plugins/ecommerce/flash-sale', 'edit', 'Edit flash sale', '2023-02-20 00:12:29', '2023-02-20 00:12:29'),
	(2927, 1, 'en', 'plugins/ecommerce/flash-sale', 'products', 'Products', '2023-02-20 00:12:29', '2023-02-20 00:12:29'),
	(2928, 1, 'en', 'plugins/ecommerce/invoice-template', 'name', 'Invoice template', '2023-02-20 00:12:29', '2023-02-20 00:12:29'),
	(2929, 1, 'en', 'plugins/ecommerce/invoice-template', 'setting', 'Invoice Settings', '2023-02-20 00:12:29', '2023-02-20 00:12:29'),
	(2930, 1, 'en', 'plugins/ecommerce/invoice-template', 'setting_description', 'Settings for Invoice template', '2023-02-20 00:12:29', '2023-02-20 00:12:29'),
	(2931, 1, 'en', 'plugins/ecommerce/invoice-template', 'setting_content', 'Content', '2023-02-20 00:12:29', '2023-02-20 00:12:29'),
	(2932, 1, 'en', 'plugins/ecommerce/invoice-template', 'preview', 'Preview', '2023-02-20 00:12:29', '2023-02-20 00:12:29'),
	(2933, 1, 'en', 'plugins/ecommerce/invoice-template', 'preview_heading', 'Preview Invoice template', '2023-02-20 00:12:29', '2023-02-20 00:12:29'),
	(2934, 1, 'en', 'plugins/ecommerce/invoice', 'name', 'Invoices', '2023-02-20 00:12:29', '2023-02-20 00:12:29'),
	(2935, 1, 'en', 'plugins/ecommerce/invoice', 'create', 'New invoice', '2023-02-20 00:12:29', '2023-02-20 00:12:29'),
	(2936, 1, 'en', 'plugins/ecommerce/invoice', 'edit', 'Edit invoice', '2023-02-20 00:12:29', '2023-02-20 00:12:29'),
	(2937, 1, 'en', 'plugins/ecommerce/invoice', 'print', 'Print Invoice', '2023-02-20 00:12:29', '2023-02-20 00:12:29'),
	(2938, 1, 'en', 'plugins/ecommerce/invoice', 'download', 'Download Invoice', '2023-02-20 00:12:29', '2023-02-20 00:12:29'),
	(2939, 1, 'en', 'plugins/ecommerce/invoice', 'heading', 'Invoice', '2023-02-20 00:12:29', '2023-02-20 00:12:29'),
	(2940, 1, 'en', 'plugins/ecommerce/invoice', 'invoice_for_job', '', '2023-02-20 00:12:29', '2023-02-20 00:12:29'),
	(2941, 1, 'en', 'plugins/ecommerce/invoice', 'table.code', 'Code', '2023-02-20 00:12:29', '2023-02-20 00:12:29'),
	(2942, 1, 'en', 'plugins/ecommerce/invoice', 'table.amount', 'Amount', '2023-02-20 00:12:29', '2023-02-20 00:12:29'),
	(2943, 1, 'en', 'plugins/ecommerce/invoice', 'detail.invoice_for', 'Invoice For', '2023-02-20 00:12:29', '2023-02-20 00:12:29'),
	(2944, 1, 'en', 'plugins/ecommerce/invoice', 'detail.invoice_to', 'Invoice To', '2023-02-20 00:12:29', '2023-02-20 00:12:29'),
	(2945, 1, 'en', 'plugins/ecommerce/invoice', 'detail.tax_id', 'Tax ID', '2023-02-20 00:12:29', '2023-02-20 00:12:29'),
	(2946, 1, 'en', 'plugins/ecommerce/invoice', 'detail.code', 'Invoice Code', '2023-02-20 00:12:29', '2023-02-20 00:12:29'),
	(2947, 1, 'en', 'plugins/ecommerce/invoice', 'detail.issue_at', 'Issue At', '2023-02-20 00:12:29', '2023-02-20 00:12:29'),
	(2948, 1, 'en', 'plugins/ecommerce/invoice', 'detail.description', 'Description', '2023-02-20 00:12:29', '2023-02-20 00:12:29'),
	(2949, 1, 'en', 'plugins/ecommerce/invoice', 'detail.qty', 'Qty', '2023-02-20 00:12:29', '2023-02-20 00:12:29'),
	(2950, 1, 'en', 'plugins/ecommerce/invoice', 'detail.amount', 'Amount', '2023-02-20 00:12:29', '2023-02-20 00:12:29'),
	(2951, 1, 'en', 'plugins/ecommerce/invoice', 'detail.discount', 'Discount', '2023-02-20 00:12:29', '2023-02-20 00:12:29'),
	(2952, 1, 'en', 'plugins/ecommerce/invoice', 'detail.grand_total', 'Grand Total', '2023-02-20 00:12:29', '2023-02-20 00:12:29'),
	(2953, 1, 'en', 'plugins/ecommerce/invoice', 'detail.shipping_fee', 'Shipping Fee', '2023-02-20 00:12:29', '2023-02-20 00:12:29'),
	(2954, 1, 'en', 'plugins/ecommerce/invoice', 'detail.sub_total', 'Sub Total', '2023-02-20 00:12:29', '2023-02-20 00:12:29'),
	(2955, 1, 'en', 'plugins/ecommerce/invoice', 'detail.tax', 'Tax', '2023-02-20 00:12:29', '2023-02-20 00:12:29'),
	(2956, 1, 'en', 'plugins/ecommerce/invoice', 'detail.total', 'Total', '2023-02-20 00:12:29', '2023-02-20 00:12:29'),
	(2957, 1, 'en', 'plugins/ecommerce/invoice', 'total_amount', 'Total Amount', '2023-02-20 00:12:29', '2023-02-20 00:12:29'),
	(2958, 1, 'en', 'plugins/ecommerce/invoice', 'payment_info', 'Payment Info', '2023-02-20 00:12:29', '2023-02-20 00:12:29'),
	(2959, 1, 'en', 'plugins/ecommerce/invoice', 'payment_method', 'Payment Method', '2023-02-20 00:12:29', '2023-02-20 00:12:29'),
	(2960, 1, 'en', 'plugins/ecommerce/invoice', 'payment_status', 'Payment Status', '2023-02-20 00:12:29', '2023-02-20 00:12:29'),
	(2961, 1, 'en', 'plugins/ecommerce/order', 'statuses.pending', 'Pending', '2023-02-20 00:12:29', '2023-02-20 00:12:29'),
	(2962, 1, 'en', 'plugins/ecommerce/order', 'statuses.processing', 'Processing', '2023-02-20 00:12:29', '2023-02-20 00:12:29'),
	(2963, 1, 'en', 'plugins/ecommerce/order', 'statuses.completed', 'Completed', '2023-02-20 00:12:29', '2023-02-20 00:12:29'),
	(2964, 1, 'en', 'plugins/ecommerce/order', 'statuses.canceled', 'Canceled', '2023-02-20 00:12:29', '2023-02-20 00:12:29'),
	(2965, 1, 'en', 'plugins/ecommerce/order', 'statuses.partial_returned', 'Partial returned', '2023-02-20 00:12:29', '2023-02-20 00:12:29'),
	(2966, 1, 'en', 'plugins/ecommerce/order', 'statuses.returned', 'Returned', '2023-02-20 00:12:29', '2023-02-20 00:12:29'),
	(2967, 1, 'en', 'plugins/ecommerce/order', 'return_statuses.pending', 'Pending', '2023-02-20 00:12:29', '2023-02-20 00:12:29'),
	(2968, 1, 'en', 'plugins/ecommerce/order', 'return_statuses.processing', 'Processing', '2023-02-20 00:12:29', '2023-02-20 00:12:29'),
	(2969, 1, 'en', 'plugins/ecommerce/order', 'return_statuses.completed', 'Completed', '2023-02-20 00:12:29', '2023-02-20 00:12:29'),
	(2970, 1, 'en', 'plugins/ecommerce/order', 'return_statuses.canceled', 'Canceled', '2023-02-20 00:12:29', '2023-02-20 00:12:29'),
	(2971, 1, 'en', 'plugins/ecommerce/order', 'menu', 'Orders', '2023-02-20 00:12:29', '2023-02-20 00:12:29'),
	(2972, 1, 'en', 'plugins/ecommerce/order', 'create', 'Create an order', '2023-02-20 00:12:29', '2023-02-20 00:12:29'),
	(2973, 1, 'en', 'plugins/ecommerce/order', 'cancel_error', 'The order is delivering or not completed', '2023-02-20 00:12:29', '2023-02-20 00:12:29'),
	(2974, 1, 'en', 'plugins/ecommerce/order', 'cancel_success', 'You do cancel the order successful', '2023-02-20 00:12:29', '2023-02-20 00:12:29'),
	(2975, 1, 'en', 'plugins/ecommerce/order', 'return_error', 'The order is delivering or not completed', '2023-02-20 00:12:29', '2023-02-20 00:12:29'),
	(2976, 1, 'en', 'plugins/ecommerce/order', 'return_success', 'Requested product(s) return successfully!', '2023-02-20 00:12:29', '2023-02-20 00:12:29'),
	(2977, 1, 'en', 'plugins/ecommerce/order', 'incomplete_order', 'Incomplete orders', '2023-02-20 00:12:29', '2023-02-20 00:12:29'),
	(2978, 1, 'en', 'plugins/ecommerce/order', 'order_id', 'Order ID', '2023-02-20 00:12:29', '2023-02-20 00:12:29'),
	(2979, 1, 'en', 'plugins/ecommerce/order', 'product_id', 'Product ID', '2023-02-20 00:12:29', '2023-02-20 00:12:29'),
	(2980, 1, 'en', 'plugins/ecommerce/order', 'customer_label', 'Customer', '2023-02-20 00:12:29', '2023-02-20 00:12:29'),
	(2981, 1, 'en', 'plugins/ecommerce/order', 'tax_amount', 'Tax Amount', '2023-02-20 00:12:29', '2023-02-20 00:12:29'),
	(2982, 1, 'en', 'plugins/ecommerce/order', 'shipping_amount', 'Shipping amount', '2023-02-20 00:12:29', '2023-02-20 00:12:29'),
	(2983, 1, 'en', 'plugins/ecommerce/order', 'payment_method', 'Payment method', '2023-02-20 00:12:29', '2023-02-20 00:12:29'),
	(2984, 1, 'en', 'plugins/ecommerce/order', 'payment_status_label', 'Payment status', '2023-02-20 00:12:29', '2023-02-20 00:12:29'),
	(2985, 1, 'en', 'plugins/ecommerce/order', 'manage_orders', 'Manage orders', '2023-02-20 00:12:29', '2023-02-20 00:12:29'),
	(2986, 1, 'en', 'plugins/ecommerce/order', 'order_intro_description', 'Once your store has orders, this is where you will process and track those orders.', '2023-02-20 00:12:29', '2023-02-20 00:12:29'),
	(2987, 1, 'en', 'plugins/ecommerce/order', 'create_new_order', 'Create a new order', '2023-02-20 00:12:29', '2023-02-20 00:12:29'),
	(2988, 1, 'en', 'plugins/ecommerce/order', 'manage_incomplete_orders', 'Manage incomplete orders', '2023-02-20 00:12:29', '2023-02-20 00:12:29'),
	(2989, 1, 'en', 'plugins/ecommerce/order', 'incomplete_orders_intro_description', 'Incomplete order is an order created when a customer adds a product to the cart, proceeds to fill out the purchase information but does not complete the checkout process.', '2023-02-20 00:12:29', '2023-02-20 00:12:29'),
	(2990, 1, 'en', 'plugins/ecommerce/order', 'invoice_for_order', 'Invoice for order', '2023-02-20 00:12:29', '2023-02-20 00:12:29'),
	(2991, 1, 'en', 'plugins/ecommerce/order', 'created', 'Created', '2023-02-20 00:12:29', '2023-02-20 00:12:29'),
	(2992, 1, 'en', 'plugins/ecommerce/order', 'invoice', 'Invoice', '2023-02-20 00:12:29', '2023-02-20 00:12:29'),
	(2993, 1, 'en', 'plugins/ecommerce/order', 'return', 'Order Return Request', '2023-02-20 00:12:29', '2023-02-20 00:12:29'),
	(2994, 1, 'en', 'plugins/ecommerce/order', 'is_return', 'Return checkbox', '2023-02-20 00:12:29', '2023-02-20 00:12:29'),
	(2995, 1, 'en', 'plugins/ecommerce/order', 'total_refund_amount', 'Total refund amount', '2023-02-20 00:12:29', '2023-02-20 00:12:29'),
	(2996, 1, 'en', 'plugins/ecommerce/order', 'total_amount_can_be_refunded', 'Total amount can be refunded', '2023-02-20 00:12:29', '2023-02-20 00:12:29'),
	(2997, 1, 'en', 'plugins/ecommerce/order', 'refund_reason', 'Refund reason', '2023-02-20 00:12:29', '2023-02-20 00:12:29'),
	(2998, 1, 'en', 'plugins/ecommerce/order', 'products', 'product(s)', '2023-02-20 00:12:29', '2023-02-20 00:12:29'),
	(2999, 1, 'en', 'plugins/ecommerce/order', 'default', 'Default', '2023-02-20 00:12:29', '2023-02-20 00:12:29'),
	(3000, 1, 'en', 'plugins/ecommerce/order', 'system', 'System', '2023-02-20 00:12:29', '2023-02-20 00:12:29'),
	(3001, 1, 'en', 'plugins/ecommerce/order', 'new_order_from', 'New order :order_id from :customer', '2023-02-20 00:12:29', '2023-02-20 00:12:29'),
	(3002, 1, 'en', 'plugins/ecommerce/order', 'confirmation_email_was_sent_to_customer', 'The email confirmation was sent to customer', '2023-02-20 00:12:29', '2023-02-20 00:12:29'),
	(3003, 1, 'en', 'plugins/ecommerce/order', 'address_name_required', 'The name field is required.', '2023-02-20 00:12:29', '2023-02-20 00:12:29'),
	(3004, 1, 'en', 'plugins/ecommerce/order', 'address_phone_required', 'The phone field is required.', '2023-02-20 00:12:29', '2023-02-20 00:12:29'),
	(3005, 1, 'en', 'plugins/ecommerce/order', 'address_email_required', 'The email field is required.', '2023-02-20 00:12:29', '2023-02-20 00:12:29'),
	(3006, 1, 'en', 'plugins/ecommerce/order', 'address_email_unique', 'The customer with that email is existed, please choose other email or login with this email!', '2023-02-20 00:12:29', '2023-02-20 00:12:29'),
	(3007, 1, 'en', 'plugins/ecommerce/order', 'address_state_required', 'The state field is required.', '2023-02-20 00:12:29', '2023-02-20 00:12:29'),
	(3008, 1, 'en', 'plugins/ecommerce/order', 'address_city_required', 'The city field is required.', '2023-02-20 00:12:29', '2023-02-20 00:12:29'),
	(3009, 1, 'en', 'plugins/ecommerce/order', 'address_country_required', 'The country field is required.', '2023-02-20 00:12:29', '2023-02-20 00:12:29'),
	(3010, 1, 'en', 'plugins/ecommerce/order', 'address_address_required', 'The address field is required.', '2023-02-20 00:12:29', '2023-02-20 00:12:29'),
	(3011, 1, 'en', 'plugins/ecommerce/order', 'address_zipcode_required', 'The zipcode field is required.', '2023-02-20 00:12:29', '2023-02-20 00:12:29'),
	(3012, 1, 'en', 'plugins/ecommerce/order', 'create_order_from_payment_page', 'Order was created from checkout page', '2023-02-20 00:12:29', '2023-02-20 00:12:29'),
	(3013, 1, 'en', 'plugins/ecommerce/order', 'order_was_verified_by', 'Order was verified by %user_name%', '2023-02-20 00:12:29', '2023-02-20 00:12:29'),
	(3014, 1, 'en', 'plugins/ecommerce/order', 'new_order', 'New order :order_id', '2023-02-20 00:12:29', '2023-02-20 00:12:29'),
	(3015, 1, 'en', 'plugins/ecommerce/order', 'payment_was_confirmed_by', 'Payment was confirmed (amount :money) by %user_name%', '2023-02-20 00:12:29', '2023-02-20 00:12:29'),
	(3016, 1, 'en', 'plugins/ecommerce/order', 'edit_order', 'Edit order :code', '2023-02-20 00:12:29', '2023-02-20 00:12:29'),
	(3017, 1, 'en', 'plugins/ecommerce/order', 'confirm_order_success', 'Confirm order successfully!', '2023-02-20 00:12:29', '2023-02-20 00:12:29'),
	(3018, 1, 'en', 'plugins/ecommerce/order', 'error_when_sending_email', 'There is an error when sending email', '2023-02-20 00:12:29', '2023-02-20 00:12:29'),
	(3019, 1, 'en', 'plugins/ecommerce/order', 'sent_confirmation_email_success', 'Sent confirmation email successfully!', '2023-02-20 00:12:29', '2023-02-20 00:12:29'),
	(3020, 1, 'en', 'plugins/ecommerce/order', 'order_was_sent_to_shipping_team', 'Order was sent to shipping team', '2023-02-20 00:12:29', '2023-02-20 00:12:29'),
	(3021, 1, 'en', 'plugins/ecommerce/order', 'by_username', 'by %user_name%', '2023-02-20 00:12:29', '2023-02-20 00:12:29'),
	(3022, 1, 'en', 'plugins/ecommerce/order', 'shipping_was_created_from', 'Shipping was created from order %order_id%', '2023-02-20 00:12:29', '2023-02-20 00:12:29'),
	(3023, 1, 'en', 'plugins/ecommerce/order', 'shipping_was_canceled_success', 'Shipping was cancelled successfully!', '2023-02-20 00:12:29', '2023-02-20 00:12:29'),
	(3024, 1, 'en', 'plugins/ecommerce/order', 'shipping_was_canceled_by', 'Shipping was cancelled by %user_name%', '2023-02-20 00:12:29', '2023-02-20 00:12:29'),
	(3025, 1, 'en', 'plugins/ecommerce/order', 'update_shipping_address_success', 'Update shipping address successfully!', '2023-02-20 00:12:29', '2023-02-20 00:12:29'),
	(3026, 1, 'en', 'plugins/ecommerce/order', 'order_was_canceled_by', 'Order was cancelled by %user_name%', '2023-02-20 00:12:29', '2023-02-20 00:12:29'),
	(3027, 1, 'en', 'plugins/ecommerce/order', 'order_was_returned_by', 'Order was returned by %user_name%', '2023-02-20 00:12:29', '2023-02-20 00:12:29'),
	(3028, 1, 'en', 'plugins/ecommerce/order', 'confirm_payment_success', 'Confirm payment successfully!', '2023-02-20 00:12:29', '2023-02-20 00:12:29'),
	(3029, 1, 'en', 'plugins/ecommerce/order', 'refund_amount_invalid', 'Refund amount must be lower or equal :price', '2023-02-20 00:12:29', '2023-02-20 00:12:29'),
	(3030, 1, 'en', 'plugins/ecommerce/order', 'number_of_products_invalid', 'Number of products refund is not valid!', '2023-02-20 00:12:29', '2023-02-20 00:12:29'),
	(3031, 1, 'en', 'plugins/ecommerce/order', 'cannot_found_payment_for_this_order', 'Cannot found payment for this order!', '2023-02-20 00:12:29', '2023-02-20 00:12:29'),
	(3032, 1, 'en', 'plugins/ecommerce/order', 'refund_success_with_price', 'Refund success :price', '2023-02-20 00:12:29', '2023-02-20 00:12:29'),
	(3033, 1, 'en', 'plugins/ecommerce/order', 'refund_success', 'Refund successfully!', '2023-02-20 00:12:29', '2023-02-20 00:12:29'),
	(3034, 1, 'en', 'plugins/ecommerce/order', 'order_is_not_existed', 'Order is not existed!', '2023-02-20 00:12:29', '2023-02-20 00:12:29'),
	(3035, 1, 'en', 'plugins/ecommerce/order', 'reorder', 'Reorder', '2023-02-20 00:12:29', '2023-02-20 00:12:29'),
	(3036, 1, 'en', 'plugins/ecommerce/order', 'sent_email_incomplete_order_success', 'Sent email to remind about incomplete order successfully!', '2023-02-20 00:12:29', '2023-02-20 00:12:29'),
	(3037, 1, 'en', 'plugins/ecommerce/order', 'applied_coupon_success', 'Applied coupon ":code" successfully!', '2023-02-20 00:12:29', '2023-02-20 00:12:29'),
	(3038, 1, 'en', 'plugins/ecommerce/order', 'new_order_notice', 'You have <span class="bold">:count</span> New Order(s)', '2023-02-20 00:12:29', '2023-02-20 00:12:29'),
	(3039, 1, 'en', 'plugins/ecommerce/order', 'view_all', 'View all', '2023-02-20 00:12:29', '2023-02-20 00:12:29'),
	(3040, 1, 'en', 'plugins/ecommerce/order', 'cancel_order', 'Cancel order', '2023-02-20 00:12:29', '2023-02-20 00:12:29'),
	(3041, 1, 'en', 'plugins/ecommerce/order', 'order_canceled', 'Order canceled', '2023-02-20 00:12:29', '2023-02-20 00:12:29'),
	(3042, 1, 'en', 'plugins/ecommerce/order', 'order_was_canceled_at', 'Order was canceled at', '2023-02-20 00:12:29', '2023-02-20 00:12:29'),
	(3043, 1, 'en', 'plugins/ecommerce/order', 'return_order', 'Return order', '2023-02-20 00:12:29', '2023-02-20 00:12:29'),
	(3044, 1, 'en', 'plugins/ecommerce/order', 'order_returned', 'Order returned', '2023-02-20 00:12:29', '2023-02-20 00:12:29'),
	(3045, 1, 'en', 'plugins/ecommerce/order', 'order_was_returned_at', 'Order was returned at', '2023-02-20 00:12:29', '2023-02-20 00:12:29'),
	(3046, 1, 'en', 'plugins/ecommerce/order', 'completed', 'Completed', '2023-02-20 00:12:29', '2023-02-20 00:12:29'),
	(3047, 1, 'en', 'plugins/ecommerce/order', 'uncompleted', 'Uncompleted', '2023-02-20 00:12:29', '2023-02-20 00:12:29'),
	(3048, 1, 'en', 'plugins/ecommerce/order', 'sku', 'SKU', '2023-02-20 00:12:29', '2023-02-20 00:12:29'),
	(3049, 1, 'en', 'plugins/ecommerce/order', 'warehouse', 'Warehouse', '2023-02-20 00:12:29', '2023-02-20 00:12:29'),
	(3050, 1, 'en', 'plugins/ecommerce/order', 'sub_amount', 'Sub amount', '2023-02-20 00:12:29', '2023-02-20 00:12:29'),
	(3051, 1, 'en', 'plugins/ecommerce/order', 'coupon_code', 'Coupon code: ":code"', '2023-02-20 00:12:29', '2023-02-20 00:12:29'),
	(3052, 1, 'en', 'plugins/ecommerce/order', 'shipping_fee', 'Shipping fee', '2023-02-20 00:12:29', '2023-02-20 00:12:29'),
	(3053, 1, 'en', 'plugins/ecommerce/order', 'tax', 'Tax', '2023-02-20 00:12:29', '2023-02-20 00:12:29'),
	(3054, 1, 'en', 'plugins/ecommerce/order', 'refunded_amount', 'Refunded amount', '2023-02-20 00:12:29', '2023-02-20 00:12:29'),
	(3055, 1, 'en', 'plugins/ecommerce/order', 'amount_received', 'The amount actually received', '2023-02-20 00:12:29', '2023-02-20 00:12:29'),
	(3056, 1, 'en', 'plugins/ecommerce/order', 'download_invoice', 'Download invoice', '2023-02-20 00:12:29', '2023-02-20 00:12:29'),
	(3057, 1, 'en', 'plugins/ecommerce/order', 'print_invoice', 'Print invoice', '2023-02-20 00:12:29', '2023-02-20 00:12:29'),
	(3058, 1, 'en', 'plugins/ecommerce/order', 'add_note', 'Add note...', '2023-02-20 00:12:29', '2023-02-20 00:12:29'),
	(3059, 1, 'en', 'plugins/ecommerce/order', 'order_was_confirmed', 'Order was confirmed', '2023-02-20 00:12:29', '2023-02-20 00:12:29'),
	(3060, 1, 'en', 'plugins/ecommerce/order', 'confirm_order', 'Confirm order', '2023-02-20 00:12:29', '2023-02-20 00:12:29'),
	(3061, 1, 'en', 'plugins/ecommerce/order', 'confirm', 'Confirm', '2023-02-20 00:12:29', '2023-02-20 00:12:29'),
	(3062, 1, 'en', 'plugins/ecommerce/order', 'order_was_canceled', 'Order was canceled', '2023-02-20 00:12:29', '2023-02-20 00:12:29'),
	(3063, 1, 'en', 'plugins/ecommerce/order', 'order_was_returned', 'Order was returned', '2023-02-20 00:12:29', '2023-02-20 00:12:29'),
	(3064, 1, 'en', 'plugins/ecommerce/order', 'pending_payment', 'Pending payment', '2023-02-20 00:12:29', '2023-02-20 00:12:29'),
	(3065, 1, 'en', 'plugins/ecommerce/order', 'payment_was_accepted', 'Payment :money was accepted', '2023-02-20 00:12:29', '2023-02-20 00:12:29'),
	(3066, 1, 'en', 'plugins/ecommerce/order', 'payment_was_refunded', 'Payment was refunded', '2023-02-20 00:12:29', '2023-02-20 00:12:29'),
	(3067, 1, 'en', 'plugins/ecommerce/order', 'confirm_payment', 'Confirm payment', '2023-02-20 00:12:29', '2023-02-20 00:12:29'),
	(3068, 1, 'en', 'plugins/ecommerce/order', 'refund', 'Refund', '2023-02-20 00:12:29', '2023-02-20 00:12:29'),
	(3069, 1, 'en', 'plugins/ecommerce/order', 'all_products_are_not_delivered', 'All products are not delivered', '2023-02-20 00:12:29', '2023-02-20 00:12:29'),
	(3070, 1, 'en', 'plugins/ecommerce/order', 'delivery', 'Delivery', '2023-02-20 00:12:29', '2023-02-20 00:12:29'),
	(3071, 1, 'en', 'plugins/ecommerce/order', 'history', 'History', '2023-02-20 00:12:29', '2023-02-20 00:12:29'),
	(3072, 1, 'en', 'plugins/ecommerce/order', 'order_number', 'Order number', '2023-02-20 00:12:29', '2023-02-20 00:12:29'),
	(3073, 1, 'en', 'plugins/ecommerce/order', 'from', 'from', '2023-02-20 00:12:29', '2023-02-20 00:12:29'),
	(3074, 1, 'en', 'plugins/ecommerce/order', 'status', 'Status', '2023-02-20 00:12:29', '2023-02-20 00:12:29'),
	(3075, 1, 'en', 'plugins/ecommerce/order', 'successfully', 'Successfully', '2023-02-20 00:12:29', '2023-02-20 00:12:29'),
	(3076, 1, 'en', 'plugins/ecommerce/order', 'transaction_type', 'Transaction\'s type', '2023-02-20 00:12:29', '2023-02-20 00:12:29'),
	(3077, 1, 'en', 'plugins/ecommerce/order', 'staff', 'Staff', '2023-02-20 00:12:29', '2023-02-20 00:12:29'),
	(3078, 1, 'en', 'plugins/ecommerce/order', 'refund_date', 'Refund date', '2023-02-20 00:12:29', '2023-02-20 00:12:29'),
	(3079, 1, 'en', 'plugins/ecommerce/order', 'n_a', 'N\\A', '2023-02-20 00:12:29', '2023-02-20 00:12:29'),
	(3080, 1, 'en', 'plugins/ecommerce/order', 'payment_date', 'Payment date', '2023-02-20 00:12:29', '2023-02-20 00:12:29'),
	(3081, 1, 'en', 'plugins/ecommerce/order', 'payment_gateway', 'Payment gateway', '2023-02-20 00:12:29', '2023-02-20 00:12:29'),
	(3082, 1, 'en', 'plugins/ecommerce/order', 'transaction_amount', 'Transaction amount', '2023-02-20 00:12:29', '2023-02-20 00:12:29'),
	(3083, 1, 'en', 'plugins/ecommerce/order', 'resend', 'Resend', '2023-02-20 00:12:29', '2023-02-20 00:12:29'),
	(3084, 1, 'en', 'plugins/ecommerce/order', 'default_store', 'Default store', '2023-02-20 00:12:29', '2023-02-20 00:12:29'),
	(3085, 1, 'en', 'plugins/ecommerce/order', 'update_address', 'Update address', '2023-02-20 00:12:29', '2023-02-20 00:12:29'),
	(3086, 1, 'en', 'plugins/ecommerce/order', 'have_an_account_already', 'Have an account already', '2023-02-20 00:12:29', '2023-02-20 00:12:29'),
	(3087, 1, 'en', 'plugins/ecommerce/order', 'dont_have_an_account_yet', 'Don\'t have an account yet', '2023-02-20 00:12:29', '2023-02-20 00:12:29'),
	(3088, 1, 'en', 'plugins/ecommerce/order', 'mark_payment_as_confirmed', 'Mark <span>:method</span> as confirmed', '2023-02-20 00:12:29', '2023-02-20 00:12:29'),
	(3089, 1, 'en', 'plugins/ecommerce/order', 'resend_order_confirmation', 'Resend order confirmation', '2023-02-20 00:12:29', '2023-02-20 00:12:29'),
	(3090, 1, 'en', 'plugins/ecommerce/order', 'resend_order_confirmation_description', 'Confirmation email will be sent to <strong>:email</strong>?', '2023-02-20 00:12:29', '2023-02-20 00:12:29'),
	(3091, 1, 'en', 'plugins/ecommerce/order', 'send', 'Send', '2023-02-20 00:12:29', '2023-02-20 00:12:29'),
	(3092, 1, 'en', 'plugins/ecommerce/order', 'update', 'Update', '2023-02-20 00:12:29', '2023-02-20 00:12:29'),
	(3093, 1, 'en', 'plugins/ecommerce/order', 'cancel_shipping_confirmation', 'Cancel shipping confirmation?', '2023-02-20 00:12:29', '2023-02-20 00:12:29'),
	(3094, 1, 'en', 'plugins/ecommerce/order', 'cancel_shipping_confirmation_description', 'Cancel shipping confirmation?', '2023-02-20 00:12:29', '2023-02-20 00:12:29'),
	(3095, 1, 'en', 'plugins/ecommerce/order', 'cancel_order_confirmation', 'Cancel order confirmation?', '2023-02-20 00:12:29', '2023-02-20 00:12:29'),
	(3096, 1, 'en', 'plugins/ecommerce/order', 'cancel_order_confirmation_description', 'Are you sure you want to cancel this order? This action cannot rollback', '2023-02-20 00:12:29', '2023-02-20 00:12:29'),
	(3097, 1, 'en', 'plugins/ecommerce/order', 'return_order_confirmation', 'Return order confirmation?', '2023-02-20 00:12:29', '2023-02-20 00:12:29'),
	(3098, 1, 'en', 'plugins/ecommerce/order', 'return_order_confirmation_description', 'Are you sure you want to return this order? This action cannot rollback', '2023-02-20 00:12:29', '2023-02-20 00:12:29'),
	(3099, 1, 'en', 'plugins/ecommerce/order', 'confirm_payment_confirmation_description', 'Processed by <strong>:method</strong>. Did you receive payment outside the system? This payment won\'t be saved into system and cannot be refunded', '2023-02-20 00:12:29', '2023-02-20 00:12:29'),
	(3100, 1, 'en', 'plugins/ecommerce/order', 'save_note', 'Save note', '2023-02-20 00:12:29', '2023-02-20 00:12:29'),
	(3101, 1, 'en', 'plugins/ecommerce/order', 'order_note', 'Order note', '2023-02-20 00:12:29', '2023-02-20 00:12:29'),
	(3102, 1, 'en', 'plugins/ecommerce/order', 'order_note_placeholder', 'Note about order, ex: time or shipping instruction.', '2023-02-20 00:12:29', '2023-02-20 00:12:29'),
	(3103, 1, 'en', 'plugins/ecommerce/order', 'order_amount', 'Order amount', '2023-02-20 00:12:29', '2023-02-20 00:12:29'),
	(3104, 1, 'en', 'plugins/ecommerce/order', 'additional_information', 'Additional information', '2023-02-20 00:12:29', '2023-02-20 00:12:29'),
	(3105, 1, 'en', 'plugins/ecommerce/order', 'notice_about_incomplete_order', 'Notice about incomplete order', '2023-02-20 00:12:29', '2023-02-20 00:12:29'),
	(3106, 1, 'en', 'plugins/ecommerce/order', 'notice_about_incomplete_order_description', 'Remind email about uncompleted order will be send to <strong>:email</strong>?', '2023-02-20 00:12:29', '2023-02-20 00:12:29'),
	(3107, 1, 'en', 'plugins/ecommerce/order', 'incomplete_order_description_1', 'An incomplete order is when a potential customer places items in their shopping cart, and goes all the way through to the payment page, but then doesn\'t complete the transaction.', '2023-02-20 00:12:29', '2023-02-20 00:12:29'),
	(3108, 1, 'en', 'plugins/ecommerce/order', 'incomplete_order_description_2', 'If you have contacted customers and they want to continue buying, you can help them complete their order by following the link:', '2023-02-20 00:12:29', '2023-02-20 00:12:29'),
	(3109, 1, 'en', 'plugins/ecommerce/order', 'send_an_email_to_recover_this_order', 'Send an email to customer to recover this order', '2023-02-20 00:12:29', '2023-02-20 00:12:29'),
	(3110, 1, 'en', 'plugins/ecommerce/order', 'see_maps', 'See maps', '2023-02-20 00:12:29', '2023-02-20 00:12:29'),
	(3111, 1, 'en', 'plugins/ecommerce/order', 'one_or_more_products_dont_have_enough_quantity', 'One or more products don\'t have enough quantity!', '2023-02-20 00:12:29', '2023-02-20 00:12:29'),
	(3112, 1, 'en', 'plugins/ecommerce/order', 'cannot_send_order_recover_to_mail', 'The email could not be found so it can\'t send a recovery email to the customer.', '2023-02-20 00:12:29', '2023-02-20 00:12:29'),
	(3113, 1, 'en', 'plugins/ecommerce/order', 'payment_info', 'Payment Info', '2023-02-20 00:12:29', '2023-02-20 00:12:29'),
	(3114, 1, 'en', 'plugins/ecommerce/order', 'payment_method_refund_automatic', 'Your customer will be refunded using :method automatically.', '2023-02-20 00:12:29', '2023-02-20 00:12:29'),
	(3115, 1, 'en', 'plugins/ecommerce/order', 'order', 'Order', '2023-02-20 00:12:29', '2023-02-20 00:12:29'),
	(3116, 1, 'en', 'plugins/ecommerce/order', 'order_information', 'Order information', '2023-02-20 00:12:29', '2023-02-20 00:12:29'),
	(3117, 1, 'en', 'plugins/ecommerce/order', 'create_a_new_product', 'Create a new product', '2023-02-20 00:12:29', '2023-02-20 00:12:29'),
	(3118, 1, 'en', 'plugins/ecommerce/order', 'out_of_stock', 'Out of stock', '2023-02-20 00:12:29', '2023-02-20 00:12:29'),
	(3119, 1, 'en', 'plugins/ecommerce/order', 'products_available', 'product(s) available', '2023-02-20 00:12:29', '2023-02-20 00:12:29'),
	(3120, 1, 'en', 'plugins/ecommerce/order', 'no_products_found', 'No products found!', '2023-02-20 00:12:29', '2023-02-20 00:12:29'),
	(3121, 1, 'en', 'plugins/ecommerce/order', 'note', 'Note', '2023-02-20 00:12:29', '2023-02-20 00:12:29'),
	(3122, 1, 'en', 'plugins/ecommerce/order', 'note_for_order', 'Note for order...', '2023-02-20 00:12:29', '2023-02-20 00:12:29'),
	(3123, 1, 'en', 'plugins/ecommerce/order', 'amount', 'Amount', '2023-02-20 00:12:29', '2023-02-20 00:12:29'),
	(3124, 1, 'en', 'plugins/ecommerce/order', 'add_discount', 'Add discount', '2023-02-20 00:12:29', '2023-02-20 00:12:29'),
	(3125, 1, 'en', 'plugins/ecommerce/order', 'discount', 'Discount', '2023-02-20 00:12:29', '2023-02-20 00:12:29'),
	(3126, 1, 'en', 'plugins/ecommerce/order', 'add_shipping_fee', 'Add shipping fee', '2023-02-20 00:12:29', '2023-02-20 00:12:29'),
	(3127, 1, 'en', 'plugins/ecommerce/order', 'shipping', 'Shipping', '2023-02-20 00:12:29', '2023-02-20 00:12:29'),
	(3128, 1, 'en', 'plugins/ecommerce/order', 'total_amount', 'Total amount', '2023-02-20 00:12:29', '2023-02-20 00:12:29'),
	(3129, 1, 'en', 'plugins/ecommerce/order', 'confirm_payment_and_create_order', 'Confirm payment and create order', '2023-02-20 00:12:29', '2023-02-20 00:12:29'),
	(3130, 1, 'en', 'plugins/ecommerce/order', 'paid', 'Paid', '2023-02-20 00:12:29', '2023-02-20 00:12:29'),
	(3131, 1, 'en', 'plugins/ecommerce/order', 'pay_later', 'Pay later', '2023-02-20 00:12:29', '2023-02-20 00:12:29'),
	(3132, 1, 'en', 'plugins/ecommerce/order', 'customer_information', 'Customer information', '2023-02-20 00:12:29', '2023-02-20 00:12:29'),
	(3133, 1, 'en', 'plugins/ecommerce/order', 'create_new_customer', 'Create new customer', '2023-02-20 00:12:29', '2023-02-20 00:12:29'),
	(3134, 1, 'en', 'plugins/ecommerce/order', 'no_customer_found', 'No customer found!', '2023-02-20 00:12:29', '2023-02-20 00:12:29'),
	(3135, 1, 'en', 'plugins/ecommerce/order', 'customer', 'Customer', '2023-02-20 00:12:29', '2023-02-20 00:12:29'),
	(3136, 1, 'en', 'plugins/ecommerce/order', 'orders', 'order(s)', '2023-02-20 00:12:29', '2023-02-20 00:12:29'),
	(3137, 1, 'en', 'plugins/ecommerce/order', 'shipping_address', 'Shipping Address', '2023-02-20 00:12:29', '2023-02-20 00:12:29'),
	(3138, 1, 'en', 'plugins/ecommerce/order', 'billing_address', 'Billing Address', '2023-02-20 00:12:29', '2023-02-20 00:12:29'),
	(3139, 1, 'en', 'plugins/ecommerce/order', 'see_on_maps', 'See on maps', '2023-02-20 00:12:29', '2023-02-20 00:12:29'),
	(3140, 1, 'en', 'plugins/ecommerce/order', 'name', 'Name', '2023-02-20 00:12:29', '2023-02-20 00:12:29'),
	(3141, 1, 'en', 'plugins/ecommerce/order', 'price', 'Price', '2023-02-20 00:12:29', '2023-02-20 00:12:29'),
	(3142, 1, 'en', 'plugins/ecommerce/order', 'sku_optional', 'SKU (optional)', '2023-02-20 00:12:29', '2023-02-20 00:12:29'),
	(3143, 1, 'en', 'plugins/ecommerce/order', 'with_storehouse_management', 'With storehouse management?', '2023-02-20 00:12:29', '2023-02-20 00:12:29'),
	(3144, 1, 'en', 'plugins/ecommerce/order', 'quantity', 'Quantity', '2023-02-20 00:12:29', '2023-02-20 00:12:29'),
	(3145, 1, 'en', 'plugins/ecommerce/order', 'allow_customer_checkout_when_this_product_out_of_stock', 'Allow customer checkout when this product out of stock?', '2023-02-20 00:12:29', '2023-02-20 00:12:29'),
	(3146, 1, 'en', 'plugins/ecommerce/order', 'address', 'Address', '2023-02-20 00:12:29', '2023-02-20 00:12:29'),
	(3147, 1, 'en', 'plugins/ecommerce/order', 'phone', 'Phone', '2023-02-20 00:12:29', '2023-02-20 00:12:29'),
	(3148, 1, 'en', 'plugins/ecommerce/order', 'country', 'Country', '2023-02-20 00:12:29', '2023-02-20 00:12:29'),
	(3149, 1, 'en', 'plugins/ecommerce/order', 'state', 'State', '2023-02-20 00:12:29', '2023-02-20 00:12:29'),
	(3150, 1, 'en', 'plugins/ecommerce/order', 'city', 'City', '2023-02-20 00:12:29', '2023-02-20 00:12:29'),
	(3151, 1, 'en', 'plugins/ecommerce/order', 'zip_code', 'Zip code', '2023-02-20 00:12:29', '2023-02-20 00:12:29'),
	(3152, 1, 'en', 'plugins/ecommerce/order', 'discount_based_on', 'Discount based on', '2023-02-20 00:12:29', '2023-02-20 00:12:29'),
	(3153, 1, 'en', 'plugins/ecommerce/order', 'or_coupon_code', 'Or coupon code', '2023-02-20 00:12:29', '2023-02-20 00:12:29'),
	(3154, 1, 'en', 'plugins/ecommerce/order', 'description', 'Description', '2023-02-20 00:12:29', '2023-02-20 00:12:29'),
	(3155, 1, 'en', 'plugins/ecommerce/order', 'how_to_select_configured_shipping', 'How to select configured shipping?', '2023-02-20 00:12:29', '2023-02-20 00:12:29'),
	(3156, 1, 'en', 'plugins/ecommerce/order', 'please_add_customer_information_with_the_complete_shipping_address_to_see_the_configured_shipping_rates', 'Please add customer information with the complete shipping address to see the configured shipping rates', '2023-02-20 00:12:29', '2023-02-20 00:12:29'),
	(3157, 1, 'en', 'plugins/ecommerce/order', 'free_shipping', 'Free shipping', '2023-02-20 00:12:29', '2023-02-20 00:12:29'),
	(3158, 1, 'en', 'plugins/ecommerce/order', 'custom', 'Custom', '2023-02-20 00:12:29', '2023-02-20 00:12:29'),
	(3159, 1, 'en', 'plugins/ecommerce/order', 'email', 'Email', '2023-02-20 00:12:29', '2023-02-20 00:12:29'),
	(3160, 1, 'en', 'plugins/ecommerce/order', 'create_order', 'Create order', '2023-02-20 00:12:29', '2023-02-20 00:12:29'),
	(3161, 1, 'en', 'plugins/ecommerce/order', 'close', 'Close', '2023-02-20 00:12:29', '2023-02-20 00:12:29'),
	(3162, 1, 'en', 'plugins/ecommerce/order', 'confirm_payment_is_paid_for_this_order', 'Confirm payment is paid for this order', '2023-02-20 00:12:29', '2023-02-20 00:12:29'),
	(3163, 1, 'en', 'plugins/ecommerce/order', 'payment_status_of_the_order_is_paid_once_the_order_has_been_created_you_cannot_change_the_payment_method_or_status', 'Payment status of the order is Paid. Once the order has been created, you cannot change the payment method or status', '2023-02-20 00:12:29', '2023-02-20 00:12:29'),
	(3164, 1, 'en', 'plugins/ecommerce/order', 'select_payment_method', 'Select payment method', '2023-02-20 00:12:29', '2023-02-20 00:12:29'),
	(3165, 1, 'en', 'plugins/ecommerce/order', 'cash_on_delivery_cod', 'Cash on delivery (COD)', '2023-02-20 00:12:29', '2023-02-20 00:12:29'),
	(3166, 1, 'en', 'plugins/ecommerce/order', 'bank_transfer', 'Bank transfer', '2023-02-20 00:12:29', '2023-02-20 00:12:29'),
	(3167, 1, 'en', 'plugins/ecommerce/order', 'paid_amount', 'Paid amount', '2023-02-20 00:12:29', '2023-02-20 00:12:29'),
	(3168, 1, 'en', 'plugins/ecommerce/order', 'confirm_that_payment_for_this_order_will_be_paid_later', 'Confirm that payment for this order will be paid later', '2023-02-20 00:12:29', '2023-02-20 00:12:29'),
	(3169, 1, 'en', 'plugins/ecommerce/order', 'payment_status_of_the_order_is_pending_once_the_order_has_been_created_you_cannot_change_the_payment_method_or_status', 'Payment status of the order is Pending. Once the order has been created, you cannot change the payment method or status', '2023-02-20 00:12:29', '2023-02-20 00:12:29'),
	(3170, 1, 'en', 'plugins/ecommerce/order', 'pending_amount', 'Pending amount', '2023-02-20 00:12:29', '2023-02-20 00:12:29'),
	(3171, 1, 'en', 'plugins/ecommerce/order', 'update_email', 'Update email', '2023-02-20 00:12:29', '2023-02-20 00:12:29'),
	(3172, 1, 'en', 'plugins/ecommerce/order', 'save', 'Save', '2023-02-20 00:12:29', '2023-02-20 00:12:29'),
	(3173, 1, 'en', 'plugins/ecommerce/order', 'cancel', 'Cancel', '2023-02-20 00:12:29', '2023-02-20 00:12:29'),
	(3174, 1, 'en', 'plugins/ecommerce/order', 'create_a_new_order', 'Create a new order', '2023-02-20 00:12:29', '2023-02-20 00:12:29'),
	(3175, 1, 'en', 'plugins/ecommerce/order', 'search_or_create_new_product', 'Search or create a new product', '2023-02-20 00:12:29', '2023-02-20 00:12:29'),
	(3176, 1, 'en', 'plugins/ecommerce/order', 'search_or_create_new_customer', 'Search or create a new customer', '2023-02-20 00:12:29', '2023-02-20 00:12:29'),
	(3177, 1, 'en', 'plugins/ecommerce/order', 'discount_description', 'Discount description', '2023-02-20 00:12:29', '2023-02-20 00:12:29'),
	(3178, 1, 'en', 'plugins/ecommerce/order', 'cant_select_out_of_stock_product', 'Cannot select out of stock product!', '2023-02-20 00:12:29', '2023-02-20 00:12:29'),
	(3179, 1, 'en', 'plugins/ecommerce/order', 'referral', 'Referral', '2023-02-20 00:12:29', '2023-02-20 00:12:29'),
	(3180, 1, 'en', 'plugins/ecommerce/order', 'return_order_unique', 'Same :attribute already exists in a previous return request.', '2023-02-20 00:12:29', '2023-02-20 00:12:29'),
	(3181, 1, 'en', 'plugins/ecommerce/order', 'total_return_amount', 'Total return amount', '2023-02-20 00:12:29', '2023-02-20 00:12:29'),
	(3182, 1, 'en', 'plugins/ecommerce/order', 'change_return_order_status', 'Change return order status', '2023-02-20 00:12:29', '2023-02-20 00:12:29'),
	(3183, 1, 'en', 'plugins/ecommerce/order', 'return_reason', 'Return reason', '2023-02-20 00:12:29', '2023-02-20 00:12:29'),
	(3184, 1, 'en', 'plugins/ecommerce/order', 'referral_data.ip', 'IP', '2023-02-20 00:12:29', '2023-02-20 00:12:29'),
	(3185, 1, 'en', 'plugins/ecommerce/order', 'referral_data.landing_domain', 'Landing domain', '2023-02-20 00:12:29', '2023-02-20 00:12:29'),
	(3186, 1, 'en', 'plugins/ecommerce/order', 'referral_data.landing_page', 'Landing page', '2023-02-20 00:12:29', '2023-02-20 00:12:29'),
	(3187, 1, 'en', 'plugins/ecommerce/order', 'referral_data.landing_params', 'Landing params', '2023-02-20 00:12:29', '2023-02-20 00:12:29'),
	(3188, 1, 'en', 'plugins/ecommerce/order', 'referral_data.gclid', 'Gclid', '2023-02-20 00:12:29', '2023-02-20 00:12:29'),
	(3189, 1, 'en', 'plugins/ecommerce/order', 'referral_data.fclid', 'Fclid', '2023-02-20 00:12:29', '2023-02-20 00:12:29'),
	(3190, 1, 'en', 'plugins/ecommerce/order', 'referral_data.utm_source', 'UTM source', '2023-02-20 00:12:29', '2023-02-20 00:12:29'),
	(3191, 1, 'en', 'plugins/ecommerce/order', 'referral_data.utm_campaign', 'UTM campaign', '2023-02-20 00:12:29', '2023-02-20 00:12:29'),
	(3192, 1, 'en', 'plugins/ecommerce/order', 'referral_data.utm_medium', 'UTM medium', '2023-02-20 00:12:29', '2023-02-20 00:12:29'),
	(3193, 1, 'en', 'plugins/ecommerce/order', 'referral_data.utm_term', 'UTM term', '2023-02-20 00:12:29', '2023-02-20 00:12:29'),
	(3194, 1, 'en', 'plugins/ecommerce/order', 'referral_data.utm_content', 'UTM content', '2023-02-20 00:12:29', '2023-02-20 00:12:29'),
	(3195, 1, 'en', 'plugins/ecommerce/order', 'referral_data.referral', 'Referral', '2023-02-20 00:12:29', '2023-02-20 00:12:29'),
	(3196, 1, 'en', 'plugins/ecommerce/order', 'referral_data.referrer_url', 'Referral URL', '2023-02-20 00:12:29', '2023-02-20 00:12:29'),
	(3197, 1, 'en', 'plugins/ecommerce/order', 'referral_data.referrer_domain', 'Referral domain', '2023-02-20 00:12:29', '2023-02-20 00:12:29'),
	(3198, 1, 'en', 'plugins/ecommerce/order', 'order_address_types.shipping_address', 'Shipping address', '2023-02-20 00:12:29', '2023-02-20 00:12:29'),
	(3199, 1, 'en', 'plugins/ecommerce/order', 'order_address_types.billing_address', 'Billing address', '2023-02-20 00:12:29', '2023-02-20 00:12:29'),
	(3200, 1, 'en', 'plugins/ecommerce/order', 'order_return_reasons.damaged', 'Damaged product', '2023-02-20 00:12:29', '2023-02-20 00:12:29'),
	(3201, 1, 'en', 'plugins/ecommerce/order', 'order_return_reasons.defective', 'Defective', '2023-02-20 00:12:29', '2023-02-20 00:12:29'),
	(3202, 1, 'en', 'plugins/ecommerce/order', 'order_return_reasons.incorrect_item', 'Incorrect item', '2023-02-20 00:12:29', '2023-02-20 00:12:29'),
	(3203, 1, 'en', 'plugins/ecommerce/order', 'order_return_reasons.arrived_late', 'Arrived late', '2023-02-20 00:12:29', '2023-02-20 00:12:29'),
	(3204, 1, 'en', 'plugins/ecommerce/order', 'order_return_reasons.not_as_described', 'Not as described', '2023-02-20 00:12:29', '2023-02-20 00:12:29'),
	(3205, 1, 'en', 'plugins/ecommerce/order', 'order_return_reasons.no_longer_want', 'No longer want', '2023-02-20 00:12:29', '2023-02-20 00:12:29'),
	(3206, 1, 'en', 'plugins/ecommerce/order', 'order_return_reasons.other', 'Other', '2023-02-20 00:12:29', '2023-02-20 00:12:29'),
	(3207, 1, 'en', 'plugins/ecommerce/order', 'order_return_reason', 'Return reason', '2023-02-20 00:12:29', '2023-02-20 00:12:29'),
	(3208, 1, 'en', 'plugins/ecommerce/order', 'notices.update_return_order_status_error', 'Cannot update return order status! Maybe the return order status is not valid.', '2023-02-20 00:12:29', '2023-02-20 00:12:29'),
	(3209, 1, 'en', 'plugins/ecommerce/order', 'notices.update_return_order_status_success', 'Update return order status successfully!', '2023-02-20 00:12:29', '2023-02-20 00:12:29'),
	(3210, 1, 'en', 'plugins/ecommerce/order', 'order_return', 'Order returns', '2023-02-20 00:12:29', '2023-02-20 00:12:29'),
	(3211, 1, 'en', 'plugins/ecommerce/order', 'edit_order_return', 'Edit order return :code', '2023-02-20 00:12:29', '2023-02-20 00:12:29'),
	(3212, 1, 'en', 'plugins/ecommerce/order', 'order_return_items_count', 'Product item(s)', '2023-02-20 00:12:29', '2023-02-20 00:12:29'),
	(3213, 1, 'en', 'plugins/ecommerce/order', 'new_order_notifications.new_order', 'New order', '2023-02-20 00:12:29', '2023-02-20 00:12:29'),
	(3214, 1, 'en', 'plugins/ecommerce/order', 'new_order_notifications.view', 'View', '2023-02-20 00:12:30', '2023-02-20 00:12:30'),
	(3215, 1, 'en', 'plugins/ecommerce/order', 'new_order_notifications.description', ':customer ordered :quantity :product', '2023-02-20 00:12:30', '2023-02-20 00:12:30'),
	(3216, 1, 'en', 'plugins/ecommerce/order', 'confirm_payment_notifications.confirm_payment', 'Confirm payment', '2023-02-20 00:12:30', '2023-02-20 00:12:30'),
	(3217, 1, 'en', 'plugins/ecommerce/order', 'confirm_payment_notifications.description', 'Order :order Payment was confirmed (amount :amount) by :by', '2023-02-20 00:12:30', '2023-02-20 00:12:30'),
	(3218, 1, 'en', 'plugins/ecommerce/order', 'update_shipping_status_notifications.update_shipping_status', 'Update shipping status', '2023-02-20 00:12:30', '2023-02-20 00:12:30'),
	(3219, 1, 'en', 'plugins/ecommerce/order', 'update_shipping_status_notifications.description', 'Order :order had changed shipping status :description', '2023-02-20 00:12:30', '2023-02-20 00:12:30'),
	(3220, 1, 'en', 'plugins/ecommerce/order', 'cancel_order_notifications.cancel_order', 'Cancel order', '2023-02-20 00:12:30', '2023-02-20 00:12:30'),
	(3221, 1, 'en', 'plugins/ecommerce/order', 'cancel_order_notifications.description', 'Order :order was cancelled by custom :customer', '2023-02-20 00:12:30', '2023-02-20 00:12:30'),
	(3222, 1, 'en', 'plugins/ecommerce/order', 'return_order_notifications.return_order', 'Return order', '2023-02-20 00:12:30', '2023-02-20 00:12:30'),
	(3223, 1, 'en', 'plugins/ecommerce/order', 'return_order_notifications.description', ':customer has requested return product(s)', '2023-02-20 00:12:30', '2023-02-20 00:12:30'),
	(3224, 1, 'en', 'plugins/ecommerce/order', 'order_completed_notifications.order_completed', 'Order Completed', '2023-02-20 00:12:30', '2023-02-20 00:12:30'),
	(3225, 1, 'en', 'plugins/ecommerce/order', 'order_completed_notifications.description', 'Order :order has been completed', '2023-02-20 00:12:30', '2023-02-20 00:12:30'),
	(3226, 1, 'en', 'plugins/ecommerce/payment', 'name', 'Payments', '2023-02-20 00:12:30', '2023-02-20 00:12:30'),
	(3227, 1, 'en', 'plugins/ecommerce/payment', 'payment_method', 'Payment methods', '2023-02-20 00:12:30', '2023-02-20 00:12:30'),
	(3228, 1, 'en', 'plugins/ecommerce/payment', 'view_payment', 'View payment #', '2023-02-20 00:12:30', '2023-02-20 00:12:30'),
	(3229, 1, 'en', 'plugins/ecommerce/payment', 'charge_id', 'Charge ID', '2023-02-20 00:12:30', '2023-02-20 00:12:30'),
	(3230, 1, 'en', 'plugins/ecommerce/payment', 'amount', 'Amount', '2023-02-20 00:12:30', '2023-02-20 00:12:30'),
	(3231, 1, 'en', 'plugins/ecommerce/payment', 'currency', 'Currency', '2023-02-20 00:12:30', '2023-02-20 00:12:30'),
	(3232, 1, 'en', 'plugins/ecommerce/payment', 'user', 'User', '2023-02-20 00:12:30', '2023-02-20 00:12:30'),
	(3233, 1, 'en', 'plugins/ecommerce/payment', 'paypal_name_required', 'PayPal\'s name is required!', '2023-02-20 00:12:30', '2023-02-20 00:12:30'),
	(3234, 1, 'en', 'plugins/ecommerce/payment', 'paypal_name_max', 'PayPal\'s name is too long!', '2023-02-20 00:12:30', '2023-02-20 00:12:30'),
	(3235, 1, 'en', 'plugins/ecommerce/payment', 'status', 'Status', '2023-02-20 00:12:30', '2023-02-20 00:12:30'),
	(3236, 1, 'en', 'plugins/ecommerce/payment', 'enabled', 'Enabled', '2023-02-20 00:12:30', '2023-02-20 00:12:30'),
	(3237, 1, 'en', 'plugins/ecommerce/payment', 'disabled', 'Disabled', '2023-02-20 00:12:30', '2023-02-20 00:12:30'),
	(3238, 1, 'en', 'plugins/ecommerce/payment', 'client_id', 'Client ID', '2023-02-20 00:12:30', '2023-02-20 00:12:30'),
	(3239, 1, 'en', 'plugins/ecommerce/payment', 'client_secret', 'Client Secret', '2023-02-20 00:12:30', '2023-02-20 00:12:30'),
	(3240, 1, 'en', 'plugins/ecommerce/payment', 'mode', 'Mode', '2023-02-20 00:12:30', '2023-02-20 00:12:30'),
	(3241, 1, 'en', 'plugins/ecommerce/payment', 'sandbox', 'Sandbox', '2023-02-20 00:12:30', '2023-02-20 00:12:30'),
	(3242, 1, 'en', 'plugins/ecommerce/payment', 'live', 'Live', '2023-02-20 00:12:30', '2023-02-20 00:12:30'),
	(3243, 1, 'en', 'plugins/ecommerce/payment', 'enable_payment_log', 'Enable Payment Log', '2023-02-20 00:12:30', '2023-02-20 00:12:30'),
	(3244, 1, 'en', 'plugins/ecommerce/payment', 'yes', 'Yes', '2023-02-20 00:12:30', '2023-02-20 00:12:30'),
	(3245, 1, 'en', 'plugins/ecommerce/payment', 'no', 'No', '2023-02-20 00:12:30', '2023-02-20 00:12:30'),
	(3246, 1, 'en', 'plugins/ecommerce/payment', 'client_key', 'Client Key', '2023-02-20 00:12:30', '2023-02-20 00:12:30'),
	(3247, 1, 'en', 'plugins/ecommerce/payment', 'paypal', 'PayPal', '2023-02-20 00:12:30', '2023-02-20 00:12:30'),
	(3248, 1, 'en', 'plugins/ecommerce/payment', 'action', 'Action', '2023-02-20 00:12:30', '2023-02-20 00:12:30'),
	(3249, 1, 'en', 'plugins/ecommerce/payment', 'go_back', 'Go back', '2023-02-20 00:12:30', '2023-02-20 00:12:30'),
	(3250, 1, 'en', 'plugins/ecommerce/payment', 'view', 'View', '2023-02-20 00:12:30', '2023-02-20 00:12:30'),
	(3251, 1, 'en', 'plugins/ecommerce/payment', 'cash_on_delivery', 'Cash on delivery (COD)', '2023-02-20 00:12:30', '2023-02-20 00:12:30'),
	(3252, 1, 'en', 'plugins/ecommerce/payment', 'via_bank_transfer', 'Via bank transfer', '2023-02-20 00:12:30', '2023-02-20 00:12:30'),
	(3253, 1, 'en', 'plugins/ecommerce/payment', 'payment_via_cart', 'Payment via card', '2023-02-20 00:12:30', '2023-02-20 00:12:30'),
	(3254, 1, 'en', 'plugins/ecommerce/payment', 'card_number', 'Card number', '2023-02-20 00:12:30', '2023-02-20 00:12:30'),
	(3255, 1, 'en', 'plugins/ecommerce/payment', 'full_name', 'Full name', '2023-02-20 00:12:30', '2023-02-20 00:12:30'),
	(3256, 1, 'en', 'plugins/ecommerce/payment', 'payment_via_paypal', 'Payment via PayPal', '2023-02-20 00:12:30', '2023-02-20 00:12:30'),
	(3257, 1, 'en', 'plugins/ecommerce/payment', 'mm_yy', 'MM/YY', '2023-02-20 00:12:30', '2023-02-20 00:12:30'),
	(3258, 1, 'en', 'plugins/ecommerce/payment', 'cvc', 'CVC', '2023-02-20 00:12:30', '2023-02-20 00:12:30'),
	(3259, 1, 'en', 'plugins/ecommerce/payment', 'details', 'Details', '2023-02-20 00:12:30', '2023-02-20 00:12:30'),
	(3260, 1, 'en', 'plugins/ecommerce/payment', 'payer_name', 'Payer Name', '2023-02-20 00:12:30', '2023-02-20 00:12:30'),
	(3261, 1, 'en', 'plugins/ecommerce/payment', 'email', 'Email', '2023-02-20 00:12:30', '2023-02-20 00:12:30'),
	(3262, 1, 'en', 'plugins/ecommerce/payment', 'phone', 'Phone', '2023-02-20 00:12:30', '2023-02-20 00:12:30'),
	(3263, 1, 'en', 'plugins/ecommerce/payment', 'country', 'Country', '2023-02-20 00:12:30', '2023-02-20 00:12:30'),
	(3264, 1, 'en', 'plugins/ecommerce/payment', 'shipping_address', 'Shipping Address', '2023-02-20 00:12:30', '2023-02-20 00:12:30'),
	(3265, 1, 'en', 'plugins/ecommerce/payment', 'payment_details', 'Payment Details', '2023-02-20 00:12:30', '2023-02-20 00:12:30'),
	(3266, 1, 'en', 'plugins/ecommerce/payment', 'card', 'Card', '2023-02-20 00:12:30', '2023-02-20 00:12:30'),
	(3267, 1, 'en', 'plugins/ecommerce/payment', 'address', 'Address', '2023-02-20 00:12:30', '2023-02-20 00:12:30'),
	(3268, 1, 'en', 'plugins/ecommerce/payment', 'new_payment', 'Payment for order :id', '2023-02-20 00:12:30', '2023-02-20 00:12:30'),
	(3269, 1, 'en', 'plugins/ecommerce/payment', 'payment_id', 'Payment ID', '2023-02-20 00:12:30', '2023-02-20 00:12:30'),
	(3270, 1, 'en', 'plugins/ecommerce/payment', 'order', 'Order', '2023-02-20 00:12:30', '2023-02-20 00:12:30'),
	(3271, 1, 'en', 'plugins/ecommerce/payment', 'add_payment', 'Add payment', '2023-02-20 00:12:30', '2023-02-20 00:12:30'),
	(3272, 1, 'en', 'plugins/ecommerce/payment', 'add_new_payment', 'New payment', '2023-02-20 00:12:30', '2023-02-20 00:12:30'),
	(3273, 1, 'en', 'plugins/ecommerce/payment', 'add', 'Add', '2023-02-20 00:12:30', '2023-02-20 00:12:30'),
	(3274, 1, 'en', 'plugins/ecommerce/payment', 'no_data', 'No data to display', '2023-02-20 00:12:30', '2023-02-20 00:12:30'),
	(3275, 1, 'en', 'plugins/ecommerce/payment', 'no_option', 'No option', '2023-02-20 00:12:30', '2023-02-20 00:12:30'),
	(3276, 1, 'en', 'plugins/ecommerce/payment', 'edit_payment', 'Edit payment', '2023-02-20 00:12:30', '2023-02-20 00:12:30'),
	(3277, 1, 'en', 'plugins/ecommerce/payment', 'save', 'Save', '2023-02-20 00:12:30', '2023-02-20 00:12:30'),
	(3278, 1, 'en', 'plugins/ecommerce/prices', 'name', 'Price', '2023-02-20 00:12:30', '2023-02-20 00:12:30'),
	(3279, 1, 'en', 'plugins/ecommerce/prices', 'create', 'New price', '2023-02-20 00:12:30', '2023-02-20 00:12:30'),
	(3280, 1, 'en', 'plugins/ecommerce/prices', 'edit', 'Edit price', '2023-02-20 00:12:30', '2023-02-20 00:12:30'),
	(3281, 1, 'en', 'plugins/ecommerce/prices', 'list', 'List price', '2023-02-20 00:12:30', '2023-02-20 00:12:30'),
	(3282, 1, 'en', 'plugins/ecommerce/product-attribute-sets', 'name', 'Product attribute sets', '2023-02-20 00:12:30', '2023-02-20 00:12:30'),
	(3283, 1, 'en', 'plugins/ecommerce/product-attribute-sets', 'create', 'New product attribute set', '2023-02-20 00:12:30', '2023-02-20 00:12:30'),
	(3284, 1, 'en', 'plugins/ecommerce/product-attribute-sets', 'edit', 'Edit product attribute set', '2023-02-20 00:12:30', '2023-02-20 00:12:30'),
	(3285, 1, 'en', 'plugins/ecommerce/product-attribute-sets', 'visible_in_categories', 'Visible in categories', '2023-02-20 00:12:30', '2023-02-20 00:12:30'),
	(3286, 1, 'en', 'plugins/ecommerce/product-attribute-sets', 'product_with_more_version', 'Product with more version', '2023-02-20 00:12:30', '2023-02-20 00:12:30'),
	(3287, 1, 'en', 'plugins/ecommerce/product-attribute-sets', 'create_a_version', 'Create a version', '2023-02-20 00:12:30', '2023-02-20 00:12:30'),
	(3288, 1, 'en', 'plugins/ecommerce/product-attribute-sets', 'enabled', 'Enabled', '2023-02-20 00:12:30', '2023-02-20 00:12:30'),
	(3289, 1, 'en', 'plugins/ecommerce/product-attribute-sets', 'attributes', 'Attributes', '2023-02-20 00:12:30', '2023-02-20 00:12:30'),
	(3290, 1, 'en', 'plugins/ecommerce/product-attribute-sets', 'price', 'Price', '2023-02-20 00:12:30', '2023-02-20 00:12:30'),
	(3291, 1, 'en', 'plugins/ecommerce/product-attribute-sets', 'edit_btn', 'Edit', '2023-02-20 00:12:30', '2023-02-20 00:12:30'),
	(3292, 1, 'en', 'plugins/ecommerce/product-attribute-sets', 'remove_btn', 'Remove', '2023-02-20 00:12:30', '2023-02-20 00:12:30'),
	(3293, 1, 'en', 'plugins/ecommerce/product-attribute-sets', 'product', 'Product', '2023-02-20 00:12:30', '2023-02-20 00:12:30'),
	(3294, 1, 'en', 'plugins/ecommerce/product-attribute-sets', 'back_to_product', 'Back to product', '2023-02-20 00:12:30', '2023-02-20 00:12:30'),
	(3295, 1, 'en', 'plugins/ecommerce/product-attribute-sets', 'save', 'Save', '2023-02-20 00:12:30', '2023-02-20 00:12:30'),
	(3296, 1, 'en', 'plugins/ecommerce/product-attribute-sets', 'other_existing_versions', 'Other existing versions', '2023-02-20 00:12:30', '2023-02-20 00:12:30'),
	(3297, 1, 'en', 'plugins/ecommerce/product-attribute-sets', 'version_information', 'Version information', '2023-02-20 00:12:30', '2023-02-20 00:12:30'),
	(3298, 1, 'en', 'plugins/ecommerce/product-attribute-sets', 'add_rule', 'Add rule', '2023-02-20 00:12:30', '2023-02-20 00:12:30'),
	(3299, 1, 'en', 'plugins/ecommerce/product-attribute-sets', 'rules', 'Rules', '2023-02-20 00:12:30', '2023-02-20 00:12:30'),
	(3300, 1, 'en', 'plugins/ecommerce/product-attribute-sets', 'pricing', 'Pricing', '2023-02-20 00:12:30', '2023-02-20 00:12:30'),
	(3301, 1, 'en', 'plugins/ecommerce/product-attribute-sets', 'sale_price', 'Sale price', '2023-02-20 00:12:30', '2023-02-20 00:12:30'),
	(3302, 1, 'en', 'plugins/ecommerce/product-attribute-sets', 'sale_type', 'Sale type', '2023-02-20 00:12:30', '2023-02-20 00:12:30'),
	(3303, 1, 'en', 'plugins/ecommerce/product-attribute-sets', 'no_sale_price', 'No sale price', '2023-02-20 00:12:30', '2023-02-20 00:12:30'),
	(3304, 1, 'en', 'plugins/ecommerce/product-attribute-sets', 'always_on_sale', 'Always on sale', '2023-02-20 00:12:30', '2023-02-20 00:12:30'),
	(3305, 1, 'en', 'plugins/ecommerce/product-attribute-sets', 'limited_time', 'Limited time', '2023-02-20 00:12:30', '2023-02-20 00:12:30'),
	(3306, 1, 'en', 'plugins/ecommerce/product-attribute-sets', 'from', 'From', '2023-02-20 00:12:30', '2023-02-20 00:12:30'),
	(3307, 1, 'en', 'plugins/ecommerce/product-attribute-sets', 'to', 'To', '2023-02-20 00:12:30', '2023-02-20 00:12:30'),
	(3308, 1, 'en', 'plugins/ecommerce/product-attribute-sets', 'storehouse', 'Storehouse', '2023-02-20 00:12:30', '2023-02-20 00:12:30'),
	(3309, 1, 'en', 'plugins/ecommerce/product-attribute-sets', 'no_storehouse_management', 'No storehouse management', '2023-02-20 00:12:30', '2023-02-20 00:12:30'),
	(3310, 1, 'en', 'plugins/ecommerce/product-attribute-sets', 'with_storehouse_management', 'With storehouse management', '2023-02-20 00:12:30', '2023-02-20 00:12:30'),
	(3311, 1, 'en', 'plugins/ecommerce/product-attribute-sets', 'quantity', 'Quantity', '2023-02-20 00:12:30', '2023-02-20 00:12:30'),
	(3312, 1, 'en', 'plugins/ecommerce/product-attribute-sets', 'allow_customer_checkout_out_of_stock', 'Allow customer checkout when this product out of stock', '2023-02-20 00:12:30', '2023-02-20 00:12:30'),
	(3313, 1, 'en', 'plugins/ecommerce/product-attribute-sets', 'shipping', 'Shipping', '2023-02-20 00:12:30', '2023-02-20 00:12:30'),
	(3314, 1, 'en', 'plugins/ecommerce/product-attribute-sets', 'length', 'Length', '2023-02-20 00:12:30', '2023-02-20 00:12:30'),
	(3315, 1, 'en', 'plugins/ecommerce/product-attribute-sets', 'wide', 'Wide', '2023-02-20 00:12:30', '2023-02-20 00:12:30'),
	(3316, 1, 'en', 'plugins/ecommerce/product-attribute-sets', 'height', 'Height', '2023-02-20 00:12:30', '2023-02-20 00:12:30'),
	(3317, 1, 'en', 'plugins/ecommerce/product-attribute-sets', 'weight', 'Weight', '2023-02-20 00:12:30', '2023-02-20 00:12:30'),
	(3318, 1, 'en', 'plugins/ecommerce/product-attribute-sets', 'version_images', 'Version images', '2023-02-20 00:12:30', '2023-02-20 00:12:30'),
	(3319, 1, 'en', 'plugins/ecommerce/product-attribute-sets', 'add_new_image', 'Add new image', '2023-02-20 00:12:30', '2023-02-20 00:12:30'),
	(3320, 1, 'en', 'plugins/ecommerce/product-attribute-sets', 'attribute_set', 'Attribute set', '2023-02-20 00:12:30', '2023-02-20 00:12:30'),
	(3321, 1, 'en', 'plugins/ecommerce/product-attribute-sets', 'value', 'Value', '2023-02-20 00:12:30', '2023-02-20 00:12:30'),
	(3322, 1, 'en', 'plugins/ecommerce/product-attribute-sets', 'dropdown_swatch', 'Dropdown Swatch', '2023-02-20 00:12:30', '2023-02-20 00:12:30'),
	(3323, 1, 'en', 'plugins/ecommerce/product-attribute-sets', 'visual_swatch', 'Visual Swatch', '2023-02-20 00:12:30', '2023-02-20 00:12:30'),
	(3324, 1, 'en', 'plugins/ecommerce/product-attribute-sets', 'text_swatch', 'Text Swatch', '2023-02-20 00:12:30', '2023-02-20 00:12:30'),
	(3325, 1, 'en', 'plugins/ecommerce/product-attribute-sets', 'display_layout', 'Display Layout', '2023-02-20 00:12:30', '2023-02-20 00:12:30'),
	(3326, 1, 'en', 'plugins/ecommerce/product-attribute-sets', 'searchable', 'Searchable', '2023-02-20 00:12:30', '2023-02-20 00:12:30'),
	(3327, 1, 'en', 'plugins/ecommerce/product-attribute-sets', 'comparable', 'Comparable', '2023-02-20 00:12:30', '2023-02-20 00:12:30'),
	(3328, 1, 'en', 'plugins/ecommerce/product-attribute-sets', 'use_in_product_listing', 'Used in product listing', '2023-02-20 00:12:30', '2023-02-20 00:12:30'),
	(3329, 1, 'en', 'plugins/ecommerce/product-attribute-sets', 'attributes_list', 'Attributes list', '2023-02-20 00:12:30', '2023-02-20 00:12:30'),
	(3330, 1, 'en', 'plugins/ecommerce/product-attribute-sets', 'is_default', 'Is default?', '2023-02-20 00:12:30', '2023-02-20 00:12:30'),
	(3331, 1, 'en', 'plugins/ecommerce/product-attribute-sets', 'title', 'Title', '2023-02-20 00:12:30', '2023-02-20 00:12:30'),
	(3332, 1, 'en', 'plugins/ecommerce/product-attribute-sets', 'slug', 'Slug', '2023-02-20 00:12:30', '2023-02-20 00:12:30'),
	(3333, 1, 'en', 'plugins/ecommerce/product-attribute-sets', 'color', 'Color', '2023-02-20 00:12:30', '2023-02-20 00:12:30'),
	(3334, 1, 'en', 'plugins/ecommerce/product-attribute-sets', 'image', 'Image', '2023-02-20 00:12:30', '2023-02-20 00:12:30'),
	(3335, 1, 'en', 'plugins/ecommerce/product-attribute-sets', 'remove', 'Remove', '2023-02-20 00:12:30', '2023-02-20 00:12:30'),
	(3336, 1, 'en', 'plugins/ecommerce/product-attribute-sets', 'add_new_attribute', 'Add new attribute', '2023-02-20 00:12:30', '2023-02-20 00:12:30'),
	(3337, 1, 'en', 'plugins/ecommerce/product-attribute-sets', 'use_image_from_product_variation', 'Use image from product variation (for Visual Swatch only)', '2023-02-20 00:12:30', '2023-02-20 00:12:30'),
	(3338, 1, 'en', 'plugins/ecommerce/product-attributes', 'name', 'Product attributes', '2023-02-20 00:12:30', '2023-02-20 00:12:30'),
	(3339, 1, 'en', 'plugins/ecommerce/product-attributes', 'create', 'New product attribute', '2023-02-20 00:12:30', '2023-02-20 00:12:30'),
	(3340, 1, 'en', 'plugins/ecommerce/product-attributes', 'edit', 'Edit product attribute', '2023-02-20 00:12:30', '2023-02-20 00:12:30'),
	(3341, 1, 'en', 'plugins/ecommerce/product-attributes', 'intro.title', 'Manage product attributes', '2023-02-20 00:12:30', '2023-02-20 00:12:30'),
	(3342, 1, 'en', 'plugins/ecommerce/product-attributes', 'intro.description', 'Product attribute such as color, width, height ...', '2023-02-20 00:12:30', '2023-02-20 00:12:30'),
	(3343, 1, 'en', 'plugins/ecommerce/product-attributes', 'intro.button_text', 'Create product attribute', '2023-02-20 00:12:30', '2023-02-20 00:12:30'),
	(3344, 1, 'en', 'plugins/ecommerce/product-categories', 'name', 'Product categories', '2023-02-20 00:12:30', '2023-02-20 00:12:30'),
	(3345, 1, 'en', 'plugins/ecommerce/product-categories', 'create', 'Create new product category', '2023-02-20 00:12:30', '2023-02-20 00:12:30'),
	(3346, 1, 'en', 'plugins/ecommerce/product-categories', 'edit', 'Edit product category', '2023-02-20 00:12:30', '2023-02-20 00:12:30'),
	(3347, 1, 'en', 'plugins/ecommerce/product-categories', 'list', 'List product categories', '2023-02-20 00:12:30', '2023-02-20 00:12:30'),
	(3348, 1, 'en', 'plugins/ecommerce/product-categories', 'none', 'None', '2023-02-20 00:12:30', '2023-02-20 00:12:30'),
	(3349, 1, 'en', 'plugins/ecommerce/product-categories', 'menu', 'Product categories', '2023-02-20 00:12:30', '2023-02-20 00:12:30'),
	(3350, 1, 'en', 'plugins/ecommerce/product-categories', 'intro.title', 'Manage product categories', '2023-02-20 00:12:30', '2023-02-20 00:12:30'),
	(3351, 1, 'en', 'plugins/ecommerce/product-categories', 'intro.description', 'Such as clothes, shoes, bags, jewelry ...', '2023-02-20 00:12:30', '2023-02-20 00:12:30'),
	(3352, 1, 'en', 'plugins/ecommerce/product-categories', 'intro.button_text', 'Create product category', '2023-02-20 00:12:30', '2023-02-20 00:12:30'),
	(3353, 1, 'en', 'plugins/ecommerce/product-categories', 'total_products', 'Total products: :total', '2023-02-20 00:12:30', '2023-02-20 00:12:30'),
	(3354, 1, 'en', 'plugins/ecommerce/product-collections', 'name', 'Product collections', '2023-02-20 00:12:30', '2023-02-20 00:12:30'),
	(3355, 1, 'en', 'plugins/ecommerce/product-collections', 'create', 'New product collection', '2023-02-20 00:12:30', '2023-02-20 00:12:30'),
	(3356, 1, 'en', 'plugins/ecommerce/product-collections', 'edit', 'Edit product collection', '2023-02-20 00:12:30', '2023-02-20 00:12:30'),
	(3357, 1, 'en', 'plugins/ecommerce/product-collections', 'slug_help_block', 'Label key: <code>:slug</code>. We will use this key for filter.', '2023-02-20 00:12:30', '2023-02-20 00:12:30'),
	(3358, 1, 'en', 'plugins/ecommerce/product-collections', 'intro.title', 'Manage product collections', '2023-02-20 00:12:30', '2023-02-20 00:12:30'),
	(3359, 1, 'en', 'plugins/ecommerce/product-collections', 'intro.description', 'Group your products into collections to make it easier for customers to find them by category.', '2023-02-20 00:12:30', '2023-02-20 00:12:30'),
	(3360, 1, 'en', 'plugins/ecommerce/product-collections', 'intro.button_text', 'Create product collection', '2023-02-20 00:12:30', '2023-02-20 00:12:30'),
	(3361, 1, 'en', 'plugins/ecommerce/product-label', 'name', 'Product labels', '2023-02-20 00:12:30', '2023-02-20 00:12:30'),
	(3362, 1, 'en', 'plugins/ecommerce/product-label', 'create', 'New product label', '2023-02-20 00:12:30', '2023-02-20 00:12:30'),
	(3363, 1, 'en', 'plugins/ecommerce/product-label', 'edit', 'Edit product label', '2023-02-20 00:12:30', '2023-02-20 00:12:30'),
	(3364, 1, 'en', 'plugins/ecommerce/product-label', 'color', 'Color', '2023-02-20 00:12:30', '2023-02-20 00:12:30'),
	(3365, 1, 'en', 'plugins/ecommerce/product-label', 'color_placeholder', 'Example: #f0f0f0', '2023-02-20 00:12:30', '2023-02-20 00:12:30'),
	(3366, 1, 'en', 'plugins/ecommerce/product-option', 'name', 'Product options', '2023-02-20 00:12:30', '2023-02-20 00:12:30'),
	(3367, 1, 'en', 'plugins/ecommerce/product-option', 'options', 'Options', '2023-02-20 00:12:30', '2023-02-20 00:12:30'),
	(3368, 1, 'en', 'plugins/ecommerce/product-option', 'create', 'New option', '2023-02-20 00:12:30', '2023-02-20 00:12:30'),
	(3369, 1, 'en', 'plugins/ecommerce/product-option', 'edit', 'Edit option :name', '2023-02-20 00:12:30', '2023-02-20 00:12:30'),
	(3370, 1, 'en', 'plugins/ecommerce/product-option', 'required', 'Is required?', '2023-02-20 00:12:30', '2023-02-20 00:12:30'),
	(3371, 1, 'en', 'plugins/ecommerce/product-option', 'option_value', 'Option value', '2023-02-20 00:12:30', '2023-02-20 00:12:30'),
	(3372, 1, 'en', 'plugins/ecommerce/product-option', 'option_type', 'Type', '2023-02-20 00:12:30', '2023-02-20 00:12:30'),
	(3373, 1, 'en', 'plugins/ecommerce/product-option', 'label', 'Label', '2023-02-20 00:12:30', '2023-02-20 00:12:30'),
	(3374, 1, 'en', 'plugins/ecommerce/product-option', 'price', 'Price', '2023-02-20 00:12:30', '2023-02-20 00:12:30'),
	(3375, 1, 'en', 'plugins/ecommerce/product-option', 'price_type', 'Price Type', '2023-02-20 00:12:30', '2023-02-20 00:12:30'),
	(3376, 1, 'en', 'plugins/ecommerce/product-option', 'percent', 'Percent', '2023-02-20 00:12:30', '2023-02-20 00:12:30'),
	(3377, 1, 'en', 'plugins/ecommerce/product-option', 'fixed', 'Fixed', '2023-02-20 00:12:30', '2023-02-20 00:12:30'),
	(3378, 1, 'en', 'plugins/ecommerce/product-option', 'label_placeholder', 'Please fill label', '2023-02-20 00:12:30', '2023-02-20 00:12:30'),
	(3379, 1, 'en', 'plugins/ecommerce/product-option', 'affect_price_label', 'Please fill affect price', '2023-02-20 00:12:30', '2023-02-20 00:12:30'),
	(3380, 1, 'en', 'plugins/ecommerce/product-option', 'add_new_row', 'Add new row', '2023-02-20 00:12:30', '2023-02-20 00:12:30'),
	(3381, 1, 'en', 'plugins/ecommerce/product-option', 'add_new_option', 'Add new option', '2023-02-20 00:12:30', '2023-02-20 00:12:30'),
	(3382, 1, 'en', 'plugins/ecommerce/product-option', 'select_global_option', 'Select Global Option', '2023-02-20 00:12:30', '2023-02-20 00:12:30'),
	(3383, 1, 'en', 'plugins/ecommerce/product-option', 'add_global_option', 'Add Global Option', '2023-02-20 00:12:30', '2023-02-20 00:12:30'),
	(3384, 1, 'en', 'plugins/ecommerce/product-option', 'please_select_option', 'Please select option', '2023-02-20 00:12:30', '2023-02-20 00:12:30'),
	(3385, 1, 'en', 'plugins/ecommerce/product-option', 'add_to_cart_value_required', 'Option :value is required', '2023-02-20 00:12:30', '2023-02-20 00:12:30'),
	(3386, 1, 'en', 'plugins/ecommerce/product-option', 'option_value_attribute', 'value :item of :value_key on option #:option_key', '2023-02-20 00:12:30', '2023-02-20 00:12:30'),
	(3387, 1, 'en', 'plugins/ecommerce/product-option', 'option_name_attribute', 'Option :key', '2023-02-20 00:12:30', '2023-02-20 00:12:30'),
	(3388, 1, 'en', 'plugins/ecommerce/product-option', 'option_type_attribute', 'Type of option :key', '2023-02-20 00:12:30', '2023-02-20 00:12:30'),
	(3389, 1, 'en', 'plugins/ecommerce/product-option', 'option_value_name_attribute', 'Values of option :key', '2023-02-20 00:12:30', '2023-02-20 00:12:30'),
	(3390, 1, 'en', 'plugins/ecommerce/product-option', 'please_choose_option_type', 'Please choose option type!', '2023-02-20 00:12:30', '2023-02-20 00:12:30'),
	(3391, 1, 'en', 'plugins/ecommerce/product-tag', 'name', 'Product tags', '2023-02-20 00:12:30', '2023-02-20 00:12:30'),
	(3392, 1, 'en', 'plugins/ecommerce/product-tag', 'create', 'New product tag', '2023-02-20 00:12:30', '2023-02-20 00:12:30'),
	(3393, 1, 'en', 'plugins/ecommerce/product-tag', 'edit', 'Edit product tag', '2023-02-20 00:12:30', '2023-02-20 00:12:30'),
	(3394, 1, 'en', 'plugins/ecommerce/products', 'name', 'Products', '2023-02-20 00:12:30', '2023-02-20 00:12:30'),
	(3395, 1, 'en', 'plugins/ecommerce/products', 'create', 'New product', '2023-02-20 00:12:30', '2023-02-20 00:12:30'),
	(3396, 1, 'en', 'plugins/ecommerce/products', 'create_product_type.physical', 'New physical product', '2023-02-20 00:12:30', '2023-02-20 00:12:30'),
	(3397, 1, 'en', 'plugins/ecommerce/products', 'create_product_type.digital', 'New digital product', '2023-02-20 00:12:30', '2023-02-20 00:12:30'),
	(3398, 1, 'en', 'plugins/ecommerce/products', 'edit', 'Edit product - :name', '2023-02-20 00:12:30', '2023-02-20 00:12:30'),
	(3399, 1, 'en', 'plugins/ecommerce/products', 'form.name', 'Name', '2023-02-20 00:12:30', '2023-02-20 00:12:30'),
	(3400, 1, 'en', 'plugins/ecommerce/products', 'form.name_placeholder', 'Product\'s name (Maximum 120 characters)', '2023-02-20 00:12:30', '2023-02-20 00:12:30'),
	(3401, 1, 'en', 'plugins/ecommerce/products', 'form.description', 'Description', '2023-02-20 00:12:30', '2023-02-20 00:12:30'),
	(3402, 1, 'en', 'plugins/ecommerce/products', 'form.description_placeholder', 'Short description for product (Maximum 400 characters)', '2023-02-20 00:12:30', '2023-02-20 00:12:30'),
	(3403, 1, 'en', 'plugins/ecommerce/products', 'form.categories', 'Categories', '2023-02-20 00:12:30', '2023-02-20 00:12:30'),
	(3404, 1, 'en', 'plugins/ecommerce/products', 'form.content', 'Content', '2023-02-20 00:12:30', '2023-02-20 00:12:30'),
	(3405, 1, 'en', 'plugins/ecommerce/products', 'form.price', 'Price', '2023-02-20 00:12:30', '2023-02-20 00:12:30'),
	(3406, 1, 'en', 'plugins/ecommerce/products', 'form.quantity', 'Quantity', '2023-02-20 00:12:30', '2023-02-20 00:12:30'),
	(3407, 1, 'en', 'plugins/ecommerce/products', 'form.brand', 'Brand', '2023-02-20 00:12:30', '2023-02-20 00:12:30'),
	(3408, 1, 'en', 'plugins/ecommerce/products', 'form.width', 'Width', '2023-02-20 00:12:30', '2023-02-20 00:12:30'),
	(3409, 1, 'en', 'plugins/ecommerce/products', 'form.height', 'Height', '2023-02-20 00:12:30', '2023-02-20 00:12:30'),
	(3410, 1, 'en', 'plugins/ecommerce/products', 'form.weight', 'Weight', '2023-02-20 00:12:30', '2023-02-20 00:12:30'),
	(3411, 1, 'en', 'plugins/ecommerce/products', 'form.date.start', 'From date', '2023-02-20 00:12:30', '2023-02-20 00:12:30'),
	(3412, 1, 'en', 'plugins/ecommerce/products', 'form.date.end', 'To date', '2023-02-20 00:12:30', '2023-02-20 00:12:30'),
	(3413, 1, 'en', 'plugins/ecommerce/products', 'form.image', 'Images', '2023-02-20 00:12:30', '2023-02-20 00:12:30'),
	(3414, 1, 'en', 'plugins/ecommerce/products', 'form.collections', 'Product collections', '2023-02-20 00:12:30', '2023-02-20 00:12:30'),
	(3415, 1, 'en', 'plugins/ecommerce/products', 'form.labels', 'Labels', '2023-02-20 00:12:30', '2023-02-20 00:12:30'),
	(3416, 1, 'en', 'plugins/ecommerce/products', 'form.price_sale', 'Price sale', '2023-02-20 00:12:30', '2023-02-20 00:12:30'),
	(3417, 1, 'en', 'plugins/ecommerce/products', 'form.product_type.title', 'Product type', '2023-02-20 00:12:30', '2023-02-20 00:12:30'),
	(3418, 1, 'en', 'plugins/ecommerce/products', 'form.product', 'Product', '2023-02-20 00:12:30', '2023-02-20 00:12:30'),
	(3419, 1, 'en', 'plugins/ecommerce/products', 'form.total', 'Total', '2023-02-20 00:12:30', '2023-02-20 00:12:30'),
	(3420, 1, 'en', 'plugins/ecommerce/products', 'form.sub_total', 'Subtotal', '2023-02-20 00:12:30', '2023-02-20 00:12:30'),
	(3421, 1, 'en', 'plugins/ecommerce/products', 'form.shipping_fee', 'Shipping fee', '2023-02-20 00:12:30', '2023-02-20 00:12:30'),
	(3422, 1, 'en', 'plugins/ecommerce/products', 'form.discount', 'Discount', '2023-02-20 00:12:30', '2023-02-20 00:12:30'),
	(3423, 1, 'en', 'plugins/ecommerce/products', 'form.options', 'Options', '2023-02-20 00:12:30', '2023-02-20 00:12:30'),
	(3424, 1, 'en', 'plugins/ecommerce/products', 'form.shipping.height', 'Height', '2023-02-20 00:12:30', '2023-02-20 00:12:30'),
	(3425, 1, 'en', 'plugins/ecommerce/products', 'form.shipping.length', 'Length', '2023-02-20 00:12:30', '2023-02-20 00:12:30'),
	(3426, 1, 'en', 'plugins/ecommerce/products', 'form.shipping.title', 'Shipping', '2023-02-20 00:12:30', '2023-02-20 00:12:30'),
	(3427, 1, 'en', 'plugins/ecommerce/products', 'form.shipping.weight', 'Weight', '2023-02-20 00:12:30', '2023-02-20 00:12:30'),
	(3428, 1, 'en', 'plugins/ecommerce/products', 'form.shipping.wide', 'Wide', '2023-02-20 00:12:30', '2023-02-20 00:12:30'),
	(3429, 1, 'en', 'plugins/ecommerce/products', 'form.barcode', 'Barcode (ISBN, UPC, GTIN, etc.) ', '2023-02-20 00:12:30', '2023-02-20 00:12:30'),
	(3430, 1, 'en', 'plugins/ecommerce/products', 'form.barcode_placeholder', 'Enter barcode', '2023-02-20 00:12:30', '2023-02-20 00:12:30'),
	(3431, 1, 'en', 'plugins/ecommerce/products', 'form.cost_per_item', 'Cost per item', '2023-02-20 00:12:30', '2023-02-20 00:12:30'),
	(3432, 1, 'en', 'plugins/ecommerce/products', 'form.cost_per_item_placeholder', 'Enter cost per item', '2023-02-20 00:12:30', '2023-02-20 00:12:30'),
	(3433, 1, 'en', 'plugins/ecommerce/products', 'form.cost_per_item_helper', 'Customers won\'t see this price.', '2023-02-20 00:12:30', '2023-02-20 00:12:30'),
	(3434, 1, 'en', 'plugins/ecommerce/products', 'form.stock.allow_order_when_out', 'Allow customer checkout when this product out of stock', '2023-02-20 00:12:30', '2023-02-20 00:12:30'),
	(3435, 1, 'en', 'plugins/ecommerce/products', 'form.stock.in_stock', 'In stock', '2023-02-20 00:12:30', '2023-02-20 00:12:30'),
	(3436, 1, 'en', 'plugins/ecommerce/products', 'form.stock.out_stock', 'Out stock', '2023-02-20 00:12:30', '2023-02-20 00:12:30'),
	(3437, 1, 'en', 'plugins/ecommerce/products', 'form.stock.title', 'Stock status', '2023-02-20 00:12:30', '2023-02-20 00:12:30'),
	(3438, 1, 'en', 'plugins/ecommerce/products', 'form.storehouse.no_storehouse', 'No storehouse management', '2023-02-20 00:12:30', '2023-02-20 00:12:30'),
	(3439, 1, 'en', 'plugins/ecommerce/products', 'form.storehouse.storehouse', 'With storehouse management', '2023-02-20 00:12:30', '2023-02-20 00:12:30'),
	(3440, 1, 'en', 'plugins/ecommerce/products', 'form.storehouse.title', 'Storehouse', '2023-02-20 00:12:30', '2023-02-20 00:12:30'),
	(3441, 1, 'en', 'plugins/ecommerce/products', 'form.storehouse.quantity', 'Quantity', '2023-02-20 00:12:30', '2023-02-20 00:12:30'),
	(3442, 1, 'en', 'plugins/ecommerce/products', 'form.tax', 'Tax', '2023-02-20 00:12:30', '2023-02-20 00:12:30'),
	(3443, 1, 'en', 'plugins/ecommerce/products', 'form.taxes', 'Taxes', '2023-02-20 00:12:30', '2023-02-20 00:12:30'),
	(3444, 1, 'en', 'plugins/ecommerce/products', 'form.is_default', 'Is default', '2023-02-20 00:12:30', '2023-02-20 00:12:30'),
	(3445, 1, 'en', 'plugins/ecommerce/products', 'form.action', 'Action', '2023-02-20 00:12:30', '2023-02-20 00:12:30'),
	(3446, 1, 'en', 'plugins/ecommerce/products', 'form.restock_quantity', 'Restock quantity', '2023-02-20 00:12:30', '2023-02-20 00:12:30'),
	(3447, 1, 'en', 'plugins/ecommerce/products', 'form.remain', 'Remain', '2023-02-20 00:12:30', '2023-02-20 00:12:30'),
	(3448, 1, 'en', 'plugins/ecommerce/products', 'form.choose_discount_period', 'Choose Discount Period', '2023-02-20 00:12:30', '2023-02-20 00:12:30'),
	(3449, 1, 'en', 'plugins/ecommerce/products', 'form.cancel', 'Cancel', '2023-02-20 00:12:30', '2023-02-20 00:12:30'),
	(3450, 1, 'en', 'plugins/ecommerce/products', 'form.no_results', 'No results!', '2023-02-20 00:12:30', '2023-02-20 00:12:30'),
	(3451, 1, 'en', 'plugins/ecommerce/products', 'form.value', 'Value', '2023-02-20 00:12:30', '2023-02-20 00:12:30'),
	(3452, 1, 'en', 'plugins/ecommerce/products', 'form.attribute_name', 'Attribute name', '2023-02-20 00:12:30', '2023-02-20 00:12:30'),
	(3453, 1, 'en', 'plugins/ecommerce/products', 'form.add_more_attribute', 'Add more attribute', '2023-02-20 00:12:30', '2023-02-20 00:12:30'),
	(3454, 1, 'en', 'plugins/ecommerce/products', 'form.continue', 'Continue', '2023-02-20 00:12:30', '2023-02-20 00:12:30'),
	(3455, 1, 'en', 'plugins/ecommerce/products', 'form.add_new_attributes', 'Add new attributes', '2023-02-20 00:12:30', '2023-02-20 00:12:30'),
	(3456, 1, 'en', 'plugins/ecommerce/products', 'form.add_new_attributes_description', 'Adding new attributes helps the product to have many options, such as size or color.', '2023-02-20 00:12:30', '2023-02-20 00:12:30'),
	(3457, 1, 'en', 'plugins/ecommerce/products', 'form.create_product_variations', ':link to create product variations!', '2023-02-20 00:12:30', '2023-02-20 00:12:30'),
	(3458, 1, 'en', 'plugins/ecommerce/products', 'form.tags', 'Tags', '2023-02-20 00:12:30', '2023-02-20 00:12:30'),
	(3459, 1, 'en', 'plugins/ecommerce/products', 'form.write_some_tags', 'Write some tags', '2023-02-20 00:12:30', '2023-02-20 00:12:30'),
	(3460, 1, 'en', 'plugins/ecommerce/products', 'form.variation_existed', 'This variation is existed.', '2023-02-20 00:12:30', '2023-02-20 00:12:30'),
	(3461, 1, 'en', 'plugins/ecommerce/products', 'form.no_attributes_selected', 'No attributes selected!', '2023-02-20 00:12:30', '2023-02-20 00:12:30'),
	(3462, 1, 'en', 'plugins/ecommerce/products', 'form.added_variation_success', 'Added variation successfully!', '2023-02-20 00:12:30', '2023-02-20 00:12:30'),
	(3463, 1, 'en', 'plugins/ecommerce/products', 'form.updated_variation_success', 'Updated variation successfully!', '2023-02-20 00:12:30', '2023-02-20 00:12:30'),
	(3464, 1, 'en', 'plugins/ecommerce/products', 'form.created_all_variation_success', 'Created all variations successfully!', '2023-02-20 00:12:30', '2023-02-20 00:12:30'),
	(3465, 1, 'en', 'plugins/ecommerce/products', 'form.updated_product_attributes_success', 'Updated product attributes successfully!', '2023-02-20 00:12:31', '2023-02-20 00:12:31'),
	(3466, 1, 'en', 'plugins/ecommerce/products', 'form.stock_status', 'Stock status', '2023-02-20 00:12:31', '2023-02-20 00:12:31'),
	(3467, 1, 'en', 'plugins/ecommerce/products', 'form.auto_generate_sku', 'Auto generate SKU?', '2023-02-20 00:12:31', '2023-02-20 00:12:31'),
	(3468, 1, 'en', 'plugins/ecommerce/products', 'form.featured_image', 'Featured image (optional)', '2023-02-20 00:12:31', '2023-02-20 00:12:31'),
	(3469, 1, 'en', 'plugins/ecommerce/products', 'form.product_id', 'Product ID', '2023-02-20 00:12:31', '2023-02-20 00:12:31'),
	(3470, 1, 'en', 'plugins/ecommerce/products', 'price', 'Price', '2023-02-20 00:12:31', '2023-02-20 00:12:31'),
	(3471, 1, 'en', 'plugins/ecommerce/products', 'quantity', 'Quantity', '2023-02-20 00:12:31', '2023-02-20 00:12:31'),
	(3472, 1, 'en', 'plugins/ecommerce/products', 'type', 'Type', '2023-02-20 00:12:31', '2023-02-20 00:12:31'),
	(3473, 1, 'en', 'plugins/ecommerce/products', 'image', 'Thumbnail', '2023-02-20 00:12:31', '2023-02-20 00:12:31'),
	(3474, 1, 'en', 'plugins/ecommerce/products', 'sku', 'SKU (Stock Keeping Unit)', '2023-02-20 00:12:31', '2023-02-20 00:12:31'),
	(3475, 1, 'en', 'plugins/ecommerce/products', 'variation_sku', 'Variation SKU', '2023-02-20 00:12:31', '2023-02-20 00:12:31'),
	(3476, 1, 'en', 'plugins/ecommerce/products', 'brand', 'Brand', '2023-02-20 00:12:31', '2023-02-20 00:12:31'),
	(3477, 1, 'en', 'plugins/ecommerce/products', 'cannot_delete', 'Product could not be deleted', '2023-02-20 00:12:31', '2023-02-20 00:12:31'),
	(3478, 1, 'en', 'plugins/ecommerce/products', 'product_deleted', 'Product deleted', '2023-02-20 00:12:31', '2023-02-20 00:12:31'),
	(3479, 1, 'en', 'plugins/ecommerce/products', 'product_collections', 'Product collections', '2023-02-20 00:12:31', '2023-02-20 00:12:31'),
	(3480, 1, 'en', 'plugins/ecommerce/products', 'products', 'Products', '2023-02-20 00:12:31', '2023-02-20 00:12:31'),
	(3481, 1, 'en', 'plugins/ecommerce/products', 'menu', 'Products', '2023-02-20 00:12:31', '2023-02-20 00:12:31'),
	(3482, 1, 'en', 'plugins/ecommerce/products', 'control.button_add_image', 'Add image', '2023-02-20 00:12:31', '2023-02-20 00:12:31'),
	(3483, 1, 'en', 'plugins/ecommerce/products', 'price_sale', 'Sale price', '2023-02-20 00:12:31', '2023-02-20 00:12:31'),
	(3484, 1, 'en', 'plugins/ecommerce/products', 'price_group_title', 'Manager product price', '2023-02-20 00:12:31', '2023-02-20 00:12:31'),
	(3485, 1, 'en', 'plugins/ecommerce/products', 'store_house_group_title', 'Manager store house', '2023-02-20 00:12:31', '2023-02-20 00:12:31'),
	(3486, 1, 'en', 'plugins/ecommerce/products', 'shipping_group_title', 'Manager shipping', '2023-02-20 00:12:31', '2023-02-20 00:12:31'),
	(3487, 1, 'en', 'plugins/ecommerce/products', 'overview', 'Overview', '2023-02-20 00:12:31', '2023-02-20 00:12:31'),
	(3488, 1, 'en', 'plugins/ecommerce/products', 'attributes', 'Attributes', '2023-02-20 00:12:31', '2023-02-20 00:12:31'),
	(3489, 1, 'en', 'plugins/ecommerce/products', 'product_has_variations', 'Product has variations', '2023-02-20 00:12:31', '2023-02-20 00:12:31'),
	(3490, 1, 'en', 'plugins/ecommerce/products', 'manage_products', 'Manage products', '2023-02-20 00:12:31', '2023-02-20 00:12:31'),
	(3491, 1, 'en', 'plugins/ecommerce/products', 'add_new_product', 'Add a new product', '2023-02-20 00:12:31', '2023-02-20 00:12:31'),
	(3492, 1, 'en', 'plugins/ecommerce/products', 'start_by_adding_new_product', 'Start by adding new products.', '2023-02-20 00:12:31', '2023-02-20 00:12:31'),
	(3493, 1, 'en', 'plugins/ecommerce/products', 'edit_this_product', 'Edit this product', '2023-02-20 00:12:31', '2023-02-20 00:12:31'),
	(3494, 1, 'en', 'plugins/ecommerce/products', 'delete', 'Delete', '2023-02-20 00:12:31', '2023-02-20 00:12:31'),
	(3495, 1, 'en', 'plugins/ecommerce/products', 'related_products', 'Related products', '2023-02-20 00:12:31', '2023-02-20 00:12:31'),
	(3496, 1, 'en', 'plugins/ecommerce/products', 'cross_selling_products', 'Cross-selling products', '2023-02-20 00:12:31', '2023-02-20 00:12:31'),
	(3497, 1, 'en', 'plugins/ecommerce/products', 'up_selling_products', 'Up-selling products', '2023-02-20 00:12:31', '2023-02-20 00:12:31'),
	(3498, 1, 'en', 'plugins/ecommerce/products', 'grouped_products', 'Grouped products', '2023-02-20 00:12:31', '2023-02-20 00:12:31'),
	(3499, 1, 'en', 'plugins/ecommerce/products', 'search_products', 'Search products', '2023-02-20 00:12:31', '2023-02-20 00:12:31'),
	(3500, 1, 'en', 'plugins/ecommerce/products', 'selected_products', 'Selected products', '2023-02-20 00:12:31', '2023-02-20 00:12:31'),
	(3501, 1, 'en', 'plugins/ecommerce/products', 'edit_variation_item', 'Edit', '2023-02-20 00:12:31', '2023-02-20 00:12:31'),
	(3502, 1, 'en', 'plugins/ecommerce/products', 'variations_box_description', 'Click on "Edit attribute" to add/remove attributes of variation or click on "Add new variation" to add variation.', '2023-02-20 00:12:31', '2023-02-20 00:12:31'),
	(3503, 1, 'en', 'plugins/ecommerce/products', 'save_changes', 'Save changes', '2023-02-20 00:12:31', '2023-02-20 00:12:31'),
	(3504, 1, 'en', 'plugins/ecommerce/products', 'continue', 'Continue', '2023-02-20 00:12:31', '2023-02-20 00:12:31'),
	(3505, 1, 'en', 'plugins/ecommerce/products', 'edit_attribute', 'Edit attribute', '2023-02-20 00:12:31', '2023-02-20 00:12:31'),
	(3506, 1, 'en', 'plugins/ecommerce/products', 'select_attribute', 'Select attribute', '2023-02-20 00:12:31', '2023-02-20 00:12:31'),
	(3507, 1, 'en', 'plugins/ecommerce/products', 'add_new_variation', 'Add new variation', '2023-02-20 00:12:31', '2023-02-20 00:12:31'),
	(3508, 1, 'en', 'plugins/ecommerce/products', 'edit_variation', 'Edit variation', '2023-02-20 00:12:31', '2023-02-20 00:12:31'),
	(3509, 1, 'en', 'plugins/ecommerce/products', 'generate_all_variations', 'Generate all variations', '2023-02-20 00:12:31', '2023-02-20 00:12:31'),
	(3510, 1, 'en', 'plugins/ecommerce/products', 'generate_all_variations_confirmation', 'Are you sure you want to generate all variations for this product?', '2023-02-20 00:12:31', '2023-02-20 00:12:31'),
	(3511, 1, 'en', 'plugins/ecommerce/products', 'delete_variation', 'Delete variation?', '2023-02-20 00:12:31', '2023-02-20 00:12:31'),
	(3512, 1, 'en', 'plugins/ecommerce/products', 'delete_variation_confirmation', 'Are you sure you want to delete this variation? This action cannot be undo.', '2023-02-20 00:12:31', '2023-02-20 00:12:31'),
	(3513, 1, 'en', 'plugins/ecommerce/products', 'delete_variations_confirmation', 'Are you sure you want to delete those variations? This action cannot be undo.', '2023-02-20 00:12:31', '2023-02-20 00:12:31'),
	(3514, 1, 'en', 'plugins/ecommerce/products', 'product_create_validate_name_required', 'Please enter product\'s name', '2023-02-20 00:12:31', '2023-02-20 00:12:31'),
	(3515, 1, 'en', 'plugins/ecommerce/products', 'product_create_validate_sale_price_max', 'The discount must be less than the original price', '2023-02-20 00:12:31', '2023-02-20 00:12:31'),
	(3516, 1, 'en', 'plugins/ecommerce/products', 'product_create_validate_cost_per_item_max', 'The cost per item must be less than the original price', '2023-02-20 00:12:31', '2023-02-20 00:12:31'),
	(3517, 1, 'en', 'plugins/ecommerce/products', 'product_create_validate_sale_price_required_if', 'Must enter a discount when you want to schedule a promotion', '2023-02-20 00:12:31', '2023-02-20 00:12:31'),
	(3518, 1, 'en', 'plugins/ecommerce/products', 'product_create_validate_end_date_after', 'End date must be after start date', '2023-02-20 00:12:31', '2023-02-20 00:12:31'),
	(3519, 1, 'en', 'plugins/ecommerce/products', 'product_create_validate_start_date_required_if', 'Discount start date cannot be left blank when scheduling is selected', '2023-02-20 00:12:31', '2023-02-20 00:12:31'),
	(3520, 1, 'en', 'plugins/ecommerce/products', 'product_create_validate_sale_price', 'Discounts cannot be left blank when scheduling is selected', '2023-02-20 00:12:31', '2023-02-20 00:12:31'),
	(3521, 1, 'en', 'plugins/ecommerce/products', 'stock_statuses.in_stock', 'In stock', '2023-02-20 00:12:31', '2023-02-20 00:12:31'),
	(3522, 1, 'en', 'plugins/ecommerce/products', 'stock_statuses.out_of_stock', 'Out of stock', '2023-02-20 00:12:31', '2023-02-20 00:12:31'),
	(3523, 1, 'en', 'plugins/ecommerce/products', 'stock_statuses.on_backorder', 'On backorder', '2023-02-20 00:12:31', '2023-02-20 00:12:31'),
	(3524, 1, 'en', 'plugins/ecommerce/products', 'stock_status', 'Stock status', '2023-02-20 00:12:31', '2023-02-20 00:12:31'),
	(3525, 1, 'en', 'plugins/ecommerce/products', 'processing', 'Processing...', '2023-02-20 00:12:31', '2023-02-20 00:12:31'),
	(3526, 1, 'en', 'plugins/ecommerce/products', 'delete_selected_variations', 'Delete selected variations', '2023-02-20 00:12:31', '2023-02-20 00:12:31'),
	(3527, 1, 'en', 'plugins/ecommerce/products', 'delete_variations', 'Delete variations', '2023-02-20 00:12:31', '2023-02-20 00:12:31'),
	(3528, 1, 'en', 'plugins/ecommerce/products', 'category', 'Category', '2023-02-20 00:12:31', '2023-02-20 00:12:31'),
	(3529, 1, 'en', 'plugins/ecommerce/products', 'product_price_flash_sale_warning', 'This product is in flash sale <strong>:name</strong> so its price is <strong>:price</strong>.', '2023-02-20 00:12:31', '2023-02-20 00:12:31'),
	(3530, 1, 'en', 'plugins/ecommerce/products', 'product_price_discount_warning', 'This product is in discount <strong>:name</strong> so its price is <strong>:price</strong>.', '2023-02-20 00:12:31', '2023-02-20 00:12:31'),
	(3531, 1, 'en', 'plugins/ecommerce/products', 'product_image', 'Product image', '2023-02-20 00:12:31', '2023-02-20 00:12:31'),
	(3532, 1, 'en', 'plugins/ecommerce/products', 'product_name', 'Product name', '2023-02-20 00:12:31', '2023-02-20 00:12:31'),
	(3533, 1, 'en', 'plugins/ecommerce/products', 'types.physical', 'Physical', '2023-02-20 00:12:31', '2023-02-20 00:12:31'),
	(3534, 1, 'en', 'plugins/ecommerce/products', 'types.digital', 'Digital', '2023-02-20 00:12:31', '2023-02-20 00:12:31'),
	(3535, 1, 'en', 'plugins/ecommerce/products', 'digital_attachments.title', 'Digital attachments', '2023-02-20 00:12:31', '2023-02-20 00:12:31'),
	(3536, 1, 'en', 'plugins/ecommerce/products', 'digital_attachments.add', 'Add Attachment', '2023-02-20 00:12:31', '2023-02-20 00:12:31'),
	(3537, 1, 'en', 'plugins/ecommerce/products', 'digital_attachments.file_name', 'File name', '2023-02-20 00:12:31', '2023-02-20 00:12:31'),
	(3538, 1, 'en', 'plugins/ecommerce/products', 'digital_attachments.file_size', 'File size', '2023-02-20 00:12:31', '2023-02-20 00:12:31'),
	(3539, 1, 'en', 'plugins/ecommerce/products', 'digital_attachments.unsaved', 'Unsaved', '2023-02-20 00:12:31', '2023-02-20 00:12:31'),
	(3540, 1, 'en', 'plugins/ecommerce/reports', 'name', 'Report', '2023-02-20 00:12:31', '2023-02-20 00:12:31'),
	(3541, 1, 'en', 'plugins/ecommerce/reports', 'widget.order.title', 'Orders', '2023-02-20 00:12:31', '2023-02-20 00:12:31'),
	(3542, 1, 'en', 'plugins/ecommerce/reports', 'count.revenue', 'Today revenue', '2023-02-20 00:12:31', '2023-02-20 00:12:31'),
	(3543, 1, 'en', 'plugins/ecommerce/reports', 'count.orders', 'Today orders', '2023-02-20 00:12:31', '2023-02-20 00:12:31'),
	(3544, 1, 'en', 'plugins/ecommerce/reports', 'count.products', 'Total products', '2023-02-20 00:12:31', '2023-02-20 00:12:31'),
	(3545, 1, 'en', 'plugins/ecommerce/reports', 'count.customers', 'Total customers', '2023-02-20 00:12:31', '2023-02-20 00:12:31'),
	(3546, 1, 'en', 'plugins/ecommerce/reports', 'product_name', 'Product name', '2023-02-20 00:12:31', '2023-02-20 00:12:31'),
	(3547, 1, 'en', 'plugins/ecommerce/reports', 'quantity', 'Quantity', '2023-02-20 00:12:31', '2023-02-20 00:12:31'),
	(3548, 1, 'en', 'plugins/ecommerce/reports', 'revenue_statistics', 'Revenue statistics', '2023-02-20 00:12:31', '2023-02-20 00:12:31'),
	(3549, 1, 'en', 'plugins/ecommerce/reports', 'top_selling_products', 'Top Selling Products', '2023-02-20 00:12:31', '2023-02-20 00:12:31'),
	(3550, 1, 'en', 'plugins/ecommerce/reports', 'ranges.today', 'Today', '2023-02-20 00:12:31', '2023-02-20 00:12:31'),
	(3551, 1, 'en', 'plugins/ecommerce/reports', 'ranges.this_week', 'This week', '2023-02-20 00:12:31', '2023-02-20 00:12:31'),
	(3552, 1, 'en', 'plugins/ecommerce/reports', 'ranges.last_7_days', 'Last 7 days', '2023-02-20 00:12:31', '2023-02-20 00:12:31'),
	(3553, 1, 'en', 'plugins/ecommerce/reports', 'ranges.last_30_days', 'Last 30 days', '2023-02-20 00:12:31', '2023-02-20 00:12:31'),
	(3554, 1, 'en', 'plugins/ecommerce/reports', 'ranges.this_month', 'This month', '2023-02-20 00:12:31', '2023-02-20 00:12:31'),
	(3555, 1, 'en', 'plugins/ecommerce/reports', 'ranges.this_year', 'This year', '2023-02-20 00:12:31', '2023-02-20 00:12:31'),
	(3556, 1, 'en', 'plugins/ecommerce/reports', 'revenue_this_month', 'Revenue this month', '2023-02-20 00:12:31', '2023-02-20 00:12:31'),
	(3557, 1, 'en', 'plugins/ecommerce/reports', 'order_processing_this_month', 'order(s) processing in this month', '2023-02-20 00:12:31', '2023-02-20 00:12:31'),
	(3558, 1, 'en', 'plugins/ecommerce/reports', 'order_completed_this_month', 'order(s) completed in this month', '2023-02-20 00:12:31', '2023-02-20 00:12:31'),
	(3559, 1, 'en', 'plugins/ecommerce/reports', 'product_will_be_out_of_stock', 'product(s) will be out of stock soon', '2023-02-20 00:12:31', '2023-02-20 00:12:31'),
	(3560, 1, 'en', 'plugins/ecommerce/reports', 'product_out_of_stock', 'product(s) out of stock', '2023-02-20 00:12:31', '2023-02-20 00:12:31'),
	(3561, 1, 'en', 'plugins/ecommerce/reports', 'sales_reports', 'Sales Reports', '2023-02-20 00:12:31', '2023-02-20 00:12:31'),
	(3562, 1, 'en', 'plugins/ecommerce/reports', 'total_earnings', 'Total Earnings', '2023-02-20 00:12:31', '2023-02-20 00:12:31'),
	(3563, 1, 'en', 'plugins/ecommerce/reports', 'recent_orders', 'Recent Orders', '2023-02-20 00:12:31', '2023-02-20 00:12:31'),
	(3564, 1, 'en', 'plugins/ecommerce/reports', 'trending_products', 'Trending Products', '2023-02-20 00:12:31', '2023-02-20 00:12:31'),
	(3565, 1, 'en', 'plugins/ecommerce/reports', 'statistics', 'Statistics', '2023-02-20 00:12:31', '2023-02-20 00:12:31'),
	(3566, 1, 'en', 'plugins/ecommerce/reports', 'items_earning_sales', 'Items Earning Sales: :value', '2023-02-20 00:12:31', '2023-02-20 00:12:31'),
	(3567, 1, 'en', 'plugins/ecommerce/reports', 'revenue', 'Revenue', '2023-02-20 00:12:31', '2023-02-20 00:12:31'),
	(3568, 1, 'en', 'plugins/ecommerce/reports', 'orders', 'Orders', '2023-02-20 00:12:31', '2023-02-20 00:12:31'),
	(3569, 1, 'en', 'plugins/ecommerce/reports', 'products', 'Products', '2023-02-20 00:12:31', '2023-02-20 00:12:31'),
	(3570, 1, 'en', 'plugins/ecommerce/reports', 'customers', 'Customers', '2023-02-20 00:12:31', '2023-02-20 00:12:31'),
	(3571, 1, 'en', 'plugins/ecommerce/reports', 'earnings', 'Earnings', '2023-02-20 00:12:31', '2023-02-20 00:12:31'),
	(3572, 1, 'en', 'plugins/ecommerce/reports', 'views', 'Views', '2023-02-20 00:12:31', '2023-02-20 00:12:31'),
	(3573, 1, 'en', 'plugins/ecommerce/reports', 'date_range_format_value', 'From :from to :to', '2023-02-20 00:12:31', '2023-02-20 00:12:31'),
	(3574, 1, 'en', 'plugins/ecommerce/reports', 'select_range', 'Select Range', '2023-02-20 00:12:31', '2023-02-20 00:12:31'),
	(3575, 1, 'en', 'plugins/ecommerce/reports', 'customers_chart', 'Customers', '2023-02-20 00:12:31', '2023-02-20 00:12:31'),
	(3576, 1, 'en', 'plugins/ecommerce/reports', 'orders_chart', 'Orders', '2023-02-20 00:12:31', '2023-02-20 00:12:31'),
	(3577, 1, 'en', 'plugins/ecommerce/reports', 'number_of_orders', 'Number of orders', '2023-02-20 00:12:31', '2023-02-20 00:12:31'),
	(3578, 1, 'en', 'plugins/ecommerce/reports', 'number_of_customers', 'Number of customers', '2023-02-20 00:12:31', '2023-02-20 00:12:31'),
	(3579, 1, 'en', 'plugins/ecommerce/review', 'name', 'Reviews', '2023-02-20 00:12:31', '2023-02-20 00:12:31'),
	(3580, 1, 'en', 'plugins/ecommerce/review', 'add_review', 'Add review', '2023-02-20 00:12:31', '2023-02-20 00:12:31'),
	(3581, 1, 'en', 'plugins/ecommerce/review', 'delete_review', 'Delete review', '2023-02-20 00:12:31', '2023-02-20 00:12:31'),
	(3582, 1, 'en', 'plugins/ecommerce/review', 'create_review', 'Create Review', '2023-02-20 00:12:31', '2023-02-20 00:12:31'),
	(3583, 1, 'en', 'plugins/ecommerce/review', 'please_select_rating', 'Please select rating', '2023-02-20 00:12:31', '2023-02-20 00:12:31'),
	(3584, 1, 'en', 'plugins/ecommerce/review', 'comment', 'Comment', '2023-02-20 00:12:31', '2023-02-20 00:12:31'),
	(3585, 1, 'en', 'plugins/ecommerce/review', 'approve', 'Approve', '2023-02-20 00:12:31', '2023-02-20 00:12:31'),
	(3586, 1, 'en', 'plugins/ecommerce/review', 'approved', 'Approved', '2023-02-20 00:12:31', '2023-02-20 00:12:31'),
	(3587, 1, 'en', 'plugins/ecommerce/review', 'disapprove', 'Disapprove', '2023-02-20 00:12:31', '2023-02-20 00:12:31'),
	(3588, 1, 'en', 'plugins/ecommerce/review', 'disapproved', 'Disapproved', '2023-02-20 00:12:31', '2023-02-20 00:12:31'),
	(3589, 1, 'en', 'plugins/ecommerce/review', 'product', 'Product', '2023-02-20 00:12:31', '2023-02-20 00:12:31'),
	(3590, 1, 'en', 'plugins/ecommerce/review', 'user', 'User', '2023-02-20 00:12:31', '2023-02-20 00:12:31'),
	(3591, 1, 'en', 'plugins/ecommerce/review', 'star', 'Star', '2023-02-20 00:12:31', '2023-02-20 00:12:31'),
	(3592, 1, 'en', 'plugins/ecommerce/review', 'status', 'Status', '2023-02-20 00:12:31', '2023-02-20 00:12:31'),
	(3593, 1, 'en', 'plugins/ecommerce/review', 'list_review', 'Customer reviews', '2023-02-20 00:12:31', '2023-02-20 00:12:31'),
	(3594, 1, 'en', 'plugins/ecommerce/review', 'intro.title', 'Manage customer reviews', '2023-02-20 00:12:31', '2023-02-20 00:12:31'),
	(3595, 1, 'en', 'plugins/ecommerce/review', 'intro.description', 'Customer reviews will be shown here and you can manage it to show/hide in product detail page.', '2023-02-20 00:12:31', '2023-02-20 00:12:31'),
	(3596, 1, 'en', 'plugins/ecommerce/review', 'images', 'Images', '2023-02-20 00:12:31', '2023-02-20 00:12:31'),
	(3597, 1, 'en', 'plugins/ecommerce/shipping', 'name', 'Shipping Rules', '2023-02-20 00:12:31', '2023-02-20 00:12:31'),
	(3598, 1, 'en', 'plugins/ecommerce/shipping', 'shipping', 'Shipping', '2023-02-20 00:12:31', '2023-02-20 00:12:31'),
	(3599, 1, 'en', 'plugins/ecommerce/shipping', 'title', 'Title', '2023-02-20 00:12:31', '2023-02-20 00:12:31'),
	(3600, 1, 'en', 'plugins/ecommerce/shipping', 'amount', 'Amount', '2023-02-20 00:12:31', '2023-02-20 00:12:31'),
	(3601, 1, 'en', 'plugins/ecommerce/shipping', 'enable', 'Enable', '2023-02-20 00:12:31', '2023-02-20 00:12:31'),
	(3602, 1, 'en', 'plugins/ecommerce/shipping', 'enabled', 'Enabled', '2023-02-20 00:12:31', '2023-02-20 00:12:31'),
	(3603, 1, 'en', 'plugins/ecommerce/shipping', 'disable', 'Disable', '2023-02-20 00:12:31', '2023-02-20 00:12:31'),
	(3604, 1, 'en', 'plugins/ecommerce/shipping', 'disabled', 'Disabled', '2023-02-20 00:12:31', '2023-02-20 00:12:31'),
	(3605, 1, 'en', 'plugins/ecommerce/shipping', 'create_shipping', 'Create a shipping', '2023-02-20 00:12:31', '2023-02-20 00:12:31'),
	(3606, 1, 'en', 'plugins/ecommerce/shipping', 'edit_shipping', 'Edit shipping :code', '2023-02-20 00:12:31', '2023-02-20 00:12:31'),
	(3607, 1, 'en', 'plugins/ecommerce/shipping', 'status', 'Status', '2023-02-20 00:12:31', '2023-02-20 00:12:31'),
	(3608, 1, 'en', 'plugins/ecommerce/shipping', 'shipping_methods', 'Shipping methods', '2023-02-20 00:12:31', '2023-02-20 00:12:31'),
	(3609, 1, 'en', 'plugins/ecommerce/shipping', 'create_shipping_method', 'Create shipping method', '2023-02-20 00:12:31', '2023-02-20 00:12:31'),
	(3610, 1, 'en', 'plugins/ecommerce/shipping', 'edit_shipping_method', 'Edit shipping method', '2023-02-20 00:12:31', '2023-02-20 00:12:31'),
	(3611, 1, 'en', 'plugins/ecommerce/shipping', 'add_shipping_region', 'Add shipping region', '2023-02-20 00:12:31', '2023-02-20 00:12:31'),
	(3612, 1, 'en', 'plugins/ecommerce/shipping', 'country', 'Country', '2023-02-20 00:12:31', '2023-02-20 00:12:31'),
	(3613, 1, 'en', 'plugins/ecommerce/shipping', 'state', 'State', '2023-02-20 00:12:31', '2023-02-20 00:12:31'),
	(3614, 1, 'en', 'plugins/ecommerce/shipping', 'city', 'City', '2023-02-20 00:12:31', '2023-02-20 00:12:31'),
	(3615, 1, 'en', 'plugins/ecommerce/shipping', 'address', 'Address', '2023-02-20 00:12:31', '2023-02-20 00:12:31'),
	(3616, 1, 'en', 'plugins/ecommerce/shipping', 'phone', 'Phone', '2023-02-20 00:12:31', '2023-02-20 00:12:31'),
	(3617, 1, 'en', 'plugins/ecommerce/shipping', 'email', 'Email', '2023-02-20 00:12:31', '2023-02-20 00:12:31'),
	(3618, 1, 'en', 'plugins/ecommerce/shipping', 'zip_code', 'Zip code', '2023-02-20 00:12:31', '2023-02-20 00:12:31'),
	(3619, 1, 'en', 'plugins/ecommerce/shipping', 'methods.default', 'Default', '2023-02-20 00:12:31', '2023-02-20 00:12:31'),
	(3620, 1, 'en', 'plugins/ecommerce/shipping', 'statuses.not_approved', 'Not approved', '2023-02-20 00:12:31', '2023-02-20 00:12:31'),
	(3621, 1, 'en', 'plugins/ecommerce/shipping', 'statuses.approved', 'Approved', '2023-02-20 00:12:31', '2023-02-20 00:12:31'),
	(3622, 1, 'en', 'plugins/ecommerce/shipping', 'statuses.pending', 'Pending', '2023-02-20 00:12:31', '2023-02-20 00:12:31'),
	(3623, 1, 'en', 'plugins/ecommerce/shipping', 'statuses.arrange_shipment', 'Arrange shipment', '2023-02-20 00:12:31', '2023-02-20 00:12:31'),
	(3624, 1, 'en', 'plugins/ecommerce/shipping', 'statuses.ready_to_be_shipped_out', 'Ready to be shipped out', '2023-02-20 00:12:31', '2023-02-20 00:12:31'),
	(3625, 1, 'en', 'plugins/ecommerce/shipping', 'statuses.picking', 'Picking', '2023-02-20 00:12:31', '2023-02-20 00:12:31'),
	(3626, 1, 'en', 'plugins/ecommerce/shipping', 'statuses.delay_picking', 'Delay picking', '2023-02-20 00:12:31', '2023-02-20 00:12:31'),
	(3627, 1, 'en', 'plugins/ecommerce/shipping', 'statuses.picked', 'Picked', '2023-02-20 00:12:31', '2023-02-20 00:12:31'),
	(3628, 1, 'en', 'plugins/ecommerce/shipping', 'statuses.not_picked', 'Not picked', '2023-02-20 00:12:31', '2023-02-20 00:12:31'),
	(3629, 1, 'en', 'plugins/ecommerce/shipping', 'statuses.delivering', 'Delivering', '2023-02-20 00:12:31', '2023-02-20 00:12:31'),
	(3630, 1, 'en', 'plugins/ecommerce/shipping', 'statuses.delivered', 'Delivered', '2023-02-20 00:12:31', '2023-02-20 00:12:31'),
	(3631, 1, 'en', 'plugins/ecommerce/shipping', 'statuses.not_delivered', 'Not delivered', '2023-02-20 00:12:31', '2023-02-20 00:12:31'),
	(3632, 1, 'en', 'plugins/ecommerce/shipping', 'statuses.audited', 'Audited', '2023-02-20 00:12:31', '2023-02-20 00:12:31'),
	(3633, 1, 'en', 'plugins/ecommerce/shipping', 'statuses.canceled', 'Canceled', '2023-02-20 00:12:31', '2023-02-20 00:12:31'),
	(3634, 1, 'en', 'plugins/ecommerce/shipping', 'cod_statuses.pending', 'Pending', '2023-02-20 00:12:31', '2023-02-20 00:12:31'),
	(3635, 1, 'en', 'plugins/ecommerce/shipping', 'cod_statuses.completed', 'Completed', '2023-02-20 00:12:31', '2023-02-20 00:12:31'),
	(3636, 1, 'en', 'plugins/ecommerce/shipping', 'delete', 'Delete', '2023-02-20 00:12:31', '2023-02-20 00:12:31'),
	(3637, 1, 'en', 'plugins/ecommerce/shipping', 'shipping_rules', 'Shipping Rules', '2023-02-20 00:12:31', '2023-02-20 00:12:31'),
	(3638, 1, 'en', 'plugins/ecommerce/shipping', 'shipping_rules_description', 'Rules to calculate shipping fee.', '2023-02-20 00:12:31', '2023-02-20 00:12:31'),
	(3639, 1, 'en', 'plugins/ecommerce/shipping', 'select_country', 'Select country', '2023-02-20 00:12:31', '2023-02-20 00:12:31'),
	(3640, 1, 'en', 'plugins/ecommerce/shipping', 'add_shipping_rule', 'Add shipping rule', '2023-02-20 00:12:31', '2023-02-20 00:12:31'),
	(3641, 1, 'en', 'plugins/ecommerce/shipping', 'delete_shipping_rate', 'Delete shipping rate for area', '2023-02-20 00:12:31', '2023-02-20 00:12:31'),
	(3642, 1, 'en', 'plugins/ecommerce/shipping', 'delete_shipping_rate_confirmation', 'Are you sure you want to delete <strong class="region-price-item-label"></strong> from this shipping area?', '2023-02-20 00:12:31', '2023-02-20 00:12:31'),
	(3643, 1, 'en', 'plugins/ecommerce/shipping', 'delete_shipping_area', 'Delete shipping area', '2023-02-20 00:12:31', '2023-02-20 00:12:31'),
	(3644, 1, 'en', 'plugins/ecommerce/shipping', 'delete_shipping_area_confirmation', 'Are you sure you want to delete shipping area <strong class="region-item-label"></strong>?', '2023-02-20 00:12:31', '2023-02-20 00:12:31'),
	(3645, 1, 'en', 'plugins/ecommerce/shipping', 'add_shipping_fee_for_area', 'Add shipping fee for area', '2023-02-20 00:12:31', '2023-02-20 00:12:31'),
	(3646, 1, 'en', 'plugins/ecommerce/shipping', 'confirm', 'Confirm', '2023-02-20 00:12:31', '2023-02-20 00:12:31'),
	(3647, 1, 'en', 'plugins/ecommerce/shipping', 'save', 'Save', '2023-02-20 00:12:31', '2023-02-20 00:12:31'),
	(3648, 1, 'en', 'plugins/ecommerce/shipping', 'greater_than', 'Greater than', '2023-02-20 00:12:31', '2023-02-20 00:12:31'),
	(3649, 1, 'en', 'plugins/ecommerce/shipping', 'type', 'Type', '2023-02-20 00:12:31', '2023-02-20 00:12:31'),
	(3650, 1, 'en', 'plugins/ecommerce/shipping', 'shipping_rule_name', 'Name of shipping rule', '2023-02-20 00:12:31', '2023-02-20 00:12:31'),
	(3651, 1, 'en', 'plugins/ecommerce/shipping', 'shipping_fee', 'Shipping fee', '2023-02-20 00:12:31', '2023-02-20 00:12:31'),
	(3652, 1, 'en', 'plugins/ecommerce/shipping', 'cancel', 'Cancel', '2023-02-20 00:12:31', '2023-02-20 00:12:31'),
	(3653, 1, 'en', 'plugins/ecommerce/shipping', 'based_on_weight', 'Based on product\'s weight (:unit)', '2023-02-20 00:12:31', '2023-02-20 00:12:31'),
	(3654, 1, 'en', 'plugins/ecommerce/shipping', 'based_on_price', 'Based on product\'s price', '2023-02-20 00:12:31', '2023-02-20 00:12:31'),
	(3655, 1, 'en', 'plugins/ecommerce/shipping', 'shipment_canceled', 'Shipment was canceled', '2023-02-20 00:12:31', '2023-02-20 00:12:31'),
	(3656, 1, 'en', 'plugins/ecommerce/shipping', 'at', 'At', '2023-02-20 00:12:31', '2023-02-20 00:12:31'),
	(3657, 1, 'en', 'plugins/ecommerce/shipping', 'cash_on_delivery', 'Cash on delivery (COD)', '2023-02-20 00:12:31', '2023-02-20 00:12:31'),
	(3658, 1, 'en', 'plugins/ecommerce/shipping', 'update_shipping_status', 'Update shipping status', '2023-02-20 00:12:31', '2023-02-20 00:12:31'),
	(3659, 1, 'en', 'plugins/ecommerce/shipping', 'update_cod_status', 'Update COD status', '2023-02-20 00:12:31', '2023-02-20 00:12:31'),
	(3660, 1, 'en', 'plugins/ecommerce/shipping', 'history', 'History', '2023-02-20 00:12:31', '2023-02-20 00:12:31'),
	(3661, 1, 'en', 'plugins/ecommerce/shipping', 'shipment_information', 'Shipment information', '2023-02-20 00:12:31', '2023-02-20 00:12:31'),
	(3662, 1, 'en', 'plugins/ecommerce/shipping', 'order_number', 'Order number', '2023-02-20 00:12:31', '2023-02-20 00:12:31'),
	(3663, 1, 'en', 'plugins/ecommerce/shipping', 'shipping_method', 'Shipping method', '2023-02-20 00:12:31', '2023-02-20 00:12:31'),
	(3664, 1, 'en', 'plugins/ecommerce/shipping', 'select_shipping_method', 'Select shipping method', '2023-02-20 00:12:31', '2023-02-20 00:12:31'),
	(3665, 1, 'en', 'plugins/ecommerce/shipping', 'cod_status', 'COD status', '2023-02-20 00:12:31', '2023-02-20 00:12:31'),
	(3666, 1, 'en', 'plugins/ecommerce/shipping', 'shipping_status', 'Shipping status', '2023-02-20 00:12:31', '2023-02-20 00:12:31'),
	(3667, 1, 'en', 'plugins/ecommerce/shipping', 'customer_information', 'Customer information', '2023-02-20 00:12:31', '2023-02-20 00:12:31'),
	(3668, 1, 'en', 'plugins/ecommerce/shipping', 'sku', 'SKU', '2023-02-20 00:12:31', '2023-02-20 00:12:31'),
	(3669, 1, 'en', 'plugins/ecommerce/shipping', 'change_status_confirm_title', 'Confirm <span class="shipment-status-label"></span> ?', '2023-02-20 00:12:31', '2023-02-20 00:12:31'),
	(3670, 1, 'en', 'plugins/ecommerce/shipping', 'change_status_confirm_description', 'Are you sure you want to confirm <span class="shipment-status-label"></span> for this shipment?', '2023-02-20 00:12:31', '2023-02-20 00:12:31'),
	(3671, 1, 'en', 'plugins/ecommerce/shipping', 'accept', 'Accept', '2023-02-20 00:12:31', '2023-02-20 00:12:31'),
	(3672, 1, 'en', 'plugins/ecommerce/shipping', 'weight_unit', 'Weight (:unit)', '2023-02-20 00:12:31', '2023-02-20 00:12:31'),
	(3673, 1, 'en', 'plugins/ecommerce/shipping', 'updated_at', 'Last Update', '2023-02-20 00:12:31', '2023-02-20 00:12:31'),
	(3674, 1, 'en', 'plugins/ecommerce/shipping', 'cod_amount', 'Cash on delivery amount (COD)', '2023-02-20 00:12:31', '2023-02-20 00:12:31'),
	(3675, 1, 'en', 'plugins/ecommerce/shipping', 'cancel_shipping', 'Cancel shipping', '2023-02-20 00:12:31', '2023-02-20 00:12:31'),
	(3676, 1, 'en', 'plugins/ecommerce/shipping', 'shipping_address', 'Shipping address', '2023-02-20 00:12:31', '2023-02-20 00:12:31'),
	(3677, 1, 'en', 'plugins/ecommerce/shipping', 'packages', 'Packages', '2023-02-20 00:12:31', '2023-02-20 00:12:31'),
	(3678, 1, 'en', 'plugins/ecommerce/shipping', 'edit', 'Edit', '2023-02-20 00:12:31', '2023-02-20 00:12:31'),
	(3679, 1, 'en', 'plugins/ecommerce/shipping', 'fee', 'Fee', '2023-02-20 00:12:31', '2023-02-20 00:12:31'),
	(3680, 1, 'en', 'plugins/ecommerce/shipping', 'note', 'Note', '2023-02-20 00:12:31', '2023-02-20 00:12:31'),
	(3681, 1, 'en', 'plugins/ecommerce/shipping', 'finish', 'Finish', '2023-02-20 00:12:31', '2023-02-20 00:12:31'),
	(3682, 1, 'en', 'plugins/ecommerce/shipping', 'shipping_fee_cod', 'Shipping fee/COD', '2023-02-20 00:12:31', '2023-02-20 00:12:31'),
	(3683, 1, 'en', 'plugins/ecommerce/shipping', 'send_confirmation_email_to_customer', 'Send confirmation email to customer', '2023-02-20 00:12:32', '2023-02-20 00:12:32'),
	(3684, 1, 'en', 'plugins/ecommerce/shipping', 'form_name', 'Name', '2023-02-20 00:12:32', '2023-02-20 00:12:32'),
	(3685, 1, 'en', 'plugins/ecommerce/shipping', 'changed_shipping_status', 'Changed status of shipping to: :status. Updated by: %user_name%', '2023-02-20 00:12:32', '2023-02-20 00:12:32'),
	(3686, 1, 'en', 'plugins/ecommerce/shipping', 'order_confirmed_by', 'Order confirmed by %user_name%', '2023-02-20 00:12:32', '2023-02-20 00:12:32'),
	(3687, 1, 'en', 'plugins/ecommerce/shipping', 'shipping_canceled_by', 'Shipping is cancelled by %user_name%', '2023-02-20 00:12:32', '2023-02-20 00:12:32'),
	(3688, 1, 'en', 'plugins/ecommerce/shipping', 'update_shipping_status_success', 'Update shipping status successfully!', '2023-02-20 00:12:32', '2023-02-20 00:12:32'),
	(3689, 1, 'en', 'plugins/ecommerce/shipping', 'update_cod_status_success', 'Updated COD status of shipping successfully!', '2023-02-20 00:12:32', '2023-02-20 00:12:32'),
	(3690, 1, 'en', 'plugins/ecommerce/shipping', 'updated_cod_status_by', 'Updated COD status to :status . Updated by: %user_name%', '2023-02-20 00:12:32', '2023-02-20 00:12:32'),
	(3691, 1, 'en', 'plugins/ecommerce/shipping', 'all', 'All', '2023-02-20 00:12:32', '2023-02-20 00:12:32'),
	(3692, 1, 'en', 'plugins/ecommerce/shipping', 'error_when_adding_new_region', 'There is an error when adding new region!', '2023-02-20 00:12:32', '2023-02-20 00:12:32'),
	(3693, 1, 'en', 'plugins/ecommerce/shipping', 'delivery', 'Delivery', '2023-02-20 00:12:32', '2023-02-20 00:12:32'),
	(3694, 1, 'en', 'plugins/ecommerce/shipping', 'adjustment_price_of', 'Adjustment price of :key', '2023-02-20 00:12:32', '2023-02-20 00:12:32'),
	(3695, 1, 'en', 'plugins/ecommerce/shipping', 'warehouse', 'Warehouse', '2023-02-20 00:12:32', '2023-02-20 00:12:32'),
	(3696, 1, 'en', 'plugins/ecommerce/shipping', 'delivery_note', 'Delivery note', '2023-02-20 00:12:32', '2023-02-20 00:12:32'),
	(3697, 1, 'en', 'plugins/ecommerce/shipping', 'shipments', 'Shipments', '2023-02-20 00:12:32', '2023-02-20 00:12:32'),
	(3698, 1, 'en', 'plugins/ecommerce/shipping', 'order_id', 'Order ID', '2023-02-20 00:12:32', '2023-02-20 00:12:32'),
	(3699, 1, 'en', 'plugins/ecommerce/shipping', 'not_available', 'Not available', '2023-02-20 00:12:32', '2023-02-20 00:12:32'),
	(3700, 1, 'en', 'plugins/ecommerce/shipping', 'shipping_amount', 'Shipping Amount', '2023-02-20 00:12:32', '2023-02-20 00:12:32'),
	(3701, 1, 'en', 'plugins/ecommerce/shipping', 'additional_shipment_information', 'Additional shipment information', '2023-02-20 00:12:32', '2023-02-20 00:12:32'),
	(3702, 1, 'en', 'plugins/ecommerce/shipping', 'shipping_company_name', 'Shipping Company Name', '2023-02-20 00:12:32', '2023-02-20 00:12:32'),
	(3703, 1, 'en', 'plugins/ecommerce/shipping', 'tracking_id', 'Tracking ID', '2023-02-20 00:12:32', '2023-02-20 00:12:32'),
	(3704, 1, 'en', 'plugins/ecommerce/shipping', 'tracking_link', 'Tracking Link', '2023-02-20 00:12:32', '2023-02-20 00:12:32'),
	(3705, 1, 'en', 'plugins/ecommerce/shipping', 'estimate_date_shipped', 'Estimate Date Shipped', '2023-02-20 00:12:32', '2023-02-20 00:12:32'),
	(3706, 1, 'en', 'plugins/ecommerce/shipping', 'date_shipped', 'Date Shipped', '2023-02-20 00:12:32', '2023-02-20 00:12:32'),
	(3707, 1, 'en', 'plugins/ecommerce/shipping', 'add_note', 'Add note...', '2023-02-20 00:12:32', '2023-02-20 00:12:32'),
	(3708, 1, 'en', 'plugins/ecommerce/shipping', 'view_order', 'View Order :order_id', '2023-02-20 00:12:32', '2023-02-20 00:12:32'),
	(3709, 1, 'en', 'plugins/ecommerce/shipping', 'rule.types.based_on_weight', 'Based on product\'s weight (:unit)', '2023-02-20 00:12:32', '2023-02-20 00:12:32'),
	(3710, 1, 'en', 'plugins/ecommerce/shipping', 'rule.types.based_on_price', 'Based on product\'s price', '2023-02-20 00:12:32', '2023-02-20 00:12:32'),
	(3711, 1, 'en', 'plugins/ecommerce/shipping', 'rule.types.based_on_zipcode', 'Based on zipcode', '2023-02-20 00:12:32', '2023-02-20 00:12:32'),
	(3712, 1, 'en', 'plugins/ecommerce/shipping', 'rule.types.based_on_location', 'Based on location', '2023-02-20 00:12:32', '2023-02-20 00:12:32'),
	(3713, 1, 'en', 'plugins/ecommerce/shipping', 'rule.types.unavailable', 'Unavailable', '2023-02-20 00:12:32', '2023-02-20 00:12:32'),
	(3714, 1, 'en', 'plugins/ecommerce/shipping', 'rule.item.name', 'Shipping Rule Items', '2023-02-20 00:12:32', '2023-02-20 00:12:32'),
	(3715, 1, 'en', 'plugins/ecommerce/shipping', 'rule.item.edit', 'Edit item', '2023-02-20 00:12:32', '2023-02-20 00:12:32'),
	(3716, 1, 'en', 'plugins/ecommerce/shipping', 'rule.item.create', 'Create new item', '2023-02-20 00:12:32', '2023-02-20 00:12:32'),
	(3717, 1, 'en', 'plugins/ecommerce/shipping', 'rule.item.delete', 'Delete shipping rule item', '2023-02-20 00:12:32', '2023-02-20 00:12:32'),
	(3718, 1, 'en', 'plugins/ecommerce/shipping', 'rule.item.confirmation', 'Are you sure you want to delete shipping rule item <strong class="item-label"></strong>?', '2023-02-20 00:12:32', '2023-02-20 00:12:32'),
	(3719, 1, 'en', 'plugins/ecommerce/shipping', 'rule.item.load_data_table', 'Load data table (:total)', '2023-02-20 00:12:32', '2023-02-20 00:12:32'),
	(3720, 1, 'en', 'plugins/ecommerce/shipping', 'rule.item.tables.shipping_rule', 'Shipping rule', '2023-02-20 00:12:32', '2023-02-20 00:12:32'),
	(3721, 1, 'en', 'plugins/ecommerce/shipping', 'rule.item.tables.country', 'Country', '2023-02-20 00:12:32', '2023-02-20 00:12:32'),
	(3722, 1, 'en', 'plugins/ecommerce/shipping', 'rule.item.tables.state', 'State', '2023-02-20 00:12:32', '2023-02-20 00:12:32'),
	(3723, 1, 'en', 'plugins/ecommerce/shipping', 'rule.item.tables.city', 'City', '2023-02-20 00:12:32', '2023-02-20 00:12:32'),
	(3724, 1, 'en', 'plugins/ecommerce/shipping', 'rule.item.tables.zip_code', 'Zip code', '2023-02-20 00:12:32', '2023-02-20 00:12:32'),
	(3725, 1, 'en', 'plugins/ecommerce/shipping', 'rule.item.tables.adjustment_price', 'Adjustment price', '2023-02-20 00:12:32', '2023-02-20 00:12:32'),
	(3726, 1, 'en', 'plugins/ecommerce/shipping', 'rule.item.tables.is_enabled', 'Is enabled?', '2023-02-20 00:12:32', '2023-02-20 00:12:32'),
	(3727, 1, 'en', 'plugins/ecommerce/shipping', 'rule.item.forms.country', 'Country', '2023-02-20 00:12:32', '2023-02-20 00:12:32'),
	(3728, 1, 'en', 'plugins/ecommerce/shipping', 'rule.item.forms.country_placeholder', 'Country', '2023-02-20 00:12:32', '2023-02-20 00:12:32'),
	(3729, 1, 'en', 'plugins/ecommerce/shipping', 'rule.item.forms.state', 'State', '2023-02-20 00:12:32', '2023-02-20 00:12:32'),
	(3730, 1, 'en', 'plugins/ecommerce/shipping', 'rule.item.forms.state_placeholder', 'State', '2023-02-20 00:12:32', '2023-02-20 00:12:32'),
	(3731, 1, 'en', 'plugins/ecommerce/shipping', 'rule.item.forms.city', 'City', '2023-02-20 00:12:32', '2023-02-20 00:12:32'),
	(3732, 1, 'en', 'plugins/ecommerce/shipping', 'rule.item.forms.city_placeholder', 'City', '2023-02-20 00:12:32', '2023-02-20 00:12:32'),
	(3733, 1, 'en', 'plugins/ecommerce/shipping', 'rule.item.forms.zip_code', 'Zip code', '2023-02-20 00:12:32', '2023-02-20 00:12:32'),
	(3734, 1, 'en', 'plugins/ecommerce/shipping', 'rule.item.forms.zip_code_placeholder', 'Zip code', '2023-02-20 00:12:32', '2023-02-20 00:12:32'),
	(3735, 1, 'en', 'plugins/ecommerce/shipping', 'rule.item.forms.adjustment_price', 'Adjustment price', '2023-02-20 00:12:32', '2023-02-20 00:12:32'),
	(3736, 1, 'en', 'plugins/ecommerce/shipping', 'rule.item.forms.adjustment_price_placeholder', 'Adjustment price', '2023-02-20 00:12:32', '2023-02-20 00:12:32'),
	(3737, 1, 'en', 'plugins/ecommerce/shipping', 'rule.item.forms.is_enabled', 'Is enabled?', '2023-02-20 00:12:32', '2023-02-20 00:12:32'),
	(3738, 1, 'en', 'plugins/ecommerce/shipping', 'rule.item.forms.shipping_rule', 'Shipping rule', '2023-02-20 00:12:32', '2023-02-20 00:12:32'),
	(3739, 1, 'en', 'plugins/ecommerce/shipping', 'rule.item.forms.no_shipping_rule', 'No shipping rule', '2023-02-20 00:12:32', '2023-02-20 00:12:32'),
	(3740, 1, 'en', 'plugins/ecommerce/shipping', 'rule.item.bulk-import.menu', 'Bulk import Shipping Rule Items', '2023-02-20 00:12:32', '2023-02-20 00:12:32'),
	(3741, 1, 'en', 'plugins/ecommerce/shipping', 'rule.item.bulk-import.greater_than_or_equal', 'Only numbers or decimals are accepted and greater than or equal to :min.', '2023-02-20 00:12:32', '2023-02-20 00:12:32'),
	(3742, 1, 'en', 'plugins/ecommerce/shipping', 'rule.item.bulk-import.less_than_or_equal', 'Only numbers or decimals are accepted and less than or equal to :max.', '2023-02-20 00:12:32', '2023-02-20 00:12:32'),
	(3743, 1, 'en', 'plugins/ecommerce/shipping', 'rule.item.bulk-import.between', 'Only numbers or decimals are accepted and between :min and :max.', '2023-02-20 00:12:32', '2023-02-20 00:12:32'),
	(3744, 1, 'en', 'plugins/ecommerce/shipping', 'rule.item.bulk-import.overwrite', 'Overwrite', '2023-02-20 00:12:32', '2023-02-20 00:12:32'),
	(3745, 1, 'en', 'plugins/ecommerce/shipping', 'rule.item.bulk-import.add_new', 'Add new', '2023-02-20 00:12:32', '2023-02-20 00:12:32'),
	(3746, 1, 'en', 'plugins/ecommerce/shipping', 'rule.item.bulk-import.skip', 'Skip', '2023-02-20 00:12:32', '2023-02-20 00:12:32'),
	(3747, 1, 'en', 'plugins/ecommerce/shipping', 'rule.select_type', 'Select type', '2023-02-20 00:12:32', '2023-02-20 00:12:32'),
	(3748, 1, 'en', 'plugins/ecommerce/shipping', 'rule.cannot_create_rule_type_for_this_location', 'Cannot create rule type ":type" on this location!', '2023-02-20 00:12:32', '2023-02-20 00:12:32'),
	(3749, 1, 'en', 'plugins/ecommerce/store-locator', 'name', 'Store locators', '2023-02-20 00:12:32', '2023-02-20 00:12:32'),
	(3750, 1, 'en', 'plugins/ecommerce/store-locator', 'description', 'This address will appear on your invoice and will be used to calculate your shipping price.', '2023-02-20 00:12:32', '2023-02-20 00:12:32'),
	(3751, 1, 'en', 'plugins/ecommerce/store-locator', 'shop_name', 'Shop name', '2023-02-20 00:12:32', '2023-02-20 00:12:32'),
	(3752, 1, 'en', 'plugins/ecommerce/store-locator', 'phone', 'Phone', '2023-02-20 00:12:32', '2023-02-20 00:12:32'),
	(3753, 1, 'en', 'plugins/ecommerce/store-locator', 'email', 'Email', '2023-02-20 00:12:32', '2023-02-20 00:12:32'),
	(3754, 1, 'en', 'plugins/ecommerce/store-locator', 'state', 'State', '2023-02-20 00:12:32', '2023-02-20 00:12:32'),
	(3755, 1, 'en', 'plugins/ecommerce/store-locator', 'city', 'City', '2023-02-20 00:12:32', '2023-02-20 00:12:32'),
	(3756, 1, 'en', 'plugins/ecommerce/store-locator', 'country', 'Country', '2023-02-20 00:12:32', '2023-02-20 00:12:32'),
	(3757, 1, 'en', 'plugins/ecommerce/store-locator', 'address', 'Address', '2023-02-20 00:12:32', '2023-02-20 00:12:32'),
	(3758, 1, 'en', 'plugins/ecommerce/store-locator', 'primary_store_is', 'Primary store is', '2023-02-20 00:12:32', '2023-02-20 00:12:32'),
	(3759, 1, 'en', 'plugins/ecommerce/store-locator', 'store_name', 'Store name', '2023-02-20 00:12:32', '2023-02-20 00:12:32'),
	(3760, 1, 'en', 'plugins/ecommerce/store-locator', 'select_country', 'Select country...', '2023-02-20 00:12:32', '2023-02-20 00:12:32'),
	(3761, 1, 'en', 'plugins/ecommerce/store-locator', 'default_shipping_location', 'Default shipping location', '2023-02-20 00:12:32', '2023-02-20 00:12:32'),
	(3762, 1, 'en', 'plugins/ecommerce/store-locator', 'default_store', 'Default store', '2023-02-20 00:12:32', '2023-02-20 00:12:32'),
	(3763, 1, 'en', 'plugins/ecommerce/store-locator', 'company', 'Company', '2023-02-20 00:12:32', '2023-02-20 00:12:32'),
	(3764, 1, 'en', 'plugins/ecommerce/store-locator', 'zip_code', 'Zip Code', '2023-02-20 00:12:32', '2023-02-20 00:12:32'),
	(3765, 1, 'en', 'plugins/ecommerce/tax', 'name', 'Taxes', '2023-02-20 00:12:32', '2023-02-20 00:12:32'),
	(3766, 1, 'en', 'plugins/ecommerce/tax', 'create', 'Create a tax', '2023-02-20 00:12:32', '2023-02-20 00:12:32'),
	(3767, 1, 'en', 'plugins/ecommerce/tax', 'edit', 'Edit tax :title', '2023-02-20 00:12:32', '2023-02-20 00:12:32'),
	(3768, 1, 'en', 'plugins/ecommerce/tax', 'title', 'Title', '2023-02-20 00:12:32', '2023-02-20 00:12:32'),
	(3769, 1, 'en', 'plugins/ecommerce/tax', 'percentage', 'Percentage %', '2023-02-20 00:12:32', '2023-02-20 00:12:32'),
	(3770, 1, 'en', 'plugins/ecommerce/tax', 'priority', 'Priority', '2023-02-20 00:12:32', '2023-02-20 00:12:32'),
	(3771, 1, 'en', 'plugins/ecommerce/tax', 'select_tax', '-- select --', '2023-02-20 00:12:32', '2023-02-20 00:12:32'),
	(3772, 1, 'en', 'plugins/ecommerce/tax', 'default', 'Default', '2023-02-20 00:12:32', '2023-02-20 00:12:32'),
	(3773, 1, 'vi', 'plugins/ecommerce/brands', 'name', 'Thương hiệu', '2023-02-20 00:12:32', '2023-02-20 00:12:32'),
	(3774, 1, 'vi', 'plugins/ecommerce/brands', 'create', 'Thêm thương hiệu mới', '2023-02-20 00:12:32', '2023-02-20 00:12:32'),
	(3775, 1, 'vi', 'plugins/ecommerce/brands', 'edit', 'Sửa thương hiệu', '2023-02-20 00:12:32', '2023-02-20 00:12:32'),
	(3776, 1, 'vi', 'plugins/ecommerce/brands', 'form.name', 'Tên', '2023-02-20 00:12:32', '2023-02-20 00:12:32'),
	(3777, 1, 'vi', 'plugins/ecommerce/brands', 'form.name_placeholder', 'Tên thương hiệu (tối đa 255 kí tự)', '2023-02-20 00:12:32', '2023-02-20 00:12:32'),
	(3778, 1, 'vi', 'plugins/ecommerce/brands', 'form.description', 'Mô tả', '2023-02-20 00:12:32', '2023-02-20 00:12:32'),
	(3779, 1, 'vi', 'plugins/ecommerce/brands', 'form.description_placeholder', 'Mô tả ngắn cho thương hiệu này (tối đa 400 kí tự)', '2023-02-20 00:12:32', '2023-02-20 00:12:32'),
	(3780, 1, 'vi', 'plugins/ecommerce/brands', 'form.website', 'Website', '2023-02-20 00:12:32', '2023-02-20 00:12:32'),
	(3781, 1, 'vi', 'plugins/ecommerce/brands', 'form.logo', 'Logo', '2023-02-20 00:12:32', '2023-02-20 00:12:32'),
	(3782, 1, 'vi', 'plugins/ecommerce/brands', 'form.is_featured', 'Nổi bật?', '2023-02-20 00:12:32', '2023-02-20 00:12:32'),
	(3783, 1, 'vi', 'plugins/ecommerce/brands', 'logo', 'Logo', '2023-02-20 00:12:32', '2023-02-20 00:12:32'),
	(3784, 1, 'vi', 'plugins/ecommerce/brands', 'website', 'Website', '2023-02-20 00:12:32', '2023-02-20 00:12:32'),
	(3785, 1, 'vi', 'plugins/ecommerce/brands', 'notices.no_select', 'Không có bản ghi nào được chọn!', '2023-02-20 00:12:32', '2023-02-20 00:12:32'),
	(3786, 1, 'vi', 'plugins/ecommerce/brands', 'notices.update_success_message', 'Cập nhật thành công', '2023-02-20 00:12:32', '2023-02-20 00:12:32'),
	(3787, 1, 'vi', 'plugins/ecommerce/brands', 'cannot_delete', 'Xoá không thành công', '2023-02-20 00:12:32', '2023-02-20 00:12:32'),
	(3788, 1, 'vi', 'plugins/ecommerce/brands', 'brand_deleted', 'Xoá thương hiệu thành công', '2023-02-20 00:12:32', '2023-02-20 00:12:32'),
	(3789, 1, 'vi', 'plugins/ecommerce/brands', 'menu', 'Thương hiệu', '2023-02-20 00:12:32', '2023-02-20 00:12:32'),
	(3790, 1, 'vi', 'plugins/ecommerce/brands', 'intro.title', 'Quản lý danh sách thương hiệu', '2023-02-20 00:12:32', '2023-02-20 00:12:32'),
	(3791, 1, 'vi', 'plugins/ecommerce/brands', 'intro.description', 'Các thương hiệu của sản phẩm như Nike, Adidas, Bitis ...', '2023-02-20 00:12:32', '2023-02-20 00:12:32'),
	(3792, 1, 'vi', 'plugins/ecommerce/brands', 'intro.button_text', 'Tạo thương hiệu', '2023-02-20 00:12:32', '2023-02-20 00:12:32'),
	(3793, 1, 'vi', 'plugins/ecommerce/brands', 'no_brand', 'Không có thương hiệu', '2023-02-20 00:12:32', '2023-02-20 00:12:32'),
	(3794, 1, 'vi', 'plugins/ecommerce/currencies', 'name', 'Tiền tệ', '2023-02-20 00:12:32', '2023-02-20 00:12:32'),
	(3795, 1, 'vi', 'plugins/ecommerce/currencies', 'create', 'Thêm loại tiền tệ mới', '2023-02-20 00:12:32', '2023-02-20 00:12:32'),
	(3796, 1, 'vi', 'plugins/ecommerce/currencies', 'edit', 'Sửa tiền tệ', '2023-02-20 00:12:32', '2023-02-20 00:12:32'),
	(3797, 1, 'vi', 'plugins/ecommerce/currencies', 'list', 'Danh sách tiền tệ', '2023-02-20 00:12:32', '2023-02-20 00:12:32'),
	(3798, 1, 'vi', 'plugins/ecommerce/currencies', 'tables.title', 'Tên', '2023-02-20 00:12:32', '2023-02-20 00:12:32'),
	(3799, 1, 'vi', 'plugins/ecommerce/currencies', 'tables.code', 'Mã', '2023-02-20 00:12:32', '2023-02-20 00:12:32'),
	(3800, 1, 'vi', 'plugins/ecommerce/currencies', 'tables.symbol', 'Kí hiệu', '2023-02-20 00:12:32', '2023-02-20 00:12:32'),
	(3801, 1, 'vi', 'plugins/ecommerce/currencies', 'tables.is_prefix_symbol', 'Sử dụng ký hiệu trước số tiền', '2023-02-20 00:12:32', '2023-02-20 00:12:32'),
	(3802, 1, 'vi', 'plugins/ecommerce/currencies', 'tables.status', 'Trạng thái', '2023-02-20 00:12:32', '2023-02-20 00:12:32'),
	(3803, 1, 'vi', 'plugins/ecommerce/currencies', 'tables.order', 'Sắp xếp', '2023-02-20 00:12:32', '2023-02-20 00:12:32'),
	(3804, 1, 'vi', 'plugins/ecommerce/currencies', 'forms.title', 'Tiêu đề', '2023-02-20 00:12:32', '2023-02-20 00:12:32'),
	(3805, 1, 'vi', 'plugins/ecommerce/currencies', 'forms.code', 'Mã', '2023-02-20 00:12:32', '2023-02-20 00:12:32'),
	(3806, 1, 'vi', 'plugins/ecommerce/currencies', 'forms.symbol', 'Kí hiệu', '2023-02-20 00:12:32', '2023-02-20 00:12:32'),
	(3807, 1, 'vi', 'plugins/ecommerce/currencies', 'forms.is_prefix_symbol', 'Sử dụng ký hiệu trước số tiền', '2023-02-20 00:12:32', '2023-02-20 00:12:32'),
	(3808, 1, 'vi', 'plugins/ecommerce/currencies', 'forms.status', 'Trạng thái', '2023-02-20 00:12:32', '2023-02-20 00:12:32'),
	(3809, 1, 'vi', 'plugins/ecommerce/currencies', 'forms.order', 'Sắp xếp', '2023-02-20 00:12:32', '2023-02-20 00:12:32'),
	(3810, 1, 'vi', 'plugins/ecommerce/currencies', 'forms.decimals', 'Số kí tự sau dấu phân cách', '2023-02-20 00:12:32', '2023-02-20 00:12:32'),
	(3811, 1, 'vi', 'plugins/ecommerce/currencies', 'forms.activated', 'Đã kích hoạt', '2023-02-20 00:12:32', '2023-02-20 00:12:32'),
	(3812, 1, 'vi', 'plugins/ecommerce/currencies', 'forms.deactivated', 'Đã bị huỷ kích hoạt', '2023-02-20 00:12:32', '2023-02-20 00:12:32'),
	(3813, 1, 'vi', 'plugins/ecommerce/currencies', 'forms.yes', 'Có', '2023-02-20 00:12:32', '2023-02-20 00:12:32'),
	(3814, 1, 'vi', 'plugins/ecommerce/currencies', 'forms.no', 'Không', '2023-02-20 00:12:32', '2023-02-20 00:12:32'),
	(3815, 1, 'vi', 'plugins/ecommerce/currency', 'currencies', 'Tiền tệ', '2023-02-20 00:12:32', '2023-02-20 00:12:32'),
	(3816, 1, 'vi', 'plugins/ecommerce/currency', 'setting_description', 'Các loại tiền tệ được sử dụng trên website.', '2023-02-20 00:12:32', '2023-02-20 00:12:32'),
	(3817, 1, 'vi', 'plugins/ecommerce/currency', 'name', 'Tên', '2023-02-20 00:12:32', '2023-02-20 00:12:32'),
	(3818, 1, 'vi', 'plugins/ecommerce/currency', 'symbol', 'Ký hiệu', '2023-02-20 00:12:32', '2023-02-20 00:12:32'),
	(3819, 1, 'vi', 'plugins/ecommerce/currency', 'number_of_decimals', 'Số thập phân', '2023-02-20 00:12:32', '2023-02-20 00:12:32'),
	(3820, 1, 'vi', 'plugins/ecommerce/currency', 'exchange_rate', 'Tỷ giá', '2023-02-20 00:12:32', '2023-02-20 00:12:32'),
	(3821, 1, 'vi', 'plugins/ecommerce/currency', 'is_prefix_symbol', 'Vị trí ký hiệu', '2023-02-20 00:12:32', '2023-02-20 00:12:32'),
	(3822, 1, 'vi', 'plugins/ecommerce/currency', 'is_default', 'Mặc định?', '2023-02-20 00:12:32', '2023-02-20 00:12:32'),
	(3823, 1, 'vi', 'plugins/ecommerce/currency', 'remove', 'Xoá', '2023-02-20 00:12:32', '2023-02-20 00:12:32'),
	(3824, 1, 'vi', 'plugins/ecommerce/currency', 'new_currency', 'Thêm tiền tệ mới', '2023-02-20 00:12:32', '2023-02-20 00:12:32'),
	(3825, 1, 'vi', 'plugins/ecommerce/currency', 'save_settings', 'Lưu cài đặt', '2023-02-20 00:12:32', '2023-02-20 00:12:32'),
	(3826, 1, 'vi', 'plugins/ecommerce/currency', 'before_number', 'Trước số', '2023-02-20 00:12:32', '2023-02-20 00:12:32'),
	(3827, 1, 'vi', 'plugins/ecommerce/currency', 'after_number', 'Sau số', '2023-02-20 00:12:32', '2023-02-20 00:12:32'),
	(3828, 1, 'vi', 'plugins/ecommerce/customer', 'name', 'Khách hàng', '2023-02-20 00:12:32', '2023-02-20 00:12:32'),
	(3829, 1, 'vi', 'plugins/ecommerce/customer', 'create', 'Create a customer', '2023-02-20 00:12:32', '2023-02-20 00:12:32'),
	(3830, 1, 'vi', 'plugins/ecommerce/customer', 'edit', 'Edit customer ":name"', '2023-02-20 00:12:32', '2023-02-20 00:12:32'),
	(3831, 1, 'vi', 'plugins/ecommerce/customer', 'email', 'Email', '2023-02-20 00:12:32', '2023-02-20 00:12:32'),
	(3832, 1, 'vi', 'plugins/ecommerce/customer', 'email_placeholder', 'Ex: example@gmail.com', '2023-02-20 00:12:32', '2023-02-20 00:12:32'),
	(3833, 1, 'vi', 'plugins/ecommerce/customer', 'password', 'Password', '2023-02-20 00:12:32', '2023-02-20 00:12:32'),
	(3834, 1, 'vi', 'plugins/ecommerce/customer', 'change_password', 'Change password?', '2023-02-20 00:12:32', '2023-02-20 00:12:32'),
	(3835, 1, 'vi', 'plugins/ecommerce/customer', 'password_confirmation', 'Password confirmation', '2023-02-20 00:12:32', '2023-02-20 00:12:32'),
	(3836, 1, 'vi', 'plugins/ecommerce/customer', 'intro.title', 'Quản lý danh sách khách hàng', '2023-02-20 00:12:32', '2023-02-20 00:12:32'),
	(3837, 1, 'vi', 'plugins/ecommerce/customer', 'intro.description', 'Khi khách hàng đặt hàng, bạn sẽ biết được thông tin và lịch sử mua hàng của khách hàng.', '2023-02-20 00:12:32', '2023-02-20 00:12:32'),
	(3838, 1, 'vi', 'plugins/ecommerce/customer', 'intro.button_text', 'Tạo khách hàng', '2023-02-20 00:12:32', '2023-02-20 00:12:32'),
	(3839, 1, 'vi', 'plugins/ecommerce/discount', 'name', 'Khuyến mãi', '2023-02-20 00:12:32', '2023-02-20 00:12:32'),
	(3840, 1, 'vi', 'plugins/ecommerce/discount', 'invalid_coupon', 'Mã khuyến mãi không hợp lệ hoặc đã hết hạn!', '2023-02-20 00:12:32', '2023-02-20 00:12:32'),
	(3841, 1, 'vi', 'plugins/ecommerce/discount', 'cannot_use_same_time_with_other_discount_program', 'Mã khuyến mãi này không thể sử dụng chung với chương trình khuyến mãi!', '2023-02-20 00:12:32', '2023-02-20 00:12:32'),
	(3842, 1, 'vi', 'plugins/ecommerce/discount', 'not_used', 'Chưa sử dụng mã giảm giá này', '2023-02-20 00:12:32', '2023-02-20 00:12:32'),
	(3843, 1, 'vi', 'plugins/ecommerce/discount', 'detail', 'Detail', '2023-02-20 00:12:32', '2023-02-20 00:12:32'),
	(3844, 1, 'vi', 'plugins/ecommerce/discount', 'used', 'Used', '2023-02-20 00:12:32', '2023-02-20 00:12:32'),
	(3845, 1, 'vi', 'plugins/ecommerce/discount', 'start_date', 'Start date', '2023-02-20 00:12:32', '2023-02-20 00:12:32'),
	(3846, 1, 'vi', 'plugins/ecommerce/discount', 'end_date', 'End date', '2023-02-20 00:12:32', '2023-02-20 00:12:32'),
	(3847, 1, 'vi', 'plugins/ecommerce/discount', 'intro.title', 'Chương trình khuyến mãi', '2023-02-20 00:12:32', '2023-02-20 00:12:32'),
	(3848, 1, 'vi', 'plugins/ecommerce/discount', 'intro.description', 'Tạo ra các mã coupon, cài đặt một sản phẩm, hoặc một nhóm sản phẩm khuyến mãi dành cho các khách hàng thân thiết của bạn.', '2023-02-20 00:12:32', '2023-02-20 00:12:32'),
	(3849, 1, 'vi', 'plugins/ecommerce/discount', 'intro.button_text', 'Tạo khuyến mãi', '2023-02-20 00:12:32', '2023-02-20 00:12:32'),
	(3850, 1, 'vi', 'plugins/ecommerce/discount', 'create', 'Create discount', '2023-02-20 00:12:32', '2023-02-20 00:12:32'),
	(3851, 1, 'vi', 'plugins/ecommerce/discount', 'expired', 'Expired', '2023-02-20 00:12:32', '2023-02-20 00:12:32'),
	(3852, 1, 'vi', 'plugins/ecommerce/discount', 'discount_promotion', 'Discount promotion', '2023-02-20 00:12:32', '2023-02-20 00:12:32'),
	(3853, 1, 'vi', 'plugins/ecommerce/discount', 'can', 'can', '2023-02-20 00:12:32', '2023-02-20 00:12:32'),
	(3854, 1, 'vi', 'plugins/ecommerce/discount', 'cannot', 'cannot', '2023-02-20 00:12:32', '2023-02-20 00:12:32'),
	(3855, 1, 'vi', 'plugins/ecommerce/discount', 'use_with_promotion', 'be used with promotion', '2023-02-20 00:12:32', '2023-02-20 00:12:32'),
	(3856, 1, 'vi', 'plugins/ecommerce/discount', 'create_discount_validate_title_required_if', 'Please enter the name of the promotion', '2023-02-20 00:12:32', '2023-02-20 00:12:32'),
	(3857, 1, 'vi', 'plugins/ecommerce/discount', 'create_discount_validate_code_required_if', 'Please enter the promotion code', '2023-02-20 00:12:32', '2023-02-20 00:12:32'),
	(3858, 1, 'vi', 'plugins/ecommerce/discount', 'create_discount_validate_value_required', 'Amount must be greater than 0', '2023-02-20 00:12:32', '2023-02-20 00:12:32'),
	(3859, 1, 'vi', 'plugins/ecommerce/discount', 'create_discount_validate_target_required', 'No object selected for promotion', '2023-02-20 00:12:32', '2023-02-20 00:12:32'),
	(3860, 1, 'vi', 'plugins/ecommerce/discount', 'enums.type-options.amount', 'Amount - Fixed', '2023-02-20 00:12:32', '2023-02-20 00:12:32'),
	(3861, 1, 'vi', 'plugins/ecommerce/discount', 'enums.type-options.percentage', 'Discount %', '2023-02-20 00:12:32', '2023-02-20 00:12:32'),
	(3862, 1, 'vi', 'plugins/ecommerce/discount', 'enums.type-options.shipping', 'Free shipping', '2023-02-20 00:12:32', '2023-02-20 00:12:32'),
	(3863, 1, 'vi', 'plugins/ecommerce/discount', 'enums.type-options.same-price', 'Same price', '2023-02-20 00:12:32', '2023-02-20 00:12:32'),
	(3864, 1, 'vi', 'plugins/ecommerce/discount', 'discount', 'Discount', '2023-02-20 00:12:32', '2023-02-20 00:12:32'),
	(3865, 1, 'vi', 'plugins/ecommerce/discount', 'create_coupon_code', 'Tạo mã khuyến mãi', '2023-02-20 00:12:32', '2023-02-20 00:12:32'),
	(3866, 1, 'vi', 'plugins/ecommerce/discount', 'create_discount_promotion', 'Create discount promotion', '2023-02-20 00:12:32', '2023-02-20 00:12:32'),
	(3867, 1, 'vi', 'plugins/ecommerce/discount', 'generate_coupon_code', 'Generate coupon code', '2023-02-20 00:12:32', '2023-02-20 00:12:32'),
	(3868, 1, 'vi', 'plugins/ecommerce/discount', 'customers_will_enter_this_coupon_code_when_they_checkout', 'Customers will enter this coupon code when they checkout', '2023-02-20 00:12:32', '2023-02-20 00:12:32'),
	(3869, 1, 'vi', 'plugins/ecommerce/discount', 'select_type_of_discount', 'Select type of discount', '2023-02-20 00:12:32', '2023-02-20 00:12:32'),
	(3870, 1, 'vi', 'plugins/ecommerce/discount', 'coupon_code', 'Coupon code', '2023-02-20 00:12:32', '2023-02-20 00:12:32'),
	(3871, 1, 'vi', 'plugins/ecommerce/discount', 'promotion', 'Promotion', '2023-02-20 00:12:32', '2023-02-20 00:12:32'),
	(3872, 1, 'vi', 'plugins/ecommerce/discount', 'can_be_used_with_promotion', 'Can be used with promotion', '2023-02-20 00:12:32', '2023-02-20 00:12:32'),
	(3873, 1, 'vi', 'plugins/ecommerce/discount', 'unlimited_coupon', 'Unlimited coupon', '2023-02-20 00:12:32', '2023-02-20 00:12:32'),
	(3874, 1, 'vi', 'plugins/ecommerce/discount', 'enter_number', 'Enter number', '2023-02-20 00:12:32', '2023-02-20 00:12:32'),
	(3875, 1, 'vi', 'plugins/ecommerce/discount', 'coupon_type', 'Coupon type', '2023-02-20 00:12:32', '2023-02-20 00:12:32'),
	(3876, 1, 'vi', 'plugins/ecommerce/discount', 'percentage_discount', 'Percentage discount (%)', '2023-02-20 00:12:32', '2023-02-20 00:12:32'),
	(3877, 1, 'vi', 'plugins/ecommerce/discount', 'free_shipping', 'Free shipping', '2023-02-20 00:12:32', '2023-02-20 00:12:32'),
	(3878, 1, 'vi', 'plugins/ecommerce/discount', 'same_price', 'Same price', '2023-02-20 00:12:32', '2023-02-20 00:12:32'),
	(3879, 1, 'vi', 'plugins/ecommerce/discount', 'apply_for', 'apply for', '2023-02-20 00:12:32', '2023-02-20 00:12:32'),
	(3880, 1, 'vi', 'plugins/ecommerce/discount', 'all_orders', 'All orders', '2023-02-20 00:12:32', '2023-02-20 00:12:32'),
	(3881, 1, 'vi', 'plugins/ecommerce/discount', 'order_amount_from', 'Order amount from', '2023-02-20 00:12:32', '2023-02-20 00:12:32'),
	(3882, 1, 'vi', 'plugins/ecommerce/discount', 'product_collection', 'Product collection', '2023-02-20 00:12:32', '2023-02-20 00:12:32'),
	(3883, 1, 'vi', 'plugins/ecommerce/discount', 'product', 'Product', '2023-02-20 00:12:32', '2023-02-20 00:12:32'),
	(3884, 1, 'vi', 'plugins/ecommerce/discount', 'customer', 'Customer', '2023-02-20 00:12:32', '2023-02-20 00:12:32'),
	(3885, 1, 'vi', 'plugins/ecommerce/discount', 'variant', 'Variant', '2023-02-20 00:12:32', '2023-02-20 00:12:32'),
	(3886, 1, 'vi', 'plugins/ecommerce/discount', 'search_product', 'Search product', '2023-02-20 00:12:32', '2023-02-20 00:12:32'),
	(3887, 1, 'vi', 'plugins/ecommerce/discount', 'no_products_found', 'No products found!', '2023-02-20 00:12:32', '2023-02-20 00:12:32'),
	(3888, 1, 'vi', 'plugins/ecommerce/discount', 'search_customer', 'Search customer', '2023-02-20 00:12:32', '2023-02-20 00:12:32'),
	(3889, 1, 'vi', 'plugins/ecommerce/discount', 'no_customer_found', 'No customer found!', '2023-02-20 00:12:32', '2023-02-20 00:12:32'),
	(3890, 1, 'vi', 'plugins/ecommerce/discount', 'one_time_per_order', 'One time per order', '2023-02-20 00:12:32', '2023-02-20 00:12:32'),
	(3891, 1, 'vi', 'plugins/ecommerce/discount', 'one_time_per_product_in_cart', 'One time per product in cart', '2023-02-20 00:12:32', '2023-02-20 00:12:32'),
	(3892, 1, 'vi', 'plugins/ecommerce/discount', 'number_of_products', 'Number of products required to apply', '2023-02-20 00:12:32', '2023-02-20 00:12:32'),
	(3893, 1, 'vi', 'plugins/ecommerce/discount', 'selected_products', 'Selected products', '2023-02-20 00:12:32', '2023-02-20 00:12:32'),
	(3894, 1, 'vi', 'plugins/ecommerce/discount', 'selected_customers', 'Selected customers', '2023-02-20 00:12:32', '2023-02-20 00:12:32'),
	(3895, 1, 'vi', 'plugins/ecommerce/discount', 'time', 'Time', '2023-02-20 00:12:32', '2023-02-20 00:12:32'),
	(3896, 1, 'vi', 'plugins/ecommerce/discount', 'never_expired', 'Never expired', '2023-02-20 00:12:32', '2023-02-20 00:12:32'),
	(3897, 1, 'vi', 'plugins/ecommerce/discount', 'save', 'Save', '2023-02-20 00:12:32', '2023-02-20 00:12:32'),
	(3898, 1, 'vi', 'plugins/ecommerce/discount', 'enter_promotion_name', 'Enter promotion name', '2023-02-20 00:12:32', '2023-02-20 00:12:32'),
	(3899, 1, 'vi', 'plugins/ecommerce/discount', 'enter_coupon_name', 'Enter coupon name', '2023-02-20 00:12:32', '2023-02-20 00:12:32'),
	(3900, 1, 'vi', 'plugins/ecommerce/discount', 'cancel', 'Cancel', '2023-02-20 00:12:32', '2023-02-20 00:12:32'),
	(3901, 1, 'vi', 'plugins/ecommerce/discount', 'is', 'Is', '2023-02-20 00:12:32', '2023-02-20 00:12:32'),
	(3902, 1, 'vi', 'plugins/ecommerce/discount', 'when_shipping_fee_less_than', 'when shipping fee less than', '2023-02-20 00:12:32', '2023-02-20 00:12:32'),
	(3903, 1, 'vi', 'plugins/ecommerce/ecommerce', 'settings', 'Cài đặt', '2023-02-20 00:12:32', '2023-02-20 00:12:32'),
	(3904, 1, 'vi', 'plugins/ecommerce/ecommerce', 'name', 'Thương mại điện tử', '2023-02-20 00:12:32', '2023-02-20 00:12:32'),
	(3905, 1, 'vi', 'plugins/ecommerce/ecommerce', 'setting.email.title', 'E-commerce', '2023-02-20 00:12:32', '2023-02-20 00:12:32'),
	(3906, 1, 'vi', 'plugins/ecommerce/ecommerce', 'setting.email.description', 'Ecommerce email config', '2023-02-20 00:12:32', '2023-02-20 00:12:32'),
	(3907, 1, 'vi', 'plugins/ecommerce/ecommerce', 'setting.email.order_confirm_subject', 'Subject of order confirmation email', '2023-02-20 00:12:32', '2023-02-20 00:12:32'),
	(3908, 1, 'vi', 'plugins/ecommerce/ecommerce', 'setting.email.order_confirm_subject_placeholder', 'The subject of email confirmation send to the customer', '2023-02-20 00:12:32', '2023-02-20 00:12:32'),
	(3909, 1, 'vi', 'plugins/ecommerce/ecommerce', 'setting.email.order_confirm_content', 'Content of order confirmation email', '2023-02-20 00:12:32', '2023-02-20 00:12:32'),
	(3910, 1, 'vi', 'plugins/ecommerce/ecommerce', 'setting.email.order_status_change_subject', 'Subject of email when changing order\'s status', '2023-02-20 00:12:32', '2023-02-20 00:12:32'),
	(3911, 1, 'vi', 'plugins/ecommerce/ecommerce', 'setting.email.order_status_change_subject_placeholder', 'Subject of email when changing order\'s status send to customer', '2023-02-20 00:12:32', '2023-02-20 00:12:32'),
	(3912, 1, 'vi', 'plugins/ecommerce/ecommerce', 'setting.email.order_status_change_content', 'Content of email when changing order\'s status', '2023-02-20 00:12:32', '2023-02-20 00:12:32'),
	(3913, 1, 'vi', 'plugins/ecommerce/ecommerce', 'setting.email.from_email', 'Email from', '2023-02-20 00:12:32', '2023-02-20 00:12:32'),
	(3914, 1, 'vi', 'plugins/ecommerce/ecommerce', 'setting.email.from_email_placeholder', 'Email from address to display in mail. Ex: example@gmail.com', '2023-02-20 00:12:32', '2023-02-20 00:12:32'),
	(3915, 1, 'vi', 'plugins/ecommerce/ecommerce', 'store_address', 'Địa chỉ cửa hàng', '2023-02-20 00:12:32', '2023-02-20 00:12:32'),
	(3916, 1, 'vi', 'plugins/ecommerce/ecommerce', 'store_phone', 'Số điện thoại cửa hàng', '2023-02-20 00:12:32', '2023-02-20 00:12:32'),
	(3917, 1, 'vi', 'plugins/ecommerce/ecommerce', 'order_id', 'Mã đơn hàng', '2023-02-20 00:12:32', '2023-02-20 00:12:32'),
	(3918, 1, 'vi', 'plugins/ecommerce/ecommerce', 'order_token', 'Chuỗi mã hoá đơn hàng', '2023-02-20 00:12:32', '2023-02-20 00:12:32'),
	(3919, 1, 'vi', 'plugins/ecommerce/ecommerce', 'customer_name', 'Tên khách hàng', '2023-02-20 00:12:32', '2023-02-20 00:12:32'),
	(3920, 1, 'vi', 'plugins/ecommerce/ecommerce', 'customer_email', 'Email khách hàng', '2023-02-20 00:12:32', '2023-02-20 00:12:32'),
	(3921, 1, 'vi', 'plugins/ecommerce/ecommerce', 'customer_phone', 'Số điện thoại khách hàng', '2023-02-20 00:12:32', '2023-02-20 00:12:32'),
	(3922, 1, 'vi', 'plugins/ecommerce/ecommerce', 'customer_address', 'Địa chỉ khách hàng', '2023-02-20 00:12:32', '2023-02-20 00:12:32'),
	(3923, 1, 'vi', 'plugins/ecommerce/ecommerce', 'product_list', 'Danh sách sản phẩm trong đơn hàng', '2023-02-20 00:12:32', '2023-02-20 00:12:32'),
	(3924, 1, 'vi', 'plugins/ecommerce/ecommerce', 'payment_detail', 'Chi tiết thanh toán', '2023-02-20 00:12:32', '2023-02-20 00:12:32'),
	(3925, 1, 'vi', 'plugins/ecommerce/ecommerce', 'shipping_method', 'Phương thức vận chuyển', '2023-02-20 00:12:32', '2023-02-20 00:12:32'),
	(3926, 1, 'vi', 'plugins/ecommerce/ecommerce', 'payment_method', 'Phương thức thanh toán', '2023-02-20 00:12:32', '2023-02-20 00:12:32'),
	(3927, 1, 'vi', 'plugins/ecommerce/ecommerce', 'standard_and_format', 'Tiêu chuẩn & Định dạng', '2023-02-20 00:12:32', '2023-02-20 00:12:32'),
	(3928, 1, 'vi', 'plugins/ecommerce/ecommerce', 'standard_and_format_description', 'Các tiêu chuẩn và các định dạng được sử dụng để tính toán những thứ như giá cả sản phẩm, trọng lượng vận chuyển và thời gian đơn hàng được đặt.', '2023-02-20 00:12:32', '2023-02-20 00:12:32'),
	(3929, 1, 'vi', 'plugins/ecommerce/ecommerce', 'change_order_format', 'Chỉnh sửa định dạng mã đơn hàng (tùy chọn)', '2023-02-20 00:12:33', '2023-02-20 00:12:33'),
	(3930, 1, 'vi', 'plugins/ecommerce/ecommerce', 'change_order_format_description', 'Mã đơn hàng mặc định bắt đầu từ :number. Bạn có thể thay đổi chuỗi bắt đầu hoặc kết thúc để tạo mã đơn hàng theo ý bạn, ví dụ "DH-:number" hoặc ":number-A"', '2023-02-20 00:12:33', '2023-02-20 00:12:33'),
	(3931, 1, 'vi', 'plugins/ecommerce/ecommerce', 'start_with', 'Bắt đầu bằng', '2023-02-20 00:12:33', '2023-02-20 00:12:33'),
	(3932, 1, 'vi', 'plugins/ecommerce/ecommerce', 'end_with', 'Kết thúc bằng', '2023-02-20 00:12:33', '2023-02-20 00:12:33'),
	(3933, 1, 'vi', 'plugins/ecommerce/ecommerce', 'order_will_be_shown', 'Mã đơn hàng của bạn sẽ hiển thị theo mẫu', '2023-02-20 00:12:33', '2023-02-20 00:12:33'),
	(3934, 1, 'vi', 'plugins/ecommerce/ecommerce', 'weight_unit', 'Đơn vị cân nặng', '2023-02-20 00:12:33', '2023-02-20 00:12:33'),
	(3935, 1, 'vi', 'plugins/ecommerce/ecommerce', 'height_unit', 'Đơn vị chiều dài/chiều cao', '2023-02-20 00:12:33', '2023-02-20 00:12:33'),
	(3936, 1, 'vi', 'plugins/ecommerce/email', 'customer_new_order_title', 'Xác nhận đơn hàng', '2023-02-20 00:12:33', '2023-02-20 00:12:33'),
	(3937, 1, 'vi', 'plugins/ecommerce/email', 'customer_new_order_description', 'Được gửi khi khách hàng tạo đơn hàng', '2023-02-20 00:12:33', '2023-02-20 00:12:33'),
	(3938, 1, 'vi', 'plugins/ecommerce/email', 'order_cancellation_title', 'Hủy đơn hàng', '2023-02-20 00:12:33', '2023-02-20 00:12:33'),
	(3939, 1, 'vi', 'plugins/ecommerce/email', 'order_cancellation_description', 'Được gửi khi khách hàng hủy đơn hàng', '2023-02-20 00:12:33', '2023-02-20 00:12:33'),
	(3940, 1, 'vi', 'plugins/ecommerce/email', 'delivery_confirmation_title', 'Xác nhận giao hàng', '2023-02-20 00:12:33', '2023-02-20 00:12:33'),
	(3941, 1, 'vi', 'plugins/ecommerce/email', 'delivery_confirmation_description', 'Được gửi đến khách hàng khi bắt đầu giao hàng', '2023-02-20 00:12:33', '2023-02-20 00:12:33'),
	(3942, 1, 'vi', 'plugins/ecommerce/email', 'admin_new_order_title', 'Thông báo có đơn hàng mới', '2023-02-20 00:12:33', '2023-02-20 00:12:33'),
	(3943, 1, 'vi', 'plugins/ecommerce/email', 'admin_new_order_description', 'Được gửi cho quản trị viên khi có khách mua hàng', '2023-02-20 00:12:33', '2023-02-20 00:12:33'),
	(3944, 1, 'vi', 'plugins/ecommerce/email', 'order_confirmation_title', 'Xác nhận đơn hàng', '2023-02-20 00:12:33', '2023-02-20 00:12:33'),
	(3945, 1, 'vi', 'plugins/ecommerce/email', 'order_confirmation_description', 'Email được gửi đến khách hàng khi đơn hàng xác nhận', '2023-02-20 00:12:33', '2023-02-20 00:12:33'),
	(3946, 1, 'vi', 'plugins/ecommerce/email', 'payment_confirmation_title', 'Xác nhận thanh toán', '2023-02-20 00:12:33', '2023-02-20 00:12:33'),
	(3947, 1, 'vi', 'plugins/ecommerce/email', 'payment_confirmation_description', 'Email được gửi đến khách hàng khi đơn hàng xác nhận thanh toán', '2023-02-20 00:12:33', '2023-02-20 00:12:33'),
	(3948, 1, 'vi', 'plugins/ecommerce/email', 'order_recover_title', 'Đơn hàng đang chờ hoàn tất', '2023-02-20 00:12:33', '2023-02-20 00:12:33'),
	(3949, 1, 'vi', 'plugins/ecommerce/email', 'order_recover_description', 'Email nhắc nhở khách hàng hoàn tất đơn hàng', '2023-02-20 00:12:33', '2023-02-20 00:12:33'),
	(3950, 1, 'vi', 'plugins/ecommerce/email', 'link_go_to_our_shop', 'hoặc <a href=":link">Truy cập website</a>', '2023-02-20 00:12:33', '2023-02-20 00:12:33'),
	(3951, 1, 'vi', 'plugins/ecommerce/email', 'order_information', 'Thông tin đơn hàng', '2023-02-20 00:12:33', '2023-02-20 00:12:33'),
	(3952, 1, 'vi', 'plugins/ecommerce/email', 'order_number', 'Mã đơn hàng: <strong>:order_id</strong>', '2023-02-20 00:12:33', '2023-02-20 00:12:33'),
	(3953, 1, 'vi', 'plugins/ecommerce/email', 'view_order', 'Xem đơn hàng', '2023-02-20 00:12:33', '2023-02-20 00:12:33'),
	(3954, 1, 'vi', 'plugins/ecommerce/order', 'statuses.pending', 'Chưa xử lý', '2023-02-20 00:12:33', '2023-02-20 00:12:33'),
	(3955, 1, 'vi', 'plugins/ecommerce/order', 'statuses.processing', 'Đang xử lý', '2023-02-20 00:12:33', '2023-02-20 00:12:33'),
	(3956, 1, 'vi', 'plugins/ecommerce/order', 'statuses.completed', 'Hoàn thành', '2023-02-20 00:12:33', '2023-02-20 00:12:33'),
	(3957, 1, 'vi', 'plugins/ecommerce/order', 'statuses.canceled', 'Bị huỷ', '2023-02-20 00:12:33', '2023-02-20 00:12:33'),
	(3958, 1, 'vi', 'plugins/ecommerce/order', 'name', 'Đơn hàng', '2023-02-20 00:12:33', '2023-02-20 00:12:33'),
	(3959, 1, 'vi', 'plugins/ecommerce/order', 'incomplete_order', 'Đơn hàng chưa hoàn tất', '2023-02-20 00:12:33', '2023-02-20 00:12:33'),
	(3960, 1, 'vi', 'plugins/ecommerce/order', 'order_id', 'Mã đơn hàng', '2023-02-20 00:12:33', '2023-02-20 00:12:33'),
	(3961, 1, 'vi', 'plugins/ecommerce/order', 'customer_label', 'Khách hàng', '2023-02-20 00:12:33', '2023-02-20 00:12:33'),
	(3962, 1, 'vi', 'plugins/ecommerce/order', 'amount', 'Tổng cộng', '2023-02-20 00:12:33', '2023-02-20 00:12:33'),
	(3963, 1, 'vi', 'plugins/ecommerce/order', 'shipping_amount', 'Phí vận chuyển', '2023-02-20 00:12:33', '2023-02-20 00:12:33'),
	(3964, 1, 'vi', 'plugins/ecommerce/order', 'payment_method', 'Phương thức thanh toán', '2023-02-20 00:12:33', '2023-02-20 00:12:33'),
	(3965, 1, 'vi', 'plugins/ecommerce/order', 'payment_status_label', 'Trạng thái thanh toán', '2023-02-20 00:12:33', '2023-02-20 00:12:33'),
	(3966, 1, 'vi', 'plugins/ecommerce/order', 'manage_orders', 'Quản lý đơn hàng', '2023-02-20 00:12:33', '2023-02-20 00:12:33'),
	(3967, 1, 'vi', 'plugins/ecommerce/order', 'order_intro_description', 'Một khi cửa hàng của bạn có đơn đặt hàng, đây sẽ là nơi bạn xử lý và theo dõi những đơn đặt hàng đó.', '2023-02-20 00:12:33', '2023-02-20 00:12:33'),
	(3968, 1, 'vi', 'plugins/ecommerce/order', 'create_new_order', 'Tạo đơn hàng', '2023-02-20 00:12:33', '2023-02-20 00:12:33'),
	(3969, 1, 'vi', 'plugins/ecommerce/order', 'manage_incomplete_orders', 'Quản lý đơn hàng chưa hoàn tất', '2023-02-20 00:12:33', '2023-02-20 00:12:33'),
	(3970, 1, 'vi', 'plugins/ecommerce/order', 'incomplete_orders_intro_description', 'Đơn hàng chưa hoàn tất là đơn hàng được tạo khi khách hàng thêm sản phẩm vào giỏ hàng, tiến hành điền thông tin mua hàng nhưng không hoàn tất quá trình thanh toán.', '2023-02-20 00:12:33', '2023-02-20 00:12:33'),
	(3971, 1, 'vi', 'plugins/ecommerce/order', 'cannot_send_order_recover_to_mail', 'Không tìm thấy email nên không thể gửi email khôi phục cho khách hàng.', '2023-02-20 00:12:33', '2023-02-20 00:12:33'),
	(3972, 1, 'vi', 'plugins/ecommerce/order', 'menu', 'Đơn hàng', '2023-02-20 00:12:33', '2023-02-20 00:12:33'),
	(3973, 1, 'vi', 'plugins/ecommerce/order', 'order_information', 'Thông tin đơn hàng', '2023-02-20 00:12:33', '2023-02-20 00:12:33'),
	(3974, 1, 'vi', 'plugins/ecommerce/order', 'create', 'Create an order', '2023-02-20 00:12:33', '2023-02-20 00:12:33'),
	(3975, 1, 'vi', 'plugins/ecommerce/order', 'cancel_error', 'The order is delivering or completed', '2023-02-20 00:12:33', '2023-02-20 00:12:33'),
	(3976, 1, 'vi', 'plugins/ecommerce/order', 'cancel_success', 'You do cancel the order successful', '2023-02-20 00:12:33', '2023-02-20 00:12:33'),
	(3977, 1, 'vi', 'plugins/ecommerce/order', 'product_id', 'Product ID', '2023-02-20 00:12:33', '2023-02-20 00:12:33'),
	(3978, 1, 'vi', 'plugins/ecommerce/order', 'tax_amount', 'Tax Amount', '2023-02-20 00:12:33', '2023-02-20 00:12:33'),
	(3979, 1, 'vi', 'plugins/ecommerce/order', 'invoice_for_order', 'Invoice for order', '2023-02-20 00:12:33', '2023-02-20 00:12:33'),
	(3980, 1, 'vi', 'plugins/ecommerce/order', 'created', 'Created', '2023-02-20 00:12:33', '2023-02-20 00:12:33'),
	(3981, 1, 'vi', 'plugins/ecommerce/order', 'invoice', 'Invoice', '2023-02-20 00:12:33', '2023-02-20 00:12:33'),
	(3982, 1, 'vi', 'plugins/ecommerce/order', 'return', 'Return', '2023-02-20 00:12:33', '2023-02-20 00:12:33'),
	(3983, 1, 'vi', 'plugins/ecommerce/order', 'total_refund_amount', 'Total refund amount', '2023-02-20 00:12:33', '2023-02-20 00:12:33'),
	(3984, 1, 'vi', 'plugins/ecommerce/order', 'total_amount_can_be_refunded', 'Total amount can be refunded', '2023-02-20 00:12:33', '2023-02-20 00:12:33'),
	(3985, 1, 'vi', 'plugins/ecommerce/order', 'refund_reason', 'Refund reason (optional)', '2023-02-20 00:12:33', '2023-02-20 00:12:33'),
	(3986, 1, 'vi', 'plugins/ecommerce/order', 'products', 'product(s)', '2023-02-20 00:12:33', '2023-02-20 00:12:33'),
	(3987, 1, 'vi', 'plugins/ecommerce/order', 'default', 'Default', '2023-02-20 00:12:33', '2023-02-20 00:12:33'),
	(3988, 1, 'vi', 'plugins/ecommerce/order', 'system', 'System', '2023-02-20 00:12:33', '2023-02-20 00:12:33'),
	(3989, 1, 'vi', 'plugins/ecommerce/order', 'new_order_from', 'New order :order_id from :customer', '2023-02-20 00:12:33', '2023-02-20 00:12:33'),
	(3990, 1, 'vi', 'plugins/ecommerce/order', 'confirmation_email_was_sent_to_customer', 'The email confirmation was sent to customer', '2023-02-20 00:12:33', '2023-02-20 00:12:33'),
	(3991, 1, 'vi', 'plugins/ecommerce/order', 'address_name_required', 'The name field is required.', '2023-02-20 00:12:33', '2023-02-20 00:12:33'),
	(3992, 1, 'vi', 'plugins/ecommerce/order', 'address_phone_required', 'The phone field is required.', '2023-02-20 00:12:33', '2023-02-20 00:12:33'),
	(3993, 1, 'vi', 'plugins/ecommerce/order', 'address_email_required', 'The email field is required.', '2023-02-20 00:12:33', '2023-02-20 00:12:33'),
	(3994, 1, 'vi', 'plugins/ecommerce/order', 'address_email_unique', 'The customer with that email is existed, please choose other email or login with this email!', '2023-02-20 00:12:33', '2023-02-20 00:12:33'),
	(3995, 1, 'vi', 'plugins/ecommerce/order', 'address_state_required', 'The state field is required.', '2023-02-20 00:12:33', '2023-02-20 00:12:33'),
	(3996, 1, 'vi', 'plugins/ecommerce/order', 'address_city_required', 'The city field is required.', '2023-02-20 00:12:33', '2023-02-20 00:12:33'),
	(3997, 1, 'vi', 'plugins/ecommerce/order', 'address_country_required', 'The country field is required.', '2023-02-20 00:12:33', '2023-02-20 00:12:33'),
	(3998, 1, 'vi', 'plugins/ecommerce/order', 'address_address_required', 'The address field is required.', '2023-02-20 00:12:33', '2023-02-20 00:12:33'),
	(3999, 1, 'vi', 'plugins/ecommerce/order', 'create_order_from_payment_page', 'Order was created from checkout page', '2023-02-20 00:12:33', '2023-02-20 00:12:33'),
	(4000, 1, 'vi', 'plugins/ecommerce/order', 'order_was_verified_by', 'Order was verified by %user_name%', '2023-02-20 00:12:33', '2023-02-20 00:12:33'),
	(4001, 1, 'vi', 'plugins/ecommerce/order', 'new_order', 'New order :order_id', '2023-02-20 00:12:33', '2023-02-20 00:12:33'),
	(4002, 1, 'vi', 'plugins/ecommerce/order', 'payment_was_confirmed_by', 'Payment was confirmed (amount :money) by %user_name%', '2023-02-20 00:12:33', '2023-02-20 00:12:33'),
	(4003, 1, 'vi', 'plugins/ecommerce/order', 'edit_order', 'Edit order :code', '2023-02-20 00:12:33', '2023-02-20 00:12:33'),
	(4004, 1, 'vi', 'plugins/ecommerce/order', 'confirm_order_success', 'Confirm order successfully!', '2023-02-20 00:12:33', '2023-02-20 00:12:33'),
	(4005, 1, 'vi', 'plugins/ecommerce/order', 'error_when_sending_email', 'There is an error when sending email', '2023-02-20 00:12:33', '2023-02-20 00:12:33'),
	(4006, 1, 'vi', 'plugins/ecommerce/order', 'sent_confirmation_email_success', 'Sent confirmation email successfully!', '2023-02-20 00:12:33', '2023-02-20 00:12:33'),
	(4007, 1, 'vi', 'plugins/ecommerce/order', 'order_was_sent_to_shipping_team', 'Order was sent to shipping team', '2023-02-20 00:12:33', '2023-02-20 00:12:33'),
	(4008, 1, 'vi', 'plugins/ecommerce/order', 'by_username', 'by %user_name%', '2023-02-20 00:12:33', '2023-02-20 00:12:33'),
	(4009, 1, 'vi', 'plugins/ecommerce/order', 'shipping_was_created_from', 'Shipping was created from order %order_id%', '2023-02-20 00:12:33', '2023-02-20 00:12:33'),
	(4010, 1, 'vi', 'plugins/ecommerce/order', 'shipping_was_canceled_success', 'Shipping was cancelled successfully!', '2023-02-20 00:12:33', '2023-02-20 00:12:33'),
	(4011, 1, 'vi', 'plugins/ecommerce/order', 'shipping_was_canceled_by', 'Shipping was cancelled by %user_name%', '2023-02-20 00:12:33', '2023-02-20 00:12:33'),
	(4012, 1, 'vi', 'plugins/ecommerce/order', 'update_shipping_address_success', 'Update shipping address successfully!', '2023-02-20 00:12:33', '2023-02-20 00:12:33'),
	(4013, 1, 'vi', 'plugins/ecommerce/order', 'order_was_canceled_by', 'Order was cancelled by %user_name%', '2023-02-20 00:12:33', '2023-02-20 00:12:33'),
	(4014, 1, 'vi', 'plugins/ecommerce/order', 'confirm_payment_success', 'Confirm payment successfully!', '2023-02-20 00:12:33', '2023-02-20 00:12:33'),
	(4015, 1, 'vi', 'plugins/ecommerce/order', 'refund_amount_invalid', 'Refund amount must be lower or equal :price', '2023-02-20 00:12:33', '2023-02-20 00:12:33'),
	(4016, 1, 'vi', 'plugins/ecommerce/order', 'number_of_products_invalid', 'Number of products refund is not valid!', '2023-02-20 00:12:33', '2023-02-20 00:12:33'),
	(4017, 1, 'vi', 'plugins/ecommerce/order', 'cannot_found_payment_for_this_order', 'Cannot found payment for this order!', '2023-02-20 00:12:33', '2023-02-20 00:12:33'),
	(4018, 1, 'vi', 'plugins/ecommerce/order', 'refund_success_with_price', 'Refund success :price', '2023-02-20 00:12:33', '2023-02-20 00:12:33'),
	(4019, 1, 'vi', 'plugins/ecommerce/order', 'refund_success', 'Refund successfully!', '2023-02-20 00:12:33', '2023-02-20 00:12:33'),
	(4020, 1, 'vi', 'plugins/ecommerce/order', 'order_is_not_existed', 'Order is not existed!', '2023-02-20 00:12:33', '2023-02-20 00:12:33'),
	(4021, 1, 'vi', 'plugins/ecommerce/order', 'reorder', 'Reorder', '2023-02-20 00:12:33', '2023-02-20 00:12:33'),
	(4022, 1, 'vi', 'plugins/ecommerce/order', 'sent_email_incomplete_order_success', 'Sent email to remind about incomplete order successfully!', '2023-02-20 00:12:33', '2023-02-20 00:12:33'),
	(4023, 1, 'vi', 'plugins/ecommerce/order', 'applied_coupon_success', 'Applied coupon ":code" successfully!', '2023-02-20 00:12:33', '2023-02-20 00:12:33'),
	(4024, 1, 'vi', 'plugins/ecommerce/order', 'new_order_notice', 'You have <span class="bold">:count</span> New Order(s)', '2023-02-20 00:12:33', '2023-02-20 00:12:33'),
	(4025, 1, 'vi', 'plugins/ecommerce/order', 'view_all', 'View all', '2023-02-20 00:12:33', '2023-02-20 00:12:33'),
	(4026, 1, 'vi', 'plugins/ecommerce/order', 'cancel_order', 'Cancel order', '2023-02-20 00:12:33', '2023-02-20 00:12:33'),
	(4027, 1, 'vi', 'plugins/ecommerce/order', 'order_canceled', 'Order canceled', '2023-02-20 00:12:33', '2023-02-20 00:12:33'),
	(4028, 1, 'vi', 'plugins/ecommerce/order', 'order_was_canceled_at', 'Order was canceled at', '2023-02-20 00:12:33', '2023-02-20 00:12:33'),
	(4029, 1, 'vi', 'plugins/ecommerce/order', 'completed', 'Completed', '2023-02-20 00:12:33', '2023-02-20 00:12:33'),
	(4030, 1, 'vi', 'plugins/ecommerce/order', 'uncompleted', 'Uncompleted', '2023-02-20 00:12:33', '2023-02-20 00:12:33'),
	(4031, 1, 'vi', 'plugins/ecommerce/order', 'sku', 'SKU', '2023-02-20 00:12:33', '2023-02-20 00:12:33'),
	(4032, 1, 'vi', 'plugins/ecommerce/order', 'warehouse', 'Warehouse', '2023-02-20 00:12:33', '2023-02-20 00:12:33'),
	(4033, 1, 'vi', 'plugins/ecommerce/order', 'sub_amount', 'Sub amount', '2023-02-20 00:12:33', '2023-02-20 00:12:33'),
	(4034, 1, 'vi', 'plugins/ecommerce/order', 'coupon_code', 'Coupon code: ":code"', '2023-02-20 00:12:33', '2023-02-20 00:12:33'),
	(4035, 1, 'vi', 'plugins/ecommerce/order', 'shipping_fee', 'Shipping fee', '2023-02-20 00:12:33', '2023-02-20 00:12:33'),
	(4036, 1, 'vi', 'plugins/ecommerce/order', 'tax', 'Tax', '2023-02-20 00:12:33', '2023-02-20 00:12:33'),
	(4037, 1, 'vi', 'plugins/ecommerce/order', 'refunded_amount', 'Refunded amount', '2023-02-20 00:12:33', '2023-02-20 00:12:33'),
	(4038, 1, 'vi', 'plugins/ecommerce/order', 'amount_received', 'The amount actually received', '2023-02-20 00:12:33', '2023-02-20 00:12:33'),
	(4039, 1, 'vi', 'plugins/ecommerce/order', 'download_invoice', 'Download invoice', '2023-02-20 00:12:33', '2023-02-20 00:12:33'),
	(4040, 1, 'vi', 'plugins/ecommerce/order', 'add_note', 'Add note...', '2023-02-20 00:12:33', '2023-02-20 00:12:33'),
	(4041, 1, 'vi', 'plugins/ecommerce/order', 'order_was_confirmed', 'Order was confirmed', '2023-02-20 00:12:33', '2023-02-20 00:12:33'),
	(4042, 1, 'vi', 'plugins/ecommerce/order', 'confirm_order', 'Confirm order', '2023-02-20 00:12:33', '2023-02-20 00:12:33'),
	(4043, 1, 'vi', 'plugins/ecommerce/order', 'confirm', 'Confirm', '2023-02-20 00:12:33', '2023-02-20 00:12:33'),
	(4044, 1, 'vi', 'plugins/ecommerce/order', 'order_was_canceled', 'Order was canceled', '2023-02-20 00:12:33', '2023-02-20 00:12:33'),
	(4045, 1, 'vi', 'plugins/ecommerce/order', 'pending_payment', 'Pending payment', '2023-02-20 00:12:33', '2023-02-20 00:12:33'),
	(4046, 1, 'vi', 'plugins/ecommerce/order', 'payment_was_accepted', 'Payment :money was accepted', '2023-02-20 00:12:33', '2023-02-20 00:12:33'),
	(4047, 1, 'vi', 'plugins/ecommerce/order', 'payment_was_refunded', 'Payment was refunded', '2023-02-20 00:12:33', '2023-02-20 00:12:33'),
	(4048, 1, 'vi', 'plugins/ecommerce/order', 'confirm_payment', 'Confirm payment', '2023-02-20 00:12:33', '2023-02-20 00:12:33'),
	(4049, 1, 'vi', 'plugins/ecommerce/order', 'refund', 'Refund', '2023-02-20 00:12:33', '2023-02-20 00:12:33'),
	(4050, 1, 'vi', 'plugins/ecommerce/order', 'all_products_are_not_delivered', 'All products are not delivered', '2023-02-20 00:12:33', '2023-02-20 00:12:33'),
	(4051, 1, 'vi', 'plugins/ecommerce/order', 'delivery', 'Delivery', '2023-02-20 00:12:33', '2023-02-20 00:12:33'),
	(4052, 1, 'vi', 'plugins/ecommerce/order', 'history', 'History', '2023-02-20 00:12:33', '2023-02-20 00:12:33'),
	(4053, 1, 'vi', 'plugins/ecommerce/order', 'order_number', 'Order number', '2023-02-20 00:12:33', '2023-02-20 00:12:33'),
	(4054, 1, 'vi', 'plugins/ecommerce/order', 'from', 'from', '2023-02-20 00:12:33', '2023-02-20 00:12:33'),
	(4055, 1, 'vi', 'plugins/ecommerce/order', 'status', 'Status', '2023-02-20 00:12:33', '2023-02-20 00:12:33'),
	(4056, 1, 'vi', 'plugins/ecommerce/order', 'successfully', 'Successfully', '2023-02-20 00:12:33', '2023-02-20 00:12:33'),
	(4057, 1, 'vi', 'plugins/ecommerce/order', 'transaction_type', 'Transaction\'s type', '2023-02-20 00:12:33', '2023-02-20 00:12:33'),
	(4058, 1, 'vi', 'plugins/ecommerce/order', 'staff', 'Staff', '2023-02-20 00:12:33', '2023-02-20 00:12:33'),
	(4059, 1, 'vi', 'plugins/ecommerce/order', 'refund_date', 'Refund date', '2023-02-20 00:12:33', '2023-02-20 00:12:33'),
	(4060, 1, 'vi', 'plugins/ecommerce/order', 'n_a', 'N\\A', '2023-02-20 00:12:33', '2023-02-20 00:12:33'),
	(4061, 1, 'vi', 'plugins/ecommerce/order', 'payment_date', 'Payment date', '2023-02-20 00:12:33', '2023-02-20 00:12:33'),
	(4062, 1, 'vi', 'plugins/ecommerce/order', 'payment_gateway', 'Payment gateway', '2023-02-20 00:12:33', '2023-02-20 00:12:33'),
	(4063, 1, 'vi', 'plugins/ecommerce/order', 'transaction_amount', 'Transaction amount', '2023-02-20 00:12:33', '2023-02-20 00:12:33'),
	(4064, 1, 'vi', 'plugins/ecommerce/order', 'resend', 'Resend', '2023-02-20 00:12:33', '2023-02-20 00:12:33'),
	(4065, 1, 'vi', 'plugins/ecommerce/order', 'default_store', 'Default store', '2023-02-20 00:12:33', '2023-02-20 00:12:33'),
	(4066, 1, 'vi', 'plugins/ecommerce/order', 'update_address', 'Update address', '2023-02-20 00:12:33', '2023-02-20 00:12:33'),
	(4067, 1, 'vi', 'plugins/ecommerce/order', 'have_an_account_already', 'Have an account already', '2023-02-20 00:12:33', '2023-02-20 00:12:33'),
	(4068, 1, 'vi', 'plugins/ecommerce/order', 'dont_have_an_account_yet', 'Don\'t have an account yet', '2023-02-20 00:12:33', '2023-02-20 00:12:33'),
	(4069, 1, 'vi', 'plugins/ecommerce/order', 'mark_payment_as_confirmed', 'Mark <span>:method</span> as confirmed', '2023-02-20 00:12:33', '2023-02-20 00:12:33'),
	(4070, 1, 'vi', 'plugins/ecommerce/order', 'resend_order_confirmation', 'Resend order confirmation', '2023-02-20 00:12:33', '2023-02-20 00:12:33'),
	(4071, 1, 'vi', 'plugins/ecommerce/order', 'resend_order_confirmation_description', 'Confirmation email will be sent to <strong>:email</strong>?', '2023-02-20 00:12:33', '2023-02-20 00:12:33'),
	(4072, 1, 'vi', 'plugins/ecommerce/order', 'send', 'Send', '2023-02-20 00:12:33', '2023-02-20 00:12:33'),
	(4073, 1, 'vi', 'plugins/ecommerce/order', 'update', 'Update', '2023-02-20 00:12:33', '2023-02-20 00:12:33'),
	(4074, 1, 'vi', 'plugins/ecommerce/order', 'cancel_shipping_confirmation', 'Cancel shipping confirmation?', '2023-02-20 00:12:33', '2023-02-20 00:12:33'),
	(4075, 1, 'vi', 'plugins/ecommerce/order', 'cancel_shipping_confirmation_description', 'Cancel shipping confirmation?', '2023-02-20 00:12:33', '2023-02-20 00:12:33'),
	(4076, 1, 'vi', 'plugins/ecommerce/order', 'cancel_order_confirmation', 'Cancel order confirmation?', '2023-02-20 00:12:33', '2023-02-20 00:12:33'),
	(4077, 1, 'vi', 'plugins/ecommerce/order', 'cancel_order_confirmation_description', 'Are you sure you want to cancel this order? This action cannot rollback', '2023-02-20 00:12:33', '2023-02-20 00:12:33'),
	(4078, 1, 'vi', 'plugins/ecommerce/order', 'confirm_payment_confirmation_description', 'Processed by <strong>:method</strong>. Did you receive payment outside the system? This payment won\'t be saved into system and cannot be refunded', '2023-02-20 00:12:33', '2023-02-20 00:12:33'),
	(4079, 1, 'vi', 'plugins/ecommerce/order', 'save_note', 'Save note', '2023-02-20 00:12:33', '2023-02-20 00:12:33'),
	(4080, 1, 'vi', 'plugins/ecommerce/order', 'order_note', 'Order note', '2023-02-20 00:12:33', '2023-02-20 00:12:33'),
	(4081, 1, 'vi', 'plugins/ecommerce/order', 'order_note_placeholder', 'Note about order, ex: time or shipping instruction.', '2023-02-20 00:12:34', '2023-02-20 00:12:34'),
	(4082, 1, 'vi', 'plugins/ecommerce/order', 'order_amount', 'Order amount', '2023-02-20 00:12:34', '2023-02-20 00:12:34'),
	(4083, 1, 'vi', 'plugins/ecommerce/order', 'additional_information', 'Additional information', '2023-02-20 00:12:34', '2023-02-20 00:12:34'),
	(4084, 1, 'vi', 'plugins/ecommerce/order', 'notice_about_incomplete_order', 'Notice about incomplete order', '2023-02-20 00:12:34', '2023-02-20 00:12:34'),
	(4085, 1, 'vi', 'plugins/ecommerce/order', 'notice_about_incomplete_order_description', 'Remind email about uncompleted order will be send to <strong>:email</strong>?', '2023-02-20 00:12:34', '2023-02-20 00:12:34'),
	(4086, 1, 'vi', 'plugins/ecommerce/order', 'incomplete_order_description_1', 'An incomplete order is when a potential customer places items in their shopping cart, and goes all the way through to the payment page, but then doesn\'t complete the transaction.', '2023-02-20 00:12:34', '2023-02-20 00:12:34'),
	(4087, 1, 'vi', 'plugins/ecommerce/order', 'incomplete_order_description_2', 'If you have contacted customers and they want to continue buying, you can help them complete their order by following the link:', '2023-02-20 00:12:34', '2023-02-20 00:12:34'),
	(4088, 1, 'vi', 'plugins/ecommerce/order', 'send_an_email_to_recover_this_order', 'Send an email to customer to recover this order', '2023-02-20 00:12:34', '2023-02-20 00:12:34'),
	(4089, 1, 'vi', 'plugins/ecommerce/order', 'see_maps', 'See maps', '2023-02-20 00:12:34', '2023-02-20 00:12:34'),
	(4090, 1, 'vi', 'plugins/ecommerce/order', 'one_or_more_products_dont_have_enough_quantity', 'One or more products don\'t have enough quantity!', '2023-02-20 00:12:34', '2023-02-20 00:12:34'),
	(4091, 1, 'vi', 'plugins/ecommerce/order', 'payment_info', 'Payment Info', '2023-02-20 00:12:34', '2023-02-20 00:12:34'),
	(4092, 1, 'vi', 'plugins/ecommerce/order', 'payment_method_refund_automatic', 'Your customer will be refunded using :method automatically.', '2023-02-20 00:12:34', '2023-02-20 00:12:34'),
	(4093, 1, 'vi', 'plugins/ecommerce/order', 'order', 'Order', '2023-02-20 00:12:34', '2023-02-20 00:12:34'),
	(4094, 1, 'vi', 'plugins/ecommerce/order', 'create_a_new_product', 'Create a new product', '2023-02-20 00:12:35', '2023-02-20 00:12:35'),
	(4095, 1, 'vi', 'plugins/ecommerce/order', 'out_of_stock', 'Out of stock', '2023-02-20 00:12:35', '2023-02-20 00:12:35'),
	(4096, 1, 'vi', 'plugins/ecommerce/order', 'products_available', 'product(s) available', '2023-02-20 00:12:35', '2023-02-20 00:12:35'),
	(4097, 1, 'vi', 'plugins/ecommerce/order', 'no_products_found', 'No products found!', '2023-02-20 00:12:35', '2023-02-20 00:12:35'),
	(4098, 1, 'vi', 'plugins/ecommerce/order', 'note', 'Note', '2023-02-20 00:12:35', '2023-02-20 00:12:35'),
	(4099, 1, 'vi', 'plugins/ecommerce/order', 'note_for_order', 'Note for order...', '2023-02-20 00:12:35', '2023-02-20 00:12:35'),
	(4100, 1, 'vi', 'plugins/ecommerce/order', 'add_discount', 'Add discount', '2023-02-20 00:12:35', '2023-02-20 00:12:35'),
	(4101, 1, 'vi', 'plugins/ecommerce/order', 'discount', 'Discount', '2023-02-20 00:12:35', '2023-02-20 00:12:35'),
	(4102, 1, 'vi', 'plugins/ecommerce/order', 'add_shipping_fee', 'Add shipping fee', '2023-02-20 00:12:35', '2023-02-20 00:12:35'),
	(4103, 1, 'vi', 'plugins/ecommerce/order', 'shipping', 'Shipping', '2023-02-20 00:12:35', '2023-02-20 00:12:35'),
	(4104, 1, 'vi', 'plugins/ecommerce/order', 'total_amount', 'Total amount', '2023-02-20 00:12:35', '2023-02-20 00:12:35'),
	(4105, 1, 'vi', 'plugins/ecommerce/order', 'confirm_payment_and_create_order', 'Confirm payment and create order', '2023-02-20 00:12:35', '2023-02-20 00:12:35'),
	(4106, 1, 'vi', 'plugins/ecommerce/order', 'paid', 'Paid', '2023-02-20 00:12:35', '2023-02-20 00:12:35'),
	(4107, 1, 'vi', 'plugins/ecommerce/order', 'pay_later', 'Pay later', '2023-02-20 00:12:36', '2023-02-20 00:12:36'),
	(4108, 1, 'vi', 'plugins/ecommerce/order', 'customer_information', 'Customer information', '2023-02-20 00:12:36', '2023-02-20 00:12:36'),
	(4109, 1, 'vi', 'plugins/ecommerce/order', 'create_new_customer', 'Create new customer', '2023-02-20 00:12:36', '2023-02-20 00:12:36'),
	(4110, 1, 'vi', 'plugins/ecommerce/order', 'no_customer_found', 'No customer found!', '2023-02-20 00:12:36', '2023-02-20 00:12:36'),
	(4111, 1, 'vi', 'plugins/ecommerce/order', 'customer', 'Customer', '2023-02-20 00:12:36', '2023-02-20 00:12:36'),
	(4112, 1, 'vi', 'plugins/ecommerce/order', 'orders', 'order(s)', '2023-02-20 00:12:36', '2023-02-20 00:12:36'),
	(4113, 1, 'vi', 'plugins/ecommerce/order', 'shipping_address', 'Shipping Address', '2023-02-20 00:12:36', '2023-02-20 00:12:36'),
	(4114, 1, 'vi', 'plugins/ecommerce/order', 'see_on_maps', 'See on maps', '2023-02-20 00:12:36', '2023-02-20 00:12:36'),
	(4115, 1, 'vi', 'plugins/ecommerce/order', 'price', 'Price', '2023-02-20 00:12:36', '2023-02-20 00:12:36'),
	(4116, 1, 'vi', 'plugins/ecommerce/order', 'sku_optional', 'SKU (optional)', '2023-02-20 00:12:36', '2023-02-20 00:12:36'),
	(4117, 1, 'vi', 'plugins/ecommerce/order', 'with_storehouse_management', 'With storehouse management?', '2023-02-20 00:12:36', '2023-02-20 00:12:36'),
	(4118, 1, 'vi', 'plugins/ecommerce/order', 'quantity', 'Quantity', '2023-02-20 00:12:36', '2023-02-20 00:12:36'),
	(4119, 1, 'vi', 'plugins/ecommerce/order', 'allow_customer_checkout_when_this_product_out_of_stock', 'Allow customer checkout when this product out of stock?', '2023-02-20 00:12:36', '2023-02-20 00:12:36'),
	(4120, 1, 'vi', 'plugins/ecommerce/order', 'address', 'Address', '2023-02-20 00:12:36', '2023-02-20 00:12:36'),
	(4121, 1, 'vi', 'plugins/ecommerce/order', 'phone', 'Phone', '2023-02-20 00:12:36', '2023-02-20 00:12:36'),
	(4122, 1, 'vi', 'plugins/ecommerce/order', 'country', 'Country', '2023-02-20 00:12:36', '2023-02-20 00:12:36'),
	(4123, 1, 'vi', 'plugins/ecommerce/order', 'state', 'State', '2023-02-20 00:12:36', '2023-02-20 00:12:36'),
	(4124, 1, 'vi', 'plugins/ecommerce/order', 'city', 'City', '2023-02-20 00:12:36', '2023-02-20 00:12:36'),
	(4125, 1, 'vi', 'plugins/ecommerce/order', 'zip_code', 'Zip code', '2023-02-20 00:12:36', '2023-02-20 00:12:36'),
	(4126, 1, 'vi', 'plugins/ecommerce/order', 'discount_based_on', 'Discount based on', '2023-02-20 00:12:36', '2023-02-20 00:12:36'),
	(4127, 1, 'vi', 'plugins/ecommerce/order', 'or_coupon_code', 'Or coupon code', '2023-02-20 00:12:36', '2023-02-20 00:12:36'),
	(4128, 1, 'vi', 'plugins/ecommerce/order', 'description', 'Description', '2023-02-20 00:12:36', '2023-02-20 00:12:36'),
	(4129, 1, 'vi', 'plugins/ecommerce/order', 'how_to_select_configured_shipping', 'How to select configured shipping?', '2023-02-20 00:12:36', '2023-02-20 00:12:36'),
	(4130, 1, 'vi', 'plugins/ecommerce/order', 'please_add_customer_information_with_the_complete_shipping_address_to_see_the_configured_shipping_rates', 'Please add customer information with the complete shipping address to see the configured shipping rates', '2023-02-20 00:12:36', '2023-02-20 00:12:36'),
	(4131, 1, 'vi', 'plugins/ecommerce/order', 'free_shipping', 'Free shipping', '2023-02-20 00:12:36', '2023-02-20 00:12:36'),
	(4132, 1, 'vi', 'plugins/ecommerce/order', 'custom', 'Custom', '2023-02-20 00:12:36', '2023-02-20 00:12:36'),
	(4133, 1, 'vi', 'plugins/ecommerce/order', 'email', 'Email', '2023-02-20 00:12:36', '2023-02-20 00:12:36'),
	(4134, 1, 'vi', 'plugins/ecommerce/order', 'create_order', 'Create order', '2023-02-20 00:12:36', '2023-02-20 00:12:36'),
	(4135, 1, 'vi', 'plugins/ecommerce/order', 'close', 'Close', '2023-02-20 00:12:36', '2023-02-20 00:12:36'),
	(4136, 1, 'vi', 'plugins/ecommerce/order', 'confirm_payment_is_paid_for_this_order', 'Confirm payment is paid for this order', '2023-02-20 00:12:36', '2023-02-20 00:12:36'),
	(4137, 1, 'vi', 'plugins/ecommerce/order', 'payment_status_of_the_order_is_paid_once_the_order_has_been_created_you_cannot_change_the_payment_method_or_status', 'Payment status of the order is Paid. Once the order has been created, you cannot change the payment method or status', '2023-02-20 00:12:36', '2023-02-20 00:12:36'),
	(4138, 1, 'vi', 'plugins/ecommerce/order', 'select_payment_method', 'Select payment method', '2023-02-20 00:12:36', '2023-02-20 00:12:36'),
	(4139, 1, 'vi', 'plugins/ecommerce/order', 'cash_on_delivery_cod', 'Cash on delivery (COD)', '2023-02-20 00:12:36', '2023-02-20 00:12:36'),
	(4140, 1, 'vi', 'plugins/ecommerce/order', 'bank_transfer', 'Bank transfer', '2023-02-20 00:12:36', '2023-02-20 00:12:36'),
	(4141, 1, 'vi', 'plugins/ecommerce/order', 'paid_amount', 'Paid amount', '2023-02-20 00:12:36', '2023-02-20 00:12:36'),
	(4142, 1, 'vi', 'plugins/ecommerce/order', 'confirm_that_payment_for_this_order_will_be_paid_later', 'Confirm that payment for this order will be paid later', '2023-02-20 00:12:36', '2023-02-20 00:12:36'),
	(4143, 1, 'vi', 'plugins/ecommerce/order', 'payment_status_of_the_order_is_pending_once_the_order_has_been_created_you_cannot_change_the_payment_method_or_status', 'Payment status of the order is Pending. Once the order has been created, you cannot change the payment method or status', '2023-02-20 00:12:36', '2023-02-20 00:12:36'),
	(4144, 1, 'vi', 'plugins/ecommerce/order', 'pending_amount', 'Pending amount', '2023-02-20 00:12:36', '2023-02-20 00:12:36'),
	(4145, 1, 'vi', 'plugins/ecommerce/order', 'update_email', 'Update email', '2023-02-20 00:12:36', '2023-02-20 00:12:36'),
	(4146, 1, 'vi', 'plugins/ecommerce/order', 'save', 'Save', '2023-02-20 00:12:36', '2023-02-20 00:12:36'),
	(4147, 1, 'vi', 'plugins/ecommerce/order', 'cancel', 'Cancel', '2023-02-20 00:12:36', '2023-02-20 00:12:36'),
	(4148, 1, 'vi', 'plugins/ecommerce/order', 'create_a_new_order', 'Create a new order', '2023-02-20 00:12:36', '2023-02-20 00:12:36'),
	(4149, 1, 'vi', 'plugins/ecommerce/order', 'search_or_create_new_product', 'Search or create a new product', '2023-02-20 00:12:36', '2023-02-20 00:12:36'),
	(4150, 1, 'vi', 'plugins/ecommerce/order', 'search_or_create_new_customer', 'Search or create a new customer', '2023-02-20 00:12:36', '2023-02-20 00:12:36'),
	(4151, 1, 'vi', 'plugins/ecommerce/order', 'discount_description', 'Discount description', '2023-02-20 00:12:36', '2023-02-20 00:12:36'),
	(4152, 1, 'vi', 'plugins/ecommerce/order', 'cant_select_out_of_stock_product', 'Cannot select out of stock product!', '2023-02-20 00:12:36', '2023-02-20 00:12:36'),
	(4153, 1, 'vi', 'plugins/ecommerce/payment', 'name', 'Thanh toán', '2023-02-20 00:12:36', '2023-02-20 00:12:36'),
	(4154, 1, 'vi', 'plugins/ecommerce/payment', 'payment_method', 'Phương thức thanh toán', '2023-02-20 00:12:36', '2023-02-20 00:12:36'),
	(4155, 1, 'vi', 'plugins/ecommerce/payment', 'view_payment', 'Xem thanh toán #', '2023-02-20 00:12:36', '2023-02-20 00:12:36'),
	(4156, 1, 'vi', 'plugins/ecommerce/payment', 'charge_id', 'Mã giao dịch', '2023-02-20 00:12:36', '2023-02-20 00:12:36'),
	(4157, 1, 'vi', 'plugins/ecommerce/payment', 'amount', 'Số tiền', '2023-02-20 00:12:36', '2023-02-20 00:12:36'),
	(4158, 1, 'vi', 'plugins/ecommerce/payment', 'currency', 'Đơn vị tiền tệ', '2023-02-20 00:12:36', '2023-02-20 00:12:36'),
	(4159, 1, 'vi', 'plugins/ecommerce/payment', 'user', 'Người dùng', '2023-02-20 00:12:36', '2023-02-20 00:12:36'),
	(4160, 1, 'vi', 'plugins/ecommerce/payment', 'paypal_name_required', 'Tên của phương thức PayPal là bắt buộc!', '2023-02-20 00:12:36', '2023-02-20 00:12:36'),
	(4161, 1, 'vi', 'plugins/ecommerce/payment', 'paypal_name_max', 'Tên của phương thức PayPal quá dài!', '2023-02-20 00:12:36', '2023-02-20 00:12:36'),
	(4162, 1, 'vi', 'plugins/ecommerce/payment', 'status', 'Trạng thái', '2023-02-20 00:12:36', '2023-02-20 00:12:36'),
	(4163, 1, 'vi', 'plugins/ecommerce/payment', 'enabled', 'Bật', '2023-02-20 00:12:36', '2023-02-20 00:12:36'),
	(4164, 1, 'vi', 'plugins/ecommerce/payment', 'disabled', 'Tắt', '2023-02-20 00:12:36', '2023-02-20 00:12:36'),
	(4165, 1, 'vi', 'plugins/ecommerce/payment', 'client_id', 'Client ID', '2023-02-20 00:12:36', '2023-02-20 00:12:36'),
	(4166, 1, 'vi', 'plugins/ecommerce/payment', 'client_secret', 'Client Secret', '2023-02-20 00:12:36', '2023-02-20 00:12:36'),
	(4167, 1, 'vi', 'plugins/ecommerce/payment', 'mode', 'Chế độ', '2023-02-20 00:12:36', '2023-02-20 00:12:36'),
	(4168, 1, 'vi', 'plugins/ecommerce/payment', 'sandbox', 'Sandbox', '2023-02-20 00:12:36', '2023-02-20 00:12:36'),
	(4169, 1, 'vi', 'plugins/ecommerce/payment', 'live', 'Live', '2023-02-20 00:12:36', '2023-02-20 00:12:36'),
	(4170, 1, 'vi', 'plugins/ecommerce/payment', 'enable_payment_log', 'Bật lưu nhật ký thanh toán', '2023-02-20 00:12:36', '2023-02-20 00:12:36'),
	(4171, 1, 'vi', 'plugins/ecommerce/payment', 'yes', 'Có', '2023-02-20 00:12:36', '2023-02-20 00:12:36'),
	(4172, 1, 'vi', 'plugins/ecommerce/payment', 'no', 'Không', '2023-02-20 00:12:36', '2023-02-20 00:12:36'),
	(4173, 1, 'vi', 'plugins/ecommerce/payment', 'client_key', 'Client Key', '2023-02-20 00:12:36', '2023-02-20 00:12:36'),
	(4174, 1, 'vi', 'plugins/ecommerce/payment', 'paypal', 'PayPal', '2023-02-20 00:12:36', '2023-02-20 00:12:36'),
	(4175, 1, 'vi', 'plugins/ecommerce/payment', 'action', 'Hành động', '2023-02-20 00:12:36', '2023-02-20 00:12:36'),
	(4176, 1, 'vi', 'plugins/ecommerce/payment', 'go_back', 'Quay lại', '2023-02-20 00:12:36', '2023-02-20 00:12:36'),
	(4177, 1, 'vi', 'plugins/ecommerce/payment', 'view', 'Xem', '2023-02-20 00:12:36', '2023-02-20 00:12:36'),
	(4178, 1, 'vi', 'plugins/ecommerce/payment', 'cash_on_delivery', 'Thanh toán khi nhận hàng (COD)', '2023-02-20 00:12:36', '2023-02-20 00:12:36'),
	(4179, 1, 'vi', 'plugins/ecommerce/payment', 'via_bank_transfer', 'Thông qua chuyển khoản ngân hàng', '2023-02-20 00:12:36', '2023-02-20 00:12:36'),
	(4180, 1, 'vi', 'plugins/ecommerce/payment', 'payment_via_cart', 'Thanh toán bằng thẻ', '2023-02-20 00:12:36', '2023-02-20 00:12:36'),
	(4181, 1, 'vi', 'plugins/ecommerce/payment', 'card_number', 'Số thẻ', '2023-02-20 00:12:36', '2023-02-20 00:12:36'),
	(4182, 1, 'vi', 'plugins/ecommerce/payment', 'full_name', 'Tên trên thẻ', '2023-02-20 00:12:36', '2023-02-20 00:12:36'),
	(4183, 1, 'vi', 'plugins/ecommerce/payment', 'payment_via_paypal', 'Thanh toán thông qua PayPal', '2023-02-20 00:12:36', '2023-02-20 00:12:36'),
	(4184, 1, 'vi', 'plugins/ecommerce/payment', 'mm_yy', 'MM/YY', '2023-02-20 00:12:36', '2023-02-20 00:12:36'),
	(4185, 1, 'vi', 'plugins/ecommerce/payment', 'cvc', 'CVC', '2023-02-20 00:12:36', '2023-02-20 00:12:36'),
	(4186, 1, 'vi', 'plugins/ecommerce/payment', 'details', 'Chi tiết', '2023-02-20 00:12:36', '2023-02-20 00:12:36'),
	(4187, 1, 'vi', 'plugins/ecommerce/payment', 'payer_name', 'Người thanh toán', '2023-02-20 00:12:36', '2023-02-20 00:12:36'),
	(4188, 1, 'vi', 'plugins/ecommerce/payment', 'email', 'Địa chỉ email', '2023-02-20 00:12:36', '2023-02-20 00:12:36'),
	(4189, 1, 'vi', 'plugins/ecommerce/payment', 'phone', 'Điện thoại', '2023-02-20 00:12:36', '2023-02-20 00:12:36'),
	(4190, 1, 'vi', 'plugins/ecommerce/payment', 'country', 'Quốc gia', '2023-02-20 00:12:36', '2023-02-20 00:12:36'),
	(4191, 1, 'vi', 'plugins/ecommerce/payment', 'shipping_address', 'Địa chỉ giao hàng', '2023-02-20 00:12:36', '2023-02-20 00:12:36'),
	(4192, 1, 'vi', 'plugins/ecommerce/payment', 'payment_details', 'Chi tiết giao dịch', '2023-02-20 00:12:36', '2023-02-20 00:12:36'),
	(4193, 1, 'vi', 'plugins/ecommerce/payment', 'card', 'Thẻ', '2023-02-20 00:12:36', '2023-02-20 00:12:36'),
	(4194, 1, 'vi', 'plugins/ecommerce/payment', 'address', 'Địa chỉ', '2023-02-20 00:12:36', '2023-02-20 00:12:36'),
	(4195, 1, 'vi', 'plugins/ecommerce/payment', 'new_payment', 'Thanh toán cho đơn hàng :id', '2023-02-20 00:12:36', '2023-02-20 00:12:36'),
	(4196, 1, 'vi', 'plugins/ecommerce/payment', 'payment_id', 'Mã thanh toán', '2023-02-20 00:12:36', '2023-02-20 00:12:36'),
	(4197, 1, 'vi', 'plugins/ecommerce/prices', 'name', 'Price', '2023-02-20 00:12:36', '2023-02-20 00:12:36'),
	(4198, 1, 'vi', 'plugins/ecommerce/prices', 'create', 'New price', '2023-02-20 00:12:36', '2023-02-20 00:12:36'),
	(4199, 1, 'vi', 'plugins/ecommerce/prices', 'edit', 'Edit price', '2023-02-20 00:12:36', '2023-02-20 00:12:36'),
	(4200, 1, 'vi', 'plugins/ecommerce/prices', 'list', 'List price', '2023-02-20 00:12:36', '2023-02-20 00:12:36'),
	(4201, 1, 'vi', 'plugins/ecommerce/product-attribute-sets', 'name', 'Product attribute sets', '2023-02-20 00:12:36', '2023-02-20 00:12:36'),
	(4202, 1, 'vi', 'plugins/ecommerce/product-attribute-sets', 'create', 'New product attribute set', '2023-02-20 00:12:36', '2023-02-20 00:12:36'),
	(4203, 1, 'vi', 'plugins/ecommerce/product-attribute-sets', 'edit', 'Edit product attribute set', '2023-02-20 00:12:36', '2023-02-20 00:12:36'),
	(4204, 1, 'vi', 'plugins/ecommerce/product-attribute-sets', 'visible_in_categories', 'Visible in categories', '2023-02-20 00:12:36', '2023-02-20 00:12:36'),
	(4205, 1, 'vi', 'plugins/ecommerce/product-attribute-sets', 'product_with_more_version', 'Product with more version', '2023-02-20 00:12:36', '2023-02-20 00:12:36'),
	(4206, 1, 'vi', 'plugins/ecommerce/product-attribute-sets', 'create_a_version', 'Create a version', '2023-02-20 00:12:36', '2023-02-20 00:12:36'),
	(4207, 1, 'vi', 'plugins/ecommerce/product-attribute-sets', 'enabled', 'Enabled', '2023-02-20 00:12:36', '2023-02-20 00:12:36'),
	(4208, 1, 'vi', 'plugins/ecommerce/product-attribute-sets', 'attributes', 'Attributes', '2023-02-20 00:12:36', '2023-02-20 00:12:36'),
	(4209, 1, 'vi', 'plugins/ecommerce/product-attribute-sets', 'price', 'Price', '2023-02-20 00:12:36', '2023-02-20 00:12:36'),
	(4210, 1, 'vi', 'plugins/ecommerce/product-attribute-sets', 'edit_btn', 'Edit', '2023-02-20 00:12:36', '2023-02-20 00:12:36'),
	(4211, 1, 'vi', 'plugins/ecommerce/product-attribute-sets', 'remove_btn', 'Remove', '2023-02-20 00:12:36', '2023-02-20 00:12:36'),
	(4212, 1, 'vi', 'plugins/ecommerce/product-attribute-sets', 'product', 'Product', '2023-02-20 00:12:36', '2023-02-20 00:12:36'),
	(4213, 1, 'vi', 'plugins/ecommerce/product-attribute-sets', 'back_to_product', 'Back to product', '2023-02-20 00:12:36', '2023-02-20 00:12:36'),
	(4214, 1, 'vi', 'plugins/ecommerce/product-attribute-sets', 'save', 'Save', '2023-02-20 00:12:36', '2023-02-20 00:12:36'),
	(4215, 1, 'vi', 'plugins/ecommerce/product-attribute-sets', 'other_existing_versions', 'Other existing versions', '2023-02-20 00:12:36', '2023-02-20 00:12:36'),
	(4216, 1, 'vi', 'plugins/ecommerce/product-attribute-sets', 'version_information', 'Version information', '2023-02-20 00:12:36', '2023-02-20 00:12:36'),
	(4217, 1, 'vi', 'plugins/ecommerce/product-attribute-sets', 'add_rule', 'Add rule', '2023-02-20 00:12:36', '2023-02-20 00:12:36'),
	(4218, 1, 'vi', 'plugins/ecommerce/product-attribute-sets', 'rules', 'Rules', '2023-02-20 00:12:36', '2023-02-20 00:12:36'),
	(4219, 1, 'vi', 'plugins/ecommerce/product-attribute-sets', 'pricing', 'Pricing', '2023-02-20 00:12:36', '2023-02-20 00:12:36'),
	(4220, 1, 'vi', 'plugins/ecommerce/product-attribute-sets', 'sale_price', 'Sale price', '2023-02-20 00:12:36', '2023-02-20 00:12:36'),
	(4221, 1, 'vi', 'plugins/ecommerce/product-attribute-sets', 'sale_type', 'Sale type', '2023-02-20 00:12:36', '2023-02-20 00:12:36'),
	(4222, 1, 'vi', 'plugins/ecommerce/product-attribute-sets', 'no_sale_price', 'No sale price', '2023-02-20 00:12:36', '2023-02-20 00:12:36'),
	(4223, 1, 'vi', 'plugins/ecommerce/product-attribute-sets', 'always_on_sale', 'Always on sale', '2023-02-20 00:12:36', '2023-02-20 00:12:36'),
	(4224, 1, 'vi', 'plugins/ecommerce/product-attribute-sets', 'limited_time', 'Limited time', '2023-02-20 00:12:36', '2023-02-20 00:12:36'),
	(4225, 1, 'vi', 'plugins/ecommerce/product-attribute-sets', 'from', 'From', '2023-02-20 00:12:36', '2023-02-20 00:12:36'),
	(4226, 1, 'vi', 'plugins/ecommerce/product-attribute-sets', 'to', 'To', '2023-02-20 00:12:36', '2023-02-20 00:12:36'),
	(4227, 1, 'vi', 'plugins/ecommerce/product-attribute-sets', 'storehouse', 'Storehouse', '2023-02-20 00:12:36', '2023-02-20 00:12:36'),
	(4228, 1, 'vi', 'plugins/ecommerce/product-attribute-sets', 'no_storehouse_management', 'No storehouse management', '2023-02-20 00:12:36', '2023-02-20 00:12:36'),
	(4229, 1, 'vi', 'plugins/ecommerce/product-attribute-sets', 'with_storehouse_management', 'With storehouse management', '2023-02-20 00:12:36', '2023-02-20 00:12:36'),
	(4230, 1, 'vi', 'plugins/ecommerce/product-attribute-sets', 'quantity', 'Quantity', '2023-02-20 00:12:36', '2023-02-20 00:12:36'),
	(4231, 1, 'vi', 'plugins/ecommerce/product-attribute-sets', 'allow_customer_checkout_out_of_stock', 'Allow customer checkout when this product out of stock', '2023-02-20 00:12:36', '2023-02-20 00:12:36'),
	(4232, 1, 'vi', 'plugins/ecommerce/product-attribute-sets', 'shipping', 'Shipping', '2023-02-20 00:12:36', '2023-02-20 00:12:36'),
	(4233, 1, 'vi', 'plugins/ecommerce/product-attribute-sets', 'length', 'Length', '2023-02-20 00:12:36', '2023-02-20 00:12:36'),
	(4234, 1, 'vi', 'plugins/ecommerce/product-attribute-sets', 'wide', 'Wide', '2023-02-20 00:12:36', '2023-02-20 00:12:36'),
	(4235, 1, 'vi', 'plugins/ecommerce/product-attribute-sets', 'height', 'Height', '2023-02-20 00:12:36', '2023-02-20 00:12:36'),
	(4236, 1, 'vi', 'plugins/ecommerce/product-attribute-sets', 'weight', 'Weight', '2023-02-20 00:12:36', '2023-02-20 00:12:36'),
	(4237, 1, 'vi', 'plugins/ecommerce/product-attribute-sets', 'version_images', 'Version images', '2023-02-20 00:12:36', '2023-02-20 00:12:36'),
	(4238, 1, 'vi', 'plugins/ecommerce/product-attribute-sets', 'add_new_image', 'Add new image', '2023-02-20 00:12:36', '2023-02-20 00:12:36'),
	(4239, 1, 'vi', 'plugins/ecommerce/product-attribute-sets', 'attribute_set', 'Attribute set', '2023-02-20 00:12:36', '2023-02-20 00:12:36'),
	(4240, 1, 'vi', 'plugins/ecommerce/product-attribute-sets', 'value', 'Value', '2023-02-20 00:12:36', '2023-02-20 00:12:36'),
	(4241, 1, 'vi', 'plugins/ecommerce/product-attribute-sets', 'dropdown_swatch', 'Dropdown Swatch', '2023-02-20 00:12:36', '2023-02-20 00:12:36'),
	(4242, 1, 'vi', 'plugins/ecommerce/product-attribute-sets', 'visual_swatch', 'Visual Swatch', '2023-02-20 00:12:36', '2023-02-20 00:12:36'),
	(4243, 1, 'vi', 'plugins/ecommerce/product-attribute-sets', 'text_swatch', 'Text Swatch', '2023-02-20 00:12:36', '2023-02-20 00:12:36'),
	(4244, 1, 'vi', 'plugins/ecommerce/product-attributes', 'name', 'Thuộc tính sản phẩm', '2023-02-20 00:12:36', '2023-02-20 00:12:36'),
	(4245, 1, 'vi', 'plugins/ecommerce/product-attributes', 'create', 'Tạo', '2023-02-20 00:12:36', '2023-02-20 00:12:36'),
	(4246, 1, 'vi', 'plugins/ecommerce/product-attributes', 'edit', 'Sửa', '2023-02-20 00:12:36', '2023-02-20 00:12:36'),
	(4247, 1, 'vi', 'plugins/ecommerce/product-attributes', 'intro.title', 'Quản lý danh sách thuộc tính sản phẩm', '2023-02-20 00:12:36', '2023-02-20 00:12:36'),
	(4248, 1, 'vi', 'plugins/ecommerce/product-attributes', 'intro.description', 'Các thuộc tính của sản phẩm như màu sắc, kích thước ...', '2023-02-20 00:12:36', '2023-02-20 00:12:36'),
	(4249, 1, 'vi', 'plugins/ecommerce/product-attributes', 'intro.button_text', 'Tạo thuộc tính sản phẩm', '2023-02-20 00:12:36', '2023-02-20 00:12:36'),
	(4250, 1, 'vi', 'plugins/ecommerce/product-categories', 'create', 'Create new product category', '2023-02-20 00:12:36', '2023-02-20 00:12:36'),
	(4251, 1, 'vi', 'plugins/ecommerce/product-categories', 'edit', 'Edit product category', '2023-02-20 00:12:36', '2023-02-20 00:12:36'),
	(4252, 1, 'vi', 'plugins/ecommerce/product-categories', 'name', 'Danh mục sản phẩm', '2023-02-20 00:12:36', '2023-02-20 00:12:36'),
	(4253, 1, 'vi', 'plugins/ecommerce/product-categories', 'none', 'Không có', '2023-02-20 00:12:36', '2023-02-20 00:12:36'),
	(4254, 1, 'vi', 'plugins/ecommerce/product-categories', 'menu', 'Danh mục sản phẩm', '2023-02-20 00:12:36', '2023-02-20 00:12:36'),
	(4255, 1, 'vi', 'plugins/ecommerce/product-categories', 'intro.title', 'Quản lý danh sách danh mục sản phẩm', '2023-02-20 00:12:36', '2023-02-20 00:12:36'),
	(4256, 1, 'vi', 'plugins/ecommerce/product-categories', 'intro.description', 'Danh mục sản phẩm như quần áo, giày dép, linh kiện điện tử ...', '2023-02-20 00:12:36', '2023-02-20 00:12:36'),
	(4257, 1, 'vi', 'plugins/ecommerce/product-categories', 'intro.button_text', 'Tạo danh mục sản phẩm', '2023-02-20 00:12:36', '2023-02-20 00:12:36'),
	(4258, 1, 'vi', 'plugins/ecommerce/product-categories', 'total_products', 'Tổng sản phẩm: :total', '2023-02-20 00:12:36', '2023-02-20 00:12:36'),
	(4259, 1, 'vi', 'plugins/ecommerce/product-collections', 'name', 'Nhóm sản phẩm', '2023-02-20 00:12:36', '2023-02-20 00:12:36'),
	(4260, 1, 'vi', 'plugins/ecommerce/product-collections', 'create', 'Thêm nhóm sản phẩm', '2023-02-20 00:12:36', '2023-02-20 00:12:36'),
	(4261, 1, 'vi', 'plugins/ecommerce/product-collections', 'edit', 'Sửa nhóm sản phẩm', '2023-02-20 00:12:36', '2023-02-20 00:12:36'),
	(4262, 1, 'vi', 'plugins/ecommerce/product-collections', 'slug_help_block', 'Label key: <code>:slug</code>. We will use this key for filter.', '2023-02-20 00:12:36', '2023-02-20 00:12:36'),
	(4263, 1, 'vi', 'plugins/ecommerce/product-collections', 'intro.title', 'Quản lý nhóm sản phẩm', '2023-02-20 00:12:36', '2023-02-20 00:12:36'),
	(4264, 1, 'vi', 'plugins/ecommerce/product-collections', 'intro.description', 'Nhóm sản phẩm giúp quản lý sản phẩm và khách hàng tìm kiếm sản phẩm một cách dễ dàng.', '2023-02-20 00:12:36', '2023-02-20 00:12:36'),
	(4265, 1, 'vi', 'plugins/ecommerce/product-collections', 'intro.button_text', 'Tạo nhóm sản phẩm', '2023-02-20 00:12:36', '2023-02-20 00:12:36'),
	(4266, 1, 'vi', 'plugins/ecommerce/products', 'name', 'Sản phẩm', '2023-02-20 00:12:36', '2023-02-20 00:12:36'),
	(4267, 1, 'vi', 'plugins/ecommerce/products', 'create', 'Thêm sản phẩm mới', '2023-02-20 00:12:36', '2023-02-20 00:12:36'),
	(4268, 1, 'vi', 'plugins/ecommerce/products', 'edit', 'Sửa sản phẩm - :name', '2023-02-20 00:12:36', '2023-02-20 00:12:36'),
	(4269, 1, 'vi', 'plugins/ecommerce/products', 'form.name', 'Tên sản phẩm', '2023-02-20 00:12:36', '2023-02-20 00:12:36'),
	(4270, 1, 'vi', 'plugins/ecommerce/products', 'form.name_placeholder', 'Tên sản phẩm (Tối đa 120 chữ cái)', '2023-02-20 00:12:36', '2023-02-20 00:12:36'),
	(4271, 1, 'vi', 'plugins/ecommerce/products', 'form.description', 'Mô tả ngắn', '2023-02-20 00:12:36', '2023-02-20 00:12:36'),
	(4272, 1, 'vi', 'plugins/ecommerce/products', 'form.description_placeholder', 'Mô tả ngắn gọn cho sản phẩm (Tối đa 400 chữ cái)', '2023-02-20 00:12:36', '2023-02-20 00:12:36'),
	(4273, 1, 'vi', 'plugins/ecommerce/products', 'form.categories', 'Danh mục', '2023-02-20 00:12:36', '2023-02-20 00:12:36'),
	(4274, 1, 'vi', 'plugins/ecommerce/products', 'form.content', 'Chi tiết sản phẩm', '2023-02-20 00:12:36', '2023-02-20 00:12:36'),
	(4275, 1, 'vi', 'plugins/ecommerce/products', 'form.price', 'Giá cơ bản', '2023-02-20 00:12:36', '2023-02-20 00:12:36'),
	(4276, 1, 'vi', 'plugins/ecommerce/products', 'form.price_sale', 'Giá giảm', '2023-02-20 00:12:36', '2023-02-20 00:12:36'),
	(4277, 1, 'vi', 'plugins/ecommerce/products', 'form.quantity', 'Số lượng', '2023-02-20 00:12:36', '2023-02-20 00:12:36'),
	(4278, 1, 'vi', 'plugins/ecommerce/products', 'form.brand', 'Thương hiệu', '2023-02-20 00:12:36', '2023-02-20 00:12:36'),
	(4279, 1, 'vi', 'plugins/ecommerce/products', 'form.width', 'Rộng', '2023-02-20 00:12:36', '2023-02-20 00:12:36'),
	(4280, 1, 'vi', 'plugins/ecommerce/products', 'form.height', 'Cao', '2023-02-20 00:12:36', '2023-02-20 00:12:36'),
	(4281, 1, 'vi', 'plugins/ecommerce/products', 'form.weight', 'Cân nặng', '2023-02-20 00:12:36', '2023-02-20 00:12:36'),
	(4282, 1, 'vi', 'plugins/ecommerce/products', 'form.image', 'Hình ảnh', '2023-02-20 00:12:36', '2023-02-20 00:12:36'),
	(4283, 1, 'vi', 'plugins/ecommerce/products', 'form.product_type.title', 'Loại sản phẩm', '2023-02-20 00:12:36', '2023-02-20 00:12:36'),
	(4284, 1, 'vi', 'plugins/ecommerce/products', 'form.stock.title', 'Tình trạng kho', '2023-02-20 00:12:36', '2023-02-20 00:12:36'),
	(4285, 1, 'vi', 'plugins/ecommerce/products', 'form.stock.in_stock', 'Còn hàng', '2023-02-20 00:12:36', '2023-02-20 00:12:36'),
	(4286, 1, 'vi', 'plugins/ecommerce/products', 'form.stock.out_stock', 'Hết hàng', '2023-02-20 00:12:36', '2023-02-20 00:12:36'),
	(4287, 1, 'vi', 'plugins/ecommerce/products', 'form.stock.allow_order_when_out', 'Cho phép đặt hàng khi hết', '2023-02-20 00:12:36', '2023-02-20 00:12:36'),
	(4288, 1, 'vi', 'plugins/ecommerce/products', 'form.storehouse.title', 'Quản lý kho', '2023-02-20 00:12:36', '2023-02-20 00:12:36'),
	(4289, 1, 'vi', 'plugins/ecommerce/products', 'form.storehouse.no_storehouse', 'Không quản lý kho', '2023-02-20 00:12:36', '2023-02-20 00:12:36'),
	(4290, 1, 'vi', 'plugins/ecommerce/products', 'form.storehouse.storehouse', 'Quản lý kho', '2023-02-20 00:12:36', '2023-02-20 00:12:36'),
	(4291, 1, 'vi', 'plugins/ecommerce/products', 'form.storehouse.quantity', 'Số lượng', '2023-02-20 00:12:36', '2023-02-20 00:12:36'),
	(4292, 1, 'vi', 'plugins/ecommerce/products', 'form.shipping.title', 'Giao hàng', '2023-02-20 00:12:36', '2023-02-20 00:12:36'),
	(4293, 1, 'vi', 'plugins/ecommerce/products', 'form.shipping.length', 'Chiều dài', '2023-02-20 00:12:36', '2023-02-20 00:12:36'),
	(4294, 1, 'vi', 'plugins/ecommerce/products', 'form.shipping.wide', 'Chiều rộng', '2023-02-20 00:12:36', '2023-02-20 00:12:36'),
	(4295, 1, 'vi', 'plugins/ecommerce/products', 'form.shipping.height', 'Chiều cao', '2023-02-20 00:12:36', '2023-02-20 00:12:36'),
	(4296, 1, 'vi', 'plugins/ecommerce/products', 'form.shipping.weight', 'Cân nặng', '2023-02-20 00:12:36', '2023-02-20 00:12:36'),
	(4297, 1, 'vi', 'plugins/ecommerce/products', 'form.date.start', 'Ngày bắt đầu', '2023-02-20 00:12:36', '2023-02-20 00:12:36'),
	(4298, 1, 'vi', 'plugins/ecommerce/products', 'form.date.end', 'Ngày kết thúc', '2023-02-20 00:12:36', '2023-02-20 00:12:36'),
	(4299, 1, 'vi', 'plugins/ecommerce/products', 'form.tags', 'Nhãn', '2023-02-20 00:12:36', '2023-02-20 00:12:36'),
	(4300, 1, 'vi', 'plugins/ecommerce/products', 'form.tax', 'Thuế', '2023-02-20 00:12:37', '2023-02-20 00:12:37'),
	(4301, 1, 'vi', 'plugins/ecommerce/products', 'form.taxes', 'Thuế', '2023-02-20 00:12:37', '2023-02-20 00:12:37'),
	(4302, 1, 'vi', 'plugins/ecommerce/products', 'price', 'Giá cơ bản', '2023-02-20 00:12:37', '2023-02-20 00:12:37'),
	(4303, 1, 'vi', 'plugins/ecommerce/products', 'price_sale', 'Giá giảm', '2023-02-20 00:12:37', '2023-02-20 00:12:37'),
	(4304, 1, 'vi', 'plugins/ecommerce/products', 'quantity', 'Số lượng', '2023-02-20 00:12:37', '2023-02-20 00:12:37'),
	(4305, 1, 'vi', 'plugins/ecommerce/products', 'type', 'Loại sản phẩm', '2023-02-20 00:12:37', '2023-02-20 00:12:37'),
	(4306, 1, 'vi', 'plugins/ecommerce/products', 'image', 'Ảnh', '2023-02-20 00:12:37', '2023-02-20 00:12:37'),
	(4307, 1, 'vi', 'plugins/ecommerce/products', 'sku', 'Mã sản phẩm', '2023-02-20 00:12:37', '2023-02-20 00:12:37'),
	(4308, 1, 'vi', 'plugins/ecommerce/products', 'brand', 'Thương hiệu', '2023-02-20 00:12:37', '2023-02-20 00:12:37'),
	(4309, 1, 'vi', 'plugins/ecommerce/products', 'cannot_delete', 'Product could not be deleted', '2023-02-20 00:12:37', '2023-02-20 00:12:37'),
	(4310, 1, 'vi', 'plugins/ecommerce/products', 'product_deleted', 'Product deleted', '2023-02-20 00:12:37', '2023-02-20 00:12:37'),
	(4311, 1, 'vi', 'plugins/ecommerce/products', 'products', 'Sản phẩm', '2023-02-20 00:12:37', '2023-02-20 00:12:37'),
	(4312, 1, 'vi', 'plugins/ecommerce/products', 'menu', 'Sản phẩm', '2023-02-20 00:12:37', '2023-02-20 00:12:37'),
	(4313, 1, 'vi', 'plugins/ecommerce/products', 'control.button_add_image', 'Thêm hình ảnh', '2023-02-20 00:12:37', '2023-02-20 00:12:37'),
	(4314, 1, 'vi', 'plugins/ecommerce/products', 'overview', 'Tổng quan', '2023-02-20 00:12:37', '2023-02-20 00:12:37'),
	(4315, 1, 'vi', 'plugins/ecommerce/products', 'attributes', 'Thuộc tính', '2023-02-20 00:12:37', '2023-02-20 00:12:37'),
	(4316, 1, 'vi', 'plugins/ecommerce/products', 'product_has_variations', 'Sản phẩm có nhiều phiên bản', '2023-02-20 00:12:37', '2023-02-20 00:12:37'),
	(4317, 1, 'vi', 'plugins/ecommerce/products', 'manage_products', 'Quản lý danh sách sản phẩm', '2023-02-20 00:12:37', '2023-02-20 00:12:37'),
	(4318, 1, 'vi', 'plugins/ecommerce/products', 'add_new_product', 'Tạo sản phẩm', '2023-02-20 00:12:37', '2023-02-20 00:12:37'),
	(4319, 1, 'vi', 'plugins/ecommerce/products', 'start_by_adding_new_product', 'Bắt đầu bán hàng bằng việc thêm sản phẩm.', '2023-02-20 00:12:37', '2023-02-20 00:12:37'),
	(4320, 1, 'vi', 'plugins/ecommerce/reports', 'name', 'Báo cáo', '2023-02-20 00:12:37', '2023-02-20 00:12:37'),
	(4321, 1, 'vi', 'plugins/ecommerce/reports', 'widget.order.title', 'Đơn hàng', '2023-02-20 00:12:37', '2023-02-20 00:12:37'),
	(4322, 1, 'vi', 'plugins/ecommerce/reports', 'count.revenue', 'Doanh thu hôm nay', '2023-02-20 00:12:37', '2023-02-20 00:12:37'),
	(4323, 1, 'vi', 'plugins/ecommerce/reports', 'count.orders', 'Đơn hàng hôm nay', '2023-02-20 00:12:37', '2023-02-20 00:12:37'),
	(4324, 1, 'vi', 'plugins/ecommerce/reports', 'count.products', 'Sản phẩm', '2023-02-20 00:12:37', '2023-02-20 00:12:37'),
	(4325, 1, 'vi', 'plugins/ecommerce/reports', 'count.customers', 'Khách hàng', '2023-02-20 00:12:37', '2023-02-20 00:12:37'),
	(4326, 1, 'vi', 'plugins/ecommerce/reports', 'product_name', 'Tên sản phẩm', '2023-02-20 00:12:37', '2023-02-20 00:12:37'),
	(4327, 1, 'vi', 'plugins/ecommerce/reports', 'quantity', 'Số lượng', '2023-02-20 00:12:37', '2023-02-20 00:12:37'),
	(4328, 1, 'vi', 'plugins/ecommerce/reports', 'revenue_statistics', 'Thống kê doanh thu', '2023-02-20 00:12:37', '2023-02-20 00:12:37'),
	(4329, 1, 'vi', 'plugins/ecommerce/reports', 'top_selling_products', 'Sản phẩm bán chạy trong tháng', '2023-02-20 00:12:37', '2023-02-20 00:12:37'),
	(4330, 1, 'vi', 'plugins/ecommerce/review', 'name', 'Đánh giá', '2023-02-20 00:12:37', '2023-02-20 00:12:37'),
	(4331, 1, 'vi', 'plugins/ecommerce/review', 'list_review', 'Khách hàng đánh giá', '2023-02-20 00:12:37', '2023-02-20 00:12:37'),
	(4332, 1, 'vi', 'plugins/ecommerce/review', 'add_review', 'Thêm đánh giá', '2023-02-20 00:12:37', '2023-02-20 00:12:37'),
	(4333, 1, 'vi', 'plugins/ecommerce/review', 'delete_review', 'Xóa đánh giá', '2023-02-20 00:12:37', '2023-02-20 00:12:37'),
	(4334, 1, 'vi', 'plugins/ecommerce/review', 'create_review', 'Tạo đánh giá', '2023-02-20 00:12:37', '2023-02-20 00:12:37'),
	(4335, 1, 'vi', 'plugins/ecommerce/review', 'please_select_rating', 'Chọn đánh giá', '2023-02-20 00:12:37', '2023-02-20 00:12:37'),
	(4336, 1, 'vi', 'plugins/ecommerce/review', 'comment', 'Bình luận', '2023-02-20 00:12:37', '2023-02-20 00:12:37'),
	(4337, 1, 'vi', 'plugins/ecommerce/review', 'approve', 'Chấp thuận', '2023-02-20 00:12:37', '2023-02-20 00:12:37'),
	(4338, 1, 'vi', 'plugins/ecommerce/review', 'approved', 'Đã chấp thuận', '2023-02-20 00:12:37', '2023-02-20 00:12:37'),
	(4339, 1, 'vi', 'plugins/ecommerce/review', 'disapprove', 'Không chấp thuận', '2023-02-20 00:12:37', '2023-02-20 00:12:37'),
	(4340, 1, 'vi', 'plugins/ecommerce/review', 'disapproved', 'Đã không chấp thuận', '2023-02-20 00:12:37', '2023-02-20 00:12:37'),
	(4341, 1, 'vi', 'plugins/ecommerce/review', 'product', 'Sản phẩm', '2023-02-20 00:12:37', '2023-02-20 00:12:37'),
	(4342, 1, 'vi', 'plugins/ecommerce/review', 'user', 'Người dùng', '2023-02-20 00:12:37', '2023-02-20 00:12:37'),
	(4343, 1, 'vi', 'plugins/ecommerce/review', 'star', 'Sao', '2023-02-20 00:12:37', '2023-02-20 00:12:37'),
	(4344, 1, 'vi', 'plugins/ecommerce/review', 'status', 'Trạng thái', '2023-02-20 00:12:37', '2023-02-20 00:12:37'),
	(4345, 1, 'vi', 'plugins/ecommerce/review', 'intro.title', 'Quản lý danh sách nhận xét của khách hàng', '2023-02-20 00:12:37', '2023-02-20 00:12:37'),
	(4346, 1, 'vi', 'plugins/ecommerce/review', 'intro.description', 'Lưu trữ các nhận xét, đánh giá của khách hàng', '2023-02-20 00:12:37', '2023-02-20 00:12:37'),
	(4347, 1, 'vi', 'plugins/ecommerce/shipping', 'name', 'Phí vận chuyển', '2023-02-20 00:12:37', '2023-02-20 00:12:37'),
	(4348, 1, 'vi', 'plugins/ecommerce/shipping', 'shipping', 'Vận chuyển', '2023-02-20 00:12:37', '2023-02-20 00:12:37'),
	(4349, 1, 'vi', 'plugins/ecommerce/shipping', 'title', 'Title', '2023-02-20 00:12:37', '2023-02-20 00:12:37'),
	(4350, 1, 'vi', 'plugins/ecommerce/shipping', 'country', 'Quốc gia', '2023-02-20 00:12:37', '2023-02-20 00:12:37'),
	(4351, 1, 'vi', 'plugins/ecommerce/shipping', 'state', 'State', '2023-02-20 00:12:37', '2023-02-20 00:12:37'),
	(4352, 1, 'vi', 'plugins/ecommerce/shipping', 'city', 'City', '2023-02-20 00:12:37', '2023-02-20 00:12:37'),
	(4353, 1, 'vi', 'plugins/ecommerce/shipping', 'amount', 'Amount', '2023-02-20 00:12:37', '2023-02-20 00:12:37'),
	(4354, 1, 'vi', 'plugins/ecommerce/shipping', 'enable', 'Enable', '2023-02-20 00:12:37', '2023-02-20 00:12:37'),
	(4355, 1, 'vi', 'plugins/ecommerce/shipping', 'enabled', 'Enabled', '2023-02-20 00:12:37', '2023-02-20 00:12:37'),
	(4356, 1, 'vi', 'plugins/ecommerce/shipping', 'disable', 'Disable', '2023-02-20 00:12:37', '2023-02-20 00:12:37'),
	(4357, 1, 'vi', 'plugins/ecommerce/shipping', 'disabled', 'Disabled', '2023-02-20 00:12:37', '2023-02-20 00:12:37'),
	(4358, 1, 'vi', 'plugins/ecommerce/shipping', 'create_shipping', 'Create a shipping', '2023-02-20 00:12:37', '2023-02-20 00:12:37'),
	(4359, 1, 'vi', 'plugins/ecommerce/shipping', 'edit_shipping', 'Edit shipping #', '2023-02-20 00:12:37', '2023-02-20 00:12:37'),
	(4360, 1, 'vi', 'plugins/ecommerce/shipping', 'status', 'Status', '2023-02-20 00:12:37', '2023-02-20 00:12:37'),
	(4361, 1, 'vi', 'plugins/ecommerce/shipping', 'shipping_methods', 'Phương thức vận chuyển', '2023-02-20 00:12:37', '2023-02-20 00:12:37'),
	(4362, 1, 'vi', 'plugins/ecommerce/shipping', 'create_shipping_method', 'Tạo phương thức vận chuyển', '2023-02-20 00:12:37', '2023-02-20 00:12:37'),
	(4363, 1, 'vi', 'plugins/ecommerce/shipping', 'edit_shipping_method', 'Sửa phương thức vận chuyển', '2023-02-20 00:12:37', '2023-02-20 00:12:37'),
	(4364, 1, 'vi', 'plugins/ecommerce/shipping', 'add_shipping_region', 'Thêm khu vực vận chuyển', '2023-02-20 00:12:37', '2023-02-20 00:12:37'),
	(4365, 1, 'vi', 'plugins/ecommerce/shipping', 'methods.default', 'Default', '2023-02-20 00:12:37', '2023-02-20 00:12:37'),
	(4366, 1, 'vi', 'plugins/ecommerce/shipping', 'statuses.not_approved', 'Not approved', '2023-02-20 00:12:37', '2023-02-20 00:12:37'),
	(4367, 1, 'vi', 'plugins/ecommerce/shipping', 'statuses.approved', 'Approved', '2023-02-20 00:12:37', '2023-02-20 00:12:37'),
	(4368, 1, 'vi', 'plugins/ecommerce/shipping', 'statuses.picking', 'Picking', '2023-02-20 00:12:37', '2023-02-20 00:12:37'),
	(4369, 1, 'vi', 'plugins/ecommerce/shipping', 'statuses.delay_picking', 'Delay picking', '2023-02-20 00:12:37', '2023-02-20 00:12:37'),
	(4370, 1, 'vi', 'plugins/ecommerce/shipping', 'statuses.picked', 'Picked', '2023-02-20 00:12:37', '2023-02-20 00:12:37'),
	(4371, 1, 'vi', 'plugins/ecommerce/shipping', 'statuses.not_picked', 'Not picked', '2023-02-20 00:12:37', '2023-02-20 00:12:37'),
	(4372, 1, 'vi', 'plugins/ecommerce/shipping', 'statuses.delivering', 'Delivering', '2023-02-20 00:12:37', '2023-02-20 00:12:37'),
	(4373, 1, 'vi', 'plugins/ecommerce/shipping', 'statuses.delivered', 'Delivered', '2023-02-20 00:12:37', '2023-02-20 00:12:37'),
	(4374, 1, 'vi', 'plugins/ecommerce/shipping', 'statuses.not_delivered', 'Not delivered', '2023-02-20 00:12:37', '2023-02-20 00:12:37'),
	(4375, 1, 'vi', 'plugins/ecommerce/shipping', 'statuses.audited', 'Audited', '2023-02-20 00:12:37', '2023-02-20 00:12:37'),
	(4376, 1, 'vi', 'plugins/ecommerce/shipping', 'statuses.canceled', 'Canceled', '2023-02-20 00:12:37', '2023-02-20 00:12:37'),
	(4377, 1, 'vi', 'plugins/ecommerce/shipping', 'cod_statuses.pending', 'Pending', '2023-02-20 00:12:37', '2023-02-20 00:12:37'),
	(4378, 1, 'vi', 'plugins/ecommerce/shipping', 'cod_statuses.completed', 'Completed', '2023-02-20 00:12:37', '2023-02-20 00:12:37'),
	(4379, 1, 'vi', 'plugins/ecommerce/store-locator', 'name', 'Địa chỉ cửa hàng', '2023-02-20 00:12:37', '2023-02-20 00:12:37'),
	(4380, 1, 'vi', 'plugins/ecommerce/store-locator', 'description', 'Địa chỉ này sẽ xuất hiện trên hoá đơn của bạn và sẽ được sử dụng để tính toán mức giá vận chuyển của bạn.', '2023-02-20 00:12:37', '2023-02-20 00:12:37'),
	(4381, 1, 'vi', 'plugins/ecommerce/store-locator', 'shop_name', 'Tên cửa hàng', '2023-02-20 00:12:37', '2023-02-20 00:12:37'),
	(4382, 1, 'vi', 'plugins/ecommerce/store-locator', 'phone', 'Điện thoại', '2023-02-20 00:12:37', '2023-02-20 00:12:37'),
	(4383, 1, 'vi', 'plugins/ecommerce/store-locator', 'address', 'Địa chỉ', '2023-02-20 00:12:37', '2023-02-20 00:12:37'),
	(4384, 1, 'vi', 'plugins/ecommerce/tax', 'name', 'Thuế', '2023-02-20 00:12:37', '2023-02-20 00:12:37'),
	(4385, 1, 'vi', 'plugins/ecommerce/tax', 'create', 'Tạo thuế', '2023-02-20 00:12:37', '2023-02-20 00:12:37'),
	(4386, 1, 'vi', 'plugins/ecommerce/tax', 'edit', 'Chỉnh sửa thuế :title', '2023-02-20 00:12:37', '2023-02-20 00:12:37'),
	(4387, 1, 'vi', 'plugins/ecommerce/tax', 'title', 'Tiêu đề', '2023-02-20 00:12:37', '2023-02-20 00:12:37'),
	(4388, 1, 'vi', 'plugins/ecommerce/tax', 'percentage', 'Tỉ lệ phần trăm %', '2023-02-20 00:12:37', '2023-02-20 00:12:37'),
	(4389, 1, 'vi', 'plugins/ecommerce/tax', 'priority', 'Thứ tự ưu tiên', '2023-02-20 00:12:37', '2023-02-20 00:12:37'),
	(4390, 1, 'vi', 'plugins/ecommerce/tax', 'select_tax', '-- lựa chọn --', '2023-02-20 00:12:37', '2023-02-20 00:12:37'),
	(4391, 1, 'en', 'plugins/faq/faq-category', 'name', 'Categories', '2023-02-20 00:12:37', '2023-02-20 00:12:37'),
	(4392, 1, 'en', 'plugins/faq/faq-category', 'create', 'New category', '2023-02-20 00:12:37', '2023-02-20 00:12:37'),
	(4393, 1, 'en', 'plugins/faq/faq-category', 'edit', 'Edit category', '2023-02-20 00:12:37', '2023-02-20 00:12:37'),
	(4394, 1, 'en', 'plugins/faq/faq', 'name', 'FAQ', '2023-02-20 00:12:37', '2023-02-20 00:12:37'),
	(4395, 1, 'en', 'plugins/faq/faq', 'create', 'New faq', '2023-02-20 00:12:37', '2023-02-20 00:12:37'),
	(4396, 1, 'en', 'plugins/faq/faq', 'edit', 'Edit faq', '2023-02-20 00:12:37', '2023-02-20 00:12:37'),
	(4397, 1, 'en', 'plugins/faq/faq', 'question', 'Question', '2023-02-20 00:12:37', '2023-02-20 00:12:37'),
	(4398, 1, 'en', 'plugins/faq/faq', 'answer', 'Answer', '2023-02-20 00:12:37', '2023-02-20 00:12:37'),
	(4399, 1, 'en', 'plugins/faq/faq', 'category', 'Category', '2023-02-20 00:12:37', '2023-02-20 00:12:37'),
	(4400, 1, 'en', 'plugins/faq/faq', 'all', 'All', '2023-02-20 00:12:37', '2023-02-20 00:12:37'),
	(4401, 1, 'en', 'plugins/faq/faq', 'faq_schema_config', 'FAQ schema configuration (:link)', '2023-02-20 00:12:37', '2023-02-20 00:12:37'),
	(4402, 1, 'en', 'plugins/faq/faq', 'learn_more', 'Learn more', '2023-02-20 00:12:37', '2023-02-20 00:12:37'),
	(4403, 1, 'en', 'plugins/faq/faq', 'settings.title', 'FAQ', '2023-02-20 00:12:37', '2023-02-20 00:12:37'),
	(4404, 1, 'en', 'plugins/faq/faq', 'settings.description', 'Settings for FAQ', '2023-02-20 00:12:37', '2023-02-20 00:12:37'),
	(4405, 1, 'en', 'plugins/faq/faq', 'settings.enable_faq_schema', 'Enable FAQ Schema?', '2023-02-20 00:12:37', '2023-02-20 00:12:37'),
	(4406, 1, 'en', 'plugins/faq/faq', 'settings.enable_faq_schema_description', 'Learn more: https://developers.google.com/search/docs/data-types/faqpage', '2023-02-20 00:12:37', '2023-02-20 00:12:37'),
	(4407, 1, 'en', 'plugins/faq/faq', 'select_category', 'Select a category', '2023-02-20 00:12:37', '2023-02-20 00:12:37'),
	(4408, 1, 'en', 'plugins/faq/faq', 'add_item', 'Add item', '2023-02-20 00:12:37', '2023-02-20 00:12:37'),
	(4409, 1, 'vi', 'plugins/faq/faq-category', 'create', 'Thêm danh mục', '2023-02-20 00:12:37', '2023-02-20 00:12:37'),
	(4410, 1, 'vi', 'plugins/faq/faq-category', 'edit', 'Sửa danh mục', '2023-02-20 00:12:37', '2023-02-20 00:12:37'),
	(4411, 1, 'vi', 'plugins/faq/faq-category', 'name', 'Danh mục', '2023-02-20 00:12:37', '2023-02-20 00:12:37'),
	(4412, 1, 'vi', 'plugins/faq/faq', 'name', 'Câu hỏi thường gặp', '2023-02-20 00:12:37', '2023-02-20 00:12:37'),
	(4413, 1, 'vi', 'plugins/faq/faq', 'create', 'Thêm câu hỏi', '2023-02-20 00:12:37', '2023-02-20 00:12:37'),
	(4414, 1, 'vi', 'plugins/faq/faq', 'edit', 'Sửa câu hỏi', '2023-02-20 00:12:37', '2023-02-20 00:12:37'),
	(4415, 1, 'vi', 'plugins/faq/faq', 'question', 'Câu hỏi', '2023-02-20 00:12:37', '2023-02-20 00:12:37'),
	(4416, 1, 'vi', 'plugins/faq/faq', 'answer', 'Trả lời', '2023-02-20 00:12:37', '2023-02-20 00:12:37'),
	(4417, 1, 'en', 'plugins/language/language', 'name', 'Languages', '2023-02-20 00:12:37', '2023-02-20 00:12:37'),
	(4418, 1, 'en', 'plugins/language/language', 'choose_language', 'Choose a language', '2023-02-20 00:12:37', '2023-02-20 00:12:37'),
	(4419, 1, 'en', 'plugins/language/language', 'select_language', 'Select language', '2023-02-20 00:12:37', '2023-02-20 00:12:37'),
	(4420, 1, 'en', 'plugins/language/language', 'choose_language_helper', 'You can choose a language in the list or directly edit it below.', '2023-02-20 00:12:37', '2023-02-20 00:12:37'),
	(4421, 1, 'en', 'plugins/language/language', 'language_name', 'Language name', '2023-02-20 00:12:37', '2023-02-20 00:12:37'),
	(4422, 1, 'en', 'plugins/language/language', 'language_name_helper', 'The name is how it is displayed on your site (for example: English).', '2023-02-20 00:12:37', '2023-02-20 00:12:37'),
	(4423, 1, 'en', 'plugins/language/language', 'locale', 'Locale', '2023-02-20 00:12:37', '2023-02-20 00:12:37'),
	(4424, 1, 'en', 'plugins/language/language', 'locale_helper', 'Laravel Locale for the language (for example: <code>en</code>).', '2023-02-20 00:12:37', '2023-02-20 00:12:37'),
	(4425, 1, 'en', 'plugins/language/language', 'language_code', 'Language code', '2023-02-20 00:12:37', '2023-02-20 00:12:37'),
	(4426, 1, 'en', 'plugins/language/language', 'language_code_helper', 'Language code - preferably 2-letters ISO 639-1 (for example: en)', '2023-02-20 00:12:37', '2023-02-20 00:12:37'),
	(4427, 1, 'en', 'plugins/language/language', 'text_direction', 'Text direction', '2023-02-20 00:12:37', '2023-02-20 00:12:37'),
	(4428, 1, 'en', 'plugins/language/language', 'text_direction_helper', 'Choose the text direction for the language', '2023-02-20 00:12:37', '2023-02-20 00:12:37'),
	(4429, 1, 'en', 'plugins/language/language', 'left_to_right', 'Left to right', '2023-02-20 00:12:37', '2023-02-20 00:12:37'),
	(4430, 1, 'en', 'plugins/language/language', 'right_to_left', 'Right to left', '2023-02-20 00:12:37', '2023-02-20 00:12:37'),
	(4431, 1, 'en', 'plugins/language/language', 'flag', 'Flag', '2023-02-20 00:12:37', '2023-02-20 00:12:37'),
	(4432, 1, 'en', 'plugins/language/language', 'flag_helper', 'Choose a flag for the language.', '2023-02-20 00:12:37', '2023-02-20 00:12:37'),
	(4433, 1, 'en', 'plugins/language/language', 'order', 'Order', '2023-02-20 00:12:37', '2023-02-20 00:12:37'),
	(4434, 1, 'en', 'plugins/language/language', 'order_helper', 'Position of the language in the language switcher', '2023-02-20 00:12:37', '2023-02-20 00:12:37'),
	(4435, 1, 'en', 'plugins/language/language', 'add_new_language', 'Add new language', '2023-02-20 00:12:37', '2023-02-20 00:12:37'),
	(4436, 1, 'en', 'plugins/language/language', 'code', 'Code', '2023-02-20 00:12:37', '2023-02-20 00:12:37'),
	(4437, 1, 'en', 'plugins/language/language', 'default_language', 'Is default?', '2023-02-20 00:12:37', '2023-02-20 00:12:37'),
	(4438, 1, 'en', 'plugins/language/language', 'actions', 'Actions', '2023-02-20 00:12:37', '2023-02-20 00:12:37'),
	(4439, 1, 'en', 'plugins/language/language', 'translations', 'Translations', '2023-02-20 00:12:37', '2023-02-20 00:12:37'),
	(4440, 1, 'en', 'plugins/language/language', 'edit', 'Edit', '2023-02-20 00:12:37', '2023-02-20 00:12:37'),
	(4441, 1, 'en', 'plugins/language/language', 'edit_tooltip', 'Edit this language', '2023-02-20 00:12:37', '2023-02-20 00:12:37'),
	(4442, 1, 'en', 'plugins/language/language', 'delete', 'Delete', '2023-02-20 00:12:37', '2023-02-20 00:12:37'),
	(4443, 1, 'en', 'plugins/language/language', 'delete_tooltip', 'Delete this language and all its associated data', '2023-02-20 00:12:37', '2023-02-20 00:12:37'),
	(4444, 1, 'en', 'plugins/language/language', 'choose_default_language', 'Choose :language as default language', '2023-02-20 00:12:37', '2023-02-20 00:12:37'),
	(4445, 1, 'en', 'plugins/language/language', 'current_language', 'Current record\'s language', '2023-02-20 00:12:37', '2023-02-20 00:12:37'),
	(4446, 1, 'en', 'plugins/language/language', 'edit_related', 'Edit related language for this record', '2023-02-20 00:12:37', '2023-02-20 00:12:37'),
	(4447, 1, 'en', 'plugins/language/language', 'add_language_for_item', 'Add other language version for this record', '2023-02-20 00:12:37', '2023-02-20 00:12:37'),
	(4448, 1, 'en', 'plugins/language/language', 'settings', 'Settings', '2023-02-20 00:12:37', '2023-02-20 00:12:37'),
	(4449, 1, 'en', 'plugins/language/language', 'language_hide_default', 'Hide default language from URL?', '2023-02-20 00:12:37', '2023-02-20 00:12:37'),
	(4450, 1, 'en', 'plugins/language/language', 'language_display_flag_only', 'Flag only', '2023-02-20 00:12:37', '2023-02-20 00:12:37'),
	(4451, 1, 'en', 'plugins/language/language', 'language_display_name_only', 'Name only', '2023-02-20 00:12:37', '2023-02-20 00:12:37'),
	(4452, 1, 'en', 'plugins/language/language', 'language_display_all', 'Display all flag and name', '2023-02-20 00:12:37', '2023-02-20 00:12:37'),
	(4453, 1, 'en', 'plugins/language/language', 'language_display', 'Language display', '2023-02-20 00:12:37', '2023-02-20 00:12:37'),
	(4454, 1, 'en', 'plugins/language/language', 'switcher_display', 'Switcher language display', '2023-02-20 00:12:37', '2023-02-20 00:12:37'),
	(4455, 1, 'en', 'plugins/language/language', 'language_switcher_display_dropdown', 'Dropdown', '2023-02-20 00:12:37', '2023-02-20 00:12:37'),
	(4456, 1, 'en', 'plugins/language/language', 'language_switcher_display_list', 'List', '2023-02-20 00:12:37', '2023-02-20 00:12:37'),
	(4457, 1, 'en', 'plugins/language/language', 'current_language_edit_notification', 'You are editing "<strong class="current_language_text">:language</strong>" version', '2023-02-20 00:12:37', '2023-02-20 00:12:37'),
	(4458, 1, 'en', 'plugins/language/language', 'confirm-change-language', 'Confirm change language', '2023-02-20 00:12:37', '2023-02-20 00:12:37'),
	(4459, 1, 'en', 'plugins/language/language', 'confirm-change-language-message', 'Do you really want to change language to "<strong class="change_to_language_text"></strong>" ? This action will be override "<strong class="change_to_language_text"></strong>" version if it\'s existed!', '2023-02-20 00:12:37', '2023-02-20 00:12:37'),
	(4460, 1, 'en', 'plugins/language/language', 'confirm-change-language-btn', 'Confirm change', '2023-02-20 00:12:37', '2023-02-20 00:12:37'),
	(4461, 1, 'en', 'plugins/language/language', 'hide_languages', 'Hide languages', '2023-02-20 00:12:37', '2023-02-20 00:12:37'),
	(4462, 1, 'en', 'plugins/language/language', 'hide_languages_description', 'You can completely hide content in specific languages from visitors and search engines, but still view it yourself. This allows reviewing translations that are in progress.', '2023-02-20 00:12:37', '2023-02-20 00:12:37'),
	(4463, 1, 'en', 'plugins/language/language', 'hide_languages_helper_display_hidden', '{0} All languages are currently displayed.|{1} :language is currently hidden to visitors.|[2, Inf] :language are currently hidden to visitors.', '2023-02-20 00:12:37', '2023-02-20 00:12:37'),
	(4464, 1, 'en', 'plugins/language/language', 'show_all', 'Show all', '2023-02-20 00:12:37', '2023-02-20 00:12:37'),
	(4465, 1, 'en', 'plugins/language/language', 'change_language', 'Language', '2023-02-20 00:12:37', '2023-02-20 00:12:37'),
	(4466, 1, 'en', 'plugins/language/language', 'language_show_default_item_if_current_version_not_existed', 'Show item in default language if it is not existed in current language', '2023-02-20 00:12:37', '2023-02-20 00:12:37'),
	(4467, 1, 'en', 'plugins/language/language', 'select_flag', 'Select a flag...', '2023-02-20 00:12:37', '2023-02-20 00:12:37'),
	(4468, 1, 'en', 'plugins/language/language', 'delete_confirmation_message', 'Do you really want to delete this language? It also deletes all items in this language and cannot rollback!', '2023-02-20 00:12:37', '2023-02-20 00:12:37'),
	(4469, 1, 'en', 'plugins/language/language', 'added_already', 'This language was added already!', '2023-02-20 00:12:37', '2023-02-20 00:12:37'),
	(4470, 1, 'en', 'plugins/language/language', 'language_auto_detect_user_language', 'Auto detect user language?', '2023-02-20 00:12:37', '2023-02-20 00:12:37'),
	(4471, 1, 'vi', 'plugins/language/language', 'name', 'Ngôn ngữ', '2023-02-20 00:12:37', '2023-02-20 00:12:37'),
	(4472, 1, 'vi', 'plugins/language/language', 'choose_language', 'Chọn một ngôn ngữ', '2023-02-20 00:12:37', '2023-02-20 00:12:37'),
	(4473, 1, 'vi', 'plugins/language/language', 'select_language', 'Chọn ngôn ngữ', '2023-02-20 00:12:37', '2023-02-20 00:12:37'),
	(4474, 1, 'vi', 'plugins/language/language', 'choose_language_helper', 'Bạn có thể chọn 1 ngôn ngữ trong danh sách hoặc nhập trực tiếp nội dung xuống các mục dưới', '2023-02-20 00:12:37', '2023-02-20 00:12:37'),
	(4475, 1, 'vi', 'plugins/language/language', 'language_name', 'Tên đầy đủ', '2023-02-20 00:12:37', '2023-02-20 00:12:37'),
	(4476, 1, 'vi', 'plugins/language/language', 'language_name_helper', 'Tên ngôn ngữ sẽ được hiển thị trên website (ví dụ: Tiếng Anh).', '2023-02-20 00:12:37', '2023-02-20 00:12:37'),
	(4477, 1, 'vi', 'plugins/language/language', 'locale', 'Locale', '2023-02-20 00:12:37', '2023-02-20 00:12:37'),
	(4478, 1, 'vi', 'plugins/language/language', 'locale_helper', 'Laravel Locale cho ngôn ngữ này (ví dụ: <code>en</code>).', '2023-02-20 00:12:37', '2023-02-20 00:12:37'),
	(4479, 1, 'vi', 'plugins/language/language', 'language_code', 'Mã ngôn ngữ', '2023-02-20 00:12:37', '2023-02-20 00:12:37'),
	(4480, 1, 'vi', 'plugins/language/language', 'language_code_helper', 'Mã ngôn ngữ - ưu tiên dạng 2-kí tự theo chuẩn ISO 639-1 (ví dụ: en)', '2023-02-20 00:12:37', '2023-02-20 00:12:37'),
	(4481, 1, 'vi', 'plugins/language/language', 'text_direction', 'Hướng viết chữ', '2023-02-20 00:12:37', '2023-02-20 00:12:37'),
	(4482, 1, 'vi', 'plugins/language/language', 'text_direction_helper', 'Chọn hướng viết chữ cho ngôn ngữ này', '2023-02-20 00:12:37', '2023-02-20 00:12:37'),
	(4483, 1, 'vi', 'plugins/language/language', 'left_to_right', 'Trái qua phải', '2023-02-20 00:12:37', '2023-02-20 00:12:37'),
	(4484, 1, 'vi', 'plugins/language/language', 'right_to_left', 'Phải qua trái', '2023-02-20 00:12:37', '2023-02-20 00:12:37'),
	(4485, 1, 'vi', 'plugins/language/language', 'flag', 'Cờ', '2023-02-20 00:12:37', '2023-02-20 00:12:37'),
	(4486, 1, 'vi', 'plugins/language/language', 'flag_helper', 'Chọn 1 cờ cho ngôn ngữ này', '2023-02-20 00:12:37', '2023-02-20 00:12:37'),
	(4487, 1, 'vi', 'plugins/language/language', 'order', 'Sắp xếp', '2023-02-20 00:12:37', '2023-02-20 00:12:37'),
	(4488, 1, 'vi', 'plugins/language/language', 'order_helper', 'Vị trí của ngôn ngữ hiển thị trong mục chuyển đổi ngôn ngữ', '2023-02-20 00:12:37', '2023-02-20 00:12:37'),
	(4489, 1, 'vi', 'plugins/language/language', 'add_new_language', 'Thêm ngôn ngữ mới', '2023-02-20 00:12:37', '2023-02-20 00:12:37'),
	(4490, 1, 'vi', 'plugins/language/language', 'code', 'Mã', '2023-02-20 00:12:37', '2023-02-20 00:12:37'),
	(4491, 1, 'vi', 'plugins/language/language', 'default_language', 'Ngôn ngữ mặc định', '2023-02-20 00:12:37', '2023-02-20 00:12:37'),
	(4492, 1, 'vi', 'plugins/language/language', 'actions', 'Hành động', '2023-02-20 00:12:37', '2023-02-20 00:12:37'),
	(4493, 1, 'vi', 'plugins/language/language', 'translations', 'Dịch', '2023-02-20 00:12:37', '2023-02-20 00:12:37'),
	(4494, 1, 'vi', 'plugins/language/language', 'edit', 'Sửa', '2023-02-20 00:12:37', '2023-02-20 00:12:37'),
	(4495, 1, 'vi', 'plugins/language/language', 'edit_tooltip', 'Sửa ngôn ngữ này', '2023-02-20 00:12:37', '2023-02-20 00:12:37'),
	(4496, 1, 'vi', 'plugins/language/language', 'delete', 'Xóa', '2023-02-20 00:12:37', '2023-02-20 00:12:37'),
	(4497, 1, 'vi', 'plugins/language/language', 'delete_tooltip', 'Xóa ngôn ngữ này và các dữ liệu liên quan', '2023-02-20 00:12:37', '2023-02-20 00:12:37'),
	(4498, 1, 'vi', 'plugins/language/language', 'choose_default_language', 'Chọn :language làm ngôn ngữ mặc định', '2023-02-20 00:12:37', '2023-02-20 00:12:37'),
	(4499, 1, 'vi', 'plugins/language/language', 'add_language_for_item', 'Thêm ngôn ngữ khác cho bản ghi này', '2023-02-20 00:12:37', '2023-02-20 00:12:37'),
	(4500, 1, 'vi', 'plugins/language/language', 'current_language', 'Ngôn ngữ hiện tại của bản ghi', '2023-02-20 00:12:37', '2023-02-20 00:12:37'),
	(4501, 1, 'vi', 'plugins/language/language', 'edit_related', 'Sửa bản ngôn ngữ khác của bản ghi này', '2023-02-20 00:12:37', '2023-02-20 00:12:37'),
	(4502, 1, 'vi', 'plugins/language/language', 'confirm-change-language', 'Xác nhận thay đổi ngôn ngữ', '2023-02-20 00:12:37', '2023-02-20 00:12:37'),
	(4503, 1, 'vi', 'plugins/language/language', 'confirm-change-language-btn', 'Xác nhận thay đổi', '2023-02-20 00:12:37', '2023-02-20 00:12:37'),
	(4504, 1, 'vi', 'plugins/language/language', 'confirm-change-language-message', 'Bạn có chắc chắn muốn thay đổi ngôn ngữ sang tiếng "<strong class="change_to_language_text"></strong>" ? Điều này sẽ ghi đè bản ghi tiếng "<strong class="change_to_language_text"></strong>" nếu nó đã tồn tại!', '2023-02-20 00:12:37', '2023-02-20 00:12:37'),
	(4505, 1, 'vi', 'plugins/language/language', 'current_language_edit_notification', 'Bạn đang chỉnh sửa phiên bản tiếng "<strong class="current_language_text">:language</strong>"', '2023-02-20 00:12:37', '2023-02-20 00:12:37'),
	(4506, 1, 'vi', 'plugins/language/language', 'hide_languages', 'Ẩn ngôn ngữ', '2023-02-20 00:12:37', '2023-02-20 00:12:37'),
	(4507, 1, 'vi', 'plugins/language/language', 'hide_languages_description', 'Bạn có thể hoàn toàn ẩn ngôn ngữ cụ thể đối với người truy cập và công cụ tìm kiếm, nhưng sẽ vẫn hiển thị trong trang quản trị. Điều này cho phép bạn biết những ngôn ngữ nào đang được xử lý.', '2023-02-20 00:12:37', '2023-02-20 00:12:37'),
	(4508, 1, 'vi', 'plugins/language/language', 'hide_languages_helper_display_hidden', '{0} Tất cả ngôn ngữ đang được hiển thị.|{1} :language đang bị ẩn đối với người truy cập.|[2, Inf]  :language đang bị ẩn đối với người truy cập.', '2023-02-20 00:12:37', '2023-02-20 00:12:37'),
	(4509, 1, 'vi', 'plugins/language/language', 'language_display', 'Hiển thị ngôn ngữ', '2023-02-20 00:12:37', '2023-02-20 00:12:37'),
	(4510, 1, 'vi', 'plugins/language/language', 'language_display_all', 'Hiển thị cả cờ và tên ngôn ngữ', '2023-02-20 00:12:37', '2023-02-20 00:12:37'),
	(4511, 1, 'vi', 'plugins/language/language', 'language_display_flag_only', 'Chỉ hiển thị cờ', '2023-02-20 00:12:37', '2023-02-20 00:12:37'),
	(4512, 1, 'vi', 'plugins/language/language', 'language_display_name_only', 'Chỉ hiển thị tên', '2023-02-20 00:12:37', '2023-02-20 00:12:37'),
	(4513, 1, 'vi', 'plugins/language/language', 'language_hide_default', 'Ẩn ngôn ngữ mặc định trên URL', '2023-02-20 00:12:37', '2023-02-20 00:12:37'),
	(4514, 1, 'vi', 'plugins/language/language', 'language_switcher_display_dropdown', 'Dropdown', '2023-02-20 00:12:37', '2023-02-20 00:12:37'),
	(4515, 1, 'vi', 'plugins/language/language', 'language_switcher_display_list', 'Danh sách', '2023-02-20 00:12:37', '2023-02-20 00:12:37'),
	(4516, 1, 'vi', 'plugins/language/language', 'settings', 'Cài đặt', '2023-02-20 00:12:37', '2023-02-20 00:12:37'),
	(4517, 1, 'vi', 'plugins/language/language', 'switcher_display', 'Hiển thị bộ chuyển đổi ngôn ngữ', '2023-02-20 00:12:37', '2023-02-20 00:12:37'),
	(4518, 1, 'vi', 'plugins/language/language', 'change_language', 'Ngôn ngữ', '2023-02-20 00:12:37', '2023-02-20 00:12:37'),
	(4519, 1, 'vi', 'plugins/language/language', 'show_all', 'Hiển thị tất cả', '2023-02-20 00:12:37', '2023-02-20 00:12:37'),
	(4520, 1, 'vi', 'plugins/language/language', 'language_show_default_item_if_current_version_not_existed', 'Hiển thị bản ghi ở ngôn ngữ mặc định nếu phiên bản cho ngôn ngữ hiện tại chưa có', '2023-02-20 00:12:38', '2023-02-20 00:12:38'),
	(4521, 1, 'en', 'plugins/location/bulk-import', 'name', 'Bulk Import', '2023-02-20 00:12:38', '2023-02-20 00:12:38'),
	(4522, 1, 'en', 'plugins/location/bulk-import', 'loading_text', 'Importing', '2023-02-20 00:12:38', '2023-02-20 00:12:38'),
	(4523, 1, 'en', 'plugins/location/bulk-import', 'imported_successfully', 'Imported successfully.', '2023-02-20 00:12:38', '2023-02-20 00:12:38'),
	(4524, 1, 'en', 'plugins/location/bulk-import', 'please_choose_the_file_mime', 'Please choose the file mime :types', '2023-02-20 00:12:38', '2023-02-20 00:12:38'),
	(4525, 1, 'en', 'plugins/location/bulk-import', 'please_choose_the_file', 'Please choose the file', '2023-02-20 00:12:38', '2023-02-20 00:12:38'),
	(4526, 1, 'en', 'plugins/location/bulk-import', 'start_import', 'Start Import', '2023-02-20 00:12:38', '2023-02-20 00:12:38'),
	(4527, 1, 'en', 'plugins/location/bulk-import', 'note', 'Note!', '2023-02-20 00:12:38', '2023-02-20 00:12:38'),
	(4528, 1, 'en', 'plugins/location/bulk-import', 'warning_before_importing', 'If this is your first time using this feature, please read the documentation or contact the Administrator for access to the correct functionality!', '2023-02-20 00:12:38', '2023-02-20 00:12:38'),
	(4529, 1, 'en', 'plugins/location/bulk-import', 'results', 'Result: :success successes, :failed failures', '2023-02-20 00:12:38', '2023-02-20 00:12:38'),
	(4530, 1, 'en', 'plugins/location/bulk-import', 'failures', 'Failures', '2023-02-20 00:12:38', '2023-02-20 00:12:38'),
	(4531, 1, 'en', 'plugins/location/bulk-import', 'tables.import', 'Import', '2023-02-20 00:12:38', '2023-02-20 00:12:38'),
	(4532, 1, 'en', 'plugins/location/bulk-import', 'template', 'Template', '2023-02-20 00:12:38', '2023-02-20 00:12:38'),
	(4533, 1, 'en', 'plugins/location/bulk-import', 'rules', 'Rules', '2023-02-20 00:12:38', '2023-02-20 00:12:38'),
	(4534, 1, 'en', 'plugins/location/bulk-import', 'choose_file_with_mime', 'Choose file with mime: (:types)', '2023-02-20 00:12:38', '2023-02-20 00:12:38'),
	(4535, 1, 'en', 'plugins/location/bulk-import', 'choose_file', 'Choose file', '2023-02-20 00:12:38', '2023-02-20 00:12:38'),
	(4536, 1, 'en', 'plugins/location/bulk-import', 'menu', 'Import locations', '2023-02-20 00:12:38', '2023-02-20 00:12:38'),
	(4537, 1, 'en', 'plugins/location/bulk-import', 'download-csv-file', 'Download CSV template', '2023-02-20 00:12:38', '2023-02-20 00:12:38'),
	(4538, 1, 'en', 'plugins/location/bulk-import', 'download-excel-file', 'Download Excel template', '2023-02-20 00:12:38', '2023-02-20 00:12:38'),
	(4539, 1, 'en', 'plugins/location/bulk-import', 'downloading', 'Downloading...', '2023-02-20 00:12:38', '2023-02-20 00:12:38'),
	(4540, 1, 'en', 'plugins/location/bulk-import', 'export.template.input_error', 'Input error', '2023-02-20 00:12:38', '2023-02-20 00:12:38'),
	(4541, 1, 'en', 'plugins/location/bulk-import', 'export.template.number_not_allowed', 'Number is not allowed!', '2023-02-20 00:12:38', '2023-02-20 00:12:38'),
	(4542, 1, 'en', 'plugins/location/bulk-import', 'export.template.allowed_input', 'Allowed input', '2023-02-20 00:12:38', '2023-02-20 00:12:38'),
	(4543, 1, 'en', 'plugins/location/bulk-import', 'export.template.prompt_decimal', 'Only numbers or decimals are accepted and greater than or equal to :min.', '2023-02-20 00:12:38', '2023-02-20 00:12:38'),
	(4544, 1, 'en', 'plugins/location/bulk-import', 'export.template.prompt_whole_number', 'Only numbers are accepted and greater than or equal to :min.', '2023-02-20 00:12:38', '2023-02-20 00:12:38'),
	(4545, 1, 'en', 'plugins/location/bulk-import', 'export.template.prompt_list', 'Please pick a value from the drop-down list.', '2023-02-20 00:12:38', '2023-02-20 00:12:38'),
	(4546, 1, 'en', 'plugins/location/bulk-import', 'export.template.pick_from_list', 'Pick from list', '2023-02-20 00:12:38', '2023-02-20 00:12:38'),
	(4547, 1, 'en', 'plugins/location/bulk-import', 'export.template.value_not_in_list', 'Value is not in list.', '2023-02-20 00:12:38', '2023-02-20 00:12:38'),
	(4548, 1, 'en', 'plugins/location/bulk-import', 'export.template.max_text_length', 'Max text length', '2023-02-20 00:12:38', '2023-02-20 00:12:38'),
	(4549, 1, 'en', 'plugins/location/bulk-import', 'export.template.prompt_max_text_length', 'Only accept text with length less than or equal to :max.', '2023-02-20 00:12:38', '2023-02-20 00:12:38'),
	(4550, 1, 'en', 'plugins/location/bulk-import', 'import_failed_description', 'Import failed, please check the errors below!', '2023-02-20 00:12:38', '2023-02-20 00:12:38'),
	(4551, 1, 'en', 'plugins/location/bulk-import', 'available_enable_multi_language', 'Only available when you enable "Is Multi Language?"', '2023-02-20 00:12:38', '2023-02-20 00:12:38'),
	(4552, 1, 'en', 'plugins/location/bulk-import', 'import_type_required_if', 'The :attribute field is required when "Import Type" is :value.', '2023-02-20 00:12:38', '2023-02-20 00:12:38'),
	(4553, 1, 'en', 'plugins/location/bulk-import', 'import_available_data', 'Import available data', '2023-02-20 00:12:38', '2023-02-20 00:12:38'),
	(4554, 1, 'en', 'plugins/location/bulk-import', 'import', 'Import', '2023-02-20 00:12:38', '2023-02-20 00:12:38'),
	(4555, 1, 'en', 'plugins/location/bulk-import', 'import_available_data_confirmation', 'Import available data confirmation', '2023-02-20 00:12:38', '2023-02-20 00:12:38'),
	(4556, 1, 'en', 'plugins/location/bulk-import', 'import_available_data_confirmation_content', 'Do you really want to import states/cities for this country?', '2023-02-20 00:12:38', '2023-02-20 00:12:38'),
	(4557, 1, 'en', 'plugins/location/city', 'name', 'Cities', '2023-02-20 00:12:38', '2023-02-20 00:12:38'),
	(4558, 1, 'en', 'plugins/location/city', 'create', 'New city', '2023-02-20 00:12:38', '2023-02-20 00:12:38'),
	(4559, 1, 'en', 'plugins/location/city', 'edit', 'Edit city', '2023-02-20 00:12:38', '2023-02-20 00:12:38'),
	(4560, 1, 'en', 'plugins/location/city', 'state', 'State', '2023-02-20 00:12:38', '2023-02-20 00:12:38'),
	(4561, 1, 'en', 'plugins/location/city', 'select_state', 'Select state...', '2023-02-20 00:12:38', '2023-02-20 00:12:38'),
	(4562, 1, 'en', 'plugins/location/city', 'select_city', 'Select city...', '2023-02-20 00:12:38', '2023-02-20 00:12:38'),
	(4563, 1, 'en', 'plugins/location/city', 'country', 'Country', '2023-02-20 00:12:38', '2023-02-20 00:12:38'),
	(4564, 1, 'en', 'plugins/location/city', 'select_country', 'Select country...', '2023-02-20 00:12:38', '2023-02-20 00:12:38'),
	(4565, 1, 'en', 'plugins/location/city', 'city', 'City', '2023-02-20 00:12:38', '2023-02-20 00:12:38'),
	(4566, 1, 'en', 'plugins/location/country', 'name', 'Countries', '2023-02-20 00:12:38', '2023-02-20 00:12:38'),
	(4567, 1, 'en', 'plugins/location/country', 'create', 'New country', '2023-02-20 00:12:38', '2023-02-20 00:12:38'),
	(4568, 1, 'en', 'plugins/location/country', 'edit', 'Edit country', '2023-02-20 00:12:38', '2023-02-20 00:12:38'),
	(4569, 1, 'en', 'plugins/location/country', 'nationality', 'Nationality', '2023-02-20 00:12:38', '2023-02-20 00:12:38'),
	(4570, 1, 'en', 'plugins/location/country', 'code', 'Country ISO code', '2023-02-20 00:12:38', '2023-02-20 00:12:38'),
	(4571, 1, 'en', 'plugins/location/country', 'code_placeholder', 'ISO country code, uppercase. Ex: US.', '2023-02-20 00:12:38', '2023-02-20 00:12:38'),
	(4572, 1, 'en', 'plugins/location/country', 'code_helper', 'Find country ISO code from here: https://en.wikipedia.org/wiki/List_of_ISO_3166_country_codes', '2023-02-20 00:12:38', '2023-02-20 00:12:38'),
	(4573, 1, 'en', 'plugins/location/location', 'name', 'Locations', '2023-02-20 00:12:38', '2023-02-20 00:12:38'),
	(4574, 1, 'en', 'plugins/location/location', 'create', 'New location', '2023-02-20 00:12:38', '2023-02-20 00:12:38'),
	(4575, 1, 'en', 'plugins/location/location', 'edit', 'Edit location', '2023-02-20 00:12:38', '2023-02-20 00:12:38'),
	(4576, 1, 'en', 'plugins/location/location', 'all_states', 'All states', '2023-02-20 00:12:38', '2023-02-20 00:12:38'),
	(4577, 1, 'en', 'plugins/location/location', 'abbreviation', 'Abbreviation', '2023-02-20 00:12:38', '2023-02-20 00:12:38'),
	(4578, 1, 'en', 'plugins/location/location', 'abbreviation_placeholder', 'E.g: CA', '2023-02-20 00:12:38', '2023-02-20 00:12:38'),
	(4579, 1, 'en', 'plugins/location/location', 'exporting', 'Exporting', '2023-02-20 00:12:38', '2023-02-20 00:12:38'),
	(4580, 1, 'en', 'plugins/location/location', 'total_country', 'Total countries', '2023-02-20 00:12:38', '2023-02-20 00:12:38'),
	(4581, 1, 'en', 'plugins/location/location', 'total_state', 'Total states', '2023-02-20 00:12:38', '2023-02-20 00:12:38'),
	(4582, 1, 'en', 'plugins/location/location', 'total_city', 'Total cities', '2023-02-20 00:12:38', '2023-02-20 00:12:38'),
	(4583, 1, 'en', 'plugins/location/location', 'export_location', 'Export location', '2023-02-20 00:12:38', '2023-02-20 00:12:38'),
	(4584, 1, 'en', 'plugins/location/location', 'start_export', 'Start exporting', '2023-02-20 00:12:38', '2023-02-20 00:12:38'),
	(4585, 1, 'en', 'plugins/location/state', 'name', 'States', '2023-02-20 00:12:38', '2023-02-20 00:12:38'),
	(4586, 1, 'en', 'plugins/location/state', 'create', 'New state', '2023-02-20 00:12:38', '2023-02-20 00:12:38'),
	(4587, 1, 'en', 'plugins/location/state', 'edit', 'Edit state', '2023-02-20 00:12:38', '2023-02-20 00:12:38'),
	(4588, 1, 'en', 'plugins/location/state', 'country', 'Country', '2023-02-20 00:12:38', '2023-02-20 00:12:38'),
	(4589, 1, 'en', 'plugins/location/state', 'select_country', 'Select a country...', '2023-02-20 00:12:38', '2023-02-20 00:12:38'),
	(4590, 1, 'en', 'plugins/location/state', 'state', 'State', '2023-02-20 00:12:38', '2023-02-20 00:12:38'),
	(4591, 1, 'vi', 'plugins/location/city', 'name', 'Quận/huyện', '2023-02-20 00:12:38', '2023-02-20 00:12:38'),
	(4592, 1, 'vi', 'plugins/location/city', 'create', 'Thêm quận/huyện', '2023-02-20 00:12:38', '2023-02-20 00:12:38'),
	(4593, 1, 'vi', 'plugins/location/city', 'edit', 'Sửa quận/huyện', '2023-02-20 00:12:38', '2023-02-20 00:12:38'),
	(4594, 1, 'vi', 'plugins/location/city', 'state', 'Tỉnh', '2023-02-20 00:12:38', '2023-02-20 00:12:38'),
	(4595, 1, 'vi', 'plugins/location/city', 'select_state', 'Lựa chọn tỉnh/thành phố...', '2023-02-20 00:12:38', '2023-02-20 00:12:38'),
	(4596, 1, 'vi', 'plugins/location/city', 'select_city', 'Lựa chọn quận/huyện...', '2023-02-20 00:12:38', '2023-02-20 00:12:38'),
	(4597, 1, 'vi', 'plugins/location/city', 'country', 'Quốc gia', '2023-02-20 00:12:38', '2023-02-20 00:12:38'),
	(4598, 1, 'vi', 'plugins/location/city', 'select_country', 'Lựa chọn quốc gia...', '2023-02-20 00:12:38', '2023-02-20 00:12:38'),
	(4599, 1, 'vi', 'plugins/location/city', 'city', 'Quận/huyện', '2023-02-20 00:12:38', '2023-02-20 00:12:38'),
	(4600, 1, 'vi', 'plugins/location/country', 'name', 'Quốc gia', '2023-02-20 00:12:38', '2023-02-20 00:12:38'),
	(4601, 1, 'vi', 'plugins/location/country', 'create', 'Thêm quốc gia', '2023-02-20 00:12:38', '2023-02-20 00:12:38'),
	(4602, 1, 'vi', 'plugins/location/country', 'edit', 'Sửa quốc gia', '2023-02-20 00:12:38', '2023-02-20 00:12:38'),
	(4603, 1, 'vi', 'plugins/location/country', 'nationality', 'Quốc tịch', '2023-02-20 00:12:38', '2023-02-20 00:12:38'),
	(4604, 1, 'vi', 'plugins/location/location', 'name', 'Địa điểm', '2023-02-20 00:12:38', '2023-02-20 00:12:38'),
	(4605, 1, 'vi', 'plugins/location/location', 'create', 'Thêm địa điểm', '2023-02-20 00:12:38', '2023-02-20 00:12:38'),
	(4606, 1, 'vi', 'plugins/location/location', 'edit', 'Sửa địa điểm', '2023-02-20 00:12:38', '2023-02-20 00:12:38'),
	(4607, 1, 'vi', 'plugins/location/location', 'all_states', 'Tất cả tỉnh thành', '2023-02-20 00:12:38', '2023-02-20 00:12:38'),
	(4608, 1, 'vi', 'plugins/location/state', 'name', 'Tỉnh/thành phố', '2023-02-20 00:12:38', '2023-02-20 00:12:38'),
	(4609, 1, 'vi', 'plugins/location/state', 'create', 'Thêm tỉnh/thành phố', '2023-02-20 00:12:38', '2023-02-20 00:12:38'),
	(4610, 1, 'vi', 'plugins/location/state', 'edit', 'Sửa tỉnh/thành phố', '2023-02-20 00:12:38', '2023-02-20 00:12:38'),
	(4611, 1, 'vi', 'plugins/location/state', 'country', 'Quốc gia', '2023-02-20 00:12:38', '2023-02-20 00:12:38'),
	(4612, 1, 'vi', 'plugins/location/state', 'select_country', 'Lựa chọn quốc gia...', '2023-02-20 00:12:38', '2023-02-20 00:12:38'),
	(4613, 1, 'vi', 'plugins/location/state', 'state', 'Tỉnh/thành phố', '2023-02-20 00:12:38', '2023-02-20 00:12:38'),
	(4614, 1, 'en', 'plugins/newsletter/newsletter', 'name', 'Newsletters', '2023-02-20 00:12:38', '2023-02-20 00:12:38'),
	(4615, 1, 'en', 'plugins/newsletter/newsletter', 'settings.email.templates.title', 'Newsletter', '2023-02-20 00:12:38', '2023-02-20 00:12:38'),
	(4616, 1, 'en', 'plugins/newsletter/newsletter', 'settings.email.templates.description', 'Config newsletter email templates', '2023-02-20 00:12:38', '2023-02-20 00:12:38'),
	(4617, 1, 'en', 'plugins/newsletter/newsletter', 'settings.email.templates.to_admin.title', 'Email send to admin', '2023-02-20 00:12:38', '2023-02-20 00:12:38'),
	(4618, 1, 'en', 'plugins/newsletter/newsletter', 'settings.email.templates.to_admin.description', 'Template for sending email to admin', '2023-02-20 00:12:38', '2023-02-20 00:12:38'),
	(4619, 1, 'en', 'plugins/newsletter/newsletter', 'settings.email.templates.to_user.title', 'Email send to user', '2023-02-20 00:12:38', '2023-02-20 00:12:38'),
	(4620, 1, 'en', 'plugins/newsletter/newsletter', 'settings.email.templates.to_user.description', 'Template for sending email to subscriber', '2023-02-20 00:12:38', '2023-02-20 00:12:38'),
	(4621, 1, 'en', 'plugins/newsletter/newsletter', 'settings.title', 'Newsletter', '2023-02-20 00:12:38', '2023-02-20 00:12:38'),
	(4622, 1, 'en', 'plugins/newsletter/newsletter', 'settings.description', 'Settings for newsletter (auto send newsletter email to SendGrid, Mailchimp... when someone register newsletter on website).', '2023-02-20 00:12:38', '2023-02-20 00:12:38'),
	(4623, 1, 'en', 'plugins/newsletter/newsletter', 'settings.mailchimp_api_key', 'Mailchimp API Key', '2023-02-20 00:12:38', '2023-02-20 00:12:38'),
	(4624, 1, 'en', 'plugins/newsletter/newsletter', 'settings.mailchimp_list_id', 'Mailchimp List ID', '2023-02-20 00:12:38', '2023-02-20 00:12:38'),
	(4625, 1, 'en', 'plugins/newsletter/newsletter', 'settings.mailchimp_list', 'Mailchimp List', '2023-02-20 00:12:38', '2023-02-20 00:12:38'),
	(4626, 1, 'en', 'plugins/newsletter/newsletter', 'settings.sendgrid_api_key', 'Sendgrid API Key', '2023-02-20 00:12:38', '2023-02-20 00:12:38'),
	(4627, 1, 'en', 'plugins/newsletter/newsletter', 'settings.sendgrid_list_id', 'Sendgrid List ID', '2023-02-20 00:12:38', '2023-02-20 00:12:38'),
	(4628, 1, 'en', 'plugins/newsletter/newsletter', 'settings.sendgrid_list', 'Sendgrid List', '2023-02-20 00:12:38', '2023-02-20 00:12:38'),
	(4629, 1, 'en', 'plugins/newsletter/newsletter', 'settings.enable_newsletter_contacts_list_api', 'Enable newsletter contacts list API?', '2023-02-20 00:12:38', '2023-02-20 00:12:38'),
	(4630, 1, 'en', 'plugins/newsletter/newsletter', 'statuses.subscribed', 'Subscribed', '2023-02-20 00:12:38', '2023-02-20 00:12:38'),
	(4631, 1, 'en', 'plugins/newsletter/newsletter', 'statuses.unsubscribed', 'Unsubscribed', '2023-02-20 00:12:38', '2023-02-20 00:12:38'),
	(4632, 1, 'vi', 'plugins/newsletter/newsletter', 'name', 'Đăng ký nhận bản tin', '2023-02-20 00:12:38', '2023-02-20 00:12:38'),
	(4633, 1, 'vi', 'plugins/newsletter/newsletter', 'settings.email.templates.title', 'Đăng ký nhận bản tin', '2023-02-20 00:12:38', '2023-02-20 00:12:38'),
	(4634, 1, 'vi', 'plugins/newsletter/newsletter', 'settings.email.templates.description', 'Cấu hình email xác nhận đăng ký nhận bản tin', '2023-02-20 00:12:38', '2023-02-20 00:12:38'),
	(4635, 1, 'vi', 'plugins/newsletter/newsletter', 'settings.email.templates.to_admin.title', 'Email gửi tới cho quản trị viên', '2023-02-20 00:12:38', '2023-02-20 00:12:38'),
	(4636, 1, 'vi', 'plugins/newsletter/newsletter', 'settings.email.templates.to_admin.description', 'Mẫu email gửi tới cho quản trị viên', '2023-02-20 00:12:38', '2023-02-20 00:12:38'),
	(4637, 1, 'vi', 'plugins/newsletter/newsletter', 'settings.email.templates.to_user.title', 'Email gửi tới cho người đăng ký', '2023-02-20 00:12:38', '2023-02-20 00:12:38'),
	(4638, 1, 'vi', 'plugins/newsletter/newsletter', 'settings.email.templates.to_user.description', 'Mẫu email gửi tới cho người đăng ký', '2023-02-20 00:12:38', '2023-02-20 00:12:38'),
	(4639, 1, 'vi', 'plugins/newsletter/newsletter', 'statuses.subscribed', 'Theo dõi', '2023-02-20 00:12:38', '2023-02-20 00:12:38'),
	(4640, 1, 'vi', 'plugins/newsletter/newsletter', 'statuses.unsubscribed', 'Hủy theo dõi', '2023-02-20 00:12:38', '2023-02-20 00:12:38'),
	(4641, 1, 'en', 'plugins/payment/payment', 'payments', 'Payments', '2023-02-20 00:12:38', '2023-02-20 00:12:38'),
	(4642, 1, 'en', 'plugins/payment/payment', 'checkout_success', 'Checkout successfully!', '2023-02-20 00:12:38', '2023-02-20 00:12:38'),
	(4643, 1, 'en', 'plugins/payment/payment', 'view_payment', 'View payment #', '2023-02-20 00:12:38', '2023-02-20 00:12:38'),
	(4644, 1, 'en', 'plugins/payment/payment', 'charge_id', 'Charge ID', '2023-02-20 00:12:38', '2023-02-20 00:12:38'),
	(4645, 1, 'en', 'plugins/payment/payment', 'amount', 'Amount', '2023-02-20 00:12:38', '2023-02-20 00:12:38'),
	(4646, 1, 'en', 'plugins/payment/payment', 'currency', 'Currency', '2023-02-20 00:12:38', '2023-02-20 00:12:38'),
	(4647, 1, 'en', 'plugins/payment/payment', 'user', 'User', '2023-02-20 00:12:38', '2023-02-20 00:12:38'),
	(4648, 1, 'en', 'plugins/payment/payment', 'stripe', 'Stripe', '2023-02-20 00:12:38', '2023-02-20 00:12:38'),
	(4649, 1, 'en', 'plugins/payment/payment', 'paypal', 'PayPal', '2023-02-20 00:12:38', '2023-02-20 00:12:38'),
	(4650, 1, 'en', 'plugins/payment/payment', 'action', 'Action', '2023-02-20 00:12:38', '2023-02-20 00:12:38'),
	(4651, 1, 'en', 'plugins/payment/payment', 'payment_via_card', 'Payment via card', '2023-02-20 00:12:38', '2023-02-20 00:12:38'),
	(4652, 1, 'en', 'plugins/payment/payment', 'card_number', 'Card number', '2023-02-20 00:12:38', '2023-02-20 00:12:38'),
	(4653, 1, 'en', 'plugins/payment/payment', 'full_name', 'Full name', '2023-02-20 00:12:38', '2023-02-20 00:12:38'),
	(4654, 1, 'en', 'plugins/payment/payment', 'payment_via_paypal', 'Fast and safe online payment via PayPal.', '2023-02-20 00:12:38', '2023-02-20 00:12:38'),
	(4655, 1, 'en', 'plugins/payment/payment', 'mm_yy', 'MM/YY', '2023-02-20 00:12:38', '2023-02-20 00:12:38'),
	(4656, 1, 'en', 'plugins/payment/payment', 'cvc', 'CVC', '2023-02-20 00:12:38', '2023-02-20 00:12:38'),
	(4657, 1, 'en', 'plugins/payment/payment', 'details', 'Details', '2023-02-20 00:12:38', '2023-02-20 00:12:38'),
	(4658, 1, 'en', 'plugins/payment/payment', 'payer_name', 'Payer Name', '2023-02-20 00:12:38', '2023-02-20 00:12:38'),
	(4659, 1, 'en', 'plugins/payment/payment', 'email', 'Email', '2023-02-20 00:12:38', '2023-02-20 00:12:38'),
	(4660, 1, 'en', 'plugins/payment/payment', 'phone', 'Phone', '2023-02-20 00:12:38', '2023-02-20 00:12:38'),
	(4661, 1, 'en', 'plugins/payment/payment', 'country', 'Country', '2023-02-20 00:12:38', '2023-02-20 00:12:38'),
	(4662, 1, 'en', 'plugins/payment/payment', 'shipping_address', 'Shipping Address', '2023-02-20 00:12:38', '2023-02-20 00:12:38'),
	(4663, 1, 'en', 'plugins/payment/payment', 'payment_details', 'Payment Details', '2023-02-20 00:12:38', '2023-02-20 00:12:38'),
	(4664, 1, 'en', 'plugins/payment/payment', 'card', 'Card', '2023-02-20 00:12:38', '2023-02-20 00:12:38'),
	(4665, 1, 'en', 'plugins/payment/payment', 'address', 'Address', '2023-02-20 00:12:38', '2023-02-20 00:12:38'),
	(4666, 1, 'en', 'plugins/payment/payment', 'could_not_get_stripe_token', 'Could not get Stripe token to make a charge.', '2023-02-20 00:12:38', '2023-02-20 00:12:38'),
	(4667, 1, 'en', 'plugins/payment/payment', 'payment_id', 'Payment ID', '2023-02-20 00:12:38', '2023-02-20 00:12:38'),
	(4668, 1, 'en', 'plugins/payment/payment', 'payment_methods', 'Payment methods', '2023-02-20 00:12:38', '2023-02-20 00:12:38'),
	(4669, 1, 'en', 'plugins/payment/payment', 'transactions', 'Transactions', '2023-02-20 00:12:38', '2023-02-20 00:12:38'),
	(4670, 1, 'en', 'plugins/payment/payment', 'payment_methods_description', 'Setup payment methods for website', '2023-02-20 00:12:38', '2023-02-20 00:12:38'),
	(4671, 1, 'en', 'plugins/payment/payment', 'paypal_description', 'Customer can buy product and pay directly via PayPal', '2023-02-20 00:12:38', '2023-02-20 00:12:38'),
	(4672, 1, 'en', 'plugins/payment/payment', 'use', 'Use', '2023-02-20 00:12:38', '2023-02-20 00:12:38'),
	(4673, 1, 'en', 'plugins/payment/payment', 'stripe_description', 'Customer can buy product and pay directly using Visa, Credit card via Stripe', '2023-02-20 00:12:38', '2023-02-20 00:12:38'),
	(4674, 1, 'en', 'plugins/payment/payment', 'edit', 'Edit', '2023-02-20 00:12:38', '2023-02-20 00:12:38'),
	(4675, 1, 'en', 'plugins/payment/payment', 'settings', 'Settings', '2023-02-20 00:12:38', '2023-02-20 00:12:38'),
	(4676, 1, 'en', 'plugins/payment/payment', 'activate', 'Activate', '2023-02-20 00:12:38', '2023-02-20 00:12:38'),
	(4677, 1, 'en', 'plugins/payment/payment', 'deactivate', 'Deactivate', '2023-02-20 00:12:38', '2023-02-20 00:12:38'),
	(4678, 1, 'en', 'plugins/payment/payment', 'update', 'Update', '2023-02-20 00:12:38', '2023-02-20 00:12:38'),
	(4679, 1, 'en', 'plugins/payment/payment', 'configuration_instruction', 'Configuration instruction for :name', '2023-02-20 00:12:38', '2023-02-20 00:12:38'),
	(4680, 1, 'en', 'plugins/payment/payment', 'configuration_requirement', 'To use :name, you need', '2023-02-20 00:12:38', '2023-02-20 00:12:38'),
	(4681, 1, 'en', 'plugins/payment/payment', 'service_registration', 'Register with :name', '2023-02-20 00:12:38', '2023-02-20 00:12:38'),
	(4682, 1, 'en', 'plugins/payment/payment', 'after_service_registration_msg', 'After registration at :name, you will have Client ID, Client Secret', '2023-02-20 00:12:38', '2023-02-20 00:12:38'),
	(4683, 1, 'en', 'plugins/payment/payment', 'enter_client_id_and_secret', 'Enter Client ID, Secret into the box in right hand', '2023-02-20 00:12:38', '2023-02-20 00:12:38'),
	(4684, 1, 'en', 'plugins/payment/payment', 'method_name', 'Method name', '2023-02-20 00:12:38', '2023-02-20 00:12:38'),
	(4685, 1, 'en', 'plugins/payment/payment', 'please_provide_information', 'Please provide information', '2023-02-20 00:12:38', '2023-02-20 00:12:38'),
	(4686, 1, 'en', 'plugins/payment/payment', 'client_id', 'Client ID', '2023-02-20 00:12:38', '2023-02-20 00:12:38'),
	(4687, 1, 'en', 'plugins/payment/payment', 'client_secret', 'Client Secret', '2023-02-20 00:12:38', '2023-02-20 00:12:38'),
	(4688, 1, 'en', 'plugins/payment/payment', 'secret', 'Secret', '2023-02-20 00:12:38', '2023-02-20 00:12:38'),
	(4689, 1, 'en', 'plugins/payment/payment', 'stripe_key', 'Stripe Public Key', '2023-02-20 00:12:38', '2023-02-20 00:12:38'),
	(4690, 1, 'en', 'plugins/payment/payment', 'stripe_secret', 'Stripe Private Key', '2023-02-20 00:12:38', '2023-02-20 00:12:38'),
	(4691, 1, 'en', 'plugins/payment/payment', 'stripe_after_service_registration_msg', 'After registration at :name, you will have Public, Secret keys', '2023-02-20 00:12:38', '2023-02-20 00:12:38'),
	(4692, 1, 'en', 'plugins/payment/payment', 'stripe_enter_client_id_and_secret', 'Enter Public, Secret keys into the box in right hand', '2023-02-20 00:12:38', '2023-02-20 00:12:38'),
	(4693, 1, 'en', 'plugins/payment/payment', 'pay_online_via', 'Pay online via :name', '2023-02-20 00:12:38', '2023-02-20 00:12:38'),
	(4694, 1, 'en', 'plugins/payment/payment', 'sandbox_mode', 'Sandbox mode', '2023-02-20 00:12:38', '2023-02-20 00:12:38'),
	(4695, 1, 'en', 'plugins/payment/payment', 'deactivate_payment_method', 'Deactivate payment method', '2023-02-20 00:12:38', '2023-02-20 00:12:38'),
	(4696, 1, 'en', 'plugins/payment/payment', 'deactivate_payment_method_description', 'Do you really want to deactivate this payment method?', '2023-02-20 00:12:38', '2023-02-20 00:12:38'),
	(4697, 1, 'en', 'plugins/payment/payment', 'agree', 'Agree', '2023-02-20 00:12:38', '2023-02-20 00:12:38'),
	(4698, 1, 'en', 'plugins/payment/payment', 'name', 'Payments', '2023-02-20 00:12:38', '2023-02-20 00:12:38'),
	(4699, 1, 'en', 'plugins/payment/payment', 'create', 'New payment', '2023-02-20 00:12:38', '2023-02-20 00:12:38'),
	(4700, 1, 'en', 'plugins/payment/payment', 'go_back', 'Go back', '2023-02-20 00:12:38', '2023-02-20 00:12:38'),
	(4701, 1, 'en', 'plugins/payment/payment', 'information', 'Information', '2023-02-20 00:12:38', '2023-02-20 00:12:38'),
	(4702, 1, 'en', 'plugins/payment/payment', 'methods.paypal', 'PayPal', '2023-02-20 00:12:38', '2023-02-20 00:12:38'),
	(4703, 1, 'en', 'plugins/payment/payment', 'methods.cod', 'Cash on delivery (COD)', '2023-02-20 00:12:38', '2023-02-20 00:12:38'),
	(4704, 1, 'en', 'plugins/payment/payment', 'methods.bank_transfer', 'Bank transfer', '2023-02-20 00:12:38', '2023-02-20 00:12:38'),
	(4705, 1, 'en', 'plugins/payment/payment', 'statuses.pending', 'Pending', '2023-02-20 00:12:38', '2023-02-20 00:12:38'),
	(4706, 1, 'en', 'plugins/payment/payment', 'statuses.completed', 'Completed', '2023-02-20 00:12:38', '2023-02-20 00:12:38'),
	(4707, 1, 'en', 'plugins/payment/payment', 'statuses.refunding', 'Refunding', '2023-02-20 00:12:38', '2023-02-20 00:12:38'),
	(4708, 1, 'en', 'plugins/payment/payment', 'statuses.refunded', 'Refunded', '2023-02-20 00:12:38', '2023-02-20 00:12:38'),
	(4709, 1, 'en', 'plugins/payment/payment', 'statuses.fraud', 'Fraud', '2023-02-20 00:12:38', '2023-02-20 00:12:38'),
	(4710, 1, 'en', 'plugins/payment/payment', 'statuses.failed', 'Failed', '2023-02-20 00:12:38', '2023-02-20 00:12:38'),
	(4711, 1, 'en', 'plugins/payment/payment', 'payment_methods_instruction', 'Guide customers to pay directly. You can choose to pay by delivery or bank transfer', '2023-02-20 00:12:38', '2023-02-20 00:12:38'),
	(4712, 1, 'en', 'plugins/payment/payment', 'payment_method_description', 'Payment guide - (Displayed on the notice of successful purchase and payment page)', '2023-02-20 00:12:38', '2023-02-20 00:12:38'),
	(4713, 1, 'en', 'plugins/payment/payment', 'payment_via_cod', 'Cash on delivery (COD)', '2023-02-20 00:12:38', '2023-02-20 00:12:38'),
	(4714, 1, 'en', 'plugins/payment/payment', 'payment_via_bank_transfer', 'Bank transfer', '2023-02-20 00:12:38', '2023-02-20 00:12:38'),
	(4715, 1, 'en', 'plugins/payment/payment', 'payment_pending', 'Checkout successfully. Your payment is pending and will be checked by our staff.', '2023-02-20 00:12:38', '2023-02-20 00:12:38'),
	(4716, 1, 'en', 'plugins/payment/payment', 'created_at', 'Created At', '2023-02-20 00:12:38', '2023-02-20 00:12:38'),
	(4717, 1, 'en', 'plugins/payment/payment', 'payment_channel', 'Payment Channel', '2023-02-20 00:12:38', '2023-02-20 00:12:38'),
	(4718, 1, 'en', 'plugins/payment/payment', 'total', 'Total', '2023-02-20 00:12:38', '2023-02-20 00:12:38'),
	(4719, 1, 'en', 'plugins/payment/payment', 'status', 'Status', '2023-02-20 00:12:38', '2023-02-20 00:12:38'),
	(4720, 1, 'en', 'plugins/payment/payment', 'default_payment_method', 'Default payment method', '2023-02-20 00:12:38', '2023-02-20 00:12:38'),
	(4721, 1, 'en', 'plugins/payment/payment', 'turn_off_success', 'Turn off payment method successfully!', '2023-02-20 00:12:38', '2023-02-20 00:12:38'),
	(4722, 1, 'en', 'plugins/payment/payment', 'saved_payment_method_success', 'Saved payment method successfully!', '2023-02-20 00:12:38', '2023-02-20 00:12:38'),
	(4723, 1, 'en', 'plugins/payment/payment', 'saved_payment_settings_success', 'Saved payment settings successfully!', '2023-02-20 00:12:38', '2023-02-20 00:12:38'),
	(4724, 1, 'en', 'plugins/payment/payment', 'payment_name', 'Name', '2023-02-20 00:12:38', '2023-02-20 00:12:38'),
	(4725, 1, 'en', 'plugins/payment/payment', 'payment_not_found', 'Payment not found!', '2023-02-20 00:12:38', '2023-02-20 00:12:38'),
	(4726, 1, 'en', 'plugins/payment/payment', 'refunds.title', 'Refunds', '2023-02-20 00:12:38', '2023-02-20 00:12:38'),
	(4727, 1, 'en', 'plugins/payment/payment', 'refunds.id', 'ID', '2023-02-20 00:12:38', '2023-02-20 00:12:38'),
	(4728, 1, 'en', 'plugins/payment/payment', 'refunds.breakdowns', 'Breakdowns', '2023-02-20 00:12:38', '2023-02-20 00:12:38'),
	(4729, 1, 'en', 'plugins/payment/payment', 'refunds.gross_amount', 'Gross amount', '2023-02-20 00:12:38', '2023-02-20 00:12:38'),
	(4730, 1, 'en', 'plugins/payment/payment', 'refunds.paypal_fee', 'PayPal fee', '2023-02-20 00:12:38', '2023-02-20 00:12:38'),
	(4731, 1, 'en', 'plugins/payment/payment', 'refunds.net_amount', 'Net amount', '2023-02-20 00:12:38', '2023-02-20 00:12:38'),
	(4732, 1, 'en', 'plugins/payment/payment', 'refunds.total_refunded_amount', 'Total refunded amount', '2023-02-20 00:12:38', '2023-02-20 00:12:38'),
	(4733, 1, 'en', 'plugins/payment/payment', 'refunds.create_time', 'Create time', '2023-02-20 00:12:38', '2023-02-20 00:12:38'),
	(4734, 1, 'en', 'plugins/payment/payment', 'refunds.update_time', 'Update time', '2023-02-20 00:12:39', '2023-02-20 00:12:39'),
	(4735, 1, 'en', 'plugins/payment/payment', 'refunds.status', 'Status', '2023-02-20 00:12:39', '2023-02-20 00:12:39'),
	(4736, 1, 'en', 'plugins/payment/payment', 'refunds.description', 'Description', '2023-02-20 00:12:39', '2023-02-20 00:12:39'),
	(4737, 1, 'en', 'plugins/payment/payment', 'refunds.refunded_at', 'Refunded at', '2023-02-20 00:12:39', '2023-02-20 00:12:39'),
	(4738, 1, 'en', 'plugins/payment/payment', 'refunds.error_message', 'Error message', '2023-02-20 00:12:39', '2023-02-20 00:12:39'),
	(4739, 1, 'en', 'plugins/payment/payment', 'view_response_source', 'View response source', '2023-02-20 00:12:39', '2023-02-20 00:12:39'),
	(4740, 1, 'en', 'plugins/payment/payment', 'status_is_not_completed', 'Status is not COMPLETED', '2023-02-20 00:12:39', '2023-02-20 00:12:39'),
	(4741, 1, 'en', 'plugins/payment/payment', 'cannot_found_capture_id', 'Can not found capture id with payment detail', '2023-02-20 00:12:39', '2023-02-20 00:12:39'),
	(4742, 1, 'en', 'plugins/payment/payment', 'amount_refunded', 'Amount refunded', '2023-02-20 00:12:39', '2023-02-20 00:12:39'),
	(4743, 1, 'en', 'plugins/payment/payment', 'amount_remaining', 'Amount remaining', '2023-02-20 00:12:39', '2023-02-20 00:12:39'),
	(4744, 1, 'en', 'plugins/payment/payment', 'paid_at', 'Paid At', '2023-02-20 00:12:39', '2023-02-20 00:12:39'),
	(4745, 1, 'en', 'plugins/payment/payment', 'invalid_settings', 'Settings for :name are invalid!', '2023-02-20 00:12:39', '2023-02-20 00:12:39'),
	(4746, 1, 'en', 'plugins/payment/payment', 'view_transaction', 'Transaction ":charge_id"', '2023-02-20 00:12:39', '2023-02-20 00:12:39'),
	(4747, 1, 'en', 'plugins/payment/payment', 'payment_description', 'Pay for your order #:order_id at :site_url', '2023-02-20 00:12:39', '2023-02-20 00:12:39'),
	(4748, 1, 'vi', 'plugins/payment/payment', 'payments', 'Thanh toán', '2023-02-20 00:12:39', '2023-02-20 00:12:39'),
	(4749, 1, 'vi', 'plugins/payment/payment', 'checkout_success', 'Thanh toán thành công!', '2023-02-20 00:12:39', '2023-02-20 00:12:39'),
	(4750, 1, 'vi', 'plugins/payment/payment', 'view_payment', 'Xem thanh toán #', '2023-02-20 00:12:39', '2023-02-20 00:12:39'),
	(4751, 1, 'vi', 'plugins/payment/payment', 'charge_id', 'Mã thanh toán', '2023-02-20 00:12:39', '2023-02-20 00:12:39'),
	(4752, 1, 'vi', 'plugins/payment/payment', 'amount', 'Số tiền', '2023-02-20 00:12:39', '2023-02-20 00:12:39'),
	(4753, 1, 'vi', 'plugins/payment/payment', 'currency', 'Loại tiền tệ', '2023-02-20 00:12:39', '2023-02-20 00:12:39'),
	(4754, 1, 'vi', 'plugins/payment/payment', 'user', 'Người dùng', '2023-02-20 00:12:39', '2023-02-20 00:12:39'),
	(4755, 1, 'vi', 'plugins/payment/payment', 'stripe', 'Stripe', '2023-02-20 00:12:39', '2023-02-20 00:12:39'),
	(4756, 1, 'vi', 'plugins/payment/payment', 'paypal', 'PayPal', '2023-02-20 00:12:39', '2023-02-20 00:12:39'),
	(4757, 1, 'vi', 'plugins/payment/payment', 'action', 'Hành động', '2023-02-20 00:12:39', '2023-02-20 00:12:39'),
	(4758, 1, 'vi', 'plugins/payment/payment', 'payment_via_card', 'Thanh toán qua thẻ', '2023-02-20 00:12:39', '2023-02-20 00:12:39'),
	(4759, 1, 'vi', 'plugins/payment/payment', 'card_number', 'Số thẻ', '2023-02-20 00:12:39', '2023-02-20 00:12:39'),
	(4760, 1, 'vi', 'plugins/payment/payment', 'full_name', 'Họ tên', '2023-02-20 00:12:39', '2023-02-20 00:12:39'),
	(4761, 1, 'vi', 'plugins/payment/payment', 'payment_via_paypal', 'Thanh toán qua PayPal', '2023-02-20 00:12:39', '2023-02-20 00:12:39'),
	(4762, 1, 'vi', 'plugins/payment/payment', 'mm_yy', 'MM/YY', '2023-02-20 00:12:39', '2023-02-20 00:12:39'),
	(4763, 1, 'vi', 'plugins/payment/payment', 'cvc', 'CVC', '2023-02-20 00:12:39', '2023-02-20 00:12:39'),
	(4764, 1, 'vi', 'plugins/payment/payment', 'details', 'Chi tiết', '2023-02-20 00:12:39', '2023-02-20 00:12:39'),
	(4765, 1, 'vi', 'plugins/payment/payment', 'payer_name', 'Tên người mua', '2023-02-20 00:12:39', '2023-02-20 00:12:39'),
	(4766, 1, 'vi', 'plugins/payment/payment', 'email', 'Email', '2023-02-20 00:12:39', '2023-02-20 00:12:39'),
	(4767, 1, 'vi', 'plugins/payment/payment', 'phone', 'Điện thoại', '2023-02-20 00:12:39', '2023-02-20 00:12:39'),
	(4768, 1, 'vi', 'plugins/payment/payment', 'country', 'Quốc gia', '2023-02-20 00:12:39', '2023-02-20 00:12:39'),
	(4769, 1, 'vi', 'plugins/payment/payment', 'shipping_address', 'Địa chỉ giao hàng', '2023-02-20 00:12:39', '2023-02-20 00:12:39'),
	(4770, 1, 'vi', 'plugins/payment/payment', 'payment_details', 'Chi tiết thanh toán', '2023-02-20 00:12:39', '2023-02-20 00:12:39'),
	(4771, 1, 'vi', 'plugins/payment/payment', 'card', 'Thẻ', '2023-02-20 00:12:39', '2023-02-20 00:12:39'),
	(4772, 1, 'vi', 'plugins/payment/payment', 'address', 'Địa chỉ', '2023-02-20 00:12:39', '2023-02-20 00:12:39'),
	(4773, 1, 'vi', 'plugins/payment/payment', 'could_not_get_stripe_token', 'Không thể lấy mã Stripe để thanh toán.', '2023-02-20 00:12:39', '2023-02-20 00:12:39'),
	(4774, 1, 'vi', 'plugins/payment/payment', 'payment_id', 'Mã thanh toán', '2023-02-20 00:12:39', '2023-02-20 00:12:39'),
	(4775, 1, 'vi', 'plugins/payment/payment', 'payment_methods', 'Phương thức thanh toán', '2023-02-20 00:12:39', '2023-02-20 00:12:39'),
	(4776, 1, 'vi', 'plugins/payment/payment', 'transactions', 'Lịch sử giao dịch', '2023-02-20 00:12:39', '2023-02-20 00:12:39'),
	(4777, 1, 'vi', 'plugins/payment/payment', 'payment_methods_description', 'Cài đặt các phương thức thanh toán cho website', '2023-02-20 00:12:39', '2023-02-20 00:12:39'),
	(4778, 1, 'vi', 'plugins/payment/payment', 'paypal_description', 'Khách hàng có thể mua hàng và thanh toán trực tiếp thông qua cổng thanh toán PayPal', '2023-02-20 00:12:39', '2023-02-20 00:12:39'),
	(4779, 1, 'vi', 'plugins/payment/payment', 'use', 'Dùng', '2023-02-20 00:12:39', '2023-02-20 00:12:39'),
	(4780, 1, 'vi', 'plugins/payment/payment', 'stripe_description', 'Khách hàng có thể mua hàng và thanh toán bằng Visa, Credit card thông qua cổng thanh toán Stripe', '2023-02-20 00:12:39', '2023-02-20 00:12:39'),
	(4781, 1, 'vi', 'plugins/payment/payment', 'edit', 'Chỉnh sửa', '2023-02-20 00:12:39', '2023-02-20 00:12:39'),
	(4782, 1, 'vi', 'plugins/payment/payment', 'settings', 'Cài đặt', '2023-02-20 00:12:39', '2023-02-20 00:12:39'),
	(4783, 1, 'vi', 'plugins/payment/payment', 'activate', 'Kích hoạt', '2023-02-20 00:12:39', '2023-02-20 00:12:39'),
	(4784, 1, 'vi', 'plugins/payment/payment', 'deactivate', 'Huỷ kích hoạt', '2023-02-20 00:12:39', '2023-02-20 00:12:39'),
	(4785, 1, 'vi', 'plugins/payment/payment', 'update', 'Cập nhật', '2023-02-20 00:12:39', '2023-02-20 00:12:39'),
	(4786, 1, 'vi', 'plugins/payment/payment', 'configuration_instruction', 'Hướng dẫn cấu hình :name', '2023-02-20 00:12:39', '2023-02-20 00:12:39'),
	(4787, 1, 'vi', 'plugins/payment/payment', 'configuration_requirement', 'Để sử dụng :name bạn cần', '2023-02-20 00:12:39', '2023-02-20 00:12:39'),
	(4788, 1, 'vi', 'plugins/payment/payment', 'service_registration', 'Đăng ký dịch vụ với :name', '2023-02-20 00:12:39', '2023-02-20 00:12:39'),
	(4789, 1, 'vi', 'plugins/payment/payment', 'after_service_registration_msg', 'Sau khi hoàn tất các bước đăng ký tại :name, bạn sẽ có các thông số Client ID, Client Secret', '2023-02-20 00:12:39', '2023-02-20 00:12:39'),
	(4790, 1, 'vi', 'plugins/payment/payment', 'enter_client_id_and_secret', 'Nhập các thông số Client ID, Secret vào ô bên phải', '2023-02-20 00:12:39', '2023-02-20 00:12:39'),
	(4791, 1, 'vi', 'plugins/payment/payment', 'method_name', 'Tên phương thức', '2023-02-20 00:12:39', '2023-02-20 00:12:39'),
	(4792, 1, 'vi', 'plugins/payment/payment', 'please_provide_information', 'Xin vui lòng cung cấp thông tin', '2023-02-20 00:12:39', '2023-02-20 00:12:39'),
	(4793, 1, 'vi', 'plugins/payment/payment', 'client_id', 'Client ID', '2023-02-20 00:12:39', '2023-02-20 00:12:39'),
	(4794, 1, 'vi', 'plugins/payment/payment', 'client_secret', 'Client Secret', '2023-02-20 00:12:39', '2023-02-20 00:12:39'),
	(4795, 1, 'vi', 'plugins/payment/payment', 'stripe_key', 'Stripe Key', '2023-02-20 00:12:39', '2023-02-20 00:12:39'),
	(4796, 1, 'vi', 'plugins/payment/payment', 'stripe_secret', 'Stripe Secret', '2023-02-20 00:12:39', '2023-02-20 00:12:39'),
	(4797, 1, 'vi', 'plugins/payment/payment', 'stripe_after_service_registration_msg', 'After registration at :name, you will have Public, Secret keys', '2023-02-20 00:12:39', '2023-02-20 00:12:39'),
	(4798, 1, 'vi', 'plugins/payment/payment', 'stripe_enter_client_id_and_secret', 'Enter Public, Secret keys into the box in right hand', '2023-02-20 00:12:39', '2023-02-20 00:12:39'),
	(4799, 1, 'vi', 'plugins/payment/payment', 'secret', 'Secret', '2023-02-20 00:12:39', '2023-02-20 00:12:39'),
	(4800, 1, 'vi', 'plugins/payment/payment', 'pay_online_via', 'Thanh toán online qua :name', '2023-02-20 00:12:39', '2023-02-20 00:12:39'),
	(4801, 1, 'vi', 'plugins/payment/payment', 'sandbox_mode', 'Chế độ thử nghiệm', '2023-02-20 00:12:39', '2023-02-20 00:12:39'),
	(4802, 1, 'vi', 'plugins/payment/payment', 'deactivate_payment_method', 'Huỷ kích hoạt phương thức', '2023-02-20 00:12:39', '2023-02-20 00:12:39'),
	(4803, 1, 'vi', 'plugins/payment/payment', 'deactivate_payment_method_description', 'Bạn có chắc chắn muốn huỷ phương thức thành toán này?', '2023-02-20 00:12:39', '2023-02-20 00:12:39'),
	(4804, 1, 'vi', 'plugins/payment/payment', 'agree', 'Đồng ý', '2023-02-20 00:12:39', '2023-02-20 00:12:39'),
	(4805, 1, 'vi', 'plugins/payment/payment', 'name', 'Thanh toán', '2023-02-20 00:12:39', '2023-02-20 00:12:39'),
	(4806, 1, 'vi', 'plugins/payment/payment', 'create', 'Thêm thanh toán mới', '2023-02-20 00:12:39', '2023-02-20 00:12:39'),
	(4807, 1, 'vi', 'plugins/payment/payment', 'go_back', 'Trở lại', '2023-02-20 00:12:39', '2023-02-20 00:12:39'),
	(4808, 1, 'vi', 'plugins/payment/payment', 'information', 'Thông tin', '2023-02-20 00:12:39', '2023-02-20 00:12:39'),
	(4809, 1, 'vi', 'plugins/payment/payment', 'methods.paypal', 'PayPal', '2023-02-20 00:12:40', '2023-02-20 00:12:40'),
	(4810, 1, 'vi', 'plugins/payment/payment', 'methods.cod', 'Thanh toán khi giao hàng (COD)', '2023-02-20 00:12:40', '2023-02-20 00:12:40'),
	(4811, 1, 'vi', 'plugins/payment/payment', 'methods.bank_transfer', 'Chuyển khoản qua ngân hàng', '2023-02-20 00:12:40', '2023-02-20 00:12:40'),
	(4812, 1, 'vi', 'plugins/payment/payment', 'statuses.pending', 'Chưa hoàn tất', '2023-02-20 00:12:40', '2023-02-20 00:12:40'),
	(4813, 1, 'vi', 'plugins/payment/payment', 'statuses.completed', 'Đã hoàn thành', '2023-02-20 00:12:40', '2023-02-20 00:12:40'),
	(4814, 1, 'vi', 'plugins/payment/payment', 'statuses.refunding', 'Đang hoàn tiền', '2023-02-20 00:12:40', '2023-02-20 00:12:40'),
	(4815, 1, 'vi', 'plugins/payment/payment', 'statuses.refunded', 'Đã hoàn tiền', '2023-02-20 00:12:40', '2023-02-20 00:12:40'),
	(4816, 1, 'vi', 'plugins/payment/payment', 'statuses.fraud', 'Gian lận', '2023-02-20 00:12:40', '2023-02-20 00:12:40'),
	(4817, 1, 'vi', 'plugins/payment/payment', 'statuses.failed', 'Thất bại', '2023-02-20 00:12:40', '2023-02-20 00:12:40'),
	(4818, 1, 'vi', 'plugins/payment/payment', 'payment_methods_instruction', 'Hướng dẫn khách hàng thanh toán trực tiếp. Có thể chọn thanh toán khi giao hàng hoặc chuyển khoản', '2023-02-20 00:12:40', '2023-02-20 00:12:40'),
	(4819, 1, 'vi', 'plugins/payment/payment', 'payment_method_description', 'Hướng dẫn thanh toán – (Hiển thị ở trang thông báo mua hàng thành công và trang thanh toán)', '2023-02-20 00:12:40', '2023-02-20 00:12:40'),
	(4820, 1, 'vi', 'plugins/payment/payment', 'payment_via_cod', 'Thanh toán khi nhận hàng (COD)', '2023-02-20 00:12:40', '2023-02-20 00:12:40'),
	(4821, 1, 'vi', 'plugins/payment/payment', 'payment_via_bank_transfer', 'Chuyển khoản qua ngân hàng', '2023-02-20 00:12:40', '2023-02-20 00:12:40'),
	(4822, 1, 'vi', 'plugins/payment/payment', 'payment_pending', 'Thực hiện thành công. Thanh toán của bạn đang được xử lý và sẽ được xác nhận bởi nhân viên.', '2023-02-20 00:12:40', '2023-02-20 00:12:40'),
	(4823, 1, 'vi', 'plugins/payment/payment', 'created_at', 'Ngày tạo', '2023-02-20 00:12:40', '2023-02-20 00:12:40'),
	(4824, 1, 'vi', 'plugins/payment/payment', 'payment_channel', 'Phương thức thanh toán', '2023-02-20 00:12:40', '2023-02-20 00:12:40'),
	(4825, 1, 'vi', 'plugins/payment/payment', 'total', 'Tổng cộng', '2023-02-20 00:12:40', '2023-02-20 00:12:40'),
	(4826, 1, 'vi', 'plugins/payment/payment', 'status', 'Trạng thái', '2023-02-20 00:12:40', '2023-02-20 00:12:40'),
	(4827, 1, 'vi', 'plugins/payment/payment', 'default_payment_method', 'Phương thức thanh toán mặc định', '2023-02-20 00:12:40', '2023-02-20 00:12:40'),
	(4828, 1, 'en', 'plugins/shippo/shippo', 'name', 'Shippo', '2023-02-20 00:12:40', '2023-02-20 00:12:40'),
	(4829, 1, 'en', 'plugins/shippo/shippo', 'description', 'All of the Carriers and Stores You Need', '2023-02-20 00:12:40', '2023-02-20 00:12:40'),
	(4830, 1, 'en', 'plugins/shippo/shippo', 'note_0', 'Before activating, please read the instructions below', '2023-02-20 00:12:40', '2023-02-20 00:12:40'),
	(4831, 1, 'en', 'plugins/shippo/shippo', 'note_1', 'Need to use cities, states, countries from Admin -> Locations, <a href=":link" target="_blank" rel="noopener noreferrer">:link</a>', '2023-02-20 00:12:40', '2023-02-20 00:12:40'),
	(4832, 1, 'en', 'plugins/shippo/shippo', 'note_2', 'Enabled "Load countries, states, cities from plugin location?" and "Enable Zip Code?" for Shippo to work correctly', '2023-02-20 00:12:40', '2023-02-20 00:12:40'),
	(4833, 1, 'en', 'plugins/shippo/shippo', 'note_3', 'Update city, state, country with location plugin data, enter and check the address and zip code in "<a href=":link" target="_blank">Basic information</a>"', '2023-02-20 00:12:40', '2023-02-20 00:12:40'),
	(4834, 1, 'en', 'plugins/shippo/shippo', 'note_4', 'Vendor needs to update Company & Zip Code. Update city, state, country with location plugin data', '2023-02-20 00:12:40', '2023-02-20 00:12:40'),
	(4835, 1, 'en', 'plugins/shippo/shippo', 'configuration_instruction', 'Configuration instruction for :name', '2023-02-20 00:12:40', '2023-02-20 00:12:40'),
	(4836, 1, 'en', 'plugins/shippo/shippo', 'configuration_requirement', 'To use :name, you need', '2023-02-20 00:12:40', '2023-02-20 00:12:40'),
	(4837, 1, 'en', 'plugins/shippo/shippo', 'service_registration', 'Register with :name', '2023-02-20 00:12:40', '2023-02-20 00:12:40'),
	(4838, 1, 'en', 'plugins/shippo/shippo', 'after_service_registration_msg', 'After registration at :name, you will have API Key', '2023-02-20 00:12:40', '2023-02-20 00:12:40'),
	(4839, 1, 'en', 'plugins/shippo/shippo', 'enter_api_key', 'Enter API Key into the box in right hand', '2023-02-20 00:12:40', '2023-02-20 00:12:40'),
	(4840, 1, 'en', 'plugins/shippo/shippo', 'please_provide_information', 'Please provide information', '2023-02-20 00:12:40', '2023-02-20 00:12:40'),
	(4841, 1, 'en', 'plugins/shippo/shippo', 'sandbox_mode', 'Test mode', '2023-02-20 00:12:40', '2023-02-20 00:12:40'),
	(4842, 1, 'en', 'plugins/shippo/shippo', 'activate', 'Activate', '2023-02-20 00:12:40', '2023-02-20 00:12:40'),
	(4843, 1, 'en', 'plugins/shippo/shippo', 'disabled_in_demo_mode', 'You cannot update in demo mode!', '2023-02-20 00:12:40', '2023-02-20 00:12:40'),
	(4844, 1, 'en', 'plugins/shippo/shippo', 'parcel', 'Parcel', '2023-02-20 00:12:40', '2023-02-20 00:12:40'),
	(4845, 1, 'en', 'plugins/shippo/shippo', 'estimated_days', 'Estimated delivery in :day day(s)', '2023-02-20 00:12:40', '2023-02-20 00:12:40'),
	(4846, 1, 'en', 'plugins/shippo/shippo', 'from_address', 'From address', '2023-02-20 00:12:40', '2023-02-20 00:12:40'),
	(4847, 1, 'en', 'plugins/shippo/shippo', 'to_address', 'To address', '2023-02-20 00:12:40', '2023-02-20 00:12:40'),
	(4848, 1, 'en', 'plugins/shippo/shippo', 'check_validate_token', 'Check validate token', '2023-02-20 00:12:40', '2023-02-20 00:12:40'),
	(4849, 1, 'en', 'plugins/shippo/shippo', 'saved_shipping_settings_success', 'Saved settings successfully!', '2023-02-20 00:12:40', '2023-02-20 00:12:40'),
	(4850, 1, 'en', 'plugins/shippo/shippo', 'token_name_is_required', ':name is required for the integration to work', '2023-02-20 00:12:40', '2023-02-20 00:12:40'),
	(4851, 1, 'en', 'plugins/shippo/shippo', 'token_name_is_invalid', ':name is invalid', '2023-02-20 00:12:40', '2023-02-20 00:12:40'),
	(4852, 1, 'en', 'plugins/shippo/shippo', 'live_api_token', 'Live API Token', '2023-02-20 00:12:40', '2023-02-20 00:12:40'),
	(4853, 1, 'en', 'plugins/shippo/shippo', 'test_api_token', 'Test API Token', '2023-02-20 00:12:40', '2023-02-20 00:12:40'),
	(4854, 1, 'en', 'plugins/shippo/shippo', 'print_label', 'Print label', '2023-02-20 00:12:40', '2023-02-20 00:12:40'),
	(4855, 1, 'en', 'plugins/shippo/shippo', 'transaction.created', 'Created transaction #:tracking', '2023-02-20 00:12:40', '2023-02-20 00:12:40'),
	(4856, 1, 'en', 'plugins/shippo/shippo', 'transaction.view_and_create', 'View and Create transaction', '2023-02-20 00:12:40', '2023-02-20 00:12:40'),
	(4857, 1, 'en', 'plugins/shippo/shippo', 'transaction.create', 'Create transaction', '2023-02-20 00:12:41', '2023-02-20 00:12:41'),
	(4858, 1, 'en', 'plugins/shippo/shippo', 'transaction.created_success', 'Created transaction successfully!', '2023-02-20 00:12:41', '2023-02-20 00:12:41'),
	(4859, 1, 'en', 'plugins/shippo/shippo', 'transaction.updated', 'Updated transaction #:tracking', '2023-02-20 00:12:41', '2023-02-20 00:12:41'),
	(4860, 1, 'en', 'plugins/shippo/shippo', 'tracking.updated', 'Updated tracking #:tracking', '2023-02-20 00:12:41', '2023-02-20 00:12:41'),
	(4861, 1, 'en', 'plugins/shippo/shippo', 'tracking.statuses.pre_transit', 'The label is created but before the package is dropped off or picked up by the carrier.', '2023-02-20 00:12:41', '2023-02-20 00:12:41'),
	(4862, 1, 'en', 'plugins/shippo/shippo', 'tracking.statuses.transit', 'The package has been scanned by the carrier and is in transit.', '2023-02-20 00:12:41', '2023-02-20 00:12:41'),
	(4863, 1, 'en', 'plugins/shippo/shippo', 'tracking.statuses.delivered', 'The package has been successfully delivered.', '2023-02-20 00:12:41', '2023-02-20 00:12:41'),
	(4864, 1, 'en', 'plugins/shippo/shippo', 'tracking.statuses.returned', 'The package is en route to be returned to the sender, or has been returned successfully.', '2023-02-20 00:12:41', '2023-02-20 00:12:41'),
	(4865, 1, 'en', 'plugins/shippo/shippo', 'tracking.statuses.failure', 'The carrier indicated that there has been an issue with the delivery. This can happen for various reasons and depends on the carrier. This status does not indicate a technical, but a delivery issue.', '2023-02-20 00:12:41', '2023-02-20 00:12:41'),
	(4866, 1, 'en', 'plugins/shippo/shippo', 'tracking.statuses.unknown', 'The package has not been found via the carrier’s tracking system.', '2023-02-20 00:12:41', '2023-02-20 00:12:41'),
	(4867, 1, 'en', 'plugins/shippo/shippo', 'view_other_exchange_rates', 'View :count other exchange rates', '2023-02-20 00:12:41', '2023-02-20 00:12:41'),
	(4868, 1, 'en', 'plugins/shippo/shippo', 'carrier_could_not_be_found', 'The carrier for which the order was selected could not be found', '2023-02-20 00:12:41', '2023-02-20 00:12:41'),
	(4869, 1, 'en', 'plugins/shippo/shippo', 'update_rate', 'Update rate', '2023-02-20 00:12:41', '2023-02-20 00:12:41'),
	(4870, 1, 'en', 'plugins/shippo/shippo', 'updated_rate_success', 'Created rate successfully!', '2023-02-20 00:12:41', '2023-02-20 00:12:41'),
	(4871, 1, 'en', 'plugins/shippo/shippo', 'recheck_rate', 'Recheck rate', '2023-02-20 00:12:41', '2023-02-20 00:12:41'),
	(4872, 1, 'en', 'plugins/shippo/shippo', 'note_5', 'Shippo only allows to create transactions with shipment/rate within 24 hours, if more than 24 hours, please update the rate again', '2023-02-20 00:12:41', '2023-02-20 00:12:41'),
	(4873, 1, 'en', 'plugins/shippo/shippo', 'shipment_object_id_not_found', 'No matching shipping #:id information found', '2023-02-20 00:12:41', '2023-02-20 00:12:41'),
	(4874, 1, 'en', 'plugins/shippo/shippo', 'order_amount', 'Order amount', '2023-02-20 00:12:41', '2023-02-20 00:12:41'),
	(4875, 1, 'en', 'plugins/shippo/shippo', 'logging', 'Logging?', '2023-02-20 00:12:41', '2023-02-20 00:12:41'),
	(4876, 1, 'en', 'plugins/shippo/shippo', 'webhooks', 'Webhooks?', '2023-02-20 00:12:41', '2023-02-20 00:12:41'),
	(4877, 1, 'en', 'plugins/shippo/shippo', 'note_6', 'COD payment method refer <a href=":link" target="_blank" rel="noopener noreferrer">here</a>', '2023-02-20 00:12:41', '2023-02-20 00:12:41'),
	(4878, 1, 'en', 'plugins/simple-slider/simple-slider', 'create', 'New slider', '2023-02-20 00:12:41', '2023-02-20 00:12:41'),
	(4879, 1, 'en', 'plugins/simple-slider/simple-slider', 'edit', 'Edit slider', '2023-02-20 00:12:41', '2023-02-20 00:12:41'),
	(4880, 1, 'en', 'plugins/simple-slider/simple-slider', 'menu', 'Simple sliders', '2023-02-20 00:12:41', '2023-02-20 00:12:41'),
	(4881, 1, 'en', 'plugins/simple-slider/simple-slider', 'settings.title', 'Simple sliders', '2023-02-20 00:12:41', '2023-02-20 00:12:41'),
	(4882, 1, 'en', 'plugins/simple-slider/simple-slider', 'settings.description', 'Settings for Simple sliders', '2023-02-20 00:12:41', '2023-02-20 00:12:41'),
	(4883, 1, 'en', 'plugins/simple-slider/simple-slider', 'settings.using_assets', 'Using default assets?', '2023-02-20 00:12:41', '2023-02-20 00:12:41'),
	(4884, 1, 'en', 'plugins/simple-slider/simple-slider', 'settings.using_assets_description', 'If using assets option is enabled then below scripts will be auto added to front site.', '2023-02-20 00:12:41', '2023-02-20 00:12:41'),
	(4885, 1, 'en', 'plugins/simple-slider/simple-slider', 'add_new', 'Add new', '2023-02-20 00:12:41', '2023-02-20 00:12:41'),
	(4886, 1, 'en', 'plugins/simple-slider/simple-slider', 'save_sorting', 'Save sorting', '2023-02-20 00:12:41', '2023-02-20 00:12:41'),
	(4887, 1, 'en', 'plugins/simple-slider/simple-slider', 'key', 'Key', '2023-02-20 00:12:41', '2023-02-20 00:12:41'),
	(4888, 1, 'en', 'plugins/simple-slider/simple-slider', 'slide_items', 'Slide Items', '2023-02-20 00:12:41', '2023-02-20 00:12:41'),
	(4889, 1, 'en', 'plugins/simple-slider/simple-slider', 'update_slide_position_success', 'Updated slide position successfully!', '2023-02-20 00:12:41', '2023-02-20 00:12:41'),
	(4890, 1, 'en', 'plugins/simple-slider/simple-slider', 'create_new_slide', 'Create a new slide', '2023-02-20 00:12:41', '2023-02-20 00:12:41'),
	(4891, 1, 'en', 'plugins/simple-slider/simple-slider', 'edit_slide', 'Edit slide #:id', '2023-02-20 00:12:41', '2023-02-20 00:12:41'),
	(4892, 1, 'en', 'plugins/simple-slider/simple-slider', 'simple_slider_shortcode_name', 'Simple Slider', '2023-02-20 00:12:41', '2023-02-20 00:12:41'),
	(4893, 1, 'en', 'plugins/simple-slider/simple-slider', 'simple_slider_shortcode_description', 'Add a simple slider', '2023-02-20 00:12:41', '2023-02-20 00:12:41'),
	(4894, 1, 'en', 'plugins/simple-slider/simple-slider', 'select_slider', 'Select a slider', '2023-02-20 00:12:41', '2023-02-20 00:12:41'),
	(4895, 1, 'vi', 'plugins/simple-slider/simple-slider', 'create', 'Thêm mới slider', '2023-02-20 00:12:41', '2023-02-20 00:12:41'),
	(4896, 1, 'vi', 'plugins/simple-slider/simple-slider', 'edit', 'Sửa slider', '2023-02-20 00:12:41', '2023-02-20 00:12:41'),
	(4897, 1, 'vi', 'plugins/simple-slider/simple-slider', 'menu', 'Sliders', '2023-02-20 00:12:41', '2023-02-20 00:12:41'),
	(4898, 1, 'vi', 'plugins/simple-slider/simple-slider', 'settings.description', 'Cài đặt cho Simple Sliders', '2023-02-20 00:12:41', '2023-02-20 00:12:41'),
	(4899, 1, 'vi', 'plugins/simple-slider/simple-slider', 'settings.title', 'Simple sliders', '2023-02-20 00:12:41', '2023-02-20 00:12:41'),
	(4900, 1, 'vi', 'plugins/simple-slider/simple-slider', 'settings.using_assets', 'Sử dụng assets mặc định?', '2023-02-20 00:12:41', '2023-02-20 00:12:41'),
	(4901, 1, 'vi', 'plugins/simple-slider/simple-slider', 'settings.using_assets_description', 'Nếu tùy chọn này được bật, những scripts bên dưới sẽ được thêm vào website của bạn.', '2023-02-20 00:12:41', '2023-02-20 00:12:41'),
	(4902, 1, 'en', 'plugins/social-login/social-login', 'settings.title', 'Social Login settings', '2023-02-20 00:12:41', '2023-02-20 00:12:41'),
	(4903, 1, 'en', 'plugins/social-login/social-login', 'settings.description', 'Configure social login options', '2023-02-20 00:12:41', '2023-02-20 00:12:41'),
	(4904, 1, 'en', 'plugins/social-login/social-login', 'settings.facebook.title', 'Facebook login settings', '2023-02-20 00:12:41', '2023-02-20 00:12:41'),
	(4905, 1, 'en', 'plugins/social-login/social-login', 'settings.facebook.description', 'Enable/disable & configure app credentials for Facebook login', '2023-02-20 00:12:41', '2023-02-20 00:12:41'),
	(4906, 1, 'en', 'plugins/social-login/social-login', 'settings.facebook.app_id', 'App ID', '2023-02-20 00:12:41', '2023-02-20 00:12:41'),
	(4907, 1, 'en', 'plugins/social-login/social-login', 'settings.facebook.app_secret', 'App Secret', '2023-02-20 00:12:41', '2023-02-20 00:12:41'),
	(4908, 1, 'en', 'plugins/social-login/social-login', 'settings.facebook.helper', 'Please go to https://developers.facebook.com to create new app update App ID, App Secret. Callback URL is :callback', '2023-02-20 00:12:41', '2023-02-20 00:12:41'),
	(4909, 1, 'en', 'plugins/social-login/social-login', 'settings.google.title', 'Google login settings', '2023-02-20 00:12:41', '2023-02-20 00:12:41'),
	(4910, 1, 'en', 'plugins/social-login/social-login', 'settings.google.description', 'Enable/disable & configure app credentials for Google login', '2023-02-20 00:12:41', '2023-02-20 00:12:41'),
	(4911, 1, 'en', 'plugins/social-login/social-login', 'settings.google.app_id', 'App ID', '2023-02-20 00:12:41', '2023-02-20 00:12:41'),
	(4912, 1, 'en', 'plugins/social-login/social-login', 'settings.google.app_secret', 'App Secret', '2023-02-20 00:12:41', '2023-02-20 00:12:41'),
	(4913, 1, 'en', 'plugins/social-login/social-login', 'settings.google.helper', 'Please go to https://console.developers.google.com/apis/dashboard to create new app update App ID, App Secret. Callback URL is :callback', '2023-02-20 00:12:41', '2023-02-20 00:12:41'),
	(4914, 1, 'en', 'plugins/social-login/social-login', 'settings.github.title', 'Github login settings', '2023-02-20 00:12:41', '2023-02-20 00:12:41'),
	(4915, 1, 'en', 'plugins/social-login/social-login', 'settings.github.description', 'Enable/disable & configure app credentials for Github login', '2023-02-20 00:12:41', '2023-02-20 00:12:41'),
	(4916, 1, 'en', 'plugins/social-login/social-login', 'settings.github.app_id', 'App ID', '2023-02-20 00:12:41', '2023-02-20 00:12:41'),
	(4917, 1, 'en', 'plugins/social-login/social-login', 'settings.github.app_secret', 'App Secret', '2023-02-20 00:12:41', '2023-02-20 00:12:41'),
	(4918, 1, 'en', 'plugins/social-login/social-login', 'settings.github.helper', 'Please go to https://github.com/settings/developers to create new app update App ID, App Secret. Callback URL is :callback', '2023-02-20 00:12:41', '2023-02-20 00:12:41'),
	(4919, 1, 'en', 'plugins/social-login/social-login', 'settings.linkedin.title', 'Linkedin login settings', '2023-02-20 00:12:41', '2023-02-20 00:12:41'),
	(4920, 1, 'en', 'plugins/social-login/social-login', 'settings.linkedin.description', 'Enable/disable & configure app credentials for Linkedin login', '2023-02-20 00:12:41', '2023-02-20 00:12:41'),
	(4921, 1, 'en', 'plugins/social-login/social-login', 'settings.linkedin.app_id', 'App ID', '2023-02-20 00:12:41', '2023-02-20 00:12:41'),
	(4922, 1, 'en', 'plugins/social-login/social-login', 'settings.linkedin.app_secret', 'App Secret', '2023-02-20 00:12:41', '2023-02-20 00:12:41'),
	(4923, 1, 'en', 'plugins/social-login/social-login', 'settings.linkedin.helper', 'Please go to https://www.linkedin.com/developers/apps/new to create new app update App ID, App Secret. Callback URL is :callback', '2023-02-20 00:12:41', '2023-02-20 00:12:41'),
	(4924, 1, 'en', 'plugins/social-login/social-login', 'settings.enable', 'Enable?', '2023-02-20 00:12:41', '2023-02-20 00:12:41'),
	(4925, 1, 'en', 'plugins/social-login/social-login', 'menu', 'Social Login', '2023-02-20 00:12:41', '2023-02-20 00:12:41'),
	(4926, 1, 'vi', 'plugins/social-login/social-login', 'settings.title', 'Social Login settings', '2023-02-20 00:12:41', '2023-02-20 00:12:41'),
	(4927, 1, 'vi', 'plugins/social-login/social-login', 'settings.description', 'Cấu hình tùy chọn đăng nhập thông qua mạng xã hội', '2023-02-20 00:12:41', '2023-02-20 00:12:41'),
	(4928, 1, 'vi', 'plugins/social-login/social-login', 'settings.facebook.title', 'Facebook login settings', '2023-02-20 00:12:41', '2023-02-20 00:12:41'),
	(4929, 1, 'vi', 'plugins/social-login/social-login', 'settings.facebook.description', 'Enable/disable & configure app credentials for Facebook login', '2023-02-20 00:12:41', '2023-02-20 00:12:41'),
	(4930, 1, 'vi', 'plugins/social-login/social-login', 'settings.facebook.app_id', 'App ID', '2023-02-20 00:12:41', '2023-02-20 00:12:41'),
	(4931, 1, 'vi', 'plugins/social-login/social-login', 'settings.facebook.app_secret', 'App Secret', '2023-02-20 00:12:41', '2023-02-20 00:12:41'),
	(4932, 1, 'vi', 'plugins/social-login/social-login', 'settings.facebook.helper', 'Please go to https://developers.facebook.com to create new app update App ID, App Secret. Callback URL is :callback', '2023-02-20 00:12:41', '2023-02-20 00:12:41'),
	(4933, 1, 'vi', 'plugins/social-login/social-login', 'settings.google.title', 'Google login settings', '2023-02-20 00:12:41', '2023-02-20 00:12:41'),
	(4934, 1, 'vi', 'plugins/social-login/social-login', 'settings.google.description', 'Enable/disable & configure app credentials for Google login', '2023-02-20 00:12:41', '2023-02-20 00:12:41'),
	(4935, 1, 'vi', 'plugins/social-login/social-login', 'settings.google.app_id', 'App ID', '2023-02-20 00:12:41', '2023-02-20 00:12:41'),
	(4936, 1, 'vi', 'plugins/social-login/social-login', 'settings.google.app_secret', 'App Secret', '2023-02-20 00:12:41', '2023-02-20 00:12:41'),
	(4937, 1, 'vi', 'plugins/social-login/social-login', 'settings.google.helper', 'Please go to https://console.developers.google.com/apis/dashboard to create new app update App ID, App Secret. Callback URL is :callback', '2023-02-20 00:12:41', '2023-02-20 00:12:41'),
	(4938, 1, 'vi', 'plugins/social-login/social-login', 'settings.github.title', 'Github login settings', '2023-02-20 00:12:41', '2023-02-20 00:12:41'),
	(4939, 1, 'vi', 'plugins/social-login/social-login', 'settings.github.description', 'Enable/disable & configure app credentials for Github login', '2023-02-20 00:12:41', '2023-02-20 00:12:41'),
	(4940, 1, 'vi', 'plugins/social-login/social-login', 'settings.github.app_id', 'App ID', '2023-02-20 00:12:41', '2023-02-20 00:12:41'),
	(4941, 1, 'vi', 'plugins/social-login/social-login', 'settings.github.app_secret', 'App Secret', '2023-02-20 00:12:41', '2023-02-20 00:12:41'),
	(4942, 1, 'vi', 'plugins/social-login/social-login', 'settings.github.helper', 'Please go to https://github.com/settings/developers to create new app update App ID, App Secret. Callback URL is :callback', '2023-02-20 00:12:41', '2023-02-20 00:12:41'),
	(4943, 1, 'vi', 'plugins/social-login/social-login', 'settings.linkedin.title', 'Linkedin login settings', '2023-02-20 00:12:41', '2023-02-20 00:12:41'),
	(4944, 1, 'vi', 'plugins/social-login/social-login', 'settings.linkedin.description', 'Enable/disable & configure app credentials for Linkedin login', '2023-02-20 00:12:41', '2023-02-20 00:12:41'),
	(4945, 1, 'vi', 'plugins/social-login/social-login', 'settings.linkedin.app_id', 'App ID', '2023-02-20 00:12:42', '2023-02-20 00:12:42'),
	(4946, 1, 'vi', 'plugins/social-login/social-login', 'settings.linkedin.app_secret', 'App Secret', '2023-02-20 00:12:42', '2023-02-20 00:12:42'),
	(4947, 1, 'vi', 'plugins/social-login/social-login', 'settings.linkedin.helper', 'Please go to https://www.linkedin.com/developers/apps/new to create new app update App ID, App Secret. Callback URL is :callback', '2023-02-20 00:12:42', '2023-02-20 00:12:42'),
	(4948, 1, 'vi', 'plugins/social-login/social-login', 'settings.enable', 'Bật?', '2023-02-20 00:12:42', '2023-02-20 00:12:42'),
	(4949, 1, 'vi', 'plugins/social-login/social-login', 'menu', 'Đăng nhập mạng xã hội', '2023-02-20 00:12:42', '2023-02-20 00:12:42'),
	(4950, 1, 'en', 'plugins/translation/translation', 'translations', 'Translations', '2023-02-20 00:12:42', '2023-02-20 00:12:42'),
	(4951, 1, 'en', 'plugins/translation/translation', 'translations_description', 'Translate all words in system.', '2023-02-20 00:12:42', '2023-02-20 00:12:42'),
	(4952, 1, 'en', 'plugins/translation/translation', 'export_warning', 'Warning, translations are not visible until they are exported back to the :lang_path file, using \'php artisan cms:translations:export\' command or publish button.', '2023-02-20 00:12:42', '2023-02-20 00:12:42'),
	(4953, 1, 'en', 'plugins/translation/translation', 'import_done', 'Done importing, processed :counter items! Reload this page to refresh the groups!', '2023-02-20 00:12:42', '2023-02-20 00:12:42'),
	(4954, 1, 'en', 'plugins/translation/translation', 'translation_manager', 'Translations Manager', '2023-02-20 00:12:42', '2023-02-20 00:12:42'),
	(4955, 1, 'en', 'plugins/translation/translation', 'done_publishing', 'Done publishing the translations for group', '2023-02-20 00:12:42', '2023-02-20 00:12:42'),
	(4956, 1, 'en', 'plugins/translation/translation', 'append_translation', 'Append new translations', '2023-02-20 00:12:42', '2023-02-20 00:12:42'),
	(4957, 1, 'en', 'plugins/translation/translation', 'replace_translation', 'Replace existing translations', '2023-02-20 00:12:42', '2023-02-20 00:12:42'),
	(4958, 1, 'en', 'plugins/translation/translation', 'import_group', 'Import group', '2023-02-20 00:12:42', '2023-02-20 00:12:42'),
	(4959, 1, 'en', 'plugins/translation/translation', 'confirm_publish_group', 'Are you sure you want to publish the translations group ":group"? This will overwrite existing language files.', '2023-02-20 00:12:42', '2023-02-20 00:12:42'),
	(4960, 1, 'en', 'plugins/translation/translation', 'publish_translations', 'Publish translations', '2023-02-20 00:12:42', '2023-02-20 00:12:42'),
	(4961, 1, 'en', 'plugins/translation/translation', 'back', 'Back', '2023-02-20 00:12:42', '2023-02-20 00:12:42'),
	(4962, 1, 'en', 'plugins/translation/translation', 'edit_title', 'Enter translation', '2023-02-20 00:12:42', '2023-02-20 00:12:42'),
	(4963, 1, 'en', 'plugins/translation/translation', 'choose_group_msg', 'Choose a group to display the group translations. If no groups are visible, make sure you have imported the translations.', '2023-02-20 00:12:42', '2023-02-20 00:12:42'),
	(4964, 1, 'en', 'plugins/translation/translation', 'choose_a_group', 'Choose a group', '2023-02-20 00:12:42', '2023-02-20 00:12:42'),
	(4965, 1, 'en', 'plugins/translation/translation', 'locales', 'Locales', '2023-02-20 00:12:42', '2023-02-20 00:12:42'),
	(4966, 1, 'en', 'plugins/translation/translation', 'theme-translations', 'Theme translations', '2023-02-20 00:12:42', '2023-02-20 00:12:42'),
	(4967, 1, 'en', 'plugins/translation/translation', 'admin-translations', 'Other translations', '2023-02-20 00:12:42', '2023-02-20 00:12:42'),
	(4968, 1, 'en', 'plugins/translation/translation', 'translate_from', 'Translate from', '2023-02-20 00:12:42', '2023-02-20 00:12:42'),
	(4969, 1, 'en', 'plugins/translation/translation', 'to', 'to', '2023-02-20 00:12:42', '2023-02-20 00:12:42'),
	(4970, 1, 'en', 'plugins/translation/translation', 'no_other_languages', 'No other language to translate!', '2023-02-20 00:12:42', '2023-02-20 00:12:42'),
	(4971, 1, 'en', 'plugins/translation/translation', 'edit', 'Edit', '2023-02-20 00:12:42', '2023-02-20 00:12:42'),
	(4972, 1, 'en', 'plugins/translation/translation', 'locale', 'Locale', '2023-02-20 00:12:42', '2023-02-20 00:12:42'),
	(4973, 1, 'en', 'plugins/translation/translation', 'locale_placeholder', 'Ex: en', '2023-02-20 00:12:42', '2023-02-20 00:12:42'),
	(4974, 1, 'en', 'plugins/translation/translation', 'name', 'Name', '2023-02-20 00:12:42', '2023-02-20 00:12:42'),
	(4975, 1, 'en', 'plugins/translation/translation', 'default_locale', 'Default locale?', '2023-02-20 00:12:42', '2023-02-20 00:12:42'),
	(4976, 1, 'en', 'plugins/translation/translation', 'actions', 'Actions', '2023-02-20 00:12:42', '2023-02-20 00:12:42'),
	(4977, 1, 'en', 'plugins/translation/translation', 'choose_language', 'Choose language', '2023-02-20 00:12:42', '2023-02-20 00:12:42'),
	(4978, 1, 'en', 'plugins/translation/translation', 'add_new_language', 'Add new language', '2023-02-20 00:12:42', '2023-02-20 00:12:42'),
	(4979, 1, 'en', 'plugins/translation/translation', 'select_language', 'Select language', '2023-02-20 00:12:42', '2023-02-20 00:12:42'),
	(4980, 1, 'en', 'plugins/translation/translation', 'flag', 'Flag', '2023-02-20 00:12:42', '2023-02-20 00:12:42'),
	(4981, 1, 'en', 'plugins/translation/translation', 'folder_is_not_writeable', 'Cannot write files! Folder :lang_path is not writable. Please chmod to make it writable!', '2023-02-20 00:12:42', '2023-02-20 00:12:42'),
	(4982, 1, 'en', 'plugins/translation/translation', 'delete', 'Delete', '2023-02-20 00:12:42', '2023-02-20 00:12:42'),
	(4983, 1, 'en', 'plugins/translation/translation', 'confirm_delete_message', 'Do you really want to delete this locale? It will delete all files/folders for this local in :lang_path!', '2023-02-20 00:12:42', '2023-02-20 00:12:42'),
	(4984, 1, 'en', 'plugins/translation/translation', 'download', 'Download', '2023-02-20 00:12:42', '2023-02-20 00:12:42'),
	(4985, 1, 'en', 'plugins/translation/translation', 'select_locale', 'Select locale', '2023-02-20 00:12:42', '2023-02-20 00:12:42'),
	(4986, 1, 'en', 'plugins/translation/translation', 'theme_translations_instruction', 'Click on text to translate. Do NOT translate variables, Eg. :username, :query, :link...', '2023-02-20 00:12:42', '2023-02-20 00:12:42'),
	(4987, 1, 'en', 'plugins/translation/translation', 'import_available_locale', 'Or import available locale from our GitHub repository', '2023-02-20 00:12:42', '2023-02-20 00:12:42'),
	(4988, 1, 'en', 'plugins/translation/translation', 'add_new_locale', 'Add new locale', '2023-02-20 00:12:42', '2023-02-20 00:12:42'),
	(4989, 1, 'en', 'plugins/translation/translation', 'download_locale', 'Download locale', '2023-02-20 00:12:42', '2023-02-20 00:12:42'),
	(4990, 1, 'en', 'plugins/translation/translation', 'import_available_locale_confirmation', 'Download locale from GitHub', '2023-02-20 00:12:42', '2023-02-20 00:12:42'),
	(4991, 1, 'en', 'plugins/translation/translation', 'import_available_locale_confirmation_content', 'Are you sure you want to download this locale? It will be downloaded into :lang_path, you can delete it later if you want.', '2023-02-20 00:12:42', '2023-02-20 00:12:42'),
	(4992, 1, 'en', 'plugins/translation/translation', 'is_default', 'Is default?', '2023-02-20 00:12:42', '2023-02-20 00:12:42'),
	(4993, 1, 'vi', 'plugins/translation/translation', 'append_translation', 'Tiếp nối bản dịch', '2023-02-20 00:12:42', '2023-02-20 00:12:42'),
	(4994, 1, 'vi', 'plugins/translation/translation', 'back', 'Quay lại', '2023-02-20 00:12:42', '2023-02-20 00:12:42'),
	(4995, 1, 'vi', 'plugins/translation/translation', 'choose_a_group', 'Chọn một nhóm', '2023-02-20 00:12:42', '2023-02-20 00:12:42'),
	(4996, 1, 'vi', 'plugins/translation/translation', 'choose_group_msg', 'Chọn một nhóm để hiển thị nhóm dịch thuật. Nếu nhóm không có sẵn, hãy chắc chắn là bạn đã chạy migrations và nhập dữ liệu dịch thuật.', '2023-02-20 00:12:42', '2023-02-20 00:12:42'),
	(4997, 1, 'vi', 'plugins/translation/translation', 'confirm_publish_group', 'Bạn có chắc muốn xuất bản nhóm ":group"? Điều này sẽ ghi đè tập tin ngôn ngữ hiện tại.', '2023-02-20 00:12:42', '2023-02-20 00:12:42'),
	(4998, 1, 'vi', 'plugins/translation/translation', 'done_publishing', 'Xuất bản nhóm dịch thuật thành công', '2023-02-20 00:12:42', '2023-02-20 00:12:42'),
	(4999, 1, 'vi', 'plugins/translation/translation', 'edit_title', 'Nhập nội dung dịch', '2023-02-20 00:12:42', '2023-02-20 00:12:42'),
	(5000, 1, 'vi', 'plugins/translation/translation', 'export_warning', 'Cảnh báo, bản dịch sẽ không có sẵn cho đến khi chúng được xuất bản lại vào thư mục :lang_path, sử dụng lệnh \'php artisan cms:translations:export\' hoặc sử dụng nút xuất bản', '2023-02-20 00:12:42', '2023-02-20 00:12:42'),
	(5001, 1, 'vi', 'plugins/translation/translation', 'import_done', 'Nhập hoàn thành, đã xử lý :counter bản ghi!  ', '2023-02-20 00:12:42', '2023-02-20 00:12:42'),
	(5002, 1, 'vi', 'plugins/translation/translation', 'import_group', 'Nhập nhóm', '2023-02-20 00:12:42', '2023-02-20 00:12:42'),
	(5003, 1, 'vi', 'plugins/translation/translation', 'publish_translations', 'Xuất bản dịch thuật', '2023-02-20 00:12:42', '2023-02-20 00:12:42'),
	(5004, 1, 'vi', 'plugins/translation/translation', 'replace_translation', 'Thay thế bản dịch hiện tại', '2023-02-20 00:12:42', '2023-02-20 00:12:42'),
	(5005, 1, 'vi', 'plugins/translation/translation', 'translation_manager', 'Quản lý dịch thuật', '2023-02-20 00:12:42', '2023-02-20 00:12:42'),
	(5006, 1, 'vi', 'plugins/translation/translation', 'translations', 'Dịch thuật', '2023-02-20 00:12:42', '2023-02-20 00:12:42'),
	(5007, 1, 'vi', 'plugins/translation/translation', 'translations_description', 'Dịch tất cả các từ trong hệ thống', '2023-02-20 00:12:42', '2023-02-20 00:12:42'),
	(5008, 1, 'vi', 'plugins/translation/translation', 'actions', 'Hành động', '2023-02-20 00:12:42', '2023-02-20 00:12:42'),
	(5009, 1, 'vi', 'plugins/translation/translation', 'add_new_language', 'Thêm ngôn ngữ mới', '2023-02-20 00:12:42', '2023-02-20 00:12:42'),
	(5010, 1, 'vi', 'plugins/translation/translation', 'admin-translations', 'Dịch các mục khác', '2023-02-20 00:12:42', '2023-02-20 00:12:42'),
	(5011, 1, 'vi', 'plugins/translation/translation', 'choose_language', 'Chọn ngôn ngữ', '2023-02-20 00:12:42', '2023-02-20 00:12:42'),
	(5012, 1, 'vi', 'plugins/translation/translation', 'default_locale', 'Ngôn ngữ mặc định', '2023-02-20 00:12:42', '2023-02-20 00:12:42'),
	(5013, 1, 'vi', 'plugins/translation/translation', 'delete', 'Xóa', '2023-02-20 00:12:42', '2023-02-20 00:12:42'),
	(5014, 1, 'vi', 'plugins/translation/translation', 'edit', 'Sửa', '2023-02-20 00:12:42', '2023-02-20 00:12:42'),
	(5015, 1, 'vi', 'plugins/translation/translation', 'flag', 'Cờ', '2023-02-20 00:12:42', '2023-02-20 00:12:42'),
	(5016, 1, 'vi', 'plugins/translation/translation', 'locale', 'Ngôn ngữ', '2023-02-20 00:12:42', '2023-02-20 00:12:42'),
	(5017, 1, 'vi', 'plugins/translation/translation', 'locales', 'Ngôn ngữ', '2023-02-20 00:12:42', '2023-02-20 00:12:42'),
	(5018, 1, 'vi', 'plugins/translation/translation', 'name', 'Tên', '2023-02-20 00:12:42', '2023-02-20 00:12:42'),
	(5019, 1, 'vi', 'plugins/translation/translation', 'no_other_languages', 'Không còn ngôn ngữ nào khác để dịch!', '2023-02-20 00:12:42', '2023-02-20 00:12:42'),
	(5020, 1, 'vi', 'plugins/translation/translation', 'select_language', 'Lựa chọn ngôn ngữ', '2023-02-20 00:12:42', '2023-02-20 00:12:42'),
	(5021, 1, 'vi', 'plugins/translation/translation', 'theme-translations', 'Dịch giao diện', '2023-02-20 00:12:42', '2023-02-20 00:12:42'),
	(5022, 1, 'vi', 'plugins/translation/translation', 'to', 'sang', '2023-02-20 00:12:42', '2023-02-20 00:12:42'),
	(5023, 1, 'vi', 'plugins/translation/translation', 'translate_from', 'Dịch từ', '2023-02-20 00:12:42', '2023-02-20 00:12:42'),
	(5024, 1, 'vi', 'auth', 'failed', 'Thông tin tài khoản không tìm thấy trong hệ thống.', '2023-02-20 00:12:42', '2023-02-20 00:12:42'),
	(5025, 1, 'vi', 'auth', 'password', 'Mật khẩu không đúng.', '2023-02-20 00:12:42', '2023-02-20 00:12:42'),
	(5026, 1, 'vi', 'auth', 'throttle', 'Vượt quá số lần đăng nhập cho phép. Vui lòng thử lại sau :seconds giây.', '2023-02-20 00:12:42', '2023-02-20 00:12:42'),
	(5027, 1, 'vi', 'pagination', 'next', 'Trang trước &raquo;', '2023-02-20 00:12:42', '2023-02-20 00:12:42'),
	(5028, 1, 'vi', 'pagination', 'previous', '&laquo; Trang sau', '2023-02-20 00:12:42', '2023-02-20 00:12:42'),
	(5029, 1, 'vi', 'passwords', 'reset', 'Mật khẩu mới đã được cập nhật!', '2023-02-20 00:12:42', '2023-02-20 00:12:42'),
	(5030, 1, 'vi', 'passwords', 'sent', 'Hướng dẫn cấp lại mật khẩu đã được gửi!', '2023-02-20 00:12:42', '2023-02-20 00:12:42'),
	(5031, 1, 'vi', 'passwords', 'throttled', 'Vui lòng đợi trước khi thử lại.', '2023-02-20 00:12:42', '2023-02-20 00:12:42'),
	(5032, 1, 'vi', 'passwords', 'token', 'Mã khôi phục mật khẩu không hợp lệ.', '2023-02-20 00:12:42', '2023-02-20 00:12:42'),
	(5033, 1, 'vi', 'passwords', 'user', 'Không tìm thấy người dùng với địa chỉ email này.', '2023-02-20 00:12:42', '2023-02-20 00:12:42'),
	(5034, 1, 'vi', 'validation', 'accepted', 'Trường :attribute phải được chấp nhận.', '2023-02-20 00:12:42', '2023-02-20 00:12:42'),
	(5035, 1, 'vi', 'validation', 'accepted_if', 'Trường :attribute phải được chấp nhận khi :other là :value.', '2023-02-20 00:12:42', '2023-02-20 00:12:42'),
	(5036, 1, 'vi', 'validation', 'active_url', 'Trường :attribute không phải là một URL hợp lệ.', '2023-02-20 00:12:42', '2023-02-20 00:12:42'),
	(5037, 1, 'vi', 'validation', 'after', 'Trường :attribute phải là một ngày sau ngày :date.', '2023-02-20 00:12:42', '2023-02-20 00:12:42'),
	(5038, 1, 'vi', 'validation', 'after_or_equal', 'Trường :attribute phải là thời gian bắt đầu sau hoặc đúng bằng :date.', '2023-02-20 00:12:42', '2023-02-20 00:12:42'),
	(5039, 1, 'vi', 'validation', 'alpha', 'Trường :attribute chỉ có thể chứa các chữ cái.', '2023-02-20 00:12:42', '2023-02-20 00:12:42'),
	(5040, 1, 'vi', 'validation', 'alpha_dash', 'Trường :attribute chỉ có thể chứa chữ cái, số và dấu gạch ngang.', '2023-02-20 00:12:42', '2023-02-20 00:12:42'),
	(5041, 1, 'vi', 'validation', 'alpha_num', 'Trường :attribute chỉ có thể chứa chữ cái và số.', '2023-02-20 00:12:42', '2023-02-20 00:12:42'),
	(5042, 1, 'vi', 'validation', 'array', 'Trường :attribute phải là dạng mảng.', '2023-02-20 00:12:42', '2023-02-20 00:12:42'),
	(5043, 1, 'vi', 'validation', 'before', 'Trường :attribute phải là một ngày trước ngày :date.', '2023-02-20 00:12:42', '2023-02-20 00:12:42'),
	(5044, 1, 'vi', 'validation', 'before_or_equal', 'Trường :attribute phải là thời gian bắt đầu trước hoặc đúng bằng :date.', '2023-02-20 00:12:42', '2023-02-20 00:12:42'),
	(5045, 1, 'vi', 'validation', 'between.array', 'Trường :attribute phải có từ :min - :max phần tử.', '2023-02-20 00:12:42', '2023-02-20 00:12:42'),
	(5046, 1, 'vi', 'validation', 'between.file', 'Dung lượng tập tin trong trường :attribute phải từ :min - :max kB.', '2023-02-20 00:12:42', '2023-02-20 00:12:42'),
	(5047, 1, 'vi', 'validation', 'between.numeric', 'Trường :attribute phải nằm trong khoảng :min - :max.', '2023-02-20 00:12:42', '2023-02-20 00:12:42'),
	(5048, 1, 'vi', 'validation', 'between.string', 'Trường :attribute phải từ :min - :max kí tự.', '2023-02-20 00:12:42', '2023-02-20 00:12:42'),
	(5049, 1, 'vi', 'validation', 'boolean', 'Trường :attribute phải là true hoặc false.', '2023-02-20 00:12:42', '2023-02-20 00:12:42'),
	(5050, 1, 'vi', 'validation', 'confirmed', 'Giá trị xác nhận trong trường :attribute không khớp.', '2023-02-20 00:12:42', '2023-02-20 00:12:42'),
	(5051, 1, 'vi', 'validation', 'current_password', 'Mật khẩu không đúng.', '2023-02-20 00:12:42', '2023-02-20 00:12:42'),
	(5052, 1, 'vi', 'validation', 'date', 'Trường :attribute không phải là định dạng của ngày-tháng.', '2023-02-20 00:12:42', '2023-02-20 00:12:42'),
	(5053, 1, 'vi', 'validation', 'date_equals', 'Trường :attribute phải là một ngày bằng với :date.', '2023-02-20 00:12:42', '2023-02-20 00:12:42'),
	(5054, 1, 'vi', 'validation', 'date_format', 'Trường :attribute không giống với định dạng :format.', '2023-02-20 00:12:42', '2023-02-20 00:12:42'),
	(5055, 1, 'vi', 'validation', 'declined', 'Trường :attribute phải bị từ chối.', '2023-02-20 00:12:42', '2023-02-20 00:12:42'),
	(5056, 1, 'vi', 'validation', 'declined_if', 'Trường :attribute phải bị từ chối khi :other là :value.', '2023-02-20 00:12:42', '2023-02-20 00:12:42'),
	(5057, 1, 'vi', 'validation', 'different', 'Trường :attribute và :other phải khác nhau.', '2023-02-20 00:12:42', '2023-02-20 00:12:42'),
	(5058, 1, 'vi', 'validation', 'digits', 'Độ dài của trường :attribute phải gồm :digits chữ số.', '2023-02-20 00:12:42', '2023-02-20 00:12:42'),
	(5059, 1, 'vi', 'validation', 'digits_between', 'Độ dài của trường :attribute phải nằm trong khoảng :min and :max chữ số.', '2023-02-20 00:12:42', '2023-02-20 00:12:42'),
	(5060, 1, 'vi', 'validation', 'dimensions', 'Trường :attribute có kích thước không hợp lệ.', '2023-02-20 00:12:42', '2023-02-20 00:12:42'),
	(5061, 1, 'vi', 'validation', 'distinct', 'Trường :attribute có giá trị trùng lặp.', '2023-02-20 00:12:42', '2023-02-20 00:12:42'),
	(5062, 1, 'vi', 'validation', 'email', 'Trường :attribute phải là một địa chỉ email hợp lệ.', '2023-02-20 00:12:42', '2023-02-20 00:12:42'),
	(5063, 1, 'vi', 'validation', 'ends_with', 'Trường :attribute phải kết thúc bằng một trong những giá trị sau: :values', '2023-02-20 00:12:42', '2023-02-20 00:12:42'),
	(5064, 1, 'vi', 'validation', 'enum', 'Giá trị đã chọn trong trường :attribute không hợp lệ.', '2023-02-20 00:12:42', '2023-02-20 00:12:42'),
	(5065, 1, 'vi', 'validation', 'exists', 'Giá trị đã chọn trong trường :attribute không hợp lệ.', '2023-02-20 00:12:42', '2023-02-20 00:12:42'),
	(5066, 1, 'vi', 'validation', 'file', 'Trường :attribute phải là một tệp tin.', '2023-02-20 00:12:42', '2023-02-20 00:12:42'),
	(5067, 1, 'vi', 'validation', 'filled', 'Trường :attribute không được bỏ trống.', '2023-02-20 00:12:42', '2023-02-20 00:12:42'),
	(5068, 1, 'vi', 'validation', 'gt.array', 'Mảng :attribute phải có nhiều hơn :value phần tử.', '2023-02-20 00:12:42', '2023-02-20 00:12:42'),
	(5069, 1, 'vi', 'validation', 'gt.file', 'Dung lượng trường :attribute phải lớn hơn :value kilobytes.', '2023-02-20 00:12:42', '2023-02-20 00:12:42'),
	(5070, 1, 'vi', 'validation', 'gt.numeric', 'Giá trị trường :attribute phải lớn hơn :value.', '2023-02-20 00:12:42', '2023-02-20 00:12:42'),
	(5071, 1, 'vi', 'validation', 'gt.string', 'Độ dài trường :attribute phải nhiều hơn :value kí tự.', '2023-02-20 00:12:42', '2023-02-20 00:12:42'),
	(5072, 1, 'vi', 'validation', 'gte.array', 'Mảng :attribute phải có ít nhất :value phần tử.', '2023-02-20 00:12:42', '2023-02-20 00:12:42'),
	(5073, 1, 'vi', 'validation', 'gte.file', 'Dung lượng trường :attribute phải lớn hơn hoặc bằng :value kilobytes.', '2023-02-20 00:12:42', '2023-02-20 00:12:42'),
	(5074, 1, 'vi', 'validation', 'gte.numeric', 'Giá trị trường :attribute phải lớn hơn hoặc bằng :value.', '2023-02-20 00:12:42', '2023-02-20 00:12:42'),
	(5075, 1, 'vi', 'validation', 'gte.string', 'Độ dài trường :attribute phải lớn hơn hoặc bằng :value kí tự.', '2023-02-20 00:12:42', '2023-02-20 00:12:42'),
	(5076, 1, 'vi', 'validation', 'image', 'Trường :attribute phải là định dạng hình ảnh.', '2023-02-20 00:12:42', '2023-02-20 00:12:42'),
	(5077, 1, 'vi', 'validation', 'in', 'Giá trị đã chọn trong trường :attribute không hợp lệ.', '2023-02-20 00:12:42', '2023-02-20 00:12:42'),
	(5078, 1, 'vi', 'validation', 'in_array', 'Trường :attribute phải thuộc tập cho phép: :other.', '2023-02-20 00:12:42', '2023-02-20 00:12:42'),
	(5079, 1, 'vi', 'validation', 'integer', 'Trường :attribute phải là một số nguyên.', '2023-02-20 00:12:42', '2023-02-20 00:12:42'),
	(5080, 1, 'vi', 'validation', 'ip', 'Trường :attribute phải là một địa chỉ IP.', '2023-02-20 00:12:42', '2023-02-20 00:12:42'),
	(5081, 1, 'vi', 'validation', 'ipv4', 'Trường :attribute phải là một địa chỉ IPv4.', '2023-02-20 00:12:42', '2023-02-20 00:12:42'),
	(5082, 1, 'vi', 'validation', 'ipv6', 'Trường :attribute phải là một địa chỉ IPv6.', '2023-02-20 00:12:42', '2023-02-20 00:12:42'),
	(5083, 1, 'vi', 'validation', 'json', 'Trường :attribute phải là một chuỗi JSON.', '2023-02-20 00:12:42', '2023-02-20 00:12:42'),
	(5084, 1, 'vi', 'validation', 'lt.array', 'Mảng :attribute phải có ít hơn :value phần tử.', '2023-02-20 00:12:42', '2023-02-20 00:12:42'),
	(5085, 1, 'vi', 'validation', 'lt.file', 'Dung lượng trường :attribute phải nhỏ hơn :value kilobytes.', '2023-02-20 00:12:42', '2023-02-20 00:12:42'),
	(5086, 1, 'vi', 'validation', 'lt.numeric', 'Giá trị trường :attribute phải nhỏ hơn :value.', '2023-02-20 00:12:42', '2023-02-20 00:12:42'),
	(5087, 1, 'vi', 'validation', 'lt.string', 'Độ dài trường :attribute phải nhỏ hơn :value kí tự.', '2023-02-20 00:12:42', '2023-02-20 00:12:42'),
	(5088, 1, 'vi', 'validation', 'lte.array', 'Mảng :attribute không được có nhiều hơn :value phần tử.', '2023-02-20 00:12:42', '2023-02-20 00:12:42'),
	(5089, 1, 'vi', 'validation', 'lte.file', 'Dung lượng trường :attribute phải nhỏ hơn hoặc bằng :value kilobytes.', '2023-02-20 00:12:42', '2023-02-20 00:12:42'),
	(5090, 1, 'vi', 'validation', 'lte.numeric', 'Giá trị trường :attribute phải nhỏ hơn hoặc bằng :value.', '2023-02-20 00:12:42', '2023-02-20 00:12:42'),
	(5091, 1, 'vi', 'validation', 'lte.string', 'Độ dài trường :attribute phải nhỏ hơn hoặc bằng :value kí tự.', '2023-02-20 00:12:42', '2023-02-20 00:12:42'),
	(5092, 1, 'vi', 'validation', 'mac_address', 'Trường :attribute phải là một địa chỉ MAC hợp lệ.', '2023-02-20 00:12:42', '2023-02-20 00:12:42'),
	(5093, 1, 'vi', 'validation', 'max.array', 'Trường :attribute không được lớn hơn :max phần tử.', '2023-02-20 00:12:42', '2023-02-20 00:12:42'),
	(5094, 1, 'vi', 'validation', 'max.file', 'Dung lượng tập tin trong trường :attribute không được lớn hơn :max kB.', '2023-02-20 00:12:42', '2023-02-20 00:12:42'),
	(5095, 1, 'vi', 'validation', 'max.numeric', 'Trường :attribute không được lớn hơn :max.', '2023-02-20 00:12:42', '2023-02-20 00:12:42'),
	(5096, 1, 'vi', 'validation', 'max.string', 'Trường :attribute không được lớn hơn :max kí tự.', '2023-02-20 00:12:42', '2023-02-20 00:12:42'),
	(5097, 1, 'vi', 'validation', 'mimes', 'Trường :attribute phải là một tập tin có định dạng: :values.', '2023-02-20 00:12:42', '2023-02-20 00:12:42'),
	(5098, 1, 'vi', 'validation', 'mimetypes', 'Trường :attribute phải là một tập tin có định dạng: :values.', '2023-02-20 00:12:42', '2023-02-20 00:12:42'),
	(5099, 1, 'vi', 'validation', 'min.array', 'Trường :attribute phải có tối thiểu :min phần tử.', '2023-02-20 00:12:42', '2023-02-20 00:12:42'),
	(5100, 1, 'vi', 'validation', 'min.file', 'Dung lượng tập tin trong trường :attribute phải tối thiểu :min kB.', '2023-02-20 00:12:42', '2023-02-20 00:12:42'),
	(5101, 1, 'vi', 'validation', 'min.numeric', 'Trường :attribute phải tối thiểu là :min.', '2023-02-20 00:12:42', '2023-02-20 00:12:42'),
	(5102, 1, 'vi', 'validation', 'min.string', 'Trường :attribute phải có tối thiểu :min kí tự.', '2023-02-20 00:12:42', '2023-02-20 00:12:42'),
	(5103, 1, 'vi', 'validation', 'multiple_of', 'Trường :attribute phải là bội số của :value', '2023-02-20 00:12:42', '2023-02-20 00:12:42'),
	(5104, 1, 'vi', 'validation', 'not_in', 'Giá trị đã chọn trong trường :attribute không hợp lệ.', '2023-02-20 00:12:42', '2023-02-20 00:12:42'),
	(5105, 1, 'vi', 'validation', 'not_regex', 'Trường :attribute có định dạng không hợp lệ.', '2023-02-20 00:12:42', '2023-02-20 00:12:42'),
	(5106, 1, 'vi', 'validation', 'numeric', 'Trường :attribute phải là một số.', '2023-02-20 00:12:42', '2023-02-20 00:12:42'),
	(5107, 1, 'vi', 'validation', 'password', 'Mật khẩu không đúng.', '2023-02-20 00:12:42', '2023-02-20 00:12:42'),
	(5108, 1, 'vi', 'validation', 'present', 'Trường :attribute phải được cung cấp.', '2023-02-20 00:12:42', '2023-02-20 00:12:42'),
	(5109, 1, 'vi', 'validation', 'prohibited', 'Trường :attribute bị cấm.', '2023-02-20 00:12:42', '2023-02-20 00:12:42'),
	(5110, 1, 'vi', 'validation', 'prohibited_if', 'Trường :attribute bị cấm khi :other là :value.', '2023-02-20 00:12:42', '2023-02-20 00:12:42'),
	(5111, 1, 'vi', 'validation', 'prohibited_unless', 'Trường :attribute bị cấm trừ khi :other là một trong :values.', '2023-02-20 00:12:42', '2023-02-20 00:12:42'),
	(5112, 1, 'vi', 'validation', 'prohibits', 'Trường :attribute cấm :other từ thời điểm hiện tại.', '2023-02-20 00:12:42', '2023-02-20 00:12:42'),
	(5113, 1, 'vi', 'validation', 'regex', 'Trường :attribute có định dạng không hợp lệ.', '2023-02-20 00:12:42', '2023-02-20 00:12:42'),
	(5114, 1, 'vi', 'validation', 'required', 'Trường :attribute không được bỏ trống.', '2023-02-20 00:12:42', '2023-02-20 00:12:42'),
	(5115, 1, 'vi', 'validation', 'required_array_keys', 'Trường :attribute phải bao gồm các mục nhập cho: :values.', '2023-02-20 00:12:43', '2023-02-20 00:12:43'),
	(5116, 1, 'vi', 'validation', 'required_if', 'Trường :attribute không được bỏ trống khi trường :other là :value.', '2023-02-20 00:12:43', '2023-02-20 00:12:43'),
	(5117, 1, 'vi', 'validation', 'required_unless', 'Trường :attribute không được bỏ trống trừ khi :other là :values.', '2023-02-20 00:12:43', '2023-02-20 00:12:43'),
	(5118, 1, 'vi', 'validation', 'required_with', 'Trường :attribute không được bỏ trống khi một trong :values có giá trị.', '2023-02-20 00:12:43', '2023-02-20 00:12:43'),
	(5119, 1, 'vi', 'validation', 'required_with_all', 'Trường :attribute không được bỏ trống khi tất cả :values có giá trị.', '2023-02-20 00:12:43', '2023-02-20 00:12:43'),
	(5120, 1, 'vi', 'validation', 'required_without', 'Trường :attribute không được bỏ trống khi một trong :values không có giá trị.', '2023-02-20 00:12:43', '2023-02-20 00:12:43'),
	(5121, 1, 'vi', 'validation', 'required_without_all', 'Trường :attribute không được bỏ trống khi tất cả :values không có giá trị.', '2023-02-20 00:12:43', '2023-02-20 00:12:43'),
	(5122, 1, 'vi', 'validation', 'same', 'Trường :attribute và :other phải giống nhau.', '2023-02-20 00:12:43', '2023-02-20 00:12:43'),
	(5123, 1, 'vi', 'validation', 'size.array', 'Trường :attribute phải chứa :size phần tử.', '2023-02-20 00:12:43', '2023-02-20 00:12:43'),
	(5124, 1, 'vi', 'validation', 'size.file', 'Dung lượng tập tin trong trường :attribute phải bằng :size kB.', '2023-02-20 00:12:43', '2023-02-20 00:12:43'),
	(5125, 1, 'vi', 'validation', 'size.numeric', 'Trường :attribute phải bằng :size.', '2023-02-20 00:12:43', '2023-02-20 00:12:43'),
	(5126, 1, 'vi', 'validation', 'size.string', 'Trường :attribute phải chứa :size kí tự.', '2023-02-20 00:12:43', '2023-02-20 00:12:43'),
	(5127, 1, 'vi', 'validation', 'starts_with', 'Trường :attribute phải được bắt đầu bằng một trong những giá trị sau: :values', '2023-02-20 00:12:43', '2023-02-20 00:12:43'),
	(5128, 1, 'vi', 'validation', 'string', 'Trường :attribute phải là một chuỗi kí tự.', '2023-02-20 00:12:43', '2023-02-20 00:12:43'),
	(5129, 1, 'vi', 'validation', 'timezone', 'Trường :attribute phải là một múi giờ hợp lệ.', '2023-02-20 00:12:43', '2023-02-20 00:12:43'),
	(5130, 1, 'vi', 'validation', 'unique', 'Trường :attribute đã có trong cơ sở dữ liệu.', '2023-02-20 00:12:43', '2023-02-20 00:12:43'),
	(5131, 1, 'vi', 'validation', 'uploaded', 'Trường :attribute tải lên thất bại.', '2023-02-20 00:12:43', '2023-02-20 00:12:43'),
	(5132, 1, 'vi', 'validation', 'url', 'Trường :attribute không giống với định dạng một URL.', '2023-02-20 00:12:43', '2023-02-20 00:12:43'),
	(5133, 1, 'vi', 'validation', 'uuid', 'Trường :attribute phải là một chuỗi UUID hợp lệ.', '2023-02-20 00:12:43', '2023-02-20 00:12:43'),
	(5134, 1, 'vi', 'validation', 'custom.attribute-name.rule-name', 'custom-message', '2023-02-20 00:12:43', '2023-02-20 00:12:43');

-- Dumping structure for table wowy.users
CREATE TABLE IF NOT EXISTS `users` (
  `id` bigint unsigned NOT NULL AUTO_INCREMENT,
  `email` varchar(191) CHARACTER SET utf8mb4 COLLATE utf8mb4_unicode_ci NOT NULL,
  `email_verified_at` timestamp NULL DEFAULT NULL,
  `password` varchar(191) CHARACTER SET utf8mb4 COLLATE utf8mb4_unicode_ci DEFAULT NULL,
  `remember_token` varchar(100) CHARACTER SET utf8mb4 COLLATE utf8mb4_unicode_ci DEFAULT NULL,
  `created_at` timestamp NULL DEFAULT NULL,
  `updated_at` timestamp NULL DEFAULT NULL,
  `first_name` varchar(191) CHARACTER SET utf8mb4 COLLATE utf8mb4_unicode_ci DEFAULT NULL,
  `last_name` varchar(191) CHARACTER SET utf8mb4 COLLATE utf8mb4_unicode_ci DEFAULT NULL,
  `username` varchar(60) CHARACTER SET utf8mb4 COLLATE utf8mb4_unicode_ci DEFAULT NULL,
  `avatar_id` int unsigned DEFAULT NULL,
  `super_user` tinyint(1) NOT NULL DEFAULT '0',
  `manage_supers` tinyint(1) NOT NULL DEFAULT '0',
  `permissions` text CHARACTER SET utf8mb4 COLLATE utf8mb4_unicode_ci,
  `last_login` timestamp NULL DEFAULT NULL,
  PRIMARY KEY (`id`),
  UNIQUE KEY `users_email_unique` (`email`),
  UNIQUE KEY `users_username_unique` (`username`)
) ENGINE=InnoDB AUTO_INCREMENT=4 DEFAULT CHARSET=utf8mb4 COLLATE=utf8mb4_unicode_ci;

-- Dumping data for table wowy.users: ~1 rows (approximately)
INSERT INTO `users` (`id`, `email`, `email_verified_at`, `password`, `remember_token`, `created_at`, `updated_at`, `first_name`, `last_name`, `username`, `avatar_id`, `super_user`, `manage_supers`, `permissions`, `last_login`) VALUES
	(1, 'admin@botble.com', NULL, '$2y$10$JkqLYzoHddmjQ.TUtzuC1utM94xzkiqiqbowZEj.sbA7K2C1SrF/q', NULL, '2023-02-20 00:12:19', '2023-02-20 00:12:19', 'System', 'Admin', 'botble', NULL, 1, 1, NULL, NULL),
	(3, 'haole042@gmail.com', NULL, '$2y$10$pZtNWa7O2UgHkQZ0u.JQcu4gWL3i0go9TfMrleS2lQnU6dI0fJclu', 'TswP94dwceCz1DgRJqOfsUhmRxGX4gE7eioyWfs0VAdVULhm1qJU37cb0nkK', '2023-02-20 08:12:37', '2023-02-20 08:12:47', 'Le', 'Hao', 'lovehao260', NULL, 1, 1, NULL, '2023-02-20 08:12:47');

-- Dumping structure for table wowy.user_meta
CREATE TABLE IF NOT EXISTS `user_meta` (
  `id` bigint unsigned NOT NULL AUTO_INCREMENT,
  `key` varchar(191) CHARACTER SET utf8mb4 COLLATE utf8mb4_unicode_ci DEFAULT NULL,
  `value` varchar(191) CHARACTER SET utf8mb4 COLLATE utf8mb4_unicode_ci DEFAULT NULL,
  `user_id` int unsigned NOT NULL,
  `created_at` timestamp NULL DEFAULT NULL,
  `updated_at` timestamp NULL DEFAULT NULL,
  PRIMARY KEY (`id`),
  KEY `user_meta_user_id_index` (`user_id`)
) ENGINE=InnoDB DEFAULT CHARSET=utf8mb4 COLLATE=utf8mb4_unicode_ci;

-- Dumping data for table wowy.user_meta: ~0 rows (approximately)

-- Dumping structure for table wowy.widgets
CREATE TABLE IF NOT EXISTS `widgets` (
  `id` bigint unsigned NOT NULL AUTO_INCREMENT,
  `widget_id` varchar(120) CHARACTER SET utf8mb4 COLLATE utf8mb4_unicode_ci NOT NULL,
  `sidebar_id` varchar(120) CHARACTER SET utf8mb4 COLLATE utf8mb4_unicode_ci NOT NULL,
  `theme` varchar(120) CHARACTER SET utf8mb4 COLLATE utf8mb4_unicode_ci NOT NULL,
  `position` tinyint unsigned NOT NULL DEFAULT '0',
  `data` text CHARACTER SET utf8mb4 COLLATE utf8mb4_unicode_ci,
  `created_at` timestamp NULL DEFAULT NULL,
  `updated_at` timestamp NULL DEFAULT NULL,
  PRIMARY KEY (`id`)
) ENGINE=InnoDB AUTO_INCREMENT=36 DEFAULT CHARSET=utf8mb4 COLLATE=utf8mb4_unicode_ci;

-- Dumping data for table wowy.widgets: ~27 rows (approximately)
INSERT INTO `widgets` (`id`, `widget_id`, `sidebar_id`, `theme`, `position`, `data`, `created_at`, `updated_at`) VALUES
	(1, 'NewsletterWidget', 'top_footer_sidebar', 'wowy', 1, '{"id":"NewsletterWidget","name":"Sign up to Newsletter","subtitle":"...and receive $25 coupon for first shopping."}', '2023-02-20 00:12:20', '2023-02-20 00:12:20'),
	(2, 'SiteInfoWidget', 'footer_sidebar', 'wowy', 0, '{"id":"SiteInfoWidget","name":"Site information"}', '2023-02-20 00:12:20', '2023-02-20 00:12:20'),
	(3, 'CustomMenuWidget', 'footer_sidebar', 'wowy', 1, '{"id":"CustomMenuWidget","name":"Categories","menu_id":"product-categories"}', '2023-02-20 00:12:20', '2023-02-20 00:12:20'),
	(4, 'CustomMenuWidget', 'footer_sidebar', 'wowy', 2, '{"id":"CustomMenuWidget","name":"Information","menu_id":"information"}', '2023-02-20 00:12:20', '2023-02-20 00:12:20'),
	(5, 'PaymentMethodsWidget', 'footer_sidebar', 'wowy', 3, '{"id":"PaymentMethodsWidget","name":"Payments","description":"Secured Payment Gateways","image":"general\\/payment-methods.png"}', '2023-02-20 00:12:20', '2023-02-20 00:12:20'),
	(6, 'BlogSearchWidget', 'primary_sidebar', 'wowy', 0, '{"id":"BlogSearchWidget","name":"Search"}', '2023-02-20 00:12:20', '2023-02-20 00:12:20'),
	(7, 'BlogCategoriesWidget', 'primary_sidebar', 'wowy', 1, '{"id":"BlogCategoriesWidget","name":"Categories"}', '2023-02-20 00:12:20', '2023-02-20 00:12:20'),
	(8, 'RecentPostsWidget', 'primary_sidebar', 'wowy', 2, '{"id":"RecentPostsWidget","name":"Recent Posts"}', '2023-02-20 00:12:20', '2023-02-20 00:12:20'),
	(9, 'TagsWidget', 'primary_sidebar', 'wowy', 4, '{"id":"TagsWidget","name":"Popular Tags"}', '2023-02-20 00:12:20', '2023-02-20 00:12:20'),
	(10, 'ProductCategoriesWidget', 'product_sidebar', 'wowy', 1, '{"id":"ProductCategoriesWidget","name":"Categories"}', '2023-02-20 00:12:20', '2023-02-20 00:12:20'),
	(11, 'FeaturedProductsWidget', 'product_sidebar', 'wowy', 2, '{"id":"FeaturedProductsWidget","name":"Featured Products"}', '2023-02-20 00:12:20', '2023-02-20 00:12:20'),
	(12, 'FeaturedBrandsWidget', 'product_sidebar', 'wowy', 3, '{"id":"FeaturedBrandsWidget","name":"Manufacturers"}', '2023-02-20 00:12:20', '2023-02-20 00:12:20'),
	(13, 'NewsletterWidget', 'top_footer_sidebar', 'wowy-vi', 1, '{"id":"NewsletterWidget","name":"\\u0110\\u0103ng k\\u00fd nh\\u1eadn b\\u1ea3n tin","subtitle":"...v\\u00e0 nh\\u1eadn m\\u00e3 gi\\u1ea3m gi\\u00e1 $25 cho l\\u1ea7n \\u0111\\u1ea7u mua s\\u1eafm."}', '2023-02-20 00:12:20', '2023-02-20 00:12:20'),
	(14, 'SiteInfoWidget', 'footer_sidebar', 'wowy-vi', 0, '{"id":"SiteInfoWidget","name":"V\\u1ec1 ch\\u00fang t\\u00f4i"}', '2023-02-20 00:12:20', '2023-02-20 00:12:20'),
	(15, 'CustomMenuWidget', 'footer_sidebar', 'wowy-vi', 1, '{"id":"CustomMenuWidget","name":"Danh m\\u1ee5c s\\u1ea3n ph\\u1ea9m","menu_id":"danh-muc-san-pham"}', '2023-02-20 00:12:20', '2023-02-20 00:12:20'),
	(16, 'CustomMenuWidget', 'footer_sidebar', 'wowy-vi', 2, '{"id":"CustomMenuWidget","name":"Th\\u00f4ng tin","menu_id":"thong-tin"}', '2023-02-20 00:12:20', '2023-02-20 00:12:20'),
	(17, 'PaymentMethodsWidget', 'footer_sidebar', 'wowy-vi', 3, '{"id":"PaymentMethodsWidget","name":"Thanh to\\u00e1n","description":"C\\u1ed5ng thanh to\\u00e1n an to\\u00e0n","image":"general\\/payment-methods.png"}', '2023-02-20 00:12:20', '2023-02-20 00:12:20'),
	(18, 'BlogSearchWidget', 'primary_sidebar', 'wowy-vi', 0, '{"id":"BlogSearchWidget","name":"T\\u00ecm ki\\u1ebfm"}', '2023-02-20 00:12:20', '2023-02-20 00:12:20'),
	(19, 'BlogCategoriesWidget', 'primary_sidebar', 'wowy-vi', 1, '{"id":"BlogCategoriesWidget","name":"Danh m\\u1ee5c"}', '2023-02-20 00:12:20', '2023-02-20 00:12:20'),
	(20, 'RecentPostsWidget', 'primary_sidebar', 'wowy-vi', 2, '{"id":"RecentPostsWidget","name":"B\\u00e0i vi\\u1ebft g\\u1ea7n \\u0111\\u00e2y"}', '2023-02-20 00:12:20', '2023-02-20 00:12:20'),
	(21, 'TagsWidget', 'primary_sidebar', 'wowy-vi', 4, '{"id":"TagsWidget","name":"Tags ph\\u1ed5 bi\\u1ebfn"}', '2023-02-20 00:12:20', '2023-02-20 00:12:20'),
	(22, 'ProductCategoriesWidget', 'product_sidebar', 'wowy-vi', 1, '{"id":"ProductCategoriesWidget","name":"Danh m\\u1ee5c s\\u1ea3n ph\\u1ea9m"}', '2023-02-20 00:12:20', '2023-02-20 00:12:20'),
	(23, 'FeaturedProductsWidget', 'product_sidebar', 'wowy-vi', 2, '{"id":"FeaturedProductsWidget","name":"S\\u1ea3n ph\\u1ea9m n\\u1ed5i b\\u1eadt"}', '2023-02-20 00:12:20', '2023-02-20 00:12:20'),
	(24, 'FeaturedBrandsWidget', 'product_sidebar', 'wowy-vi', 3, '{"id":"FeaturedBrandsWidget","name":"Nh\\u00e0 cung c\\u1ea5p"}', '2023-02-20 00:12:20', '2023-02-20 00:12:20'),
	(27, 'RecentPostsWidget', 'primary_sidebar', 'baomoi', 0, '{"id":"RecentPostsWidget","name":"Recent posts","number_display":"6"}', '2023-02-21 08:51:58', '2023-02-21 08:51:58'),
	(28, 'TagsWidget', 'primary_sidebar', 'baomoi', 1, '{"id":"TagsWidget","name":"Tags","number_display":"5"}', '2023-02-21 08:51:58', '2023-02-21 08:51:58'),
	(35, 'SiteInfoWidget', 'footer_sidebar', 'baomoi', 0, '{"id":"SiteInfoWidget","name":"Site information"}', '2023-02-22 08:08:08', '2023-02-22 08:08:08');

/*!40103 SET TIME_ZONE=IFNULL(@OLD_TIME_ZONE, 'system') */;
/*!40101 SET SQL_MODE=IFNULL(@OLD_SQL_MODE, '') */;
/*!40014 SET FOREIGN_KEY_CHECKS=IFNULL(@OLD_FOREIGN_KEY_CHECKS, 1) */;
/*!40101 SET CHARACTER_SET_CLIENT=@OLD_CHARACTER_SET_CLIENT */;
/*!40111 SET SQL_NOTES=IFNULL(@OLD_SQL_NOTES, 1) */;
